1girl,0,101400,"sole_female,1girls"
solo,0,101400,"female_solo,solo_female"
long_hair,0,46631,"/lh,longhair"
breasts,0,34850,"/b,breats,breast,oppai,tits,boobs"
highres,5,33698,"high_resolution,high_res,hires"
blush,0,29826,"flushed,flush,blushing"
smile,0,26476,":},:),smiling"
looking_at_viewer,0,25979,"pov_eye_contact,/pec,/lav"
short_hair,0,25401,"short-hair,shorthair"
blue_eyes,0,19430,"light_blue_eyes,blueeyes"
open_mouth,0,19151,mouth_open
skirt,0,19064,
thighhighs,0,18573,"naked_thighhighs,nude_thighhighs,thighhighs_only,thighighs,stockings,stocking,thigh_highs,/t,thighhigh,thighhigs,thighhgihs"
large_breasts,0,17665,"big_breasts,/lb,large_boobs,large_breast,large_tits"
blonde_hair,0,17098,"gold_hair,/blondeh,blond_hair,yellow_hair,blond,blondehair,blonde"
red_eyes,0,16032,"red_eye,redeyes"
brown_hair,0,15902,"chocolate_hair,/brownh,brown-hair,brunette,brownhair"
bad_id,0,15000,
hat,0,14728,
bad_pixiv_id,0,14213,
ribbon,0,13775,ribbons
underwear,0,13566,"shitagi,undergarments"
simple_background,0,12661,"/simplebg,/sbg"
dress,0,12625,
gloves,0,12423,glove
black_hair,0,12365,"/blackh,dark_hair,black-hair,blackhair"
hair_ornament,0,12035,"/hornament,hair_decs,hair_accessories,hair_ornaments,hair_accessory"
panties,0,11893,"panty,/p,pantie,pantsu"
navel,0,11849,"bellybutton,belly_button"
bow,0,11550,bows
twintails,0,11545,"/tt,twintaiks,twin_tails,twintail"
brown_eyes,0,11140,"light_brown_eyes,browneyes"
cleavage,0,10768,"overboob,clevage"
medium_breasts,0,10202,
white_background,0,9932,"/whitebg,/wbg"
school_uniform,0,9887,"school_girl,school_uniforms,schoolgirl,seifuku,/s"
sitting,0,9821,"sitting_down,sit"
animal_ears,0,9529,"pokemon_ears,kemonomimi"
green_eyes,0,9314,"green-eyes,greeneyes"
very_long_hair,0,8759,"hair_past_waist,/vlh"
bare_shoulders,0,8726,"bare_shoulder,bareshoulders"
nipples,0,8145,nipple
blue_hair,0,8083,"/blueh,bluehair"
shirt,0,7914,"shirt_only,shirts"
black_legwear,0,7610,
jewelry,0,7436,"jewellery,jewelery"
weapon,0,7387,weapons
swimsuit,0,7365,"bathing_suit,swimsuits,swim_suit,mizugi"
hair_ribbon,0,7356,"ribbon_hair_ornament,/hribbon,ribbon_in_hair,ribbons_in_hair,hair_ribbons"
long_sleeves,0,7310,"long_sleeve,/lsleeves"
purple_eyes,0,7294,"light_purple_eyes,violet_eyes,purpleeyes"
absurdres,5,6608,"very_high_resolution,insaneres"
bangs,0,6581,
tail,0,6577,"tails,animal_tail,animal_tails,shippo"
ass,0,6386,"butt_cheeks,rearend,buttocks,butt,oshiri"
purple_hair,0,6205,"lavender_hair,/purpleh,violet_hair,purple-hair,purplehair"
flower,0,6136,flowers
yellow_eyes,0,6039,"golden_eyes,golden_eyes,hazel_eyes,amber_eyes,hazeleyes,gold_eyes,yelloweyes"
pink_hair,0,5999,"/pinkh,magenta_hair,pinkhair"
wings,0,5952,wing
hair_bow,0,5854,"hairbow,hair_bows"
boots,0,5845,"naked_boots,boot"
silver_hair,0,5773,
full_body,0,5697,
pantyhose,0,5573,"tights,panty_hose"
ponytail,0,5568,"long_ponytail,pony_tail"
detached_sleeves,0,5387,"detached_sleeve,naked_sleeves,/dsleeves,armsleeves"
bikini,0,5012,
green_hair,0,4990,"/greenh,greenhair"
barefoot,0,4949,"barefeet,bare_foot,bare_feet"
hairband,0,4906,hair_band
braid,0,4833,"hair_braid,braided_hair,braids"
lying,0,4767,"lying_down,laying_down,laying"
nude,0,4747,naked
collarbone,0,4572,"clavicle,collarbones,clavicles"
monochrome,0,4557,"monochromatic,monochorme,/m,monochome"
standing,0,4490,
serafuku,0,4437,"sailor_fuku,/se"
japanese_clothes,0,4416,"traditional_japanese_clothes,japanese_clothing,wafuku"
red_hair,0,4394,"/redh,redhead,red_head,redhair"
ahoge,0,4394,
midriff,0,4239,
holding,0,4120,"holding_object,hold"
shoes,0,4077,shoe
upper_body,0,4059,bust
heart,0,4054,"hearts,<3"
striped,0,4002,
elbow_gloves,0,3936,"opera_gloves,long_gloves,/eg"
one_eye_closed,0,3929,wink
looking_back,0,3895,"looking_over_shoulder,turning"
food,0,3892,
small_breasts,0,3883,
white_legwear,0,3817,
pleated_skirt,0,3803,
frills,0,3792,"frilled,ruffles,frill,frilly"
translated,5,3747,"translation,translatied"
:d,0,3713,open-mouth_smile
glasses,0,3681,"meganeko,megane,meganekko"
necktie,0,3667,"neck_tie,tie"
pussy,0,3608,"vulva,vagina,manko"
commentary_request,0,3555,
open_clothes,0,3427,open_clothing
sword,0,3423,swords
sky,0,3343,sky_background
short_sleeves,0,3312,/ssleeves
artist_request,0,3290,
cowboy_shot,0,3255,
white_hair,0,3077,whitehair
closed_eyes,0,3077,eyes_closed
cat_ears,0,3072,"catears,/cat,nekomimi"
alternate_costume,0,3036,"alternate_outfit,/acos,alternative_costume,alternate_outfit"
white_panties,0,3022,
pointy_ears,0,3002,"elven_ears,elf_ears,pointy_ear,pointed_ears,long_ears,pointy-ears"
earrings,0,2990,"grey_earrings,black_earrings,white_earrings,yellow_earrings,green_earrings,aqua_earrings,purple_earrings,pink_earrings,brown_earrings,red_earrings,blue_earrings,ear_rings,ear_ring,earring"
eyebrows_visible_through_hair,0,2983,
fang,0,2871,
jacket,0,2814,
tears,0,2794,tear
sketch,0,2792,"rough,rough_sketch,/sk"
copyright_request,5,2778,"/copy,series_request"
flat_chest,0,2777,"titty_buds,flat_chested,flatchest,tsurupeta,pettanko"
shorts,0,2763,short_pants
sweat,0,2763,sweating
hair_between_eyes,0,2744,bangs_between_eyes
aqua_eyes,0,2726,"cyan_eyes,teal_eyes,turquoise_eyes"
zettai_ryouiki,0,2708,"absolute_territory,zettai_ryouki,/zr"
thighs,0,2705,thigh
lowres,5,2683,
day,0,2675,
character_name,0,2652,
choker,0,2644,
pink_eyes,0,2643,
covered_nipples,0,2610,"erect_nipples_under_clothes,covered_erect_nipples,erect_nipples,erect_nipple,perky_nipples,erect_nipplees,errect_nipples"
armpits,0,2597,"showing_armpits,armpit"
translation_request,5,2593,"translation_requested,translate_request,/tr,translationrequest"
huge_breasts,0,2558,"huge_breast,/hb,huge_boobs,huge_tits"
belt,0,2525,belts
socks,0,2509,"naked_socks,leghighs,sock"
cloud,0,2501,clouds
bra,0,2484,
fingerless_gloves,0,2483,fingerless_glove
hairclip,0,2476,"barrette,hair_clips,hair_clip,hairclips"
official_art,5,2476,
puffy_sleeves,0,2475,"/psleeves,puffy_shoulders"
water,0,2459,
censored,0,2416,"censoring,censor"
feet,0,2374,foot
hair_flower,0,2341,"flower_hair_ornament,/hflower,hair_flowers,flower_in_hair,hairflower"
tongue,0,2323,tongues
spread_legs,0,2309,"spread_leg,open_legs,legs_spread"
lips,0,2288,
parted_lips,0,2267,
white_gloves,0,2245,white_glove
legs,0,2236,leg
horns,0,2218,
kimono,0,2213,
star,0,2208,
from_behind,0,2201,"back_view,from_back,back_turned,viewed_from_behind"
twin_braids,0,2096,"double_braid,twin_braid,twinbraid,twinbraids"
aqua_hair,0,2084,"cyan_hair,teal_hair,turquoise_hair"
miniskirt,0,2072,"short_skirt,mini_skirt"
bunny_ears,0,2072,
on_back,0,2061,"lying_on_back,supine"
scarf,0,2056,muffler
side_ponytail,0,2051,"side_tail,sidetail"
sleeveless,0,2006,no_sleeves
chibi,0,2004,super_deformed
:o,0,1971,:0
wide_sleeves,0,1952,/wsleeves
multicolored_hair,0,1943,"three-tone_hair,multicolor_hair"
cape,0,1921,
sidelocks,0,1918,"payot,forelocks"
shiny,0,1907,
open_shirt,0,1892,"open_blouse,/os,shirt_open,openshirt"
necklace,0,1889,
artist_name,0,1873,
pantyshot,0,1873,"panty_flash,panty_shot,panchira"
no_bra,0,1856,
closed_mouth,0,1844,
black_eyes,0,1841,dark_eyes
high_heels,0,1786,"highheels,heels"
no_panties,0,1775,nopan
one-piece_swimsuit,0,1760,"one_piece_swimsuit,one-piece"
bag,0,1759,bags
bracelet,0,1747,"wristlet,bracelets"
outdoors,0,1727,"outside,outdoor"
apron,0,1718,
black_gloves,0,1708,black_glove
wrist_cuffs,0,1695,"detached_cuffs,wristcuff,wristcuffs,wrist_cuff"
tongue_out,0,1689,
underboob,0,1677,"underbreast,under_boob"
maid,0,1659,"maid_dress,maid_outfit,maid_costume,maids,maid_uniform"
wet,0,1649,"wet_skin,wet_body,soaked"
kneeling,0,1646,on_knees
petals,0,1643,"flower_petals,petal"
nail_polish,0,1634,"colored_nails,painted_nails,nailpolish,nail_varnish"
armor,0,1631,armour
uniform,0,1630,
gun,0,1630,"firearm,guns"
orange_hair,0,1627,
eyebrows,0,1622,
cat_tail,0,1601,cat_tails
arms_up,0,1597,"hands_above_head,arms_above_head,arms_raised,raised_arms,arms_above"
collar,0,1590,
dutch_angle,0,1590,
cum,0,1576,"sperm,semen,cumshot"
book,0,1555,books
vest,0,1555,
kneehighs,0,1549,"kneehigh_socks,knee_socks,kneesocks,knee_highs"
cameltoe,0,1538,camel_toe
two_side_up,0,1537,two_sides_up
plaid,0,1532,
torn_clothes,0,1520,"damaged_clothes,ripped_clothing,torn_clothing,ripped_clothes,tornclothes"
magical_girl,0,1513,"magical_girls,mahou_shoujo,magic_girl"
white_shirt,0,1504,white_blouse
signature,0,1499,"artist_signature,signed,autograph"
see-through,0,1481,
dated,0,1477,
hair_over_one_eye,0,1473,"eye_covering_bang,hair_over_eye,/hooe"
sideboob,0,1471,"sideboobs,side_boobs,side_boob"
groin,0,1469,"adonis_belt,hip_lines,mound_of_venus"
headphones,0,1464,headphone
ascot,0,1459,"jabot,cravat"
loli,0,1457,"lolicon,rori"
hand_on_hip,0,1453,
sash,0,1436,
dark_skin,0,1435,"dark_skinned_female,dark_skin_female,brown_skin,darkskin"
striped_legwear,0,1420,
sweater,0,1420,sweatshirt
lingerie,0,1418,
topless,0,1412,
grin,0,1383,grinning
cosplay,0,1368,
teeth,0,1359,bared_teeth
off_shoulder,0,1354,"off_shoulders,off-shoulder"
tree,0,1349,trees
black_panties,0,1347,
thigh_boots,0,1333,"thighhigh_boots,thighboots"
blunt_bangs,0,1331,
bodysuit,0,1326,body_suit
bottomless,0,1321,bottom_less
shiny_skin,0,1319,glistening_skin
traditional_media,5,1314,"/trad,handdrawn"
wariza,0,1314,"w_legs,w-legs,w_sitting,w-sitting"
md5_mismatch,5,1296,
hood,0,1293,
fruit,0,1292,fruits
bed,0,1288,
striped_panties,0,1282,"stripped_panties,shimapan"
school_swimsuit,0,1277,"school_swimsuits,sukimizu,/ss,sukumizu"
greyscale,0,1276,"black_and_white,b&w,grayscale"
scan,5,1259,
bowtie,0,1255,"neck_bow,bow_tie"
twitter_username,0,1255,"x_username,artist_twitter"
grey_hair,0,1245,gray_hair
leotard,0,1236,
arm_up,0,1236,"one_arm_up,arm_raised,raised_arm"
mouth_hold,0,1233,
maid_headdress,0,1231,"maid_cachusha,maid_headband"
side-tie_bikini,0,1222,
skirt_lift,0,1221,"lifting_skirt,skirt_up,skirt_up,lift_skirt,lifted_skirt,/skl,skirtlift"
mole,0,1220,beauty_mark
commentary,0,1214,
face,0,1209,
umbrella,0,1191,
white_dress,0,1189,
underwear_only,0,1184,
pussy_juice,0,1184,"wet_pussy,vaginal_juices,pussy_juice_drip,pussyjuice"
pillow,0,1184,"pink_pillow,green_pillow,white_pillow,purple_pillow,orange_pillow,black_pillow,yellow_pillow,blue_pillow,grey_pillow,red_pillow,pillows"
witch_hat,0,1180,"witchhat,witches_hat"
hair_tubes,0,1163,hair_tube
undressing,0,1147,"stripping,strip,undress"
chain,0,1144,chains
moon,0,1138,
orange_eyes,0,1134,
transparent_background,0,1120,"/transparentbg,/tbg,transparent_png,transparent_gif"
areolae,0,1117,
head_tilt,0,1116,
makeup,0,1115,"make-up,make_up"
alternate_hairstyle,0,1110,"alternative_hair_style,alternate_hair_style,/ahs,alternative_hairstyle"
garter_straps,0,1101,garter_strap
rose,0,1091,roses
bare_legs,0,1086,
eyelashes,0,1080,eye_lashes
capelet,0,1076,"shoulder_cape,mantle"
leaning_forward,0,1075,
arm_support,0,1074,
bell,0,1070,bells
headgear,0,1060,
bat_wings,0,1053,batwing
copyright_name,0,1046,"copyright_title,copyright_abbreviation,title_name,title_drop"
bdsm,0,1045,
thigh_gap,0,1043,
puffy_short_sleeves,0,1038,short_puffy_sleeves
turtleneck,0,1038,turtle_neck
glowing,0,1038,glow
plaid_skirt,0,1037,tartan_skirt
game_cg,5,1034,"game_asset,cg_game,gamecg"
shirt_lift,0,1033,"tank_top_lift,shirt_up,top_lift,lift_shirt,/shl,shirtlift"
military,0,1027,
bound,0,1014,
from_side,0,1013,"viewed_from_side,side_view,side"
drill_hair,0,1006,"doriru,drillhair"
gradient,0,1003,
cover,0,996,front_cover
light_smile,0,994,"soft_smile,slight_smile,faint_smile"
skirt_set,0,989,
pants,0,988,"slacks,long_pants,trousers"
dress_shirt,0,980,suit_shirt
black_skirt,0,980,
symbol-shaped_pupils,0,974,symbol_shaped_pupils
pubic_hair,0,970,"hairy_pussy,pubes,pubichair"
leaf,0,970,leaves
anus,0,969,"butt_hole,butthole,ass_hole,asshole"
arms_behind_back,0,967,"/abb,hands_behind_back,arms_behind"
sweatdrop,0,962,"sweat_drops,sweatdrops,sweat_drop"
hat_ribbon,0,960,"hatband,hat_ribbons"
from_above,0,955,"viewed_from_above,aerial_view,view_from_above"
fox_ears,0,951,"/fox,kitsunemimi"
bondage,0,950,tied_up_(sexual)
v,0,948,"v_sign,peace_sign"
no_pants,0,947,"pantless,skirtless,no_skirt,pantsless"
double_bun,0,947,"double_hair_bun,odango,twin_buns,twin_bun,hair_buns,double_buns,buns"
single_braid,0,944,
night,0,939,
fingernails,0,937,"finger_nails,fingernail"
cup,0,937,"drinking_cup,cups"
on_side,0,935,lying_on_side
sailor_collar,0,931,
hair_bobbles,0,923,"/hbobbles,hair_bobble,ball_braids"
back,0,919,
uncensored,0,912,"uncensoring,descensored"
indoors,0,911,
black_dress,0,908,
from_below,0,902,"viewed_from_below,low_angle,view_from_below"
panty_pull,0,902,"panty_down,panties_down,/pp,panties_pull,pantypull,pantsu_pull,pantsupull"
grey_background,0,898,"/graybg,/greybg,gray_background"
blood,0,897,
toes,0,897,
gradient_background,0,895,"/gradientbg,/gbg"
tokin_hat,0,893,tokin
bent_over,0,888,"bending_over,bend_over,bent-over"
holding_weapon,0,886,
neckerchief,0,886,
wind,0,884,windy
short_shorts,0,881,"minishorts,booty_shorts,hot_pants,hotpants"
cleavage_cutout,0,877,"boob_window,heart_cleavage_cutout,tit_window,cleavage_window"
lipstick,0,872,
wolf_ears,0,863,"coyote_ears,ookamimimi"
side-tie_panties,0,862,"side_tie_panties,himopan"
military_uniform,0,861,
knee_boots,0,858,"kneeboots,kneehigh_boots"
embarrassed,0,856,"shame_(embarassment),embarrassment,embarrassing,embarrased,embarassed"
fox_tail,0,846,
katana,0,844,katanas
outstretched_arms,0,843,arms_outstretched
stomach,0,840,
obi,0,840,
heterochromia,0,835,odd_eye
parody,0,835,
red_ribbon,0,826,
upskirt,0,825,
sandals,0,823,sandal
blurry,0,818,blurred
gradient_hair,0,813,
shadow,0,811,shadows
pink_panties,0,811,
bike_shorts,0,807,"biker_shorts,spandex_shorts,spats"
bikini_top,0,803,
eyepatch,0,800,eye_patch
window,0,800,
crop_top,0,800,
tattoo,0,794,"tatoo,tattoos"
covering,0,793,
wallpaper,0,788,
stuffed_toy,0,783,"plush,plush_toy,stuffed_doll"
third_eye,0,780,3rd_eye
sparkle,0,780,"sparkling,sparkles"
hands,0,777,
monster_girl,0,776,monstergirl
beret,0,776,
blue_skirt,0,774,
cherry_blossoms,0,771,"cherry_trees,cherry_tree,cherry_blossom,sakura_blossoms"
expressionless,0,770,"unexpressive,neutral_expression,emotionless"
chinese_clothes,0,770,
skindentation,0,768,
convenient_censoring,0,767,convenient_censorship
profile,0,767,in_profile
:3,0,761,
short_dress,0,760,"mini_dress,minidress"
tan,0,759,"tanned_skin,tanned,suntan"
lace,0,757,
red_bow,0,752,
staff,0,747,
headband,0,746,head_band
adapted_costume,0,743,"adapted_outfit,/adcos"
grey_eyes,0,742,"silver_eyes,gray_eyes"
mob_cap,0,739,"pillow_hat,pillowhat"
chair,0,736,chairs
blazer,0,735,
blue_sky,0,734,
watermark,0,734,"copyright_notice,watermarked"
strapless,0,732,
crescent,0,731,crescent_moon_symbol
jpeg_artifacts,5,729,"jpg_artifacts,jpeg_artefacts,jpegartifacts"
detached_collar,0,728,
bunnysuit,0,723,
polearm,0,722,
antenna_hair,0,720,"double_ahoge,antennae_hair"
foreshortening,0,718,
coat,0,718,
ocean,0,717,sea
thigh_strap,0,712,"legband,thigh_belt,thighband,thigh_band,thigh_straps"
crossed_legs,0,712,"crossed_legs_(standing),crossed_legs_(lying),crossed_legs_(sitting),legs_crossed"
hoodie,0,706,
squatting,0,706,"crouched,crouching,squat,crouch"
bandages,0,705,bandage
stuffed_animal,0,704,"plushy,plushies,stuffed_animals,plushie,nuigurumi"
beach,0,703,
two-tone_hair,0,703,"two-tone-hair,/tth,two_tone_hair"
sleeves_past_wrists,0,702,sleeves_past_wrist
bird,0,699,birds
english,0,697,
frown,0,695,":{,frowning,:("
polka_dot,0,694,"polka-dot,polka_dots"
checkered,0,693,
saliva,0,690,"spit,drool"
mary_janes,0,686,
wavy_hair,0,685,
covered_navel,0,684,clothed_navel
knife,0,683,knives
mole_under_eye,0,680,
sunlight,0,674,sunshine
crossed_arms,0,674,"folded_arms,arms_folded,arms_crossed"
bed_sheet,0,671,"bedsheet,sheets,bedsheets,bedsheet,bed_sheets,sheet"
remodel_(kantai_collection),0,671,
between_breasts,0,671,
blush_stickers,0,669,blush_sticker
blue_background,0,667,"light_blue_background,/bluebg"
depth_of_field,0,667,"focus_blur,/dof"
instrument,0,662,instruments
looking_to_the_side,0,658,"looking_aside,looking_to_side"
cover_page,0,656,book_cover
buttons,0,654,button
suspenders,0,654,suspender
revision,5,649,revised
blue_dress,0,648,dark_blue_dress
collared_shirt,0,644,collared_blouse
full_moon,0,643,fullmoon
blouse,0,642,
long_legs,0,641,
masturbation,0,640,"masturbating,masturbate,onani"
fur_trim,0,638,fur_lining
all_fours,0,638,"on_all_fours,hands_and_knees,all-fours"
gauntlets,0,638,gauntlet
soles,0,635,sole
front-tie_top,0,634,front_tie_top
wet_clothes,0,633,"wet_clothing,wetclothes"
mask,0,632,masks
short_twintails,0,632,pigtails
multiple_tails,0,632,"animal_tails,tails,multi_tail,multiple_tail,multi_tails,multitails,multitail"
breast_hold,0,631,
eating,0,629,
head_wings,0,623,headwings
cat,0,621,"cats,neko"
butterfly,0,617,butterflies
skin_tight,0,616,"skintightsuit,skintight"
pale_skin,0,616,"paleskin,pale"
oekaki,0,614,
headset,0,613,
letterboxed,0,612,"letter_boxed,letterbox"
demon_girl,0,612,"succubus,demon_girls,demongirl"
bow_panties,0,611,"ribbon_panties,panty_bow"
cardigan,0,610,
wavy_mouth,0,610,
fan,0,609,
cum_on_body,0,608,"cum_on_lower_body,cum_on_upper_body,semen_on_upper_body,semen_on_lower_body,semen_on_body,cum_on_thigh,cum_in_armpit,cum_on_belly,cum_on_back,cum_on_hand,cum_on_hands,cum_on_chest,cum_on_armpits,cum_on_armpit,cum_on_arms,cum_on_arm,cum_on_ear,cum_on_foot,cum_on_feet,cum_on_thighs,cum_on_legs,cum_on_leg,cum_on_hips"
microphone,0,606,mic
facial_mark,0,605,"facial_marks,facial_markings,facial_marking"
floral_print,0,604,"flower_print,floral_pattern"
comic,0,602,"manga,comics"
looking_away,0,600,
halterneck,0,600,"halter_top,haltertop,halter"
:p,0,598,:b
red_skirt,0,594,
animal_print,0,590,animalprint
strap_slip,0,590,
on_stomach,0,589,"on_front,on_belly,lying_on_stomach,prone"
feathers,0,589,feather
panties_under_pantyhose,0,589,"panties_under_pantiehose,panties_behind_pantyhose,panties_below_pantyhose,panties_underneath_pantyhose"
happy,0,585,
fire,0,584,"flame,flames"
backpack,0,580,"rucksack,back_pack,ranset"
denim,0,580,
pink_background,0,572,/pinkbg
card_(medium),0,570,
christmas,0,568,"xmas,crhistmas"
nature,0,564,
ass_visible_through_thighs,0,563,"gluteal_fold,butt_fangs,ass_fangs"
outstretched_arm,0,563,arm_outstretched
personification,0,562,"anthropomorphism,gijinka"
leg_up,0,561,one_leg_raised
looking_up,0,560,
red_dress,0,559,
towel,0,558,towels
broom,0,557,broomstick
fangs,0,557,
heart-shaped_pupils,0,554,heart_shaped_pupils
corset,0,552,
machinery,0,551,
crown,0,550,
text,0,548,
loafers,0,545,
casual,0,543,
:<,0,542,
mosaic_censoring,0,541,"pixel_censor,mosaic_censor,rough_censoring"
cross,0,539,
slit_pupils,0,537,"snake_eyes,cat_eyes"
looking_down,0,536,
hand_on_own_chest,0,531,"hand_on_chest,hand_to_own_chest,hand_to_chest"
santa_costume,0,531,"santa_suit,santa_outfit,santa"
pink_bow,0,530,
floating_hair,0,530,"hair_blowing,space_hair"
lolita_fashion,0,530,lolita
wolf_tail,0,528,coyote_tail
tiara,0,526,
highleg,0,526,
bare_arms,0,525,
sheath,0,524,
tanline,0,523,
kemonomimi_mode,0,523,
dress_lift,0,522,
ribbon_trim,0,522,
elf,0,521,"elf_ears,elven_ears"
frilled_skirt,0,519,"ruffled_skirt,frilly_skirt"
white_bikini,0,519,"white_bikini_top,white_bikini_bottom"
sleeveless_dress,0,516,
plant,0,514,plants
tank_top,0,513,tanktop
wide_hips,0,512,"big_hips,large_hips"
handgun,0,512,"pistol,hand_gun"
micro_bikini,0,507,microbikini
bottle,0,503,bottles
brooch,0,502,broach
genderswap,0,502,"genderbend,rule_63,crossgender,sex_change"
on_bed,0,501,
dual_wielding,0,497,"dual_wield,double_wield"
;d,0,497,
bad_twitter_id,0,496,
no_shoes,0,496,
garter_belt,0,495,"/gar,garterbelt"
china_dress,0,494,"chinese_dress,chinadress,qipao,cheongsam"
armband,0,493,"arm_band,armbands,arm_band"
pointing,0,491,
no_headwear,0,489,
santa_hat,0,488,"christmas_hat,stocking_cap"
bespectacled,0,487,
phone,0,487,telephone
tsurime,0,484,
v_arms,0,484,v-arms
tareme,0,482,
rope,0,478,ropes
zoom_layer,0,477,zoomlayer
low_twintails,0,476,
buruma,0,474,"bum_huggers,bun_huggers,running_briefs"
black_ribbon,0,473,
finger_to_mouth,0,472,"finger_on_mouth,finger_on_lips,finger_to_lips"
naughty_face,0,470,naughty_smile
snow,0,470,
puffy_nipples,0,469,"puffy_areolae,puffy_nipple"
goggles,0,468,
hat_bow,0,467,
cum_on_upper_body,0,466,
genderswap_(mtf),0,464,
gym_uniform,0,463,gym_clothes
twin_drills,0,463,twindrills
shinkaisei-kan,0,461,
no_hat,0,461,
ring,0,459,rings
bridal_gauntlets,0,458,bridal_gauntlet
lavender_hair,0,455,
animal,0,455,animals
sleeveless_shirt,0,453,sleeveless_blouse
parted_bangs,0,453,
curvy,0,453,"voluptuous,curvaceous"
spread_pussy,0,453,"spread_vagina,pussy_spread,open_pussy,spreadpussy"
rifle,0,452,rifles
breasts_outside,0,450,
standing_on_one_leg,0,450,"on_one_foot,on_one_leg,standing_on_one_foot"
snake,0,448,snakes
glowing_eyes,0,448,
new_year,0,448,"new_years,newyear"
scrunchie,0,446,scrunchy
fishnets,0,445,fishnet
pendant,0,445,
character_request,5,444,"tagme_(character),/char"
bunny_tail,0,443,
tentacles,0,442,tentacle
frilled_dress,0,441,"ruffled_dress,frilly_dress"
black_wings,0,440,"black_wing,dark_wings"
helmet,0,440,
ribbed_sweater,0,439,
star_(sky),0,439,stars_(sky)
wristband,0,437,"wristbands,wrist_bands,wrist_band"
multicolored,0,437,
grass,0,437,
hair_bun,0,437,hairbun
single_thighhigh,0,436,"thighhigh,one_thighhigh"
revealing_clothes,0,436,slutty_clothing
pantyshot_(sitting),0,436,
animated,5,436,animation
^_^,0,434,^^
cum_in_pussy,0,434,"vaginal_creampie,vaginal_nakadashi,nakadashi,cum_inside"
musical_note,0,433,"music_notes,music_note,musical_notes"
thick_thighs,0,431,"fat_thighs,big_thighs,thunder_thighs,thighthick"
scar,0,430,scars
impossible_clothes,0,427,impossible_clothing
neck_ribbon,0,427,
thong,0,426,thong_panties
turret,0,424,
cellphone,0,424,"mobile_phone,cell_phone,keitai"
cuffs,0,424,cuff
swept_bangs,0,423,
hand_up,0,423,"raised_hand,hand_raised,one_hand_raised"
bob_cut,0,422,"okappa,bobbed_hair"
shiny_hair,0,422,
long_fingernails,0,418,long_nails_(fingers)
jingle_bell,0,417,"cat_bell,jingle_bells,jinglebells,jinglebell"
close-up,0,414,"close_up,closeup"
red-framed_eyewear,0,414,"red-framed_glasses,red-rimmed_glasses,red_framed_glasses"
sweater_vest,0,412,
ground_vehicle,0,411,
open_jacket,0,410,"open_track_jacket,open_blazer"
veil,0,408,
cross-laced_footwear,0,407,
miko,0,407,shrine_maiden
brown_legwear,0,406,
areola_slip,0,405,areolae_slip
trembling,0,405,"shivering,shiver,tremble"
lens_flare,0,402,lensflare
curtains,0,402,"drapes,curtain"
child,0,402,"kids,children"
fake_animal_ears,0,402,
gift,0,400,"presents,present,gifts"
side_slit,0,398,leg_slit
candy,0,398,candies
black_bikini,0,397,"black_bikini_top,black_bikini_bottom"
nose_blush,0,396,
black_bra,0,395,
web_address,0,395,url
vertical_stripes,0,392,
wading,0,389,"standing_in_liquid,walking_in_liquid"
popsicle,0,389,icelolly
hakama,0,389,
bow_(weapon),0,386,bow_and_arrow
meme_attire,0,385,
bloomers,0,385,
cum_on_breasts,0,382,"semen_on_breasts,cum_between_breasts,cum_on_tits"
black_boots,0,380,
swimsuit_under_clothes,0,379,/suc
outstretched_hand,0,378,"hands_outstretched,hand_outstretched,outstretched_hands"
juliet_sleeves,0,377,"puffy_shoulder_long_sleeves,puffy_shoulders_long_sleeves"
hips,0,377,
hitodama,0,377,"fox_fire,soul_flame,spirit_flame"
strapless_dress,0,376,shoulderless_dress
after_sex,0,375,aftersex
night_sky,0,374,
one_side_up,0,373,
breath,0,370,
red_necktie,0,369,
headwear_removed,0,369,
lowleg,0,368,low-rise
covering_breasts,0,368,"handbra,breasts_covering,breast_cover,breast_covering"
portrait,0,368,headshot_(composition)
paw_pose,0,367,"dog_pose,cat_pose"
dog_ears,0,366,"african_wild_dog_ears,dog_ear,/dog,inumimi"
plump,0,365,"chubby,muchi"
arms_behind_head,0,365,hands_behind_head
peaked_cap,0,364,
semi-rimless_glasses,0,364,
camisole,0,363,
clothes_writing,0,363,"text_print,text_on_clothes,clothing_writing"
thighband_pantyhose,0,363,
screencap,0,363,
skull,0,362,skulls
nontraditional_miko,0,362,
armlet,0,361,"armlets,arm_bracelets"
fish,0,361,
facial,0,361,cum_on_face
penis,0,360,"cocks,dick,dicks,cock"
adjusting_hair,0,360,
low-tied_long_hair,0,359,long_hair_tied_low
between_legs,0,359,
partially_submerged,0,358,
forest,0,357,woods
flying_sweatdrops,0,357,flying_sweatdrop
mecha_musume,0,357,"mechamusume,weapongirl"
nose,0,357,
photo,0,356,
hair_over_shoulder,0,355,
pencil_skirt,0,355,
angry,0,354,"anger,mad"
hair_intakes,0,353,hair_vents
ice,0,353,
half_updo,0,352,half_down_half_up
duplicate,5,351,"dupe,repost"
older,0,351,
geta,0,350,
ofuda,0,350,paper_talisman
box,0,348,boxes
dakimakura,0,348,
alcohol,0,348,
legs_up,0,347,
halloween,0,347,
frog,0,344,frogs
sailor_dress,0,344,
gem,0,344,"gemstones,gemstone,precious_stones,precious_stone,gems,jewels,jewel"
frilled_sleeves,0,343,ruffled_sleeves
colored_eyelashes,0,342,"orange_eyelashes,silver_eyelashes,white_eyelashes,red_eyelashes,purple_eyelashes,pink_eyelashes,multicolored_eyelashes,grey_eyelashes,green_eyelashes,blue_eyelashes,blonde_eyelashes,aqua_eyelashes,coloured_eyelashes"
butt_crack,0,342,"posterior_cleavage,ass_crack,buttcrack"
vibrator,0,341,vibrators
hair_flaps,0,338,
table,0,338,
gothic_lolita,0,338,"gosurori,gothloli"
ribbon-trimmed_sleeves,0,336,
tress_ribbon,0,335,
sleeping,0,335,"asleep,sleep"
gohei,0,335,
horn,0,334,
blue_panties,0,330,
contrapposto,0,330,
upside-down,0,329,"upside_down,upside_down,upsidedown"
ghost,0,329,ghosts
demon_tail,0,329,devil_tail
anklet,0,327,"lower_leg_bracelet,ankle_bracelets,ankle_bracelet,leg_bracelet,anklets"
striped_bikini,0,326,
t-shirt,0,325,"t_shirt,tshirt"
rain,0,325,raining
peach,0,325,peaches
untied,0,322,
hairpin,0,322,"hairpins,hair_pin"
sarashi,0,321,"bandage_bra,bandagebra"
nipple_slip,0,321,"nip_slip,nippleslip,nipslip"
bandaid,0,321,"band-aid,band_aids,band-aid,bandaids"
denim_shorts,0,321,"jean_shorts,daisydukes,daisy_dukes"
light_particles,0,321,dust_particles
mole_under_mouth,0,320,
speech_bubble,0,320,"word_bubble,speech_balloon,text_bubble"
crying,0,320,cry
messy_hair,0,320,"bed_head,morning_hair"
seiza,0,320,sitting_on_knees
innertube,0,319,"swim_ring,inner_tube"
reflection,0,319,
doll,0,319,dolls
sunset,0,319,
border,0,318,"windowboxed,bordered,windowbox"
blue,0,318,
school_bag,0,317,schoolbag
unzipped,0,316,
shawl,0,316,
red_legwear,0,315,
breasts_apart,0,315,
happy_birthday,0,314,
couch,0,314,"settee,sofa"
arm_behind_back,0,313,hand_behind_back
crotch_seam,0,313,
hands_on_hips,0,313,
starry_sky,0,313,
underwater,0,312,under_water
doujin_cover,0,311,
kita_high_school_uniform,0,310,
bubble,0,309,bubbles
piercing,0,309,"pierced,piercings"
center_opening,0,309,"centre_opening,absolute_cleavage"
valentine,0,307,"valentines_day,valentine's_day,valentien,valentines"
shiny_clothes,0,307,
spear,0,307,spears
holding_sword,0,306,"holding_rapier,holding_katana"
ball,0,306,
spread_arms,0,305,arms_spread
pink_dress,0,304,
eyeball,0,304,eyeballs
sundress,0,303,"sun_dress,summer_dress,summerdress"
single_glove,0,303,one_glove
zipper,0,303,zippers
high_ponytail,0,302,
claws,0,300,claw
animated_gif,5,300,gif
x_hair_ornament,0,299,
taut_clothes,0,299,taut_clothing
wind_lift,0,299,"windlift,skirt_blow,ecchi_no_kaze"
angel_wings,0,298,
magic_circle,0,296,"spell_circle,magic_circles,magical_circles,magical_circle,mahoujin"
jumping,0,296,jump
spot_color,0,295,spot_colors
black_background,0,295,/blackbg
hat_removed,0,293,
sneakers,0,292,tennis_shoes
clenched_hand,0,292,"closed_fist,clenched_fist,fist"
huge_filesize,0,292,
building,0,292,buildings
cloudy_sky,0,291,
pom_pom_(clothes),0,290,pom_pom_(clothing)
motor_vehicle,0,290,
unbuttoned,0,290,
arm_warmers,0,289,armwarmers
condom,0,288,condoms
waist_apron,0,288,half_apron
blue_legwear,0,288,
desk,0,287,desks
curly_hair,0,286,curls
teddy_bear,0,286,"stuffed_bear,teddybear"
bunny,0,285,
steam,0,285,
string_bikini,0,284,
flying,0,284,flight
shield,0,284,shields
green_skirt,0,283,
hime_cut,0,283,"princess_cut,himecut"
realistic,0,281,
chocolate,0,280,
tray,0,279,"platter,serving_tray"
black_shoes,0,279,
yukata,0,279,
partially_visible_vulva,0,278,
white_skirt,0,278,
folding_fan,0,277,
anchor,0,277,
sleeves_rolled_up,0,277,"sleeves_folded_up,folded_sleeves,sleeves_rolled,rolled_sleeves,rolled-up_sleeves,rolled_up_sleeves"
sexually_suggestive,0,277,innuendo
pelvic_curtain,0,276,"waist_veil,pussy_veil,crotch_veil"
frog_hair_ornament,0,276,
buckle,0,275,buckles
breast_squeeze,0,275,
abs,0,275,six_pack
pose,0,275,
argyle,0,274,
cannon,0,274,cannons
younger,0,274,
knees_together_feet_apart,0,273,knees_touching
pajamas,0,273,"pyjama,pyjamas,pajama"
spoilers,5,273,spoiler
smirk,0,272,
wand,0,272,magic_wand
contemporary,0,271,modern_clothing
waitress,0,271,
yellow_background,0,271,/yellowbg
competition_swimsuit,0,271,
teacup,0,271,"teacups,tea_cup"
track_jacket,0,271,
tabard,0,269,
marker_(medium),5,268,copics
strawberry,0,268,strawberries
:q,0,268,:9
light_rays,0,267,
cumdrip,0,267,cum_drip
circlet,0,267,
colored,0,267,
under-rim_glasses,0,266,
armored_dress,0,265,armoured_dress
bad_anatomy,0,264,
scenery,0,264,scenic
scythe,0,263,
pantyshot_(standing),0,263,
pistol,0,263,
bun_cover,0,262,bun_covers
plugsuit,0,262,
side_braid,0,261,
backlighting,0,260,"backlit,bright_background"
guitar,0,260,
legs_apart,0,260,
white_bra,0,259,
high_heel_boots,0,259,heel_boots
snowing,0,259,falling_snow
demon_wings,0,259,devil_wings
sunflower,0,259,sunflowers
serious,0,259,stern
long_skirt,0,259,
leg_hug,0,258,
panties_around_one_leg,0,258,"panties_around_leg,/paol"
paws,0,258,
alternate_color,0,258,"alternate_colors,/acol,/ac,alternative_color"
cake,0,257,
covering_crotch,0,257,covering_pussy
yokozuwari,0,257,
crystal,0,256,crystals
object_insertion,0,255,insertion
hand_between_legs,0,255,hands_between_legs
adjusting_clothes,0,254,
purple_dress,0,254,
eyes,0,254,
garters,0,254,
asymmetrical_wings,0,253,
hands_together,0,253,
clenched_hands,0,252,"closed_fists,clenched_fists,fists"
white_skin,0,252,
top_hat,0,252,"magician_hat,tophat"
formal,0,252,
;),0,252,
folded_ponytail,0,251,
bunny_girl,0,251,
black_bow,0,250,
surprised,0,250,"startled,surprise,shocked,shock"
red_gloves,0,250,
mature,0,250,
pink_legwear,0,249,
bell_collar,0,249,
shaded_face,0,248,"shaded_eyes,shadow_over_eyes"
torn_pantyhose,0,248,
borrowed_character,0,247,
sheathed,0,247,
purple_background,0,247,/purplebg
headdress,0,247,
minigirl,0,246,mini_girl
purple_legwear,0,245,
vaginal,0,245,"vaginal_sex,vaginal_penetration"
lollipop,0,245,"lollipops,lolipop"
light_brown_hair,0,245,
key,0,244,keys
front_ponytail,0,244,
leg_lift,0,244,"leg_raised,leg_raise,raised_leg"
mini_hat,0,243,"minihat,tiny_hat"
mouse_ears,0,243,"rat_ears,nezumimi"
clitoris,0,242,clit
red_background,0,241,/redbg
arched_back,0,241,
hair_down,0,240,hairdown
goggles_on_head,0,240,goggle_on_head
tabi,0,239,
thick_eyebrows,0,238,
blue_bikini,0,237,"blue_bikini_top,blue_bikini_bottom"
blue_ribbon,0,237,
muscle,0,237,
drooling,0,237,saliva_drip
jack-o'-lantern,0,237,"jack_o'_lantern,jack-o-lantern,jack_o_lantern"
blue_bow,0,237,
pink_bra,0,236,
arrow,0,236,
epaulettes,0,236,
snowflakes,0,236,snowflake
strap_gap,0,235,
restrained,0,235,
wedding_dress,0,235,weddingdress
2016,0,235,
eyes_visible_through_hair,0,234,eye_through_hair
breast_press,0,234,
photoshop,0,233,
sunglasses,0,233,shades
smoke,0,233,
dildo,0,233,
white_swimsuit,0,233,
clock,0,232,clocks
hand_in_hair,0,232,
bouquet,0,232,bouquets
magic,0,232,
apple,0,232,"red_apple,apples"
anal,0,231,"anal_penetration,anal_sex"
hair_rings,0,230,"hair_ring,hair_loop,hair_loops"
card,0,229,cards
hair_censor,0,229,
succubus,0,229,
bowl,0,229,bowls
sun_hat,0,229,sunhat
heart_of_string,0,229,
fighting_stance,0,229,battle_stance
holding_gun,0,229,
empty_eyes,0,228,dead_eyes
triangular_headpiece,0,228,
leash,0,227,
string,0,227,strings
doujinshi,0,227,
dog_tail,0,226,african_wild_dog_tail
mittens,0,225,mitts
source_request,5,225,"/src,cg_request,need_source,no_source"
red_nails,0,224,red_fingernails
salute,0,224,
lineart,0,224,line_art
alternate_hair_length,0,223,
green_background,0,223,"dark_green_background,light_green_background,/greenbg"
sack,0,223,
arm_cannon,0,222,"mega_buster,x_buster,zero_buster,z_buster"
+_+,0,222,"cross-shaped_pupils,starry_eyes,star_eyes"
full-face_blush,0,222,full_face_blush
witch,0,220,"sorceress,witch_costume"
watch,0,220,
half-closed_eyes,0,220,eyes_half_closed
oriental_umbrella,0,220,
torpedo,0,219,
bare_back,0,219,
sun,0,219,
yellow_bow,0,219,
aircraft,0,219,
2015,0,219,
parasol,0,218,
?,0,218,question_mark
pocky,0,217,pepero
cropped_legs,0,217,cropped_feet
>:),0,217,
top-down_bottom-up,0,217,"face_down_ass_up,face-down_ass-up,ass-up_head-down,top-down-bottom-up,top_down_bottom_up,/tdbu"
antennae,0,217,antenna
pink_lips,0,217,pink_lipstick
hanging_breasts,0,216,"hanging_boob,hangingboob"
bar_censor,0,216,"censor_bar,censor_bars"
nurse,0,216,"nurse_uniform,nurse_outfit"
kneepits,0,216,"knee_pit,kneepit"
crescent_hair_ornament,0,216,
black_serafuku,0,216,
lowleg_panties,0,216,"low-rise_panties,low_leg_panties,low-leg_panties"
stairs,0,215,"stairway,staircase,stair,steps"
purple_skirt,0,215,
dark,0,215,
frilled_bikini,0,215,"frilled_bikini_bottom,frilled_bikini_top,frilled_bikini_bottom"
pauldrons,0,214,"spaulders,pauldron"
jeans,0,214,blue_jeans
clenched_teeth,0,214,"gritting_teeth,gritted_teeth"
legs_together,0,214,"knees_together,knees_together_feet_together"
arm_at_side,0,213,
red_hakama,0,213,
image_sample,5,213,
toned,0,212,
lace-trimmed_panties,0,212,lace_trimmed_panties
wince,0,211,cringe
gag,0,211,
plate,0,210,"dish,plates"
pumpkin,0,210,pumpkins
print_legwear,0,210,
naked_shirt,0,209,nude_shirt
naked_apron,0,208,"nude_apron,hadaka_apron,nakedapron"
index_finger_raised,0,208,"finger_raised,raised_finger"
eyeshadow,0,208,eye_shadow
silver_eyes,0,208,
sailor_hat,0,207,sailor_cap
/\/\/\,0,207,
pilot_suit,0,206,
mirror,0,206,mirrors
alternate_hair_color,0,205,"/ahc,alternative_hair_color,alternate_haircolor"
plaid_vest,0,205,
red_bikini,0,205,"red_bikini_top,red_bikini_bottom"
blindfold,0,205,blindfolded
gagged,0,205,
adjusting_glasses,0,204,
one-piece_tan,0,204,
hands_up,0,204,hands_raised
black_hat,0,204,
red_rose,0,204,
name_tag,0,203,nametag
holster,0,203,
earmuffs,0,202,"earmuff,ear_muffs"
resized,5,202,
hand_on_headwear,0,202,hand_on_hat
torn_thighhighs,0,201,
halter_top,0,201,
>:d,0,200,
lace-up_boots,0,200,"cross-laced_boots,laced_boots,lace_up_boots"
suit,0,200,"dress_suit,three-piece_suit"
walking,0,199,
checkered_floor,0,199,
:t,0,198,
cheerleader,0,198,cheergirl
nurse_cap,0,198,nurse_hat
cum_on_lower_body,0,198,
ice_wings,0,198,
randoseru,0,197,naked_randoseru
android,0,197,gynoid
quaver,0,197,
floating,0,197,
tassel,0,197,"tassle,tassels"
bracer,0,197,bracers
hibiscus,0,196,
pigeon-toed,0,196,"pigeon_toed,pigeon_toes,intoed"
freckles,0,195,
spikes,0,195,spike
watercolor_(medium),5,195,"watercolour,watercolor"
hands_clasped,0,195,
vertical-striped_legwear,0,194,
gap,0,194,
hair_over_breasts,0,194,hair_on_breasts
shade,0,194,in_shadow
check_translation,5,194,translation_check
licking,0,193,"licks,lick"
lantern,0,193,lanterns
forehead_mark,0,193,
airplane,0,193,"airplanes,aeroplane,planes,plane"
beads,0,192,
checkered_background,0,191,"/ckbg,/checkbg,/checkeredbg"
microskirt,0,191,micro_skirt
lolita_hairband,0,190,lolita_headband
halo,0,190,
no_nose,0,190,
ice_cream,0,190,"ice-creams,ice-cream,icecreams,ice_creams,icecream"
streaked_hair,0,190,highlights
style_parody,0,189,
futanari,0,189,"futa,dickgirl"
cloak,0,189,
character_doll,0,189,
backless_outfit,0,189,"backless,open_back"
knees_up,0,189,
vambraces,0,188,vambrace
>_<,0,188,><
extra_ears,0,188,double_ears
pasties,0,188,
fat_mons,0,188,mons_pubis
bandeau,0,187,
jitome,0,187,flat_gaze
mountain,0,186,mountains
multicolored_clothes,0,186,
chess_piece,0,186,
maple_leaf,0,186,maple_leaves
holding_book,0,185,
mermaid,0,185,
lace-trimmed_thighhighs,0,185,
green_dress,0,185,
chin_rest,0,185,
drink,0,185,"beverage,drinks"
petticoat,0,184,
feathered_wings,0,184,feather_wings
asymmetrical_hair,0,184,
covering_mouth,0,184,
cable,0,184,"electrical_wire,cords,cord,cables,electric_cable"
huge_weapon,0,184,"large_bow_(weapon),oversized_weapon,huge_gun,huge_sword,bfg"
short_hair_with_long_locks,0,183,
rock,0,183,rocks
alternate_breast_size,0,183,
white_blouse,0,182,
music,0,182,
outline,0,182,"outlined,outlines"
error,0,182,
trading_card,0,182,trading_cards
highleg_panties,0,182,
>:o,0,182,
rei_no_himo,0,182,
fishnet_pantyhose,0,181,
brown_boots,0,180,
blue_skin,0,180,
highleg_leotard,0,180,
bow_bra,0,179,
pom_poms,0,179,
white_bow,0,179,
pink_skirt,0,179,
inverted_nipples,0,179,sunken_nipples
vehicle,0,179,
tubetop,0,179,
downblouse,0,178,down_blouse
hand_on_own_face,0,178,"hand_to_own_face,hand_on_face,hand_to_face"
peeing,0,178,"urination,pissing,oshikko,watersports"
camera,0,178,
water_drop,0,178,"droplets,droplet,water_droplets,water_drops,raindrop,rain_drops,raindrops,rain_drop"
fantasy,0,178,
cropped_jacket,0,178,bolero
fairy_wings,0,177,
skirt_pull,0,177,
pov,0,177,male_pov
ninja,0,176,kunoichi
frilled_shirt_collar,0,176,
hair_stick,0,176,hair_sticks
dragon_girl,0,176,
bikini_armor,0,176,
stuffed_bunny,0,175,
chopsticks,0,175,chopstick
fur,0,174,
oni,0,174,
short_ponytail,0,174,
taut_shirt,0,174,taut_blouse
red_shoes,0,174,
snake_hair_ornament,0,174,
double_v,0,174,double_peace
tentacle_hair,0,174,
grabbing,0,174,
toenail_polish,0,173,
mouse_tail,0,173,rat_tail
open_book,0,173,
number,0,173,
glass,0,172,
pout,0,172,pouting
red_scarf,0,172,
orange_background,0,171,/orangebg
bouncing_breasts,0,171,
torii,0,171,"shrine_gate,torii_(gate),torii_gate"
shoulder_pads,0,171,"shoulderpads,shoulder_pad"
crying_with_eyes_open,0,171,
black_shirt,0,170,black_blouse
handbag,0,170,"hand_bag,purse"
brown_background,0,169,/brownbg
fork,0,169,
dragon,0,169,
blue_sailor_collar,0,169,
floral_background,0,169,"/floralbg,flower_background"
basket,0,168,
demon_horns,0,168,devil_horns
bat,0,168,
pink_nails,0,167,pink_fingernails
sling_bikini,0,167,
cum_on_hair,0,167,"semen_on_hair,cum_in_hair"
hair_bell,0,167,"bell_hair_ornament,hairbells,hair_bells,hairbell"
enmaided,0,167,
lactation,0,166,"lactating,milk_breasts,milking"
danmaku,0,166,
alternate_eye_color,0,165,"alternative_eye_color,/aec"
chestnut_mouth,0,165,
body_blush,0,165,
whisker_markings,0,165,
cigarette,0,165,"cigarete,cigarrete,cigarrette,cigarettes"
visor_cap,0,165,
arm_ribbon,0,165,
purple_panties,0,165,
breastplate,0,164,"chest_plate,chestplate,breast_plate"
paper,0,164,
smartphone,0,164,smart_phone
waving,0,164,"waving_arm,wave"
white_boots,0,164,
fingering,0,164,fingers_in_pussy
single_shoe,0,163,one_shoe
facepaint,0,163,face_paint
skirt_hold,0,163,
sign,0,163,signs
head_out_of_frame,0,163,"cropped_head,eyes_out_of_frame"
drinking_glass,0,162,
bukkake,0,162,"bukake,cum_covered,cum_everywhere,bukakke"
asymmetrical_clothes,0,161,"/acl,asymmetrical_clothing"
shorts_under_skirt,0,161,"bike_shorts_under_skirt,skirt_over_shorts"
|_|,0,161,||_||
belly,0,161,
scroll,0,160,
muneate,0,160,
tengu-geta,0,160,
pantyhose_pull,0,160,"pantyhose_down,pantyhosepull"
red_bowtie,0,160,
winter_clothes,0,160,
autumn_leaves,0,159,fall_leaves
ribbon_choker,0,159,
bookshelf,0,159,"bookcase,bookshelves"
pee,0,158,"piss,urine"
shibari,0,158,"rope_bondage,ropebondage"
running,0,158,run
ankle_boots,0,158,
round_teeth,0,158,
out-of-frame_censoring,0,158,"cropped_censoring,out_of_frame_censoring"
spoken_heart,0,157,
ranguage,0,157,"nihawngo,ratin,flench,gelman,faux_greek,faux_finnish"
city,0,157,
white_ribbon,0,156,
leg_garter,0,156,
star-shaped_pupils,0,156,
hoop_earrings,0,156,hoop_earring
naked_towel,0,156,"nude_towel,towel_wrap"
can,0,156,cans
sakazuki,0,156,sake_dish
brown_gloves,0,156,
wardrobe_malfunction,0,156,/wm
scabbard,0,156,sword_sheath
wing_collar,0,156,
hands_in_pockets,0,156,
robe,0,156,robes
downscaled,5,155,
pen,0,155,
pool,0,155,swimming_pool
sunbeam,0,155,"crepuscular_rays,light_shaft,god_rays"
wet_panties,0,155,"drenched_panties,/wp"
polka_dot_background,0,155,"polka-dot_background,/pdbg,/polkadotbg"
anchor_symbol,0,155,
arm_garter,0,154,
injury,0,154,"wounds,wounded,injured,injuries"
carrot,0,154,carrots
multicolored_eyes,0,154,
hand_on_own_cheek,0,153,"hand_on_cheek,hand_to_cheek"
hair_tie,0,153,"hair_ties,hairtie"
sake,0,153,
bra_lift,0,153,bralift
white_hat,0,153,
hands_on_own_chest,0,153,"hands_on_chest,hands_to_chest"
straw_hat,0,152,
arms_at_sides,0,152,
pulled_by_self,0,152,
sweater_dress,0,152,sweaterdress
perspective,0,152,
silhouette,0,152,
knee_up,0,152,
food_on_face,0,151,food_on_cheek
mecha,0,151,mech
pink,0,151,
beachball,0,150,beach_ball
closed_umbrella,0,150,folded_umbrella
anchor_hair_ornament,0,150,
fence,0,149,
yin_yang,0,149,"ying-yang,yin-yang,ying_yang,yinyang"
underbust,0,149,
leaning_back,0,149,
butterfly_hair_ornament,0,148,
doll_joints,0,148,"ball_joints,dolljoints"
greaves,0,147,
baseball_cap,0,147,
sports_bra,0,147,
white_school_swimsuit,0,147,
pointless_censoring,0,146,pointless_censorship
blanket,0,146,
hand_in_pocket,0,146,
armored_boots,0,146,metal_boots
electricity,0,145,
light,0,145,
motion_blur,0,145,
impossible_shirt,0,144,
bandana,0,144,bandanna
open_fly,0,144,"unbuttoned_shorts,unbuttoned_pants"
frilled_panties,0,144,
babydoll,0,143,
bangle,0,143,bangles
trigger_discipline,0,143,
hair_up,0,143,
large_areolae,0,143,"big_areola,big_areolae,large_areola"
tate_eboshi,0,142,
pov_feet,0,142,
flag,0,142,flags
mini_top_hat,0,142,"tiny_top_hat,mini_tophat"
black-framed_eyewear,0,142,black-framed_glasses
fairy,0,142,"faerie,pixie,fairies"
doughnut,0,142,
vampire,0,141,vampyr
paw_print,0,141,"pawprints,paw_prints,pawprint"
bobby_socks,0,140,
red_panties,0,140,
one_breast_out,0,140,breast_outside
shackles,0,140,"manacles,shackle"
bath,0,140,ofuro
spoon,0,140,spoons
bridal_veil,0,140,wedding_veil
lifted_by_self,0,140,
doraf,0,139,
sarong,0,139,pareo
engrish,0,139,
red,0,139,
androgynous,0,139,androgyny
indian_style,0,138,agura
drinking_straw,0,138,straw_(drinking)
fundoshi,0,138,
in_container,0,138,person_in_a_container
nipple_piercing,0,138,"nipple_piercings,pierced_nipples"
classroom,0,138,class_room
\m/,0,138,ily_hand_sign
tiger_print,0,138,tigerprint
space,0,137,outer_space
soaking_feet,0,137,
bird_wings,0,137,
sharp_teeth,0,137,"spiked_teeth,pointed_teeth,pointy_teeth"
gift_box,0,137,
maid_apron,0,137,
front-tie_bikini,0,137,
bucket,0,136,pail
labcoat,0,136,
angel,0,136,"angel_costume,archangel,angels,tenshi"
self_fondle,0,136,
asymmetrical_legwear,0,136,
cum_in_mouth,0,136,"oral_cumshot,cumshot_in_mouth,semen_in_mouth"
oversized_object,0,136,
2014,0,135,
dressing,0,135,
open-back_dress,0,135,
animal_hood,0,135,
panties_aside,0,134,panty_aside
absurdly_long_hair,0,134,"hair_past_feet,extremely_long_hair"
heart_hair_ornament,0,134,
mushroom,0,134,mushrooms
flipped_hair,0,134,soto-hane
bursting_breasts,0,134,
bubble_skirt,0,133,puffy_skirt
pocket,0,133,pockets
cat_lingerie,0,133,cat_keyhole_bra
breast_suppress,0,133,
string_panties,0,133,
huge_ass,0,133,"thick_ass,big_ass,big_butt"
!,0,133,exclamation_mark
own_hands_together,0,133,hands_together
tatami,0,132,
sample,0,132,
slippers,0,132,slipper
red_leotard,0,131,
wet_shirt,0,131,"wet_blouse,wet_t-shirt,wetshirt"
palm_tree,0,131,palm_trees
grey_legwear,0,131,
bound_wrists,0,131,"hands_tied,wrists_bound,tied_wrists,tied_hands,hands_bound,bound_hands"
microphone_stand,0,131,
sad,0,131,sadness
hug,0,131,"embrace,hugging"
scales,0,131,
monster,0,131,monsters
argyle_legwear,0,130,
brown_shoes,0,130,
bamboo,0,130,
hand_on_own_head,0,130,
stretch,0,130,
pink_ribbon,0,129,
condom_in_mouth,0,129,
field,0,129,
derivative_work,5,129,"derivative,plagiarism"
ribs,0,129,ribcage
3d,0,129,"3dcg,polygon"
bad_tumblr_id,0,129,
lace-trimmed_bra,0,128,lace_trimmed_bra
cherry,0,128,cherries
emblem,0,128,
crossover,0,128,
big_hair,0,128,
o-ring_top,0,128,"o_ring_top,o-ring_bikini_top"
head_wreath,0,128,flower_crown
short_kimono,0,128,
heavy_breathing,0,128,panting
hooded_jacket,0,127,
suggestive_fluid,0,127,ambiguous_white_liquid
high_collar,0,127,
head_fins,0,127,"ear_fins,fin_ears,fish_ears,headfins"
candle,0,127,candles
sportswear,0,127,sports_uniform
paintbrush,0,126,paint_brush
kicking,0,126,kick
against_wall,0,126,
graphite_(medium),5,126,"pencil_(medium),pencil_sketch,graphite"
star_print,0,125,
no_socks,0,125,
ugoira,5,125,
bikini_pull,0,125,bikini_down
lamp,0,124,lamps
polka_dot_panties,0,124,polka-dot_panties
flat_cap,0,124,
licking_lips,0,124,lip_licking
splashing,0,124,splash
dog,0,124,dogs
onsen,0,124,"hot_springs,hot_spring,hotspring"
bonnet,0,124,
cow_print,0,123,cowprint
karakasa_obake,0,123,"karakasa-obake,kasa_obake,kasa-obake,karakasa"
one_leg_raised,0,123,
raised_eyebrows,0,123,
railing,0,123,
cityscape,0,123,
blue_boots,0,122,
print_panties,0,122,
shoulder_bag,0,122,
french_braid,0,122,
single_earring,0,122,one_earring
pinky_out,0,121,"extended_pinky,raised_pinky"
presenting,0,121,sex_invitation
huge_ahoge,0,120,
crescent_moon,0,120,
tea,0,120,
magatama,0,120,
heart_hands,0,120,
singing,0,120,sing
hair_scrunchie,0,120,
mismatched_legwear,0,120,
glint,0,120,
dragon_horns,0,120,
fishnet_legwear,0,119,
low_ponytail,0,119,
smoking,0,119,
vines,0,119,vine
strap,0,119,straps
logo,0,119,
arm_behind_head,0,119,hand_behind_head
white_wings,0,119,
blue_rose,0,119,
albino,0,119,
reading,0,118,
sniper_rifle,0,118,
bat_print,0,118,
poke_ball,0,117,"monster_ball,pokeballs,poke_balls,pokeball"
cutoffs,0,117,
broom_riding,0,117,"sitting_on_broom,riding_broom,broomriding"
fox_mask,0,117,kitsune_mask
cross-laced_clothes,0,117,cross-laced_clothing
purple,0,117,
black_hairband,0,116,
computer,0,116,
watercraft,0,116,
milk,0,116,
shimenawa,0,116,braided_rice_rope
uwabaki,0,116,indoor_shoes_(japanese)
gigantic_breasts,0,116,gigantic_breast
tiles,0,116,tile
drinking,0,116,sipping
pouch,0,115,pouches
green,0,115,
naked_ribbon,0,115,"nude_ribbon,nakedribbon"
headpiece,0,115,
bad_feet,0,115,
highleg_swimsuit,0,115,
rape,0,115,
whip,0,115,whips
cum_on_clothes,0,115,"cum_inside_clothes,cum_under_clothes,cum_inside_thighhigh,cum_on_panties,cum_on_hat,cum_on_swimsuit,cum_on_buruma,cum_on_shoes,cum_on_thighhighs,cum_on_socks,cum_on_pantyhose,cum_on_stockings,cum_on_clothing"
skirt_removed,0,115,
spring_onion,0,115,"leek,negi,leek,scallion"
dark_persona,0,114,
glowing_eye,0,114,
blood_on_face,0,114,bloody_face
puffy_long_sleeves,0,114,"bishop_sleeves,long_puffy_sleeves"
anger_vein,0,114,anger_mark
pencil,0,113,
company_name,0,113,
military_vehicle,0,113,
faulds,0,113,
striped_background,0,113,/stripedbg
dagger,0,113,daggers
blue_shirt,0,112,blue_blouse
sharp_fingernails,0,112,pointy_fingernails
pink_boots,0,112,
hand_to_own_mouth,0,112,"hand_on_lips,hand_to_lip,hand_to_mouth,hands_to_own_mouth,hands_to_mouth"
crop_top_overhang,0,112,
hand_on_own_knee,0,112,hand_on_knee
open_kimono,0,112,open_yukata
muscular_female,0,112,
animal_costume,0,111,
horizon,0,111,
slender_waist,0,111,
convenient_leg,0,111,
partly_fingerless_gloves,0,111,
hip_vent,0,111,hip_cutout
wooden_floor,0,111,hardwood_floor
erun_(granblue_fantasy),0,111,
:>,0,111,
sleepy,0,110,tired_(drowsy)
petite,0,110,
pokemon_(creature),0,110,
green_panties,0,110,
toenails,0,110,toenail
over_shoulder,0,110,
halftone,0,110,halftone_texture
on_floor,0,110,sitting_on_floor
overalls,0,109,
gears,0,109,"cogs,cog,gear"
sword_of_hisou,0,109,
breast_slip,0,108,boob_slip
yellow,0,108,
argyle_background,0,108,"diamond_background,/argbg,/argylebg"
assault_rifle,0,108,
dragon_tail,0,108,
sand,0,108,
virgin_killer_sweater,0,108,
over-kneehighs,0,108,
orange_skirt,0,108,
loincloth,0,108,loin_cloth
beltskirt,0,108,
frilled_legwear,0,107,
cat_cutout,0,107,
horn_ribbon,0,107,horn_ribbons
motorcycle,0,107,motorbike
hakama_skirt,0,107,hakama
bags_under_eyes,0,106,"eye_bags,dark_circles,eyebags,eye_circles"
platform_footwear,0,106,
o_o,0,106,o.o
wagashi,0,106,japanese_sweets
red_moon,0,106,blood_moon
spiked_hair,0,106,"spikey_hair,spiky_hair"
raglan_sleeves,0,106,
branch,0,106,"tree_branch,branches"
looking_afar,0,105,
turtleneck_sweater,0,105,
yellow_ribbon,0,105,
sleeveless_turtleneck,0,105,
bench,0,105,
wet_hair,0,105,
hair_over_eyes,0,105,hair_covering_eyes
digital_media_player,0,105,
breast_grab,0,105,
breast_lift,0,105,
black_shorts,0,105,
ahegao,0,104,
hands_on_own_face,0,104,"hands_on_face,hands_to_face"
trefoil,0,104,
laevatein,0,104,
green_bow,0,103,
cow_ears,0,103,"ox_ears,ushimimi"
forehead,0,103,
pillow_hug,0,103,
tape,0,103,
checkered_skirt,0,103,
wedding_band,0,103,
reaching,0,103,reach
layered_dress,0,102,
open-chest_sweater,0,102,keyhole_sweater
...,0,102,ellipsis
no_pussy,0,102,"novagina,no_vagina,missing_pussy,missing_vagina"
domino_mask,0,102,
red_shirt,0,102,red_blouse
leather,0,102,
bikini_bottom,0,102,
black_jacket,0,102,black_blazer
ball_gag,0,102,ballgag
partially_translated,5,101,"partial_translation,partly_translated"
self_shot,0,101,
naked_sweater,0,101,
pink_bikini,0,101,"pink_bikini_top,pink_bikini_bottom"
iron_cross,0,101,
trident,0,101,
ass_grab,0,101,
tail_ribbon,0,101,
pink_rose,0,101,
science_fiction,0,100,"sci_fi,futuristic,scifi,sci-fi"
happy_new_year,0,100,
autumn,0,100,fall_(season)
beamed_quavers,0,100,
falling,0,100,
pocket_watch,0,100,pocketwatch
star_hair_ornament,0,100,
colored_pencil_(medium),5,100,"pencil_crayon_(medium),coloured_pencil_(medium)"
beer,0,100,
blue_gloves,0,100,
black_nails,0,100,black_fingernails
military_hat,0,100,military_cap
clothes_lift,0,100,
holding_fruit,0,100,"holding_watermelon,holding_orange,holding_lemon,holding_grape,holding_cherry,holding_strawberry,holding_peach,holding_apple"
black_sclera,0,100,
white_leotard,0,100,
pun,0,99,
ladle,0,99,
shirt_pull,0,99,
garrison_cap,0,99,pilotka
robot,0,99,
teapot,0,99,tea_pot
ripples,0,99,ripple
power_lines,0,99,power_line
blue_bra,0,98,
dripping,0,98,
tasuki,0,98,kimono_sleeve_ties
mug,0,98,
flight_deck,0,98,
no_legwear,0,98,
shikishi,0,98,
tiger_ears,0,98,
pointing_at_viewer,0,98,pov_pointing
blue_swimsuit,0,97,
kariginu,0,97,
dappled_sunlight,0,97,"komorebi,sunlight_through_trees"
between_fingers,0,97,
bustier,0,97,
handcuffs,0,97,handcuff
ear_piercing,0,97,"pierced_ear,pierced_ears"
hood_down,0,97,
duel_monster,0,96,
holding_food,0,96,
cat_ear_panties,0,96,
straight_hair,0,96,
rimless_glasses,0,96,
holding_gift,0,96,holding_present
white_scarf,0,96,
oni_horns,0,96,
tiptoes,0,96,"tip_toe,tip-toe,tip_toes,tip-toes,tiptoe"
gourd,0,96,
tied_hair,0,96,
cookie,0,96,cookies
nun,0,96,
suspender_skirt,0,96,jumper_skirt
frilled_bra,0,95,
;o,0,95,
burning_eye,0,95,
school_desk,0,95,
crazy_eyes,0,95,
2013,0,95,
facing_viewer,0,95,
2017,0,95,
animal_hat,0,95,
road,0,95,
yawning,0,95,yawn
necktie_between_breasts,0,95,
handheld_game_console,0,95,handheld
casual_one-piece_swimsuit,0,94,"casual_one_piece_swimsuit,/cops"
cabbie_hat,0,94,
riding,0,94,
toeless_legwear,0,94,toeless_socks
quiver,0,94,
pixiv_sample,5,94,"pixiv_manga_sample,pixiv_thumbnail"
knee_pads,0,94,"kneepad,knee_pad,kneepads"
loose_socks,0,94,baggy_socks
mechanical_wings,0,94,robot_wings
jester_cap,0,94,jester_hat
revolver,0,94,
triangle_mouth,0,93,
reverse_trap,0,93,
striped_bow,0,93,
black_border,0,93,
excalibur,0,93,
watermelon,0,93,watermelons
yellow_skirt,0,93,
bride,0,93,
bikini_under_clothes,0,92,
sailor,0,92,"sailor_uniform,sailor_suit"
white_bodysuit,0,92,white_bikesuit
3:,0,92,
cravat,0,92,
plaid_shirt,0,92,plaid_blouse
fur_collar,0,92,
bra_pull,0,92,bra_down
brown_dress,0,92,
anal_beads,0,92,analbeads
holding_hat,0,92,
axe,0,92,ax
oversized_clothes,0,92,"clothes_too_big,oversized_clothing,floppy_sleeves"
low_wings,0,92,"waist_wings,hip_wings,lower_back_wings"
earphones,0,91,
brown_skirt,0,91,
2012,0,91,
stitches,0,91,
condom_wrapper,0,91,
long_dress,0,91,
blue_nails,0,91,blue_fingernails
lily_(flower),0,91,lillies
object_on_head,0,91,
vector_trace,5,90,"vector,vectortrace,trace"
torn_shirt,0,90,"ripped_shirt,torn_blouse"
used_condom,0,90,
gothic,0,90,
drunk,0,90,
figure,0,90,figurine
starry_background,0,90,
purple_ribbon,0,90,
ringed_eyes,0,90,
striped_shirt,0,89,striped_blouse
syringe,0,89,
torn_skirt,0,89,ripped_skirt
frame,0,89,
swimsuit_pull,0,89,
deep_skin,0,89,
open_hoodie,0,89,
paw_gloves,0,89,
diamond_(symbol),0,89,
winter,0,89,
large_bow,0,89,big_bow
playing_card,0,88,playing_cards
shy,0,88,
bad_deviantart_id,0,88,
polka_dot_bikini,0,88,polka-dot_bikini
transparent,0,88,transparency
hydrangea,0,88,"hortensia_(flower),hydrangeas"
thigh_holster,0,88,
sun_(symbol),0,88,
door,0,88,doors
dimples_of_venus,0,88,
aqua_nails,0,88,aqua_fingernails
skinny,0,88,"slender,thin"
holding_umbrella,0,88,holding_parasol
forehead_jewel,0,88,forehead_gem
polka_dot_swimsuit,0,87,polka-dot_swimsuit
idol,0,87,
cow_girl,0,87,"ox_girl,cowgirl"
rice,0,87,gohan
red_boots,0,87,
;p,0,87,
straddling,0,87,straddle
frilled_pillow,0,87,
furry,0,87,"anthro,kemono"
open_coat,0,87,
bathing,0,87,
motion_lines,0,87,
scissors,0,87,scissor
wedgie,0,87,
futon,0,87,
competition_school_swimsuit,0,86,
bikini_tan,0,86,
shoes_removed,0,86,
pixel_art,0,86,sprite
mechanical_halo,0,86,
merry_christmas,0,86,merry_xmas
leg_warmers,0,86,legwarmers
yellow_bikini,0,86,"yellow_bikini_top,yellow_bikini_bottom"
bathroom,0,86,
bathtub,0,86,bath_tub
pipe,0,86,
chalkboard,0,86,blackboard
chromatic_aberration,0,86,
lock,0,86,
jacket_on_shoulders,0,86,"coat_on_shoulders,jacket_over_shoulders,coat_over_shoulders"
vocaloid_append,0,85,
body_writing,0,85,"text_on_body,writing_on_body"
legwear_under_shorts,0,85,
90s,0,85,
bikini_skirt,0,85,
food_in_mouth,0,85,
=_=,0,85,
wristwatch,0,85,wrist_watch
anal_object_insertion,0,85,"anal_object_push,anal_insertion"
river,0,84,
race_queen,0,84,racequeen
broken,0,84,
evil_smile,0,84,
one_eye_covered,0,84,covered_eye
knees_on_chest,0,84,
hat_flower,0,84,
maebari,0,84,
pantyshot_(lying),0,84,
shell,0,84,
slime,0,84,
seductive_smile,0,84,
tiger_tail,0,83,
striped_bra,0,83,
badge,0,83,badges
toeless_socks,0,83,
folded,0,83,
purple_skin,0,82,
spiked_bracelet,0,82,spiked_bracelets
poolside,0,82,
flower_field,0,82,
untied_bikini,0,82,open_bikini
short_eyebrows,0,82,round_eyebrows
toilet,0,82,
lance,0,82,
long_image,0,82,
grabbing_own_ass,0,82,
ooarai_school_uniform,0,82,
red_lips,0,82,red_lipstick
halftone_background,0,82,"/halftonebg,/htbg"
darkness,0,82,
pointy_hair,0,82,
car,0,82,cars
magical_musket,0,82,
crotch,0,81,
white_rose,0,81,
breast_rest,0,81,
potted_plant,0,81,potted_plants
striker_unit,0,81,striker_units
bread,0,81,
black_necktie,0,81,
grey_skirt,0,81,gray_skirt
leaning,0,81,
pov_ass,0,81,
paper_fan,0,81,
orange_bodysuit,0,81,orange_bikesuit
bandaged_arm,0,80,bandaged_arms
crotch_rope,0,80,crotchrope
biting,0,80,bite
camouflage,0,80,"camouflage_print,camo"
head_rest,0,80,chin_rest
rainbow,0,80,rainbows
chemise,0,80,
criss-cross_halter,0,80,criss_cross_halter
controller,0,80,
:/,0,80,:\
grapes,0,79,grape
bush,0,79,"shrubbery,bushes"
tied_shirt,0,79,
object_hug,0,79,
coffee,0,79,
showgirl_skirt,0,79,
hand_behind_head,0,79,
purple_bikini,0,79,"purple_bikini_top,purple_bikini_bottom"
fang_out,0,79,
chocolate_heart,0,79,
robot_ears,0,79,
scan_artifacts,5,79,"scanning_artifacts,scan_artefacts,scan_artefact,scan_artifact,scanning_artifacts,scanner_artifacts,bad_scan,badscan,scanningartifacts"
interlocked_fingers,0,79,"intertwined_fingers,interlaced_fingers"
mini_crown,0,78,tiny_crown
covered_mouth,0,78,"hidden_mouth,mouth_covered"
shirt_tug,0,78,
dancing,0,78,dance
directional_arrow,0,78,
wine_glass,0,78,wineglass
coin,0,78,coins
bullet,0,78,bullets
unsheathing,0,78,
one-eyed,0,78,"single_eye,one_eye,one_eyed"
neon_trim,0,78,
fetal_position,0,78,
bell_choker,0,77,
hammer,0,77,
sunglasses_on_head,0,77,
frilled_apron,0,77,
testicles,0,77,balls
flat_ass,0,77,no_ass
two-tone_background,0,77,/two-tonebg
green_ribbon,0,77,
eyeliner,0,77,
thong_bikini,0,77,
album_cover,0,77,"disc_cover,cd_cover,album"
flower_(symbol),0,77,
electric_guitar,0,77,
wide-eyed,0,76,"shocked_eyes,wide_eyed,wide_eyes,eyes_wide"
sex,0,76,"fuck,fucking"
yellow_dress,0,76,
white_shoes,0,76,
open_vest,0,76,
nightgown,0,76,"nighty,night_dress,night_gown,nightie,nightdress"
spider_lily,0,76,"red_spider_lily,higanbana"
amputee,0,76,missing_limb
ruins,0,76,ruin
damaged,0,76,damage
cowboy_hat,0,76,
hot,0,75,
adjusting_swimsuit,0,75,
vaginal_object_insertion,0,75,"vaginal_object_push,vaginal_insertion"
raccoon_ears,0,75,"tanuki_ears,tanukimimi"
shide,0,75,
reverse_grip,0,75,
on_head,0,75,
green_legwear,0,75,
striped_dress,0,75,
leaf_hair_ornament,0,75,hair_leaf
lowleg_bikini,0,74,low-rise_bikini
glasses_removed,0,74,
clothes_around_waist,0,74,
yellow_legwear,0,74,
(9),0,74,
bodypaint,0,74,body_paint
green_bikini,0,74,"green_bikini_top,green_bikini_bottom"
architecture,0,74,
red_hat,0,74,
carrying,0,74,carry
@_@,0,73,"swirly_eyes,spiral_eyes,al_bhed_eyes"
yugake,0,73,
mechanical_arm,0,73,
fringe,0,73,
hands_in_sleeves,0,73,
alternate_legwear,0,73,
orange,0,73,
firing,0,73,"shooting,gunfire"
saucer,0,73,
cow_tail,0,72,ox_tail
rubber_boots,0,72,"rain_boots,wellingtons,galoshes"
earth,0,72,
spaghetti_strap,0,72,spaghetti_straps
aura,0,72,ki
hand_on_own_stomach,0,72,"hand_on_stomach,hand_on_belly,hand_on_own_belly"
orange_shirt,0,72,orange_blouse
head_scarf,0,72,
pink_shirt,0,72,pink_blouse
american_flag_dress,0,72,
american_flag_legwear,0,72,
armpit_peek,0,72,
facial_tattoo,0,72,"face_tattoo,facial_tattoos"
mouse,0,72,
afloat,0,72,floating_in_water
panties_removed,0,72,
spread_anus,0,72,"anus_spreading,anus_spread"
artbook,5,72,
soul_gem,0,72,
cushion,0,71,
egg,0,71,eggs
latex,0,71,
water_gun,0,71,"squirt_gun,water_pistol,watergun"
high-waist_skirt,0,71,
flat_color,0,71,flat_colors
waterfall,0,71,
toe_scrunch,0,71,"clenched_toes,toe_curl,curled_toes,toe-scrunch"
wrist_ribbon,0,71,
butt_plug,0,71,"anal_plug,buttplug"
too_many,0,71,
plaid_scarf,0,71,
>:(,0,71,
holding_staff,0,70,
slave,0,70,
cross_necklace,0,70,
neck_ring,0,70,
hose,0,70,water_hose
planted_weapon,0,70,
rod_of_remorse,0,70,
faux_traditional_media,0,70,/ftrad
food_themed_hair_ornament,0,70,
strap_pull,0,70,
uchiwa,0,70,
cooking,0,70,
sweater_lift,0,70,
photo_(object),0,70,"photograph_(object),pictures,picture"
bicycle,0,69,bike
egyptian,0,69,
pregnant,0,69,
notebook,0,69,
bridge,0,69,
cum_on_ass,0,69,semen_on_ass
bass_guitar,0,69,"electric_bass_guitar,bass"
squirrel_ears,0,69,
novelty_censor,0,69,
machine_gun,0,69,"general-purpose_machine_gun,machinegun"
clipboard,0,69,
sorcerer's_sutra_scroll,0,68,
pink_choker,0,68,
dark_elf,0,68,drow
cyborg,0,68,cyborgs
air_bubble,0,68,
one_knee,0,68,
navel_piercing,0,68,"navel_ring,bellybutton_piercing"
beige_background,0,68,
shoe_dangle,0,68,"heels_dangling,flats_dangling"
white,0,68,
insect_girl,0,68,
spandex,0,68,
urethra,0,68,
open_dress,0,68,
police,0,68,"police_officer,cop"
colorful,0,68,
d:,0,68,
skull_hair_ornament,0,68,
bedroom,0,67,
submerged,0,67,
ship,0,67,ships
adjusting_hat,0,67,
leg_ribbon,0,67,
bunny_hair_ornament,0,67,
submachine_gun,0,67,smg
seiyuu_connection,0,67,
silk,0,67,
2010,0,67,
official_style,0,67,
squirrel_tail,0,67,
mole_on_breast,0,67,
pussy_peek,0,67,partially_visible_vulva
cum_pool,0,67,"cum_puddle,cumpool"
black_pants,0,67,
pants_pull,0,67,pants_down
yandere,0,66,
cow_bell,0,66,
holding_flower,0,66,
ribbed_dress,0,66,
ribbon-trimmed_legwear,0,66,
sepia,0,66,
bunny_print,0,66,
wall,0,66,
belt_buckle,0,66,
office_lady,0,66,"ol,officelady"
abstract,0,66,
pink_hat,0,66,
house,0,66,houses
tearing_up,0,66,
closed_fan,0,65,
book_stack,0,65,stacked_books
character_profile,0,65,
squiggle,0,65,
moonlight,0,65,
on_ground,0,65,sitting_on_ground
riding_crop,0,65,
bandaids_on_nipples,0,65,"bandaid_on_nipple,bandaids_on_nipple,bandaid_on_nipple,bandaid_on_nipples"
wide_ponytail,0,65,
torn_dress,0,65,ripped_dress
ears,0,65,
hand_on_thigh,0,65,
clothes_removed,0,65,
tied_up,0,65,
breastless_clothes,0,65,breastless_clothing
blue_jacket,0,65,blue_blazer
bandaid_on_pussy,0,65,
purple_bra,0,65,
grey_shirt,0,65,"grey_blouse,gray_shirt"
shorts_pull,0,65,shorts_down
millipen_(medium),5,65,millipen
jiangshi,0,65,"chinese_vampire,kyonshii,geung_si"
brown_jacket,0,65,brown_blazer
ejaculation,0,65,ejaculation_between_breasts
thong_leotard,0,65,
summer,0,64,
cum_in_ass,0,64,"anal_creampie,anal_nakadashi,semen_in_anus"
no_pupils,0,64,
raccoon_tail,0,64,tanuki_tail
pillar,0,64,pillars
bone,0,64,bones
twilight,0,64,
star_earrings,0,64,star_earring
tying_hair,0,64,
pantylines,0,64,
black_bodysuit,0,64,black_bikesuit
weapon_over_shoulder,0,64,
visor,0,64,
red_lipstick,0,64,
lamia,0,63,"snake_girl,naga-ette,naga"
world_war_ii,0,63,"ww2,/wwii,wwii"
purple_nails,0,63,"lavender_nails,purple_fingernails"
oldschool,0,63,
flame,0,63,
blurry_background,0,63,
clover,0,63,
work_in_progress,0,63,
kunai,0,63,
perky_breasts,0,63,
colored_pubic_hair,0,63,
leaf_on_head,0,63,
skirt_tug,0,63,
highleg_bikini,0,63,
lifebuoy,0,62,"life_preserver_(ring),lifesaver"
hachimaki,0,62,
macaron,0,62,
bloody_clothes,0,62,
throne,0,62,
costume,0,62,
blue_necktie,0,62,
police_uniform,0,62,
tall_image,5,62,
stitched,5,62,"stitch,stiched"
japanese_armor,0,62,"japanese_armour,samurai_armor"
kiseru,0,62,
belt_pouch,0,62,
nekomata,0,62,
pink_lipstick,0,62,
navel_cutout,0,62,heart_navel_cutout
rating,0,62,
reclining,0,62,recline
arm_strap,0,62,
sheet_grab,0,61,grabbing_sheet
confetti,0,61,
dress_pull,0,61,
spider_web,0,61,"web,cobwebs,cobweb,spiderwebs,spiderweb,spider_webs"
egg_vibrator,0,61,"bullet_vibrator,egg_vibrators"
aran_sweater,0,61,aran_jumper
2011,0,61,
beanie,0,61,"toque,tuque"
bad_proportions,0,61,
sleeves_pushed_up,0,61,
open_cardigan,0,60,open_sweater
blue_hat,0,60,
black_choker,0,60,
purple_bodysuit,0,60,purple_bikesuit
in_tree,0,60,
white_bloomers,0,60,
game_console,0,60,video_game_console
christmas_tree,0,60,
red_jacket,0,60,red_blazer
smug,0,60,
baseball_bat,0,60,bat_(baseball)
single_wing,0,60,one_wing
employee_uniform,0,60,
tight,0,60,
kitchen,0,60,
g-string,0,60,g_string
shell_casing,0,60,"bullet_casings,shell_casings"
embellished_costume,0,60,
yellow_panties,0,59,
see-through_silhouette,0,59,
laptop,0,59,
akeome,0,59,
orange_choker,0,59,
banana,0,59,bananas
bamboo_broom,0,59,bamboo-shafted_broom
animal_on_head,0,59,
calendar,0,59,
halloween_costume,0,59,
orange_(color),0,59,
heart_earrings,0,59,heart_earring
winter_coat,0,59,winter_jacket
quad_tails,0,59,
annoyed,0,59,irritated
antlers,0,59,
creepy,0,59,
library,0,59,
bamboo_forest,0,58,
alphes_(style),0,58,
korean,0,58,
korean_clothes,0,58,
leggings,0,58,
stud_earrings,0,58,"ear_studs,ear_stud"
wrist_scrunchie,0,58,scrunchie_on_wrist
pink_gloves,0,58,
sleeve_cuffs,0,58,"cuffed_sleeves,cuff_sleeve,sleeve_cuff,cuff_sleeves"
snowman,0,58,
butt_plug_tail,0,58,
staring,0,58,stare
exhibitionism,0,58,
tiger,0,58,
seamed_legwear,0,58,
castle,0,58,
purple_bow,0,58,
habit,0,58,
shower,0,58,
white_flower,0,57,
face_mask,0,57,
monitor,0,57,"computer_screen,computer_monitor"
sagging_breasts,0,57,
tank,0,57,"main_battle_tank,tanks"
planted_sword,0,57,"sword_stuck_in_ground,sword_in_ground"
center_frills,0,57,centre_frills
bound_arms,0,57,"arms_tied,tied_arms,arms_bound"
single_elbow_glove,0,57,one_elbow_glove
teacher,0,57,sensei
tile_floor,0,57,floor_tiles
cream,0,57,
rose_petals,0,57,
hair_tucking,0,57,
between_thighs,0,57,
reaching_out,0,57,
giantess,0,57,
hair_twirling,0,57,
balloon,0,57,balloons
television,0,57,"television_screen,tv"
hand_on_own_thigh,0,57,
butterfly_wings,0,57,
v_over_eye,0,56,
hands_on_own_knees,0,56,hands_on_knees
incoming_gift,0,56,"offering_to_viewer,giving_to_viewer"
ankle_lace-up,0,56,ankle_lace_up
holding_cup,0,56,"holding_goblet,holding_drinking_glass,holding_sakazuki,holding_teacup,holding_mug,holding_glass"
treble_clef,0,56,
unmoving_pattern,0,56,unmoving_plaid
striped_scarf,0,56,
tower,0,56,
tomboy,0,56,
purple_gloves,0,56,
improvised_gag,0,56,
red_string,0,56,
stylus,0,56,tablet_pen
hand_on_own_chin,0,56,"hand_on_chin,hand_to_chin"
sheep_horns,0,56,ram_horns
east_asian_architecture,0,56,"chinese_architecture,japanese_architecture"
yukkuri_shiteitte_ne,0,55,"take_it_easy,yukkuri"
4koma,0,55,"4coma,yonkoma"
crotchet,0,55,
stained_glass,0,55,
finger_in_mouth,0,55,
breast_bondage,0,55,
water_bottle,0,55,
blue_choker,0,55,
bad_hands,0,55,
capri_pants,0,55,"cropped_pants,capris"
!?,0,55,"!!?,?!!,!?!,interrobang,?!"
pink_leotard,0,55,
meiji_schoolgirl_uniform,0,55,
thumbs_up,0,55,
black_vest,0,55,
come_hither,0,55,
peeking_out,0,54,"peeking_around_corner,a_master_is_out"
uneven_eyes,0,54,
pink_bodysuit,0,54,pink_bikesuit
no_nipples,0,54,nippleless
lake,0,54,
heart_censor,0,54,censor_heart
clothed_masturbation,0,54,
four-leaf_clover,0,54,four_leaf_clover
tentacle_sex,0,54,
sliding_doors,0,54,sliding_door
spread_ass,0,54,
hand_in_panties,0,54,
unsheathed,0,54,
bubble_blowing,0,54,
finger_on_trigger,0,54,
fusion,0,54,
strapless_leotard,0,54,
heart_cutout,0,54,
lamppost,0,54,"lamp_post,lamp-post,street_lights,street_light,streetlights,streetlamp,streetlight,street_lamp"
robot_joints,0,54,
wine,0,54,
skirt_suit,0,54,skirtsuit
watson_cross,0,53,
cow_horns,0,53,ox_horns
circle_cut,0,53,
holding_card,0,53,"holding_playing_card,holding_cards"
extra_eyes,0,53,multiple_eyes
blue_shorts,0,53,
explosion,0,53,
thorns,0,53,
fake_screenshot,0,53,fakeshot
scared,0,53,"terrified,dread,afraid,fear"
laughing,0,53,laugh
negligee,0,53,
;q,0,53,
hairpods,0,53,
needle,0,53,needles
stool,0,53,
voyakiloid,0,53,
puru-see,0,53,
creature,0,52,"mascot_creature,creatures"
red_bra,0,52,
hetero,0,52,
pince-nez,0,52,pince_nez
cat_hood,0,52,cathood
shrine,0,52,jinja
planet,0,52,planets
thought_bubble,0,52,thought_balloon
happy_valentine,0,52,happy_valentine's_day
black_bowtie,0,52,
money,0,52,cash
black_cat,0,52,black_cat_(animal)
double_penetration,0,52,"dp,/dp,doublepenetration"
raised_eyebrow,0,52,
off-shoulder_sweater,0,52,
sushi,0,52,
speaker,0,52,"loudspeaker,speakers"
nude_filter,5,51,nudefilter
tissue_box,0,51,tissuebox
ankle_cuffs,0,51,
green_nails,0,51,green_fingernails
outside_border,0,51,"cropped_background,outside_of_border,out_of_border"
gym_leader,0,51,
sweets,0,51,
skirt_around_one_leg,0,51,
cage,0,51,
"don't_say_""lazy""",0,51,don't_say_lazy
smokestack,0,51,ship_funnel
elbow_pads,0,51,elbow_pad
arm_guards,0,51,"armguards,arm_guard"
anime_coloring,0,51,cel_shading_(2d)
forehead_protector,0,51,
emphasis_lines,0,51,
pink_flower,0,51,
cardboard_box,0,51,danbooru
green_shirt,0,51,green_blouse
diamond_(shape),0,51,"diamonds_(card_suit),rhombus"
double-breasted,0,51,
swimming,0,51,
western,0,51,
pinafore_dress,0,51,jumper
rapier,0,50,
white_eyes,0,50,
baozi,0,50,
off-shoulder_shirt,0,50,
nipple_tweak,0,50,nipple_pinch
cum_on_tongue,0,50,
hammer_and_sickle,0,50,
purple_lipstick,0,50,
white_apron,0,50,
red_hairband,0,50,
partially_colored,0,50,partially_monochrome
curtsey,0,50,"curtsy,curtsie"
violin,0,50,
spoken_question_mark,0,50,spoken_?
cold,0,50,
tail_wagging,0,50,"wagging_tail,tail_wag,wagging"
twitter_sample,5,50,
holding_panties,0,50,
zombie_pose,0,50,jiangshi_pose
upscaled,5,50,upscale
namesake,0,50,
o-ring_bikini,0,50,"o_ring_bikini,ring_bikini"
mismatched_footwear,0,49,
multicolored_skirt,0,49,
red_skin,0,49,
lights,0,49,
pot,0,49,
fireworks,0,49,firework
bent_knees,0,49,
drawstring,0,49,drawstrings
finger_licking,0,49,
alternate_headwear,0,49,"alternate_hat_color,alternative_hat,alternate_hat,/ahw,alternative_headwear"
spear_the_gungnir,0,49,
ribbon-trimmed_clothes,0,49,
pirate_hat,0,49,
letter,0,49,
medium_hair,0,49,shoulder-length_hair
flag_print,0,49,
light_brown_eyes,0,49,
aiming_at_viewer,0,49,pov_aiming
crotch_rub,0,49,
harness,0,48,
confession,0,48,
chips,0,48,
multiple_wings,0,48,"6_wings,4_wings,extra_wings"
fashion,0,48,
beamed_semiquavers,0,48,
untied_panties,0,48,
teardrop,0,48,
dango,0,48,
heart_background,0,48,/heartbg
hands_on_own_cheeks,0,48,"hands_on_cheeks,hands_on_cheek,hands_to_cheeks,hands_to_cheek"
magazine_(weapon),0,48,"stanag_magazine,ammunition_magazine,gun_magazine,magazine_(gun)"
red_neckerchief,0,48,
shelf,0,48,shelves
holding_arm,0,48,
armchair,0,48,
naked_sheet,0,48,nude_sheet
labia,0,48,
in_box,0,48,"boy_in_a_box,girl_in_a_box"
chain-link_fence,0,48,"chain_link_fence,chainlink_fence"
cucumber,0,48,cucumbers
pantyshot_(squatting),0,48,
calligraphy_brush,0,48,"writing_brush,ink_brush"
pointing_up,0,48,"pointing_skyward,pointing_to_the_sky"
layered_skirt,0,48,
beer_mug,0,48,
nanamori_school_uniform,0,48,
gathers,0,48,
open_hand,0,48,
cum_string,0,48,"cum_trail,cumstring"
saliva_trail,0,48,saliva_string
fingers_together,0,47,
glowing_weapon,0,47,
white_border,0,47,
swirl_lollipop,0,47,
playing_instrument,0,47,
pussy_juice_stain,0,47,
happy_halloween,0,47,
product_placement,0,47,brand_name
blade,0,47,
alternate_weapon,0,47,"alternative_weapon,/awe"
train,0,47,
doll_hug,0,47,
track_suit,0,47,tracksuit
boat,0,47,
padlock,0,47,
o-ring_bottom,0,47,o_ring_bottom
two_tails,0,47,
black_leotard,0,47,
chinese,0,46,
blue_shoes,0,46,
holding_poke_ball,0,46,holding_pokeball
energy_sword,0,46,"beam_sword,beam_saber,light_sword"
zero_suit,0,46,
scepter,0,46,sceptre
food_print,0,46,
silent_comic,0,46,
bandaid_on_face,0,46,
ribbed_bodysuit,0,46,
side_glance,0,46,
surreal,0,46,
pastry,0,46,
ritual_baton,0,46,
explosive,0,46,explosives
pearl_necklace,0,46,
purple_boots,0,46,
ufo,0,46,
mini-hakkero,0,46,mini_hakkero
birthday,0,46,
rubber_duck,0,46,"rubber_ducky,rubber_duckie"
red_choker,0,46,
blue_kimono,0,46,blue_yukata
drawing,0,46,
seagull,0,46,"gull,seagulls"
ghost_tail,0,46,
covered_eyes,0,46,eyes_covered
beltbra,0,46,
fox_girl,0,46,
cat_paws,0,46,cat_gloves
energy_ball,0,46,
out_of_frame,0,46,
noodles,0,46,noodle
single_sock,0,45,one_sock
hat_feather,0,45,"feathered_hat,feather_in_hat,feather_hat_ornament"
ankle_ribbon,0,45,
paint,0,45,
yellow_shirt,0,45,yellow_blouse
megaphone,0,45,"bull_horn,bullhorn"
bad_nicoseiga_id,0,45,
brick_wall,0,45,
red_flower,0,45,
pillow_hat,0,45,
tegaki,0,45,
policewoman,0,45,"police-woman,police_woman"
bright_pupils,0,45,
purple_rose,0,45,
no_shirt,0,45,no_blouse
cropped,5,45,
2009,0,45,
pole,0,45,
hair_feathers,0,45,
crow,0,45,raven_(animal)
tail_bow,0,45,
binoculars,0,45,
gaping,0,45,gape
playing_games,0,45,"playing_video_games,playing_game,gaming,girls_playing_games"
hip_bones,0,45,"pelvic_bone,pelvic_bones"
heart_pillow,0,45,
gradient_eyes,0,45,
fucked_silly,0,44,
mallet,0,44,
budget_sarashi,0,44,
asymmetrical_bangs,0,44,asymmetric_bangs
smiley_face,0,44,
suspension,0,44,suspended
nipple_rings,0,44,nipple_ring
unaligned_breasts,0,44,
lavender_eyes,0,44,
hair_beads,0,44,
polka_dot_bra,0,44,polka-dot_bra
soap_bubbles,0,44,suds
yellow_shorts,0,44,
lily_pad,0,44,"water_lily_pad,water_lily,lilypads,lilypad"
heart_print,0,44,
bare_tree,0,44,dead_tree
crotch_plate,0,44,
off-shoulder_dress,0,44,
naked_hoodie,0,44,nude_hoodie
erection,0,44,erect_penis
hair_slicked_back,0,43,slicked_back_hair
bra_removed,0,43,
wrench,0,43,spanner
puddle,0,43,
pant_suit,0,43,"pants_suit,pantsuit"
fisheye,0,43,
goldfish,0,43,
condensation_trail,0,43,
paint_splatter,0,43,
evening,0,43,
bikini_lift,0,43,
long_ponytail,0,43,
skeleton,0,43,
blue_bowtie,0,43,
blinking,0,43,blink
sake_bottle,0,43,
chewing_gum,0,43,"gum,bubblegum,bubble_gum"
imminent_rape,0,43,about_to_be_raped
fur_boots,0,43,
scope,0,43,sniper_scope
holding_phone,0,43,holding_cellphone
peeing_self,0,43,"peeing_panties,peeing_pants"
rooftop,0,43,roof
black_swimsuit,0,42,
headphones_around_neck,0,42,
veins,0,42,"veiny,vein"
sitting_in_tree,0,42,"sitting_on_tree,tree_sitting"
brown,0,42,
against_glass,0,42,
dark_nipples,0,42,
tile_wall,0,42,
penguin,0,42,penguins
unitard,0,42,
:|,0,42,
skates,0,42,
cat_hat,0,42,cathat
road_sign,0,42,"street_sign,traffic_sign,roadsign"
superhero,0,42,
nosebleed,0,42,"bloody_nose,blood_from_nose,nose_bleed"
paper_lantern,0,42,
fox,0,42,foxes
spoken_musical_note,0,42,spoken_note
orange_legwear,0,42,
sleeves_folded_up,0,41,
hakurei_reimu_(cosplay),0,41,
thighlet,0,41,"thigh_ring,upper_leg_bracelet"
red_bodysuit,0,41,red_bikesuit
parfait,0,41,
striped_ribbon,0,41,
muted_color,0,41,muted_colors
jar,0,41,
landscape,0,41,
orb,0,41,"sphere,orbs"
grenade,0,41,grenades
shushing,0,41,"silence_gesture,shush,shh"
telephone_pole,0,41,
high_kick,0,41,
polka_dot_bow,0,41,
scissor_blade,0,41,
head_mounted_display,0,41,
starfish,0,41,
bound_legs,0,41,
spell_card,0,41,spellcard
fur_coat,0,41,
sheep,0,41,
furisode,0,41,
ringlets,0,41,
meat,0,40,
prehensile_hair,0,40,
cane,0,40,walking_stick
ribbon_in_mouth,0,40,
yellow_rose,0,40,
ipod,0,40,
helmet_removed,0,40,
trial_captain,0,40,
in_food,0,40,girl_in_food
multicolored_dress,0,40,
sailor_bikini,0,40,
tree_shade,0,40,
public_nudity,0,40,
panda,0,40,giant_panda
russian,0,40,
oral,0,40,
brand_name_imitation,0,40,brand_name_parody
hamburger,0,40,
blue_scarf,0,40,
back-seamed_legwear,0,40,back_seamed_legwear
staff_(music),0,40,
hexagram,0,40,
club,0,40,
lotus,0,40,
crossbow,0,40,
chaps,0,40,
flexible,0,40,
ice_cream_cone,0,40,"ice-cream_cones,ice-cream_cone,icecream_cones,icecream_cone,ice_cream_cones"
rook_(chess),0,40,
palms,0,40,
gas_mask,0,40,gas-mask
lightning,0,40,
plectrum,0,40,guitar_pick
american_flag,0,40,
waves,0,40,
solid_circle_eyes,0,40,•_•
bokeh,0,40,
bishamonten's_pagoda,0,40,jeweled_pagoda
sunrise,0,39,
midair,0,39,
tsundere,0,39,
cupcake,0,39,cupcakes
circle,0,39,circles
ears_through_headwear,0,39,
dougi,0,39,"fighting_kimono,gi"
torn_panties,0,39,ripped_panties
huge_nipples,0,39,large_nipples
white_jacket,0,39,
fake_tail,0,39,fake_animal_tail
no_wings,0,39,
disembodied_penis,0,39,magic_penis
dancer,0,39,
multicolored_background,0,39,
object_namesake,0,39,
what,0,39,wtf
raincoat,0,39,
light_frown,0,39,
rigging,0,39,
anti-materiel_rifle,0,39,"anti-tank_rifle,anti-material_rifle,anti_materiel_rifle,anti_material_rifle"
facing_away,0,39,
tree_branch,0,39,
dragon_wings,0,39,
mascara,0,39,
kerchief,0,39,
transformation,0,39,transforming
strap_cleavage,0,39,
grey_skin,0,38,gray_skin
bruise,0,38,"bruised,bruises"
over-rim_glasses,0,38,
crown_braid,0,38,
sitting_on_bed,0,38,
trick_or_treat,0,38,
red_cape,0,38,
dot_nose,0,38,
tachi-e,0,38,
messy,0,38,
wolf,0,38,
unbuttoned_shirt,0,38,
shooting_star,0,38,shooting_stars
green_choker,0,38,
glasses_on_head,0,38,
pentacle,0,38,
stick,0,38,
magazine_cover,0,38,
towel_on_head,0,38,
acrylic_paint_(medium),5,38,acrylic_paint
candy_apple,0,38,"toffee_apple,candied_apple"
old_school_swimsuit,0,38,
light_trail,0,38,
finger_gun,0,38,
long_coat,0,38,longcoat
gameplay_mechanics,0,38,
partially_undressed,0,38,
pastel_(medium),5,38,
belly_peek,0,37,
check_commentary,5,37,
green_bra,0,37,
aqua_background,0,37,"cyan_background,/aquabg"
freediving,0,37,
spoken_ellipsis,0,37,spoken_...
orgasm,0,37,
under_covers,0,37,"under_blanket,in_bed"
jumpsuit,0,37,coveralls
open_skirt,0,37,
leather_jacket,0,37,
toilet_use,0,37,using_toilet
hexagon,0,37,
green_leotard,0,37,
blood_splatter,0,37,blood_spatter
biribiri,0,37,
clog_sandals,0,37,
holding_hair,0,37,
spade,0,37,
pleated_dress,0,37,
w,0,37,
cheese,0,37,
tablet,0,37,
nervous,0,37,
meme,0,37,
black,0,37,
^o^,0,37,
fourth_wall,0,37,4th_wall
hat_ornament,0,37,
dowsing_rod,0,37,dowsing_rods
setsubun,0,37,
crease,5,37,
dress_tug,0,37,
hooded_cloak,0,37,
art_brush,0,37,
shoulder_blades,0,37,scapula
drawr,0,37,
steepled_fingers,0,37,
torch,0,37,
pouring,0,37,
floating_object,0,37,
nanairogaoka_middle_school_uniform,0,37,
buruma_pull,0,37,burumapull
zombie,0,37,zombies
paddle,0,36,
open_bra,0,36,"untied_bra,unfastened_bra,unhooked_bra"
single_kneehigh,0,36,one_kneehigh
whale,0,36,
hatchet,0,36,
striped_swimsuit,0,36,
vase,0,36,
striped_bowtie,0,36,
waking_up,0,36,
cockpit,0,36,
checkered_necktie,0,36,
german,0,36,
path,0,36,
cuts,0,36,cut
bandaid_on_knee,0,36,
knees_to_chest,0,36,"knees_on_chest,knees-on-chest"
kimono_skirt,0,36,
board_game,0,36,
fat,0,36,overweight
in_water,0,36,
game_controller,0,36,gamepad
insect,0,36,
hat_tip,0,36,tipping_hat
undershirt,0,36,
hair_tousle,0,36,
green_boots,0,36,
cyclops,0,36,mono-eye
doyagao,0,36,doya-gao
seashell,0,36,seashells
serval_ears,0,36,
plaid_background,0,36,/plaidbg
union_jack,0,36,"united_kingdom_flag,uk_flag,british_flag"
red_kimono,0,36,red_yukata
kotatsu,0,36,
finger_to_face,0,36,
hits,0,36,
roman_numerals,0,35,
polos_crown,0,35,
horn_ornament,0,35,
wizard_hat,0,35,
shako_cap,0,35,
limited_palette,0,35,restricted_palette
test_tube,0,35,
thigh_ribbon,0,35,thigh_lace-up
spaulders,0,35,
evil_grin,0,35,
load_bearing_vest,0,35,
glowing_wings,0,35,
photo_background,0,35,"anime_in_real_life,/photobg"
wreath,0,35,
chained,0,35,
mixed_media,5,35,
pointer,0,35,
scar_across_eye,0,35,eye_scar
thighhighs_pull,0,35,thighhigh_pull
black_school_swimsuit,0,35,
naked_sleeves,0,35,
undersized_clothes,0,35,"clothes_too_small,undersized_clothing,too_small"
naked_cape,0,35,nude_cape
demon,0,35,"devil,demons"
wa_lolita,0,35,
cat_girl,0,35,catgirl
warship,0,35,
frilled_shirt,0,35,frilled_blouse
aiguillette,0,35,aiguillettes
test_plugsuit,0,35,
x-ray,0,35,"x_ray,xray"
rainbow_order,0,35,
statue,0,35,
shoe_soles,0,35,
sparkling_eyes,0,35,sparkle_eyes
microdress,0,35,
spider_web_print,0,35,web_print
toothbrush,0,35,
rice_bowl,0,35,"rice_bowls,ricebowl"
tail_bell,0,35,"tail_bells,tailbells,tailbell"
artstation_sample,5,35,
skull_and_crossbones,0,35,
constricted_pupils,0,35,"contracted_pupils,shrunk_pupils,shrunk_eyes"
mask_on_head,0,35,
power_symbol,0,35,
remote_control,0,35,"remote_controller,remote"
bloom,0,34,
toy,0,34,toys
heart-shaped_box,0,34,heart_box
piano,0,34,"manual_piano,analog_piano,acoustic_piano,electric_piano"
basketball,0,34,
electric_fan,0,34,fan_(electric)
latin_cross,0,34,christian_cross
lemon,0,34,lemons
machine,0,34,machines
chicken,0,34,chickens
pentagram,0,34,
black_scarf,0,34,
dominatrix,0,34,
heart_pasties,0,34,
gym_shorts,0,34,
melting,0,34,
watermelon_bar,0,34,"watermelon_popsicle,suika_bar"
hands_on_feet,0,34,
covering_face,0,34,hiding_face
shouting,0,34,"yelling,shout"
knight,0,34,
gown,0,34,ball_gown
dog_collar,0,34,
church,0,34,
solid_oval_eyes,0,34,
on_couch,0,34,on_sofa
highlights,0,34,
dirty,0,34,
large_wings,0,34,
playstation_portable,0,34,psp
ribbon_bondage,0,34,
guro,0,34,gore
topknot,0,34,top_knot
suitcase,0,34,
legs_over_head,0,34,
neck_ruff,0,34,
recording,0,34,filming
three-dimensional_maneuver_gear,0,33,3dmg
rubbing_eyes,0,33,"wiping_eyes,rubbing_eye,eye_rub"
high_contrast,0,33,
bullpup,0,33,bullpup_rifle
archery,0,33,
print_bikini,0,33,
female_ejaculation,0,33,squirting_(sex)
queen_(chess),0,33,
on_desk,0,33,sitting_on_desk
breast_pocket,0,33,"chest_pocket,shirt_pocket"
asymmetrical_gloves,0,33,
twisted_torso,0,33,
haori,0,33,
covering_ass,0,33,
naginata,0,33,
red_vest,0,33,
hand_on_hilt,0,33,
v-neck,0,33,v_neck
school_briefcase,0,33,
green_skin,0,33,
pudding,0,33,flan
heart_necklace,0,33,
room,0,33,
wading_pool,0,33,"kiddie_pool,inflatable_pool,wadingpool"
shop,0,33,"store,shops"
gold,0,33,
aqua_necktie,0,33,
racket,0,33,
impossible_leotard,0,33,
blue_flower,0,33,
patreon_logo,0,33,
patreon_username,0,33,
shower_head,0,33,
sitting_on_object,0,33,
fins,0,33,fin
frilled_bow,0,33,
page_number,0,33,
fake_horns,0,33,horn_hair_ornament
jacket_removed,0,33,
covering_nipples,0,33,
bowl_hat,0,33,
hauchiwa,0,33,
implied_sex,0,33,
kote,0,33,
puppet,0,33,puppets
bunny_hood,0,33,
orange_bikini,0,33,"orange_bikini_top,orange_bikini_bottom"
bandage_over_one_eye,0,33,"bandaged_eye,bandages_over_one_eye,/booe"
noh_mask,0,33,
arm_grab,0,33,
spider,0,33,
earbuds,0,33,
shimakaze_(kantai_collection)_(cosplay),0,33,
stick_poster,0,33,
talking,0,33,
carrot_necklace,0,33,
eraser,0,32,
onigiri,0,32,"rice_ball,riceball"
holding_glasses,0,32,
open_blazer,0,32,
santa_boots,0,32,
extra,0,32,
spilling,0,32,
hand_on_breast,0,32,
poking,0,32,poke
potato_chips,0,32,potato_chip
meka_(overwatch),0,32,
grimoire,0,32,
bandaged_leg,0,32,
spider_girl,0,32,
pirate,0,32,
hair_flip,0,32,
praying,0,32,pray
whiskers,0,32,whisker
plaid_bikini,0,32,"plaid_bikini_bottom,plaid_bikini_top"
kourindou_tengu_costume,0,32,
vibrator_under_panties,0,32,
>:<,0,32,
okamisty,4,32,
belt_boots,0,32,buckled_boots
torn_swimsuit,0,32,ripped_swimsuit
hard_translated,0,32,
crack,0,32,"cracked,cracks"
standing_on_liquid,0,32,standing_on_water
frilled_hat,0,32,
virgin,0,32,"implied_virgin,defloration"
daisy,0,32,
39,0,32,
towel_around_neck,0,32,towel_on_shoulders
goo_girl,0,32,
stationary_restraints,0,32,
broken_glass,0,32,shattered_glass
bishop_(chess),0,32,
baggy_pants,0,32,
city_lights,0,32,
pancake,0,32,pancakes
>:3,0,32,
shibari_over_clothes,0,32,
food_themed_clothes,0,32,
shopping_bag,0,32,shopping_bags
nib_pen_(medium),5,32,"fountain_pen_(medium),tsukepen,nib_pen"
holding_microphone,0,32,
gae_bolg,0,31,
spinning,0,31,"twirling,spin"
brown_hat,0,31,
spoken_blush,0,31,
winged_helmet,0,31,wing_helmet
button_badge,0,31,"can_badge,pin_button,pinback_button,pin-back_button,button_badges"
soccer_ball,0,31,football_(object)
green_vest,0,31,
uneven_twintails,0,31,asymmetrical_twintails
kotoyoro,0,31,
orange_bow,0,31,
alternate_wings,0,31,"/awi,alternative_wings"
when_you_see_it,0,31,
round_glasses,0,31,
sports_bikini,0,31,
2008,0,31,
veranda,0,31,"engawa,verandah"
sweater_around_waist,0,31,
pussy_juice_puddle,0,31,
egasumi,0,31,
monocle,0,31,
kiyosumi_school_uniform,0,31,
red_sailor_collar,0,31,
drum,0,31,drums
drumsticks,0,31,drumstick
multicolored_bodysuit,0,31,multicolored_bikesuit
green_hat,0,31,
mandarin_orange,0,31,"tangerine,mikan,clementine,mandarin"
multicolored_legwear,0,31,
american_flag_bikini,0,31,
open_hands,0,31,
toast,0,31,
clothes_down,0,31,clothing_down
juice_box,0,31,juicebox
mop,0,31,
star_choker,0,31,
train_interior,0,31,inside_train
gusset,0,31,
ceiling,0,31,
striped_gloves,0,31,
untying,0,31,
steam_censor,0,31,"censor_steam,convenient_bath_steam"
hill,0,31,hills
heart-shaped_lock,0,31,
strapless_bra,0,31,
frilled_swimsuit,0,30,
nightcap,0,30,"sleeping_hat,sleeping_cap"
tissue,0,30,tissues
popped_collar,0,30,collar_up
rolling_eyes,0,30,"rolled_eyes,rolleyes,eye_roll"
hagoita,0,30,
gyaru,0,30,
vertical-striped_background,0,30,
arm_belt,0,30,
strawberry_print,0,30,
bikini_top_removed,0,30,
pinstripe_pattern,0,30,"pinstripe,pinstripes"
green_bowtie,0,30,
claw_(weapon),0,30,
framed_breasts,0,30,
extra_arms,0,30,"four_arms,multiple_arms,polymelia"
soccer_uniform,0,30,
princess,0,30,
candy_cane,0,30,
strawberry_shortcake,0,30,
crossdressing,0,30,"transvestite,crossplay,crossdress"
adjusting_legwear,0,30,"adjusting_pantyhose,adjusting_thighhigh,adjusting_thighhighs"
whisk,0,30,eggbeater
energy,0,30,
cat_hair_ornament,0,30,
pink_kimono,0,30,pink_yukata
fog,0,30,mist
mochi,0,30,
locker,0,30,lockers
split,0,30,splits
hand_on_leg,0,30,
striped_necktie,0,30,striped_tie
pillarboxed,0,30,pillarbox
bra_strap,0,30,
onmyouji,0,30,
soda_can,0,30,pop_can
street,0,30,
orange_dress,0,30,
serval_print,0,30,
hands_in_hair,0,30,
makizushi,0,30,sushi_roll
purple_hat,0,30,
coral,0,30,corals
holding_hands,0,30,"holding_another's_hand,handholding,hand_holding"
envelope,0,30,
leopard_print,0,30,"cheetah_print,jaguar_print,leopardprint"
worktool,0,30,
blue_bodysuit,0,30,blue_bikesuit
gym_storeroom,0,30,"gym_storage_room,gym_equipment_shed"
poster_(object),0,30,
oni_mask,0,30,
halberd,0,30,"poleaxe,pollaxe,pole_axe"
floor,0,30,
watering_can,0,30,"watering_pail,watering_pot"
swing,0,30,"tree_swing,swings"
open_toe_shoes,0,30,
bomber_jacket,0,30,flight_jacket
german_clothes,0,30,
bodystocking,0,30,bodystocking_under_clothes
brush,0,30,
spill,0,29,spilled
kyuudou,0,29,kyuudo
against_tree,0,29,
shuriken,0,29,"ninja_star,throwing_stars"
leaf_print,0,29,leaf-pattern_stripe
surgical_mask,0,29,medical_mask
skyscraper,0,29,
single_vertical_stripe,0,29,
cat_print,0,29,
anzio_school_uniform,0,29,
yellow_wings,0,29,
quill,0,29,feather_pen
hatsune_miku_(cosplay),0,29,
pink_necktie,0,29,
beach_umbrella,0,29,
milking_machine,0,29,
grey_boots,0,29,
pink_shorts,0,29,
runes,0,29,rune
lily_of_the_valley,0,29,suzuran
crescent_moon_pin,0,29,
mini_wings,0,29,"small_wings,tiny_wings"
shore,0,29,"shoreline,coast"
paw_shoes,0,29,paw_boots
harpy,0,29,
tennis_racket,0,29,
crab,0,29,crabs
shotgun,0,29,
detached_wings,0,29,floating_wings
kanzashi,0,29,
milk_bottle,0,29,
keyboard_(instrument),0,29,electric_keyboard
tankini,0,29,
black_sweater,0,29,
white_hairband,0,29,
o-ring,0,29,o_ring
surfboard,0,29,
centaur,0,29,
cloud_print,0,29,
boxing_gloves,0,29,boxing_glove
lip_biting,0,29,
japari_symbol,0,29,
naked_coat,0,29,"naked_fur_coat,naked_jacket,nude_coat"
pink-framed_eyewear,0,28,pink-framed_glasses
pearl,0,28,
holding_knife,0,28,
aiming,0,28,"pointing_bow_(weapon),pointing_crossbow,pointing_gun"
king_(chess),0,28,
trumpet,0,28,
grey_dress,0,28,gray_dress
youkai,0,28,
tokkuri,0,28,sake_pottery_bottle
sponge,0,28,
denim_skirt,0,28,jean_skirt
clitoral_stimulation,0,28,clitoris_stimulation
soccer,0,28,football
shinai,0,28,bamboo_sword
teruterubouzu,0,28,rain_doll
armpit_hair,0,28,
satchel,0,28,
mechanical_arms,0,28,"robot_arms,robotic_arms"
leg_grab,0,28,grabbing_leg
aestus_estus,0,28,
tribal,0,28,"indigenous,native"
roller_skates,0,28,
balancing,0,28,balance
underboob_cutout,0,28,
upshorts,0,28,
rod,0,28,
yellow_choker,0,28,
thread,0,28,threads
double_\m/,0,28,
windsock,0,28,
toe-point,0,28,
serval_tail,0,28,
punching,0,28,punch
collaboration,0,28,
emofuri,5,28,
monkey_tail,0,28,
making_of,0,28,
short_over_long_sleeves,0,28,"long_sleeves_under_short_sleeves,short_sleeves_over_long_sleeves,/sols,long_under_short_sleeves"
sheer_legwear,0,28,
lace_panties,0,28,
hair_in_mouth,0,28,
sketchbook,0,28,sketchpad
soap,0,28,
tonfa,0,28,
sitting_on_stairs,0,27,
skirt_basket,0,27,"dress_basket,dress_carry,skirt_carry"
manga_(object),0,27,"doujinshi_(object),doujin_(object)"
office_chair,0,27,computer_chair
keychain,0,27,
oota_jun'ya_(style),0,27,
waist_cape,0,27,
grey_panties,0,27,gray_panties
company_connection,0,27,studio_connection
you_gonna_get_raped,0,27,"rape_eyes,/yggr"
squirrel,0,27,
school,0,27,
stuffed_cat,0,27,
crystal_earrings,0,27,
2007,0,27,
condom_packet_strip,0,27,
turtle,0,27,
volleyball,0,27,
torn_sleeves,0,27,ripped_sleeves
hishaku,0,27,
blue_leotard,0,27,
front_zipper_swimsuit,0,27,
spreader_bar,0,27,spread_bar
computer_keyboard,0,27,keyboard_(computer)
dog_tags,0,27,"dogtag,dog_tag,dogtags"
small_nipples,0,27,
caliburn,0,27,
horizontal_stripes,0,27,
horse,0,27,horses
purple_hakama,0,27,
shoulder_holster,0,27,armpit_holster
zzz,0,27,z
glaring,0,27,glare
jeweled_branch_of_hourai,0,27,
shading_eyes,0,27,
spread_fingers,0,27,
honey,0,27,
bound_ankles,0,27,
obentou,0,27,
sex_machine,0,27,dildo_machine
screaming,0,27,scream
triangle,0,27,
two-tone_hairband,0,27,
sunburst,0,27,
flower_pot,0,27,"flowerpot,pot_(plant),plant_pot"
spread_wings,0,27,
magazine,0,27,
waist,0,27,
looking_at_another,0,27,
henshin,0,27,"transformation_sequence,transformationsequence"
pink_scarf,0,27,
computer_mouse,0,27,mouse_(computer)
dirndl,0,27,
viewfinder,0,27,"camcorder_interface,camera_frame"
the_pose,0,26,
vegetable,0,26,vegetables
diving_mask,0,26,
hitachi_magic_wand,0,26,wand_vibrator
plaid_panties,0,26,
pubic_tattoo,0,26,"womb_tattoo,crotch_tattoo,womb_tattoo"
typo,0,26,
purple_shirt,0,26,purple_blouse
frogtie,0,26,
glowing_sword,0,26,
bird_on_hand,0,26,"bird_on_finger,bird_in_hand"
bodice,0,26,
drill,0,26,
hand_between_breasts,0,26,
white_choker,0,26,
white_shorts,0,26,
short_sword,0,26,
burnt_clothes,0,26,burned_clothes
red_cross,0,26,
sideways_mouth,0,26,"cheek_mouth,side_mouth"
baseball,0,26,
fellatio,0,26,"sucking_cock,sucking_penis,sucking_dick,felatio,blow_job,blowjob"
paizuri,0,26,"titjob,titfuck,tit_fuck"
faceless,0,26,no_face
teenage,0,26,
priest,0,26,
graveyard,0,26,cemetery
dvd_cover,0,26,
holding_bottle,0,26,
pole_dancing,0,26,
tomato,0,26,tomatoes
sode,0,26,
numbers_(nanoha),0,26,
pov_feeding,0,26,
green_jacket,0,26,
ruby_(stone),0,26,
toilet_paper,0,26,
bare_hips,0,26,
animal_on_shoulder,0,26,
arm_rest,0,26,
bad_perspective,0,26,
pink_shoes,0,26,
charm_(object),0,26,keychain
nippleless_clothes,0,26,
swimsuit_aside,0,26,
jellyfish,0,26,
track_pants,0,26,jogging_pants
hand_gesture,0,26,
yellow_neckerchief,0,25,
fingers,0,25,
clitoris_piercing,0,25,clit_piercing
platform_heels,0,25,
spatula,0,25,
radiation_symbol,0,25,"nuclear_symbol,nuclear"
poncho,0,25,
bloody_hands,0,25,
painting_(object),0,25,
gorget,0,25,
elbow_rest,0,25,
valkyrie,0,25,
holly,0,25,
animalization,0,25,animalisation
novel_illustration,5,25,
tape_gag,0,25,"tapegag,tape_gagged"
fishing_rod,0,25,fishing_pole
donation_box,0,25,saisen-bako
chick,0,25,"baby_bird,chicks"
doily,0,25,
medium_skirt,0,25,
arabian_clothes,0,25,
pantyhose_under_shorts,0,25,legwear_under_shorts
cum_on_pussy,0,25,
disembodied_head,0,25,detached_head
purple_choker,0,25,
snow_bunny,0,25,
cloth_gag,0,25,otm_gag
tri_tails,0,25,triple-tails
locker_room,0,25,
nearly_naked_apron,0,25,nearly_nude_apron
wire,0,25,wires
yellow_sclera,0,25,
natsuiro_egao_de_1_2_jump!,0,25,
arch,0,25,
no_glasses,0,25,
furrowed_eyebrows,0,25,
honeycomb_(pattern),0,25,
lounge_chair,0,25,sun_lounger
back_cutout,0,25,"back_opening,heart_back_cutout"
baton,0,25,
bat_hair_ornament,0,25,
giving,0,25,
gatling_gun,0,25,gatling
panty_peek,0,25,
utility_belt,0,25,
sphere,0,25,
multicolored_stripes,0,25,
bear,0,25,
moon_(ornament),0,25,
bondage_outfit,0,25,
cervix,0,25,
huge_penis,0,25,
sidesaddle,0,25,
shovel,0,25,
nape,0,25,kubisuji
nazi,0,25,
ammunition,0,25,ammo
amplifier,0,25,"amplifier_(instrument),amp"
hand_on_ass,0,25,
bishamonten's_spear,0,25,
circle_name,0,25,
fur-trimmed_boots,0,25,fur-lined_boots
cleft_of_venus,0,25,
fireflies,0,25,
asian,0,25,
business_suit,0,25,
skirt_down,0,25,
large_penis,0,25,big_penis
onbashira,0,25,
rocket_launcher,0,25,"recoilless_rifle,missile_launcher"
tail_censor,0,25,
propeller,0,25,
feather-trimmed_sleeves,0,25,
tight_pants,0,25,
mahjong,0,25,mahjongg
wringing_clothes,0,25,
invisible_chair,0,25,sitting_in_midair
pussy_juice_trail,0,25,pussy_juice_string
french,0,24,
goggles_on_headwear,0,24,"goggles_on_helmet,goggles_on_hat"
alarm_clock,0,24,
blue-framed_eyewear,0,24,blue-framed_glasses
purple_necktie,0,24,
camellia_(flower),0,24,
beer_can,0,24,
red_rope,0,24,
open_shorts,0,24,
very_short_hair,0,24,
clock_tower,0,24,
no_humans,0,24,no_human
planted_umbrella,0,24,
food_on_body,0,24,
left-handed,0,24,left_handed
yellow_necktie,0,24,gold_necktie
girl_on_top,0,24,female_on_top
adapted_uniform,0,24,
shikigami,0,24,paper_ghost
checkerboard_cookie,0,24,
missile,0,24,
smelling,0,24,sniffing
pill,0,24,pills
arm_tattoo,0,24,
yellow_nails,0,24,yellow_fingernails
stethoscope,0,24,
hooded_track_jacket,0,24,
gymnast_leotard,0,24,
gymnastics,0,24,gymnast
prosthesis,0,24,prosthetic_limb
legs_folded,0,24,
half-closed_eye,0,24,one_eye_narrowed
dark_background,0,24,/darkbg
gate,0,24,
spread_pussy_under_clothes,0,24,
assisted_exposure,0,24,
tennis_uniform,0,24,
honeycomb_background,0,24,"hexagonal_background,/honeycombbg"
military_jacket,0,24,
mechanical_pencil,0,24,
blue_neckerchief,0,24,
stripper_pole,0,24,
faux_figurine,0,24,
platinum_blonde,0,24,
flip-flops,0,24,"flipflops,flip_flops"
stone_lantern,0,24,
mask_removed,0,24,
hamster,0,24,
wakamezake,0,24,"liquid_between_thighs,lap_cup,lapcup,thigh_cup"
earth_(ornament),0,24,
brown_bow,0,24,
hand_on_own_arm,0,24,"holding_own_arm,grabbing_own_arm,holding_arm"
cursor,0,24,mouse_pointer
lotion,0,24,
paper_bag,0,24,
birdcage,0,24,bird_cage
patterned_background,0,24,
new_school_swimsuit,0,24,
pawn,0,24,
whistle,0,24,
curry,0,24,
loose_necktie,0,24,loose_tie
hands_on_lap,0,24,hands_in_lap
finger_to_cheek,0,24,
hands_on_headwear,0,24,hands_on_hat
winged_shoes,0,24,
akanbe,0,24,eyelid_pull
horse_ears,0,24,
striped_sleeves,0,24,
widescreen,0,24,
food_on_head,0,24,
striped_skirt,0,24,
lace-trimmed_dress,0,24,
writing,0,24,
mismatched_gloves,0,24,
sandwich,0,24,sandwiches
frilled_collar,0,24,
tube,0,24,tubes
ass_shake,0,24,"twerk,twerking,shaking_ass"
stream,0,24,creek
taiyaki,0,24,bungeoppang
palette,0,24,
panty_lift,0,24,
lace-trimmed_skirt,0,24,
biker_clothes,0,24,
whipped_cream,0,24,
d:<,0,24,
sitting_on_rock,0,24,
swim_cap,0,23,"swimcap,swimming_cap"
trash_can,0,23,"trash_bin,wastebasket,garbage_can,dustbin,trashcan"
mousepad,0,23,
red_shorts,0,23,
eggplant,0,23,aubergine
swastika,0,23,
!!,0,23,"!!!!,!!!"
playing_with_own_hair,0,23,
cinderella_girls_card_parody,0,23,
pointy_shoes,0,23,
fuuin_no_tsue,0,23,
studded_belt,0,23,"stud_belt,studbelt"
slice_of_cake,0,23,
nail,0,23,
red_sky,0,23,
floppy_ears,0,23,
tombstone,0,23,"grave_stone,headstone,gravestone"
pocky_day,0,23,pepero_day
holding_bag,0,23,"holding_purse,holding_backpack"
h,0,23,
covering_one_breast,0,23,covering_breast
barcode,0,23,bar_code
chainsaw,0,23,
samurai,0,23,
anniversary,0,23,
have_to_pee,0,23,need_to_pee
long_tongue,0,23,
back-print_panties,0,23,
purple_sailor_collar,0,23,
bad_source,5,23,
knight_(chess),0,23,
masturbation_through_clothing,0,23,
sock_pull,0,23,
kappougi,0,23,
heart_tattoo,0,23,
st._gloriana's_military_uniform,0,23,
romaji,0,23,
prostitution,0,23,prostitute
puffy_shorts,0,23,
yellow_flower,0,23,
claw_pose,0,23,
weapon_on_back,0,23,sword_on_back
cute_&_girly_(idolmaster),0,23,"cute_and_girly_(idolmaster),cute_&_girly(idolmaster)"
nail_art,0,23,
caution_tape,0,23,"warning_tape,police_tape"
iphone,0,23,
shaved_ice,0,23,"snow_cone,kakigoori,kakigori,shavedice"
frilled_kimono,0,23,frilled_yukata
nengajou,0,23,
phonograph,0,23,"victrola,gramophone,record_machine,record_player"
long_pointy_ears,0,23,
prayer_beads,0,23,
kiss,0,23,kissing
yellow_bowtie,0,23,
holding_pipe,0,23,
red_pants,0,23,
spoken_exclamation_mark,0,23,spoken_!
map,0,23,
yandere_trance,0,23,
goggles_around_neck,0,23,
precum,0,23,
pipes,0,23,
puppet_strings,0,23,puppet_string
slender,0,23,
drone,0,23,
lowleg_pants,0,23,low-rise_pants
crane,0,23,
snail,0,23,
eyepatch_removed,0,23,
naked_scarf,0,23,nude_scarf
alpha_transparency,5,23,
bikesuit,0,23,"bike_suit,biker_suit,bike_suit"
pizza,0,22,
pond,0,22,
in_bucket,0,22,girl_in_bucket
newspaper,0,22,
:x,0,22,
flashing,0,22,
side_bun,0,22,
trench_coat,0,22,trenchcoat
strawberry_panties,0,22,ichigo_pantsu
super_soaker,0,22,
bloody_tears,0,22,
lowleg_skirt,0,22,low-rise_skirt
seigaiha,0,22,
breast_conscious,0,22,
dolphin,0,22,dolphins
severed_head,0,22,
jet,0,22,
flats,0,22,
heart_tail,0,22,"tail_heart,heart_tails"
inflatable_toy,0,22,
mascot,0,22,
ribbon-trimmed_skirt,0,22,
faucet,0,22,
blue_hakama,0,22,
knees,0,22,knee
feather_trim,0,22,
scooter,0,22,
scarlet_devil_mansion,0,22,
stone,0,22,
d-pad,0,22,
bending_forward,0,22,
kuromorimine_military_uniform,0,22,
open_door,0,22,
mace,0,22,
watercolor_pencil_(medium),5,22,"watercolour_pencil,watercolor_pencil"
player_2,0,22,
recorder,0,22,
middle_finger,0,22,"flipping_off,the_finger"
femdom,0,22,
covering_eyes,0,22,
book_hug,0,22,
toast_in_mouth,0,22,
alien,0,22,
fox_shadow_puppet,0,22,fox_hand_sign
bloody_weapon,0,22,
steaming_body,0,22,
clothes_between_breasts,0,22,clothing_between_breasts
casing_ejection,0,22,
stage,0,22,
death,0,22,dead
shirt_removed,0,22,
squid,0,22,
duffel_bag,0,22,gym_bag
no_mouth,0,22,
green_necktie,0,22,
expressions,0,22,
wet_swimsuit,0,22,
oppai_loli,0,22,
overgrown,0,22,
bolt_action,0,22,bolt-action
leaf_umbrella,0,22,
fried_egg,0,22,sunny_side_up_egg
no_testicles,0,22,
naval_uniform,0,22,
invisible_penis,0,22,invisicock
no_legs,0,22,
hanbok,0,22,
banner,0,22,vertical_flag
hands_on_own_head,0,22,
caterpillar_tracks,0,22,tank_treads
sweet_potato,0,22,"yam,yams"
fine_art_parody,0,22,
impossible_dress,0,22,
dark_excalibur,0,22,
holding_tray,0,22,
newhalf,0,22,
av_idol,0,22,
multi-tied_hair,0,21,bubble_braid
pink_diamond_765,0,21,
pool_ladder,0,21,
hanetsuki,0,21,
energy_gun,0,21,
wooden_sword,0,21,
bulge,0,21,
windowboxed,0,21,
stiletto_heels,0,21,
harbin,0,21,
holding_spoon,0,21,
snowflake_hair_ornament,0,21,
nose_hatchet,0,21,
egyptian_clothes,0,21,
coffee_mug,0,21,
debris,0,21,
plaid_bow,0,21,
coca-cola,3,21,coca_cola
sleeveless_kimono,0,21,
navy_blue_legwear,0,21,
erect_clitoris,0,21,erect_clit
head,0,21,
holding_plate,0,21,
belly_chain,0,21,waist_chain
spade_hair_ornament,0,21,
skewer,0,21,
ladder,0,21,
cleave_gag,0,21,"cleavegag,cleave_gagged"
corruption,0,21,
green_shorts,0,21,
white_sweater,0,21,
cat_ear_headphones,0,21,
sapphire_(stone),0,21,
fiery_wings,0,21,fire_wings
protected_link,5,21,
wine_bottle,0,21,
corded_phone,0,21,
flask,0,21,
combat_boots,0,21,
pig,0,21,"piglet,pigs"
inactive_account,5,21,
hood_up,0,21,
blue_vest,0,21,
railroad_tracks,0,21,"railway_tracks,railroad,train_tracks"
battle,0,21,
neck,0,21,
ready_to_draw,0,21,
groin_tendon,0,21,
yellow_bodysuit,0,21,yellow_bikesuit
sword_over_shoulder,0,21,
origami,0,21,
ankle_wraps,0,21,
enpera,0,21,hair_in_scarf
ehoumaki,0,21,ehomaki
yagasuri,0,21,
hairdressing,0,21,hair_dressing
grey_sweater,0,21,gray_sweater
dissolving_clothes,0,21,dissolving_clothing
0_0,0,21,
kogal,0,21,
lace_trim,0,21,
medal,0,21,medals
tree_stump,0,21,
panties_on_head,0,21,
grey_gloves,0,21,gray_gloves
side_cutout,0,21,
keystone,0,21,
melon,0,21,
monkey_ears,0,21,
hestia_(danmachi)_(cosplay),0,21,hestia_(dungeon)_(cosplay)
sanpaku,0,21,
holding_fan,0,21,
yuri,0,21,"girl_love,girls_love,girl's_love,shoujo-ai,lesbian"
painting,0,21,
tanabata,0,21,
sheet_music,0,21,"musical_sheet,musical_sheets,music_sheet,music_sheets"
liquid_hair,0,21,water_hair
sitting_on_desk,0,21,
dice,0,21,
micro_panties,0,21,
layered_clothing,0,21,
torogao,0,21,
shell_bikini,0,21,"seashell_bra,shell_bra,seashell_bikini"
holding_breath,0,20,
blueberry,0,20,"blue_berry,blueberries"
socks_removed,0,20,
holding_pen,0,20,
blue_pants,0,20,
detexted,5,20,
cupping_hands,0,20,cupped_hands
potato,0,20,potatoes
crotchless_panties,0,20,
beckoning,0,20,beckon
suppressor,0,20,"sound_suppressor,silencer"
cliff,0,20,
balcony,0,20,
crazy,0,20,"insane,yangire"
beretta_92,0,20,"beretta_92fs,beretta_m9"
screwdriver,0,20,screw_driver
very_dark_skin,0,20,ebony
sleepwear,0,20,"nightwear,sleep_wear"
knees_together,0,20,
hagoromo,0,20,
shoe_ribbon,0,20,
spiked_collar,0,20,spike_collar
eastern_dragon,0,20,chinese_dragon
artificial_vagina,0,20,"pocket_pussy,fleshlight,onahole"
bad_end,0,20,
torture,0,20,
backboob,0,20,back_boob
colored_stripes,0,20,
frying_pan,0,20,"skillet,cooking_pan"
moriya's_iron_rings,0,20,"moriya's_ring,moriya's_rings,moriyas_iron_rings,moriyas_iron_ring,moriya's_iron_ring"
fallen_down,0,20,fell_down
hand_on_forehead,0,20,
handjob,0,20,"tekoki,hand_job"
radio,0,20,
look-alike,0,20,"look_alike,appearance_connection,lookalike"
wind_chime,0,20,windchime
cyberpunk,0,20,
bead_bracelet,0,20,
sundae,0,20,
incredibly_absurdres,5,20,
diagonal_stripes,0,20,
gym_shirt,0,20,
background,0,20,
space_craft,0,20,
zodiac,0,20,
instrument_case,0,20,
single_sleeve,0,20,one_sleeve
cleaning,0,20,
holding_sign,0,20,
profanity,0,20,swearing
bow_(instrument),0,20,
garden,0,20,
stomach_bulge,0,20,
pumpkin_hair_ornament,0,20,
pumps,0,20,
torn_bodysuit,0,20,ripped_bodysuit
clubs,0,20,
alley,0,20,
art_nouveau,0,20,"alphonse_mucha_(style),mucha_style"
legband,0,20,leg_band
blue_fire,0,20,blue_flame
burn_scar,0,20,
remote_control_vibrator,0,20,
oonusa,0,20,
attack,0,20,
cameo,0,20,
mixing_bowl,0,20,
hair_spread_out,0,20,
kanji,0,20,
blue_sweater,0,20,
black_rose,0,20,black_rose_(flower)
transparent_umbrella,0,20,
smell,0,20,"stink,body_odor"
narrow_waist,0,20,"slim_waist,thin_waist,slender_waist"
snake_tail,0,20,
spirit,0,20,
dessert,0,20,
video_game,0,20,"videogame,videogames,video_games"
crossed_ankles,0,20,
purple_shoes,0,20,
humanization,0,20,
hands_on_hilt,0,20,
globe,0,20,
white_kimono,0,20,white_yukata
winding_key,0,20,wind-up_key
finger_to_chin,0,20,
ear_blush,0,20,
nintendo_ds,0,20,"nds,ds"
adjusting_panties,0,20,
multiple_penises,0,20,
kine,0,19,mochi_mallet
rabbit_house_uniform,0,19,
bamboo_steamer,0,19,
ankle_socks,0,19,"short_socks,anklehighs"
polka_dot_legwear,0,19,
window_shade,0,19,
leg_hold,0,19,
stage_lights,0,19,
unfinished,5,19,"wip,work_in_progress"
knees_touching,0,19,
playboy_bunny_leotard,0,19,
flag_background,0,19,
pale_color,0,19,pale_colors
barrel,0,19,
2006,0,19,
shoe_bow,0,19,
scratches,0,19,scratch
naked_overalls,0,19,nude_overalls
cigar,0,19,
spanked,0,19,"slap_mark_on_ass,red_butt"
constellation,0,19,constellations
chalk,0,19,
bow_bikini,0,19,
slim_legs,0,19,
blood_stain,0,19,"bloodstain,bloodstains,blood_stains"
yamakasa,0,19,
seikan_hikou,0,19,
open_robe,0,19,
large_insertion,0,19,"huge_insertion,extreme_insertion"
covering_one_eye,0,19,covering_eye
ribbon-trimmed_collar,0,19,
yellow_bra,0,19,
shards,0,19,
hourglass,0,19,
snot,0,19,
cattail,0,19,"bulrush,cattail_(plant)"
bird_tail,0,19,
love_letter,0,19,loveletter
no_eyepatch,0,19,
achiga_school_uniform,0,19,
yes-no_pillow,0,19,
bow_legwear,0,19,"bow_socks,sock_bow,thighhigh_bow,bow_thighhighs"
clow_card,0,19,clow_cards
christmas_ornaments,0,19,"christmas_tree_ornament,bauble_(christmas)"
tail_between_legs,0,19,
borrowed_design,0,19,borrowed_costume
steampunk,0,19,steam_punk
ramune,0,19,
cartridge,0,19,
aqua,0,19,
spotlight,0,19,
hand_over_own_mouth,0,19,
trait_connection,0,19,
feather_boa,0,19,boa
talisman,0,19,
naked_randoseru,0,19,
\||/,0,19,"middle_and_ring_fingers_together,open_\m/"
tulip,0,19,tulips
notepad,0,19,
bust_cup,0,19,"alcohol_between_breasts,breasts_cup,breast_cup"
hirschgeweih_antennas,0,19,
orange_panties,0,19,
vertical-striped_panties,0,19,
abstract_background,0,19,/abstractbg
disembodied_limb,0,19,
plant_girl,0,19,plantgirl
wardrobe_error,0,19,
black_cape,0,19,
presenting_panties,0,19,
field_of_blades,0,19,
moss,0,19,
thank_you,0,19,"arigatou,thanks"
print_skirt,0,19,
pink_bowtie,0,19,
drawer,0,19,drawers
npc,0,19,
breast_expansion,0,19,growing_breasts
tanuki,0,19,
clothes,0,19,
lower_body,0,19,legs_only
reflective_eyes,0,19,
uchikake,0,19,wedding_kimono
bestiality,0,19,"zoophilia,beastiality"
glock,0,19,"glock_18c,glock_19,glock_17"
plaid_bra,0,19,
ganguro,0,19,kuro_gyaru
shoulder_armor,0,19,shoulder_armour
jacket_around_waist,0,18,
print_bra,0,18,
minim,0,18,
green_bodysuit,0,18,green_bikesuit
tongue_piercing,0,18,
fidgeting,0,18,fidget
footjob,0,18,ashikoki
tally,0,18,"tally_marks,tallies"
tentacles_under_clothes,0,18,
dakimakura_(object),0,18,
picture_frame,0,18,"painting_frame,photo_frame"
upshirt,0,18,
hooves,0,18,hoof
vertical-striped_dress,0,18,
partially_visible_anus,0,18,
red_swimsuit,0,18,
yellow_scarf,0,18,
scowl,0,18,
mikumikudance,0,18,miku_miku_dance
bandaid_on_leg,0,18,
dilation_tape,0,18,
orange_boots,0,18,
nipple_clamps,0,18,
nipple_vibrator,0,18,
multiple_belts,0,18,
briefcase,0,18,
cross_earrings,0,18,
blue_cape,0,18,
clothes_tug,0,18,
cat_on_head,0,18,
orange_slice,0,18,
gloves_removed,0,18,
tapir_tail,0,18,
entangled,0,18,tangled_up
digital_dissolve,0,18,
80s,0,18,
chastity_belt,0,18,
;3,0,18,
yes,0,18,
w_arms,0,18,
striped_tail,0,18,
hiding,0,18,
windmill,0,18,windmills
full-length_zipper,0,18,full_length_zipper
pointing_at_self,0,18,
inverted_cross,0,18,"antichrist_cross,upside-down_cross,cross_of_saint_peter"
smoking_gun,0,18,
train_station,0,18,
bayonet,0,18,
lip_piercing,0,18,
yunomi,0,18,japanese_teacup
crazy_smile,0,18,
brown-framed_eyewear,0,18,brown-framed_glasses
non-asian,0,18,
nude_cover,0,18,
you're_doing_it_wrong,0,18,
yellow_jacket,0,18,
black_coat,0,18,
flower_eyepatch,0,18,
in_cup,0,18,girl_in_a_cup
listen!!,0,18,
ok_sign,0,18,"okay,ok"
spoken_squiggle,0,18,
muzzle_flash,0,18,
\o/,0,18,
overflow,0,18,
split_ponytail,0,18,
ass_cutout,0,18,heart_ass_cutout
footprints,0,18,footprint
public,0,18,
yellow_gloves,0,18,
double_vertical_stripe,0,18,
black_skin,0,18,
wheat,0,18,
bad_yandere_id,0,18,
town,0,18,
open_collar,0,18,
hallway,0,18,"school_hall,corridor"
plaid_necktie,0,18,
yellow_boots,0,18,
cat_teaser,0,18,cat_toy
multiple_braids,0,18,
naked_track_jacket,0,18,
too_many_frills,0,18,
reindeer_antlers,0,18,
2005,0,18,
m1911,0,18,colt_m1911
lace_bra,0,18,
analog_clock,0,17,
panties_under_buruma,0,17,
plastic_bag,0,17,
white_sailor_collar,0,17,
orange_hat,0,17,
multiple_insertions,0,17,
color_guide,0,17,"color_swatch,palette_(guide),color_palette"
aqua_panties,0,17,
monkey,0,17,
xd,0,17,
holding_ball,0,17,"holding_golf_ball,holding_tennis_ball,holding_bowling_ball"
spacesuit,0,17,
facial_hair,0,17,
single_head_wing,0,17,
broken_weapon,0,17,
mimikaki,0,17,"japanese_ear_pick,ear_cleaner"
bag_charm,0,17,
splattershot_(splatoon),0,17,
destruction,0,17,
orange_ribbon,0,17,
bored,0,17,
streaming_tears,0,17,
blue_lipstick,0,17,
ice_cube,0,17,ice_cubes
black_blouse,0,17,
tearing_clothes,0,17,
green_gloves,0,17,
food_insertion,0,17,food_in_pussy
lion_ears,0,17,
frilled_choker,0,17,
no_eyes,0,17,
exploding_clothes,0,17,
crepe,0,17,
binary,0,17,
lute_(instrument),0,17,
veiny_penis,0,17,
sweater_tug,0,17,
skull_print,0,17,
public_use,0,17,
crustacean,0,17,
bokura_wa_ima_no_naka_de,0,17,
harem_pants,0,17,
pubic_hair_peek,0,17,
tunic,0,17,
unbuckled_belt,0,17,
bus_stop,0,17,busstop
guitar_case,0,17,
lion,0,17,
bunny_pose,0,17,
plaid_dress,0,17,
wiggling_toes,0,17,
paper_crane,0,17,origami_crane
goddess,0,17,
safety_pin,0,17,
blonde_pubic_hair,0,17,
speed_lines,0,17,
cum_on_stomach,0,17,
fish_tail,0,17,tail_fin
hand_on_head,0,17,
leotard_pull,0,17,
octopus,0,17,
vaulting_horse,0,17,tobibako
milk_carton,0,17,
micro_bikini_top,0,17,
flame_print,0,17,fire_print
spring_(season),0,17,
numbered,0,17,
holding_broom,0,17,
too_many_cats,0,17,
shouji,0,17,"japanese_sliding_door,screen_door"
outstretched_leg,0,17,leg_outstretched
afterimage,0,17,
ramen,0,17,
yellow-framed_eyewear,0,17,"gold-framed_eyewear,yellow-framed_glasses"
expressive_clothes,0,17,
heckler_&_koch,0,17,
breast_tattoo,0,17,tattooed_breast
winged_hat,0,17,
after_anal,0,17,
black_neckerchief,0,17,
wooden_horse,0,17,
holding_animal,0,17,holding_bat_(animal)
naked_tabard,0,17,nude_tabard
ooarai_military_uniform,0,17,
deviantart_username,0,17,
pink_sweater,0,17,
throwing,0,17,"thrown,throw"
dice_hair_ornament,0,17,
fur_hat,0,17,
teasing,0,17,tease
sweatband,0,17,"sweat_band,sweat_bands,sweatbands"
desert,0,17,
clover_hair_ornament,0,17,
kigurumi,0,17,masker
camcorder,0,17,
gamepad,0,17,
thong_panties,0,17,
mg42,0,17,
holding_cellphone,0,17,
caustics,0,17,caustic_lighting
choko_(cup),0,17,sake_cup
mat,0,17,
starry_sky_print,0,16,
cloth,0,16,
undone_necktie,0,16,untied_necktie
single_gauntlet,0,16,
bokken,0,16,wooden_katana
falling_card,0,16,
soviet,0,16,soviet_union
motorcycle_helmet,0,16,
strawberry_hair_ornament,0,16,
tooth,0,16,
diaper,0,16,
cellphone_charm,0,16,phone_charm
studded_bracelet,0,16,
cube,0,16,cubes
peeking,0,16,"peeping,spying,peek"
blank_eyes,0,16,
shrimp,0,16,prawn
nico_nico_nii,0,16,
deviantart_sample,5,16,
pants_down,0,16,
pouty_lips,0,16,
hand_to_head,0,16,
blue_blouse,0,16,
multicolored_wings,0,16,
fat_folds,0,16,
tengu_mask,0,16,
impossible_bodysuit,0,16,
ear_protection,0,16,
humiliation,0,16,"shame_(humiliated),degradation"
cup_ramen,0,16,
scarf_over_mouth,0,16,
morning_glory,0,16,
facebook_username,0,16,
evil,0,16,
battle_rifle,0,16,
no_lineart,0,16,"lineless,no_line-art"
cat_band_legwear,0,16,
blown_kiss,0,16,
purple_lips,0,16,"lavender_lipstick,purple_lipstick"
kittysuit,0,16,
brushing_teeth,0,16,
crowbar,0,16,
c:,0,16,
from_outside,0,16,
holding_bowl,0,16,
dark_labia,0,16,dark_pussy
al_bhed_eyes,0,16,
stuffed_octopus,0,16,
bunching_hair,0,16,
diadem,0,16,
bookmark,0,16,
aqua_bikini,0,16,
+++,0,16,
open_window,0,16,
holding_clothes,0,16,
pantyshot_(kneeling),0,16,
rocket,0,16,rockets
cowgirl_position,0,16,cowgirl_(position)
updo,0,16,
breast_sucking,0,16,"sucking_nipples,sucking_breasts,nipple_sucking,nipple_suck,breast_suck"
liquid,0,16,
hair_between_breasts,0,16,
pin,0,16,pins
sore_wa_bokutachi_no_kiseki,0,16,
action,0,16,
tools,0,16,tool
rei_no_pool,0,16,"hanazono_room,the_usual_pool,that_pool"
air_conditioner,0,16,"a/c,aircon"
aburaage,0,16,aburage
"mogyutto_""love""_de_sekkin_chuu!",0,16,
auburn_hair,0,16,
talons,0,16,
breast_poke,0,16,
petting,0,16,
thermometer,0,16,
blinds,0,16,
flower_wreath,0,16,
heart_choker,0,16,
sparrow,0,16,
voile,0,16,
green-framed_eyewear,0,16,green-framed_glasses
power_armor,0,16,"powered_armour,powered_armor,power_armour"
firearm,0,16,
owl,0,16,
fireplace,0,16,
rainbow_background,0,16,/rainbowbg
patreon_reward,5,16,
falling_leaves,0,16,"leaves_in_wind,flying_leaves,blowing_leaves"
awakening_(sennen_sensou_aigis),0,16,
grey_jacket,0,16,"silver_jacket,gray_jacket"
they_had_lots_of_sex_afterwards,0,16,
nintendo_3ds,0,16,
holding_shoes,0,16,"holding_shoe,shoes_on_hands"
stone_wall,0,16,
puckered_lips,0,16,
breast_padding,0,16,"fake_breasts,breast_pads,breast_pad,breast_stuffing,bra_padding,bra_stuffing"
america,0,16,
fanny_pack,0,15,
ainu_clothes,0,15,
pink_skin,0,15,
fountain_pen,0,15,
vibrator_in_thighhighs,0,15,
dusk,0,15,
hamaya,0,15,
tablecloth,0,15,
alternate_form,0,15,alternative_form
>:t,0,15,
m4_carbine,0,15,"m4_sopmod_ii,mk_18_carbine,m4a1"
half_gloves,0,15,short_gloves
festival,0,15,
operator,0,15,
comb,0,15,hair_comb
zanshomimai,0,15,
wide_image,5,15,
icing,0,15,frosting
clock_eyes,0,15,clock_eyed
holding_stuffed_animal,0,15,
orange_sailor_collar,0,15,
lane_line,0,15,
strap_lift,0,15,
claymore_(sword),0,15,
tying,0,15,
inkwell,0,15,ink_bottle
bruce_lee's_jumpsuit,0,15,
canopy_bed,0,15,four-poster_bed
raised_fist,0,15,air_punch
torn_gloves,0,15,ripped_gloves
white_necktie,0,15,
keizoku_military_uniform,0,15,
dandelion,0,15,dandelions
consensual_tentacles,0,15,consentacles
photorealistic,0,15,
lion_tail,0,15,
puffy_pants,0,15,
emerald,0,15,
porkpie_hat,0,15,
thrusters,0,15,
overskirt,0,15,
picnic_basket,0,15,
chimney,0,15,
naked_suspenders,0,15,nude_suspenders
bat_ears,0,15,
single_pantsleg,0,15,one_pantsleg
tambourine,0,15,
revealing_cutout,0,15,
breast_mousepad,0,15,
ballpoint_pen_(medium),5,15,ballpoint_pen
cocktail,0,15,
kimono_pull,0,15,
midnight_bliss,0,15,
kaleidostick,0,15,
bolverk,0,15,
green_sailor_collar,0,15,
bear_ears,0,15,
bleeding,0,15,
baby,0,15,
rug,0,15,
drum_(container),0,15,"oil_barrel,metal_drum,oil_drum"
polka_dot_skirt,0,15,
ring_gag,0,15,
folder,0,15,folders
stance,0,15,
hand_puppet,0,15,"handpuppet,hand_puppets"
bird_on_head,0,15,
checkered_shirt,0,15,checkered_blouse
dudou,0,15,du_dou
shoelaces,0,15,
fake_cover,0,15,
feeding,0,15,
print_kimono,0,15,print_yukata
porch,0,15,
tanzaku,0,15,
groping,0,15,"fondle,fondling,grope"
hoshi_no_tsue,0,15,
arrancar,0,15,
backless,0,15,
open_back,0,15,
pavement,0,15,
blood_from_mouth,0,15,"bloody_mouth,mouthbleed"
green_kimono,0,15,green_yukata
failure,0,15,fail
vertical_foregrip,0,15,
dove,0,15,"white_dove,doves"
celestial_being_uniform,0,15,
p90,0,15,
real_life_insert,0,15,
bikini_aside,0,15,
cross-laced_legwear,0,15,
cross_hair_ornament,0,15,
cutting_hair,0,15,haircut
taking_picture,0,15,
dream_soul,0,15,
piano_keys,0,15,
flail,0,15,
hand_on_lap,0,15,
trigram,0,15,
vertical-striped_bra,0,15,
rotary_phone,0,15,
puffy_detached_sleeves,0,15,
kimono_lift,0,15,
paper_airplane,0,15,paper_plane
tengu,0,15,
bit_gag,0,15,bitgag
japanese_flag,0,15,
oven_mitts,0,15,"oven_mitt,oven_mittens"
uvula,0,15,
sleeves_past_elbows,0,15,
easel,0,15,
stitched_mouth,0,15,
lace-trimmed_gloves,0,15,
park_bench,0,15,
looking_out_window,0,15,
flower_on_head,0,15,
parts_exposed,0,15,
>:|,0,15,
undone_sarashi,0,15,
elite_four,0,15,
battle_axe,0,15,war_axe
coffee_cup,0,15,
implied_masturbation,0,15,
:c,0,15,
dirty_face,0,15,dirt_on_face
wooden_wall,0,15,
snorkel,0,14,
fish_hair_ornament,0,14,
white_towel,0,14,
green_lipstick,0,14,
band_uniform,0,14,
fish_print,0,14,
mechanization,0,14,"robotization,robotification"
hands_on_headphones,0,14,
wheel,0,14,wheels
frog_print,0,14,
grimoire_of_alice,0,14,
rudder_shoes,0,14,
dithering,0,14,
food_themed_ornament,0,14,
juice,0,14,
visual_novel,0,14,dating_sim
chandelier,0,14,
mauser_c96,0,14,
barefoot_sandals,0,14,
waistcoat,0,14,waist_coat
used_tissue,0,14,"tissue_wad,tissue_wads"
stove,0,14,
cupless_bra,0,14,"nippleless_bra,breastless_bra"
pocari_sweat,0,14,
rough_time_school,0,14,
white_bikini_top,0,14,
sanshoku_dango,0,14,"tricolor_dango,hanami_dango"
lonely,0,14,
cyrillic,0,14,
white_clothes,0,14,
mukyuu,0,14,
anus_peek,0,14,partially_visible_anus
baseball_uniform,0,14,
striped_hoodie,0,14,
3:<,0,14,
spread_toes,0,14,toe-spread
semiquaver,0,14,
clothes_pull,0,14,
avalon_(fate/stay_night),0,14,
raimon,0,14,
happy_tears,0,14,
vanishing_point,0,14,
bath_stool,0,14,
soap_censor,0,14,censor_soap
butterfly_sitting,0,14,butterfly_pose
after_vaginal,0,14,
skull_earrings,0,14,skull_earring
fish_girl,0,14,
snack,0,14,snacks
cotton_candy,0,14,"fairy_floss,candy_floss"
exercise,0,14,
throwing_knife,0,14,throwing_knives
drop_shadow,0,14,
hat_over_one_eye,0,14,
sitting_on_person,0,14,sitting_on
purple-framed_eyewear,0,14,purple-framed_glasses
strappy_heels,0,14,
behind_back,0,14,
parka,0,14,
2koma,0,14,
vial,0,14,vials
carpet,0,14,
kickboard,0,14,wakeboard
apron_lift,0,14,
cowboy_boots,0,14,
insect_wings,0,14,
seiyuu,0,14,
twisted_neck,0,14,
playstation_vita,0,14,"psvita,ps_vita"
frilled_gloves,0,14,
bangs_pinned_back,0,14,
foreskin,0,14,uncircumcised
polka_dot_scrunchie,0,14,
ammunition_belt,0,14,ammo_belt
funeral_dress,0,14,mourning_dress
table_sex,0,14,
houndstooth,0,14,
o3o,0,14,.3.
rainbow_gradient,0,14,
celtic_knot,0,14,
deer,0,14,
warrior,0,14,
hands_on_thighs,0,14,
diamond,0,14,
sheep_ears,0,14,
magazine_scan,5,14,
print_gloves,0,14,
flexing,0,14,flex
mismatched_pubic_hair,0,14,
enema,0,14,
gorgon,0,14,
ear_clip,0,14,
helm,0,14,
impossible_swimsuit,0,14,
eagle,0,14,
white_outline,0,14,
battleship,0,14,
school_swimsuit_flap,0,14,sukumizu_flap
sheep_girl,0,14,
kiwifruit,0,14,
holding_bouquet,0,14,
perfume_bottle,0,14,
chest_of_drawers,0,14,dresser
power_suit,0,14,powersuit
moe_moe_kyun!,0,14,moe_moe_kyun
bikini_bottom_removed,0,14,
cellphone_camera,0,14,
aqua_legwear,0,14,
eye_scar,0,14,
bikini_in_mouth,0,14,
baseball_mitt,0,14,baseball_glove
novel_cover,0,14,
polka_dot_ribbon,0,14,
folded_leg,0,14,
weighing_scale,0,14,"weight_scale,weighing_scales"
plug,0,14,
aerial_fireworks,0,14,
loose_thighhigh,0,14,
ruler,0,14,
wrong_feet,0,14,
dark_orb_(madoka_magica),0,14,
antique_firearm,0,14,
viera,0,14,
orange_scarf,0,14,
adjusting_buruma,0,14,
cropped_torso,0,14,
tarot,0,14,"tarot_card,tarot_cards"
metal_boots,0,14,
clitoris_slip,0,14,"clit_slip,clitslip"
record,0,14,
weapon_bag,0,14,"sword_bag,weapon_cover_bag,shinai_bag"
countdown,0,14,
seaweed,0,14,
green_shoes,0,14,
chibi_inset,0,14,
embers,0,14,ember
lizard,0,14,
tablet_pc,0,14,
mikupa,0,14,
dish,0,13,
arena_(company),0,13,
hair_cubes,0,13,
no_underwear,0,13,
purple_sky,0,13,
fume,0,13,
shochuumimai,0,13,
reflective_floor,0,13,
70s,0,13,
lcl,0,13,
top_pull,0,13,
oil_painting_(medium),5,13,oil_painting
feet_on_chair,0,13,foot_on_chair
brown_coat,0,13,
ink_tank_(splatoon),0,13,
lightsaber,0,13,
chef_hat,0,13,
arm_over_head,0,13,
rooster,0,13,
rounded_corners,0,13,
glove_bow,0,13,
suit_jacket,0,13,dress_jacket
clothes_sniffing,0,13,
>_o,0,13,o_<
takoyaki,0,13,octopus_balls
ankh,0,13,egyptian_cross
treasure_chest,0,13,
loungewear,0,13,
rhythmic_gymnastics,0,13,
character_single,0,13,
team_rocket,0,13,
white_nails,0,13,white_fingernails
biwa_lute,0,13,
wall_of_text,0,13,
dissolving,0,13,
takaramonozu,0,13,
grimace,0,13,
too_bad!_it_was_just_me!,0,13,
cat_day,0,13,
through_clothes,0,13,
through_wall,0,13,"stuck_in_wall,wall_stuck"
stain,0,13,
chocolate_making,0,13,
car_interior,0,13,inside_car
converse,0,13,
turn_pale,0,13,pale_face
floating_rock,0,13,
cat's_cradle,0,13,string_figure
contortion,0,13,
duck,0,13,
kindergarten_uniform,0,13,
anal_fingering,0,13,"fingering_ass,fingering_asshole"
telstar,0,13,
bandolier,0,13,
nudist_beach_uniform,0,13,
invisible_air,0,13,
texture,0,13,
bagged_fish,0,13,
fictional_persona,0,13,
mind_control,0,13,brainwashing
grey,0,13,
striped_sweater,0,13,
no_thank_you!,0,13,
tomoe_(symbol),0,13,
menstruation,0,13,
keep_out,0,13,
holding_wand,0,13,
plantar_flexion,0,13,"toe-point_down,toe-point"
boyshorts,0,13,
polka_dot_dress,0,13,polka-dot_dress
kinchaku,0,13,
rising_sun,0,13,
back_opening,0,13,
strapless_bikini,0,13,
song_name,0,13,song_title
amulet,0,13,
ear,0,13,
oversized_shirt,0,13,
unzipping,0,13,
brown_shirt,0,13,brown_blouse
white_vest,0,13,
flat_sign,0,13,
short_necktie,0,13,mini_necktie
golf_club,0,13,
luggage,0,13,
vintage_microphone,0,13,
soldier,0,13,"infantry,soldiers"
black_bikini_top,0,13,
leotard_under_clothes,0,13,
bra_peek,0,13,
panties_over_pantyhose,0,13,
fruit_on_head,0,13,
female_pervert,0,13,
pervert,0,13,
cow,0,13,
pineapple,0,13,
calendar_(object),0,13,
pink_jacket,0,13,
dress_removed,0,13,
heart_in_mouth,0,13,
shitty_admiral_(phrase),0,13,shitty_admiral
clothes_hanger,0,13,coat_hanger
leotard_aside,0,13,
animal_helmet,0,13,
eyecatch,5,13,eye_catch
pet_bowl,0,13,"food_bowl,dog_bowl"
rubble,0,13,
laundry,0,13,
zipper_pull_tab,0,13,
vending_machine,0,13,
plaid_bowtie,0,13,
kikumon,0,13,
dotted_line,0,13,"dotted_outline,dashed_outline"
panties_around_ankles,0,13,
holding_drinking_glass,0,13,
white_bowtie,0,13,
flute,0,13,
collared_dress,0,13,
mouth,0,13,
torn_pants,0,13,ripped_pants
cave,0,13,caves
windowsill,0,13,window_sill
round_window,0,13,
light_bulb,0,13,lightbulb
ferret,0,13,
ball_and_chain,0,13,
coffin,0,13,funerary_casket
frozen,0,13,
park,0,13,
ribbed_shirt,0,13,
tangzhuang,0,13,
waifu2x,5,13,
school_hat,0,13,kindergarten_hat
new_mask_of_hope,0,13,
food_as_clothes,0,13,
tsuki_ni_kawatte_oshioki_yo,0,13,in_the_name_of_the_moon
shoulder_cutout,0,13,
floating_island,0,13,
fur-trimmed_gloves,0,13,
slashing,0,13,slash
stats,0,13,
french_fries,0,13,
black_clothes,0,13,
candlestand,0,13,candlestick
buck_teeth,0,13,
hand_under_clothes,0,13,hands_under_clothes
handstand,0,13,standing_on_hands
markings,0,13,
painted_clothes,0,13,paint_clothes
black_feathers,0,13,
clothes_in_front,0,13,
marble,0,13,
anal_hair,0,13,
checkered_legwear,0,12,
monsterification,0,12,
glass_slipper,0,12,
vibrator_under_clothes,0,12,
lace_background,0,12,
pulling,0,12,
refraction,0,12,
note,0,12,
helicopter,0,12,
pinup,0,12,
grave,0,12,
hair_grab,0,12,
acronym,0,12,
thighhighs_removed,0,12,
cocktail_glass,0,12,martini_glass
wa_maid,0,12,japanese_maid
italian_flag,0,12,
living_clothes,0,12,
neck_garter,0,12,
age_regression,0,12,de-aging
hands_on_ass,0,12,
urethral_insertion,0,12,urethral_object_push
beak,0,12,
snout,0,12,
germany,0,12,
hand_mirror,0,12,
kappa,0,12,
>;d,0,12,
laces,0,12,
little_red_riding_hood_(cosplay),0,12,
crotchless_clothes,0,12,
sleeping_upright,0,12,
stapler,0,12,
ice_skates,0,12,
duster,0,12,
red_oni,0,12,
pinching,0,12,pinch
saigyouji_yuyuko's_fan_design,0,12,"charisma_fan,charismatic_fan,yuyuko's_fan_pattern,yuyuko's_fan_design"
bear_print,0,12,
ginkgo,0,12,
eggshell,0,12,
full_body_tattoo,0,12,
axent_wear,0,12,
claw_foot_bathtub,0,12,
calligraphy_brush_(medium),5,12,
pearl_bracelet,0,12,
patterned,0,12,pattern
egg_laying,0,12,"oviposition,egglaying"
unyu,0,12,
virgin_killer_outfit,0,12,
stuck,0,12,
boots_removed,0,12,
ad,0,12,
boomerang,0,12,
laser,0,12,"lasers,laser_beam"
uu~,0,12,
incoming_kiss,0,12,
boxcutter,0,12,"stationery_knife,utility_knife,box_cutter"
ears_down,0,12,
two-finger_salute,0,12,
holding_fork,0,12,
no_tail,0,12,
aqua_dress,0,12,
thinking,0,12,
red_wings,0,12,
mushroom_girl,0,12,
hand_on_own_shoulder,0,12,
boar,0,12,boars
concept_art,5,12,
ray_gun,0,12,raygun
life_fiber,0,12,
rainbow_hair,0,12,
nose_piercing,0,12,
2011_sendai_earthquake_and_tsunami,0,12,
toe_ring,0,12,
wind_turbine,0,12,
bee_girl,0,12,
kusazuri,0,12,
baguette,0,12,french_bread
hook,0,12,
you_work_you_lose,0,12,
verone_gakuin_school_uniform,0,12,
holographic_interface,0,12,
lum_(cosplay),0,12,
x_arms,0,12,
reindeer,0,12,
real_world_location,0,12,
whip_marks,0,12,whipmarks
sick,0,12,
pacifier,0,12,binky
traditional_clothes,0,12,
ribbed_legwear,0,12,
easter_egg,0,12,
torn_cape,0,12,tattered_cape
pajamas_pull,0,12,
chocolate_on_breasts,0,12,
in_bottle,0,12,girl_in_a_bottle
leg_belt,0,12,
phallic_symbol,0,12,phallic_object
shocked_eyes,0,12,
fur-trimmed_sleeves,0,12,
doorway,0,12,
hand_on_headphones,0,12,
phoenix,0,12,
horn_bow,0,12,
burning,0,12,on_fire
print_dress,0,12,
zouri,0,12,
purple_flower,0,12,
searchlight,0,12,searchlights
tickling,0,12,tickle
oriental_hatchet,0,12,
game_boy,0,12,gameboy
red_sweater,0,12,
lipstick_tube,0,12,red_lipstick_tube
open_blouse,0,12,
bad_end_precure,0,12,
imp,0,12,
pegasus_knight,0,12,
french_flag,0,12,
cover_image,0,12,
jersey,0,12,"official_jersey,sports_jersey"
no_gloves,0,12,
extra_mouth,0,12,multiple_mouths
fleur_de_lapin_uniform,0,12,
surcoat,0,12,
hikimayu,0,12,
weight_conscious,0,12,
varia_suit,0,12,
kunreishiki,0,12,
upper_teeth,0,12,
leaning_to_the_side,0,12,
wringing_skirt,0,12,
naked_belt,0,12,
webm,0,12,
wooden_bucket,0,12,
sigh,0,12,sighing
headwear,0,12,
scalpel,0,12,
purple_shorts,0,12,
fur-trimmed_jacket,0,12,fur-lined_jacket
chocolate_bar,0,12,
layered_bikini,0,12,
shirt_slip,0,12,
pravda_school_uniform,0,12,
=3,0,12,
sugar_cube,0,12,"sugar_cube_(object),sugar_cubes"
no_blindfold,0,12,
\n/,0,12,"sign_of_the_horns,rock_on_(gesture)"
back_tattoo,0,12,
snake_hair,0,12,"gorgon,medusa"
mp4,0,12,
dual_persona,0,12,
kupaa,0,12,
kanabou,0,12,kanabo
naked_chocolate,0,12,nude_chocolate
shin_guards,0,12,leg_guards
beach_towel,0,12,
lavender_background,0,12,
tumblr_username,0,12,
morrigan_aensland_(cosplay),0,12,
jump_rope,0,11,skipping_rope
caught,0,11,
gakuran,0,11,
handwraps,0,11,
flippers,0,11,swimfins
wooden_pencil,0,11,
rice_on_face,0,11,rice_on_cheek
hanging,0,11,
a6m_zero,0,11,
gold_chain,0,11,
venus_symbol,0,11,"copper_symbol,copper_sign,female_symbol,venus_sign,female_sign"
paint_(medium),0,11,
sayagata,0,11,
boned_meat,0,11,manga_meat
broken_sword,0,11,
greatsword,0,11,
visor_(armor),0,11,
single_boot,0,11,
squat_toilet,0,11,
column,0,11,columns
micro_bra,0,11,
stopwatch,0,11,
white_pupils,0,11,
blood_in_mouth,0,11,
kantoku_(style),0,11,
tawawa_challenge,0,11,
goblet,0,11,
dirty_feet,0,11,
shooting_glasses,0,11,
stakes_of_purgatory,0,11,
ballerina,0,11,
black_lipstick,0,11,
undercut,0,11,
dust,0,11,
hot_dog,0,11,hotdog
>;),0,11,
kodachi,0,11,
shopping,0,11,
orange_sky,0,11,
asphyxiation,0,11,suffocation
open_eyes,0,11,
bowing,0,11,
multiple_swords,0,11,
gypsy,0,11,
feet_up,0,11,
fedora,0,11,
lemon_slice,0,11,
side-tie_leotard,0,11,
black_rock_shooter_(cosplay),0,11,
wooden_fence,0,11,
heart_ahoge,0,11,
color_ink_(medium),5,11,
visible_air,0,11,
beans,0,11,bean
puff_and_slash_sleeves,0,11,
japan,0,11,
jelly_bean,0,11,"jellybean,jellybeans,jelly_beans"
shorts_tan,0,11,
hand_on_ear,0,11,
sparks,0,11,spark
ink,0,11,
barbell_piercing,0,11,
intravenous_drip,0,11,"iv_drip,iv"
brick,0,11,bricks
lifting,0,11,
holding_can,0,11,
mitsudomoe_(shape),0,11,
caramelldansen,0,11,caramel_dansen
textless,0,11,
broken_ground,0,11,
acoustic_guitar,0,11,
panties_under_bike_shorts,0,11,
if_they_mated,0,11,fanchild
april_fools,0,11,
taut_dress,0,11,
easter,0,11,
subtitled,0,11,subtitles
cat_costume,0,11,cat_suit
sandals_removed,0,11,
frilled_capelet,0,11,
holding_instrument,0,11,"holding_violin,holding_guitar"
sharp_sign,0,11,
shirt_tan,0,11,
alternate_skin_color,0,11,
holding_condom,0,11,
holding_torpedo,0,11,
remodel_(zhan_jian_shao_nyu),0,11,
two-tone_skin,0,11,
pear,0,11,
bus,0,11,
ars_goetia,3,11,
print_shirt,0,11,"print_blouse,graphic_shirt"
jug,0,11,
different_reflection,0,11,
snow_globe,0,11,
starting_block,0,11,
spine,0,11,
papers,0,11,
punk,0,11,
what_if,0,11,
cumdump,0,11,
cleaver,0,11,
moaning,0,11,moan
cross-section,0,11,"cross_section,crossection,crosssection"
one-piece_thong,0,11,
zebra_print,0,11,
>:/,0,11,
kettle,0,11,
animated_png,5,11,
nyan,0,11,
spoken_anger_vein,0,11,
sailor_shirt,0,11,
cat_panties,0,11,
copyright,0,11,
holding_skirt,0,11,
kagami_mochi,0,11,
german_flag,0,11,
is_that_so,0,11,so-nanoka
grand_piano,0,11,
inflatable_raft,0,11,
3koma,0,11,
wedding,0,11,marriage
seaside,0,11,
sling,0,11,
grey_shorts,0,11,gray_shorts
inline_skates,0,11,"roller_blades,rollerblades"
wheelbarrow,0,11,
butter,0,11,
eurasian_tree_sparrow,0,11,
white_pants,0,11,
white_coat,0,11,
naked_bandage,0,11,nude_bandage
brown_ribbon,0,11,
madoka_runes,0,11,
purple_scarf,0,11,
diffraction_spikes,0,11,
wrestling_outfit,0,11,
tiered_tray,0,11,
menu,0,11,
ribbed_leotard,0,11,leotard_sweater
witch's_labyrinth,0,11,
screw,0,11,
latex_gloves,0,11,
star_pasties,0,11,
papercraft,0,11,
ornament,0,11,
tripping,0,11,"tripped,trip"
lolikari,0,11,
spurs,0,11,
bobblehat,0,11,
photo_reference,0,11,
potion,0,11,
bomb,0,11,
volleyball_uniform,0,11,
counter,0,11,countertop
moemon,0,11,
kitsune,0,11,
snowflake_print,0,11,
side_braids,0,11,
unlimited_blade_works,0,11,
refrigerator,0,11,fridge
st._gloriana's_school_uniform,0,11,
naked_paint,0,11,
torn_leotard,0,11,ripped_leotard
poi,0,11,
my_dear_vampire,0,11,
drum_magazine,0,11,
bicycle_basket,0,10,
no_mask,0,10,
ink_bottle,0,10,
hair_brush,0,10,hairbrush
taut_swimsuit,0,10,
bucket_hat,0,10,
sex_toy,0,10,sex_toys
wrists_extended,0,10,
>:>,0,10,
open_towel,0,10,
shark,0,10,
backless_panties,0,10,assless_panties
eotech,0,10,
grey_bra,0,10,gray_bra
downpants,0,10,down_pants
saw,0,10,
orange_rose,0,10,
adjusting_sunglasses,0,10,
yarn,0,10,
soda,0,10,"soft_drink,soft_drink"
fighter_jet,0,10,jet_fighter
drain_(object),0,10,
goggles_removed,0,10,
incoming_hug,0,10,
black_hakama,0,10,
koi,0,10,koi_(fish)
leaf_background,0,10,/leafbg
nontraditional_school_swimsuit,0,10,
truth,0,10,
clover_(flower),0,10,
red_buruma,0,10,
tutu,0,10,
large_buttons,0,10,
alpaca_ears,0,10,
traffic_light,0,10,"traffic_signal,stoplight,traffic_lights"
metal_collar,0,10,
vertical-striped_skirt,0,10,
blue_clothes,0,10,
dragonfly,0,10,
koi_dance,0,10,
grid,0,10,
temari_ball,0,10,
no_choker,0,10,
sickle,0,10,
grinding,0,10,
sweater_pull,0,10,
skirt_flip,0,10,
pumpkin_hat,0,10,
hat_with_ears,0,10,hat_ears
wiping_tears,0,10,
tie_clip,0,10,"necktie_clip,necktie_pin,tie_tack,tie_pin"
soap_bottle,0,10,
wisteria,0,10,
cool_&_sexy_(idolmaster),0,10,cool_&_sexy(idolmaster)
asymmetrical_sleeves,0,10,
yellow_ascot,0,10,yellow_jabot
pinwheel,0,10,paper_windmill
quadruple_amputee,0,10,
jam,0,10,
cleavage_reach,0,10,
for_adoption,0,10,
vore,0,10,
doggystyle,0,10,doggy_style
torn_wings,0,10,
wide_stance,0,10,
king_saw,0,10,
on_vehicle,0,10,
restaurant,0,10,
melon_bread,0,10,"meronpan,melonpan"
torn_jeans,0,10,ripped_jeans
loose_shirt,0,10,loose_blouse
graffiti,0,10,
diving,0,10,
onion,0,10,
full_armor,0,10,
belt_collar,0,10,"belt_choker,neck_belt"
omelet,0,10,omelette
hologram,0,10,
bite_mark,0,10,bitemark
drum_set,0,10,drum_kit
furigana,0,10,
curtain_grab,0,10,"pulling_curtains,holding_curtain"
dumbbell,0,10,
santa_gloves,0,10,
akg,0,10,
tape_measure,0,10,measuring_tape
command_spell,0,10,
gloom_(expression),0,10,gloomy
lightning_bolt,0,10,
bike_shorts_pull,0,10,
leather_boots,0,10,
white_footwear,0,10,
purple_jacket,0,10,
stewardess,0,10,
front-seamed_legwear,0,10,
wrist_wraps,0,10,
tennis_ball,0,10,
fountain,0,10,
saber_(weapon),0,10,
matoi_ryuuko_(cosplay),0,10,
noose,0,10,
blue_wings,0,10,
sitting_backwards,0,10,backwards_sitting
crane_(animal),0,10,crane_(bird)
box_tie,0,10,
holding_strap,0,10,
eye_of_horus,0,10,"eye_of_wedjat,eye_of_wadjet,eye_of_wdjat"
troll_face,0,10,trollface
flood,0,10,
chin_strap,0,10,
hypnotic,0,10,
wheelchair,0,10,
blank_stare,0,10,
lipgloss,0,10,
hidden_eyes,0,10,
food_on_clothes,0,10,
twintails_day,0,10,
kedama,0,10,
aqua_skirt,0,10,
cd,0,10,
bar,0,10,
laser_sight,0,10,
bird_on_shoulder,0,10,
horse_tail,0,10,
adjusting_gloves,0,10,
stocks,0,10,
sticker,0,10,stickers
red_border,0,10,
talking_on_phone,0,10,on_phone
wolf_girl,0,10,
self-portrait,5,10,self_portrait
dullahan,0,10,
rider-tan,0,10,
broken_chain,0,10,broken_chains
sleeveless_hoodie,0,10,
mud,0,10,
bipod,0,10,
straitjacket,0,10,"straight_jacket,straightjacket"
bass_clef,0,10,
groceries,0,10,
four-leaf_clover_hair_ornament,0,10,
morning,0,10,
messenger_bag,0,10,
grief_seed,0,10,
end_card,5,10,endcard
artist_self-insert,0,10,artist_self_insert
mahjong_tile,0,10,mahjong_tiles
frozen_frog,0,10,
moe2016,0,10,
vertical-striped_shirt,0,10,vertical-striped_blouse
tea_set,0,10,
pink_swimsuit,0,10,
shinsengumi,0,10,
black_footwear,0,10,
public_vibrator,0,10,
black_gothic_dress_(idolmaster),0,10,
sausage,0,10,
labia_piercing,0,10,pierced_labia
aria_gakuen_school_uniform,0,10,
kyuubi,0,10,"nine-tailed_fox,kumiho"
dirty_clothes,0,10,
folded_hair,0,10,
living_hair,0,10,
heartbeat,0,10,
leather_gloves,0,10,
snow_boots,0,10,
cropped_arms,0,10,
sweet_lolita,0,10,
oral_invitation,0,10,
flower_request,5,10,
curry_rice,0,10,
orange_gloves,0,10,
bear_hair_ornament,0,10,
corn,0,10,maize
pursed_lips,0,10,
nihonga,0,10,
caution,0,10,
drugs,0,10,
bolt,0,10,
bib,0,10,
oogai_daiichi_middle_school_uniform,0,10,
excessive_pubic_hair,0,10,
mitre,0,10,
afterglow,0,10,
coke-bottle_glasses,0,10,"swirly_glasses,spiral_glasses"
cow_costume,0,9,
hair_half_undone,0,9,hair_half_down
striped_bikini_top,0,9,
on_table,0,9,
banchou,0,9,
mole_on_thigh,0,9,
recursion,0,9,droste_effect
holding_legs,0,9,
no_feet,0,9,
black_sun,0,9,
whip_sword,0,9,
airship,0,9,"flying_ship,airships"
go_back!,0,9,
fanning_crotch,0,9,
glowstick,0,9,"light_stick,glow_stick"
heart_eyes,0,9,
zora,0,9,
body_pillow,0,9,
white_devil,0,9,
foam,0,9,
stuffed_panda,0,9,
cuff_links,0,9,"cuff-links,cuff-link,cuff_link"
naked_cloak,0,9,
grenade_launcher,0,9,
year_of_the_rooster,0,9,
telescope,0,9,
fishing,0,9,
dangerous_beast,0,9,
wet_pantyhose,0,9,
nerv,0,9,
thermos,0,9,
poster,0,9,
autoarousal,0,9,
desk_lamp,0,9,
broken_heart,0,9,
levitation,0,9,
amazon,0,9,
panda_costume,0,9,
marker,0,9,
hungry,0,9,
myon_(phrase),0,9,
screen,0,9,
machine_pistol,0,9,
nanodesu_(phrase),0,9,
miracle_mallet,0,9,
loose_clothes,0,9,
russia,0,9,
bear_panties,0,9,"kuma_pantsu,kumapantsu"
nejiri_hachimaki,0,9,
chicken_(food),0,9,
orange_nails,0,9,orange_fingernails
ribbon-trimmed_headwear,0,9,
pitchfork,0,9,
alternate_element,0,9,alternative_element
raimon_school_uniform,0,9,
against_fourth_wall,0,9,
wiping_face,0,9,
collage,0,9,
bead_necklace,0,9,
flower_earrings,0,9,"rose_earrings,flower_earring"
frilled_ribbon,0,9,
long_toenails,0,9,long_nails_(toes)
color_trace,0,9,
cactus,0,9,
patch,0,9,patches
extended_downblouse,0,9,
hammock,0,9,
sage_(granblue_fantasy),4,9,
hawk,0,9,
bloomers_pull,0,9,bloomer_pull
yellow_kimono,0,9,yellow_yukata
dragon_print,0,9,
surfing,0,9,
radio_antenna,0,9,
exercise_ball,0,9,"yoga_ball,gym_ball,balance_ball"
floating_book,0,9,
hypnosis,0,9,hypnotism
scar_on_cheek,0,9,cheek_scar
cross_eyed,0,9,
leaf_bikini,0,9,leafbikini
duffel_coat,0,9,
pink_hairband,0,9,
flaming_sword,0,9,"fiery_sword,flame_sword,fire_sword,burning_sword"
police_hat,0,9,
prosthetic_arm,0,9,artificial_arm
landmark,0,9,
lead_pipe,0,9,
master_spark,0,9,
rice_spoon,0,9,
>:q,0,9,
pon_de_ring,0,9,
thumb_ring,0,9,
dragunov_svd,0,9,
identity_censor,0,9,
impossible_sweater,0,9,
hakurei_shrine,0,9,
crossed_bandaids,0,9,x_bandaids
>:p,0,9,
flapping,0,9,
trim_brush,0,9,
thumbs_down,0,9,
listening_to_music,0,9,
crotchet_rest,0,9,
brass_knuckles,0,9,
syrup,0,9,
x3,0,9,
catchphrase,0,9,
pile_bunker,0,9,
necktie_removed,0,9,
christmas_lights,0,9,
butterfly_print,0,9,
color_connection,0,9,
overcoat,0,9,greatcoat
white_cat,0,9,
mechanical_parts,0,9,
pine_tree,0,9,
ikayaki,0,9,grilled_squid
hand_on_own_ass,0,9,hand_on_ass
ribbon-trimmed_thighhighs,0,9,
side-seamed_legwear,0,9,
triforce,0,9,
undone,0,9,
office,0,9,
lighthouse,0,9,
mortarboard,0,9,"graduate_cap,graduation_cap"
holding_paper,0,9,
log_pose,0,9,
gyate_gyate,0,9,ohayou_(meme)
blue_hairband,0,9,
uterus,0,9,womb
impaled,0,9,
strawberry_blossoms,0,9,strawberry_blossom
squid_hat,0,9,
hand_on_glasses,0,9,
nipple_penetration,0,9,nipple_fuck
pink_sailor_collar,0,9,
title_parody,0,9,
propeller_hair_ornament,0,9,
character_censor,0,9,
hair_flowing_over,0,9,
first_aid_kit,0,9,"medical_kit,medkit,medikit"
birthday_cake,0,9,
toggles,0,9,
pointless_condom,0,9,
otaku,0,9,
cutout,0,9,
fake_wings,0,9,faux_wings
drying_hair,0,9,
partially_unbuttoned,0,9,
rose_print,0,9,
spider_legs,0,9,
piano_bench,0,9,
wrong_hand,0,9,wrong_hands
product_girl,0,9,
drowning,0,9,
stuffed_frog,0,9,
forearms_at_chest,0,9,
holding_helmet,0,9,
puzzle,0,9,
crayon,0,9,crayons
hand_rest,0,9,
double_amputee,0,9,
wakizashi,0,9,
ammunition_pouch,0,9,"magazine_pouch,ammo_pouch"
team_magma,0,9,
naked_kimono,0,9,
horned_helmet,0,9,
clothed_sex,0,9,
semen_on_figure,0,9,
lunatic_gun,0,9,
fleur_de_lis,0,9,
broken_glasses,0,9,
sunglasses_removed,0,9,
udon,0,9,
champagne,0,9,
tasting,0,9,
through_screen,0,9,coming_out_of_screen
nervous_smile,0,9,
raven_(animal),0,9,
inconvenient_breasts,0,9,
fingersmile,0,9,finger_smile
bath_yukata,0,9,
lunchbox,0,9,lunch_box
arm_wrap,0,9,arm_wraps
stomach_tattoo,0,9,
breasts_on_glass,0,9,breasts_against_glass
pravda_(emblem),0,9,
purple_clothes,0,9,
harp,0,9,
charging,0,9,
desert_eagle,0,9,
swimsuit_removed,0,9,
electric_socket,0,9,
white_day,0,9,
faceless_female,0,9,
cabbage,0,9,
sideways,0,9,
saxophone,0,9,
tan_background,0,9,
brown_panties,0,9,
large_syringe,0,9,giant_syringe
candlelight,0,9,
chocolate_cornet,0,9,
nose_scar,0,9,
holding_own_tail,0,9,
green_scarf,0,9,
dinosaur,0,9,
double_handjob,0,9,
gununu,0,9,
too_many_sex_toys,0,9,
thumb_biting,0,9,
glowing_hair,0,9,
spiral_heart_moon_rod,0,9,
red_sclera,0,9,
graduation,0,9,
thumb_sucking,0,9,"thumbsucking,sucking_thumb"
walking_on_liquid,0,9,walking_on_water
crotch_cutout,0,9,heart_crotch_cutout
2003,0,9,
hogtie,0,9,
rotated,5,9,
jacket_over_swimsuit,0,9,
pink_apron,0,9,
flower_bracelet,0,8,
long_neck,0,8,
bike_shorts_under_shorts,0,8,
pornography,0,8,
ace,0,8,
kindergarten,0,8,preschool
ema,0,8,
canned_coffee,0,8,
training_bra,0,8,
:i,0,8,
mustache,0,8,moustache
imageboard_sample,0,8,
pink_check_school,0,8,
white_sleeves,0,8,
adjusting_goggles,0,8,
reloading,0,8,
torn_bra,0,8,
pants_under_skirt,0,8,skirt_over_pants
archer_(cosplay),0,8,
button_eyes,0,8,
pink_hakama,0,8,
kirisame_marisa_(cosplay),0,8,
popped_button,0,8,"button_pop,popped_buttons"
hydrokinesis,0,8,"water_manipulation,water_magic"
yarn_ball,0,8,yarnball
background_text,0,8,
pgm_hecate_ii,0,8,
konpeitou,0,8,konpeito
headless,0,8,
glaive,0,8,
wing_print,0,8,
vocaloid_(lat-type_ver),0,8,
saunders_military_uniform,0,8,
ballet_slippers,0,8,"pointe_shoes,ballet_shoes"
red_coat,0,8,
lace_legwear,0,8,
framed_image,0,8,
shorts_around_one_leg,0,8,
frilled_leotard,0,8,
paizuri_invitation,0,8,
blue_oni,0,8,
themed_object,0,8,
size_difference,0,8,
creator_connection,0,8,artist_connection
crushing,0,8,crush
holding_pillow,0,8,
thighhighs_under_boots,0,8,
shippou_(pattern),0,8,
playing,0,8,
arm_blade,0,8,
objectification,0,8,
purple_vest,0,8,
galaxy,0,8,galaxies
milky_way,0,8,
feather_fan,0,8,
cd_case,0,8,jewel_case
puffy_cheeks,0,8,"puffed_cheeks,puffing_cheek"
inflatable_dolphin,0,8,inflatabledolphin
postbox,0,8,
pilot,0,8,
ear_wiggle,0,8,"ears_wagging,ear_twitch"
tofu,0,8,
yellow_blouse,0,8,
pet,0,8,
between_toes,0,8,
foot_hold,0,8,
christmas_tree_hair_ornament,0,8,
corpse,0,8,
music_s.t.a.r.t!!,0,8,
cheek_pinching,0,8,"pinching_cheeks,cheek_pinch,pinching_cheek"
pain,0,8,ouch
basketball_uniform,0,8,
hata-tan,0,8,
soft_serve,0,8,
hoshiguma_yuugi_(promo),0,8,
kindergarten_bag,0,8,
pins,0,8,
snow_halation,0,8,
no_headgear,0,8,
rubber_band,0,8,
completion_time,5,8,drawing_time
head_down,0,8,
pixelated,0,8,
village,0,8,
ground,0,8,
fanbook,0,8,
daijoubu?_oppai_momu?,0,8,
convenience_store,0,8,konbini
spray_can,0,8,
june,0,8,
predicament_bondage,0,8,
arm_on_head,0,8,
cauldron,0,8,
concert,0,8,
striped_bike_shorts,0,8,striped_spats
sweatpants,0,8,sweat_pants
horseback_riding,0,8,
sleigh,0,8,
print_pillow,0,8,
gunbuster_pose,0,8,gainax_pose
handkerchief,0,8,
purple_leotard,0,8,
net,0,8,
black_sailor_collar,0,8,
bindi,0,8,
eclipse,0,8,
pink_blouse,0,8,
flying_kick,0,8,jump_kick
covering_chest,0,8,
duct_tape,0,8,
hymen,0,8,
biceps,0,8,
canteen,0,8,
leaf-pattern_stripe,0,8,
lance_of_longinus,0,8,
kamaboko,0,8,
wii,0,8,
beaker,0,8,beakers
runway,0,8,landing_strip_(aircraft)
fusuma,0,8,
full-package_futanari,0,8,full_package_futanari
puppy,0,8,
sig_sauer,0,8,
ear_grab,0,8,
picture_(object),0,8,
standard_bearer,0,8,
muffin,0,8,muffins
running_bond,0,8,
tailcoat,0,8,
cutie_mark,0,8,
swimsuit_costume,0,8,
comparison,0,8,
karate_gi,0,8,
candy_wrapper,0,8,
multicolored_scarf,0,8,
aqua_bra,0,8,
legwear_removed,0,8,
confused,0,8,
under_tree,0,8,
pickaxe,0,8,"pickax,pick-axe,pick-ax,pick_axe"
hanfu,0,8,
bookbag,0,8,
kongou_(kantai_collection)_(cosplay),0,8,
low_neckline,0,8,low-cut_neckline
year_of_the_ram,0,8,
cuffs-to-collar,0,8,
colored_shadow,0,8,
crystal_ball,0,8,
horned_headwear,0,8,
storm,0,8,
projectile_cum,0,8,
bazooka,0,8,
party_hat,0,8,"birthday_hat,party_hats"
floating_skull,0,8,flying_skull
crossed_bangs,0,8,
mini_witch_hat,0,8,
magician,0,8,
how_to,0,8,"tutorial,howto"
homu,0,8,
holding_pencil,0,8,
promotional_art,5,8,official_ad
adjusting_bra,0,8,
red_hood,0,8,
placard,0,8,
holding_leaf,0,8,
money_hold,0,8,
black_kimono,0,8,black_yukata
self_hug,0,8,
chun-li_(cosplay),0,8,
stained_panties,0,8,
oil,0,8,
lanyard,0,8,
wrist_guards,0,8,
molten_rock,0,8,
nipple_censor,0,8,
canvas_(object),0,8,
unfastened,0,8,
chihaya_(clothing),0,8,
adidas,0,8,
no_helmet,0,8,
tail_ornament,0,8,
kagura_suzu,0,8,
impossible_towel,0,8,
oktoberfest,0,8,
cinderella_bust,0,8,
lace-trimmed_sleeves,0,8,
cafe_maid,0,8,
dungeon,0,8,
under_table,0,8,"under_the_table,under_desk"
chrysanthemum,0,8,
backwards_hat,0,8,"hat_backwards,cap_backwards"
1boy,0,8,"sole_male,1boys"
crotch_zipper,0,8,
cork,0,8,
key_necklace,0,8,
cheering,0,8,"cheered,cheer"
tight_dress,0,8,
yuujou,0,8,
extraction,0,8,
announcement_celebration,0,8,
turntable,0,8,
forked_tongue,0,8,"split_tongue,snake_tongue"
canister,0,8,
adjusting_shoe,0,8,adjusting_shoes
croupier,0,8,
rice_paddy,0,8,rice_field
wallpaper_(object),0,8,
mamemaki,0,8,
shipwreck,0,8,
scylla,0,8,octopus_girl
concrete,0,8,
skull_necklace,0,8,
fur_cape,0,8,
gradient_legwear,0,8,"gradient_pantyhose,gradient_leggings,gradient_thighhighs,gradient_kneehighs,gradient_socks"
layered_kimono,0,8,multilayer_kimono
arms,0,8,
track,0,8,
psychedelic,0,8,psychadelic
wet_skirt,0,8,
catsuit,0,8,
track_uniform,0,8,
crystal_sword,0,8,ice_sword
bright_background,0,8,
pagoda,0,8,
clothesline,0,8,
ladybug,0,8,
purple_bowtie,0,8,
drinking_fountain,0,8,drinking_water_fountain
video_camera,0,8,
brown_bikini,0,8,
fanning_self,0,8,
fishing_line,0,8,fishing_lines
hand_net,0,8,
jojo_pose,0,8,
yandere_sample,5,8,
crescent_earrings,0,8,crescent_earring
pass,0,8,
parrot,0,8,
nukekubi,0,8,
hex_grid,0,8,
carrying_over_shoulder,0,8,
red_ascot,0,8,red_jabot
scratching,0,8,
yellow_apron,0,8,
seat,0,8,
pantyhose_under_swimsuit,0,8,
rash_guard,0,8,swim_shirt
golf,0,8,
translucent,0,8,
2004,0,8,
toolbox,0,8,
pumpkin_pants,0,8,
leopard_tail,0,8,
floating_card,0,8,falling_card
poop,0,8,
poinsettia,0,8,
lyrics,0,8,song_lyrics
vacuum_cleaner,0,8,vacuum
convention_greeting,0,8,convention_greetings
pussy_juice_drip_through_clothes,0,8,
messy_room,0,7,
mole_on_body,0,7,
comiket,0,7,
magatama_earrings,0,7,magatama_earring
tsuruga_school_uniform,0,7,
imageboard_colors,0,7,
green_clothes,0,7,
crawling,0,7,
fujoshi,0,7,
pie,0,7,
measurements,0,7,
oiran,0,7,
unison,0,7,
chakram,0,7,
veiny_breasts,0,7,
winged_hair_ornament,0,7,
lace_gloves,0,7,
anzio_military_uniform,0,7,
ankle_garter,0,7,
popsicle_stick,0,7,
eel,0,7,eels
nail_bat,0,7,nailbat
amazon_(company),3,7,"amazon.com,amazon_(copyright)"
too_many_knives,0,7,
pet_play,0,7,petboy
falchion_(fire_emblem),0,7,
transformer,0,7,
hoop,0,7,
kesa,0,7,
nunchaku,0,7,nunchuks
cream_on_face,0,7,
pregnancy_test,0,7,
daruma_doll,0,7,
skateboard,0,7,
yen,0,7,
diving_mask_on_head,0,7,
leaning_on_object,0,7,
pencil_case,0,7,
skirt_in_mouth,0,7,
matching_shanghai,0,7,
holographic_monitor,0,7,"holographic_display,holographic_screen"
putting_on_shoes,0,7,
frog_girl,0,7,
hanafuda,0,7,
mg_mg,0,7,
railroad_crossing,0,7,"train_crossing,railway_crossing"
pulled_by_another,0,7,
fingering_through_clothes,0,7,
japanese_postal_mark,0,7,
incense,0,7,
jungle,0,7,
spiked_club,0,7,
nebula,0,7,
alternate_color_school_swimsuit,0,7,
fist_pump,0,7,
narrowed_eyes,0,7,
body_jewelry,0,7,
pyramid,0,7,
crumbs,0,7,
yellow_shoes,0,7,
cutlass_(sword),0,7,
production_art,5,7,
phalanx_ciws,0,7,
film_strip,0,7,filmstrip
barrett_m82,0,7,"barrett_m107,m107,barrett_m82a2,m-82a,m82,m82a1"
left-to-right_manga,0,7,"left-to-right,left_to_right_manga"
offering_foot,0,7,
holding_camera,0,7,holding_camcorder
character_print,0,7,
star_necklace,0,7,
starry_sky_bright,0,7,
white_cape,0,7,
bendy_straw,0,7,
single_sandal,0,7,
drawing_bow,0,7,
nipple_torture,0,7,nipple_pain
x_x,0,7,
multicolored_bikini,0,7,
maid_bikini,0,7,
black_blindfold,0,7,
seashell_earrings,0,7,
french_cruller,0,7,cruller
front_braid,0,7,
washbowl,0,7,
flustered,0,7,shame_(flustered)
lossy-lossless,5,7,
licking_hand,0,7,hand_licking
shadow_(persona),0,7,
voodoo_doll,0,7,
zebra,0,7,
tricorne,0,7,tricorne_hat
moon_print,0,7,
magnifying_glass,0,7,magnifying_glasses
multicolored_nail_polish,0,7,
baking,0,7,
multiple_monochrome,0,7,
green_rose,0,7,
animal_hair_ornament,0,7,
incoming_attack,0,7,attacking_viewer
oversized_animal,0,7,giant_animal
opaque_glasses,0,7,
pickelhaube,0,7,
;<,0,7,
white_tiger,0,7,
pegasus,0,7,
late_for_school,0,7,
vietnamese_dress,0,7,
wonderful_rush,0,7,
box_of_chocolates,0,7,chocolate_box
naked_necktie,0,7,
fur-trimmed_legwear,0,7,
multiple_arms,0,7,
ketchup,0,7,
infirmary,0,7,"nurse's_office,nurse_office"
case,0,7,
black_keys,0,7,
cum_on_fingers,0,7,
spiked_mace,0,7,morning_star_(weapon)
samba,0,7,
carry_me,0,7,pick_me_up
million_live_card,0,7,
fur-trimmed_cape,0,7,
c-string,0,7,
hannya,0,7,
clothes_grab,0,7,
ball_and_chain_restraint,0,7,
bauble,0,7,
short_yukata,0,7,
squinting,0,7,"squinted_eyes,squint"
holding_head,0,7,
blur,0,7,
finger_frame,0,7,finger_camera
fishbowl,0,7,fish_bowl
afro,0,7,
mermaid_costume,0,7,mermaid_suit
dekitate_evo!_revo!_generation!,0,7,
senbei,0,7,"rice_cracker,senbei_(food)"
love_wing_bell,0,7,
hands_on_own_thighs,0,7,
book_on_head,0,7,
weights,0,7,
thompson_submachine_gun,0,7,tommy_gun
usb,0,7,
anchor_earrings,0,7,
thigh_grab,0,7,
long_braid,0,7,
yordle,0,7,
thighhighs_over_pantyhose,0,7,
linked_piercing,0,7,linked_piercings
racing_suit,0,7,
barcode_tattoo,0,7,
bad_leg,0,7,
fireball,0,7,"fireballs,fireball_(fire),fire_ball"
crosswalk,0,7,"pedestrian_crossing,zebra_crossing"
bubble_bath,0,7,
self_upload,0,7,
pac-man_eyes,0,7,pacman_eyes
cum_in_clothes,0,7,"cum_inside_thighhigh,cum_inside_clothes,cum_under_clothes"
bunny_costume,0,7,
blob,0,7,
glasgow_smile,0,7,chelsea_smile
soejima_shigenori_(style),0,7,
fate_testarossa_(cosplay),0,7,
australia,0,7,
finger_biting,0,7,
polydactyly,0,7,
mega_pokemon,0,7,
star_censor,0,7,
xbox_360,0,7,
round-bottom_flask,0,7,florence_flask
berries,0,7,
pantyshot_(kicking),0,7,
stone_floor,0,7,
brush_(medium),5,7,
head_back,0,7,
kuromorimine_school_uniform,0,7,
rubik's_cube,0,7,
ak-74,0,7,
octagram,0,7,
bared_teeth,0,7,
bend,0,7,
arm_above_head,0,7,
hanging_scroll,0,7,wall_scroll
skating,0,7,
fading,0,7,
different_shadow,0,7,
torn_shorts,0,7,ripped_shorts
pompadour,0,7,
red_pubic_hair,0,7,
vertical-striped_bikini,0,7,
mailbox,0,7,
cursive,0,7,
ennui_heiwa_miku,4,7,
breast_envy,0,7,
white_neckerchief,0,7,
bald,0,7,
ribbon-trimmed_gloves,0,7,
firelock,0,7,
water_yoyo,0,7,
fish_tank,0,7,fishtank
cast,0,7,
yakisoba,0,7,
sharp_toenails,0,7,pointy_toenails
disgust,0,7,disgusted
latin,0,7,
stuffed_dog,0,7,
admiral_(kantai_collection)_(cosplay),0,7,
checkered_vest,0,7,
beach_chair,0,7,
feet_together,0,7,
m16,0,7,
foodgasm,0,7,
nose_bubble,0,7,snot_bubble
purple_swimsuit,0,7,
dualshock,0,7,
peony_(flower),0,7,
dreaming,0,7,dream
followers,0,7,
coattails,0,7,
blue_coat,0,7,
open_track_jacket,0,7,
ishikei_(style),0,7,
worried,0,7,concerned
saddle,0,7,
italian,0,7,
cooler,0,7,"ice_box,cool_box"
hug_from_behind,0,7,back_hug
blowing,0,7,
kazekoshi_school_uniform,0,7,
reverse_translation,5,7,
monochrome_background,0,7,colored_with_greyscale_background
green_hakama,0,7,
power_fist,0,7,
boxers,0,7,boxer_shorts
beam,0,7,
phone_screen,0,7,
pink_border,0,7,
clothes_on_floor,0,7,
cornrows,0,7,
insignia,0,7,military_insignia
poke_ball_theme,0,7,
juggling_club,0,7,
pool_of_blood,0,7,"puddle_of_blood,blood_pool"
id_card,0,7,
nike,0,7,
gif_artifacts,5,7,
turning_head,0,7,
dilation_belt,0,7,
fishnet_bodysuit,0,7,
scanlines,0,7,
character_sheet,0,7,
ogre,0,7,
traffic_cone,0,7,"pylon_(traffic),road_cone,traffic_cones"
bars,0,7,
shaft_look,0,7,
log,0,7,
dirigible,0,7,"zeppelin,blimp"
white_feathers,0,7,
ground_shatter,0,7,
wet_dress,0,7,
cropped_vest,0,7,
elephant,0,7,
ivy,0,7,
bear_costume,0,7,
sad_smile,0,7,
heart_panties,0,7,
aa_gun,0,7,
hairlocs,0,7,
ak-47,0,7,
puppet_rings,0,7,
france,0,7,
food_themed_earrings,0,7,
letterman_jacket,0,7,varsity_jacket
forced_orgasm,0,7,
compass,0,7,compasses
=d,0,7,
cum_in_hands,0,7,
release_date,0,7,now_on_sale
torn_bikini,0,7,ripped_bikini
genjiguruma,0,7,
emoticon,0,7,
accidental_exposure,0,7,
zentradi,0,7,
food_between_breasts,0,7,
ear_tag,0,7,
mast,0,7,
butterfly_net,0,7,bug_net
brown_vest,0,7,
tape_bondage,0,7,
angel_mort,0,7,
tokyo_(city),0,7,
waffle,0,7,waffles
checkered_scarf,0,7,
undead,0,7,
cel_shading,0,7,
microwave,0,7,
luger_p08,0,7,
dressing_room,0,7,
shindouji_school_uniform,0,7,
keizoku_school_uniform,0,7,
cream_puff,0,7,"profiterole,cream_puffs"
ace_of_spades,0,7,
ballet,0,7,
flying_paper,0,7,
island,0,7,
taimanin_suit,0,7,
female_pov,0,7,
radar,0,7,
moe2015,0,7,
italy,0,7,
jupiter_symbol,0,7,jupiter_sign
alternate_footwear,0,7,
doctor,0,7,
weapon_request,5,7,
paint_can,0,7,paint_bucket
single_fingerless_glove,0,7,
backpack_removed,0,7,
front-print_panties,0,7,
fighting,0,7,fight
timestamp,0,7,time_stamp
koala,0,7,
applying_makeup,0,7,putting_on_makeup
tree_of_life,0,7,
eyebrow_piercing,0,7,
plaid_hat,0,7,
lube,0,7,
kaname_madoka_(cosplay),0,7,
hand_under_shirt,0,7,"hand_in_shirt,hand_up_shirt"
3rd_party_watermark,0,7,
space_print,0,6,
finger_sucking,0,6,"sucking_finger,finger_suck"
pliers,0,6,
tail_wrap,0,6,hugging_with_tail
torn_kneehighs,0,6,
60s,0,6,
mars_symbol,0,6,"iron_sign,iron_symbol,male_symbol,mars_sign,male_sign"
flamethrower,0,6,
wax,0,6,
a,0,6,
shiroshouzoku,0,6,
butterfly_on_hand,0,6,butterfly_on_finger
aqua_lipstick,0,6,
pillory,0,6,
light_blue_hair,0,6,
open_pajamas,0,6,
clockwork,0,6,
spanking,0,6,
tuxedo,0,6,
acorn,0,6,acorns
multiple_torii,0,6,
ascii_art,0,6,ascii
dress_grab,0,6,
fighter_(granblue_fantasy),4,6,
yume_no_tobira,0,6,
blind,0,6,
licking_weapon,0,6,
burning_hand,0,6,
christmas_wreath,0,6,
holly_hair_ornament,0,6,
fishnet_gloves,0,6,
kabuto,0,6,
mundane_utility,0,6,
hands_in_pocket,0,6,
oil_lamp,0,6,magic_lamp
cum_on_glasses,0,6,
side-tie_bottom,0,6,
gradient_clothes,0,6,
vapors,0,6,
baseball_helmet,0,6,batting_helmet
kokorowatari,0,6,
adapted_object,0,6,
saturn,0,6,
faceless_male,0,6,mister_x
insult,0,6,
flower-shaped_pupils,0,6,"kagan,flower_shaped_pupils"
folding_chair,0,6,
medallion,0,6,
destroyer,0,6,
flashlight,0,6,electric_torch
pan-pa-ka-paaan!,0,6,
defeat,0,6,
hands_on_breasts,0,6,
clownfish,0,6,
finnish,0,6,
japanese_cylindrical_postbox,0,6,
inside,0,6,
kayari_buta,0,6,katori_buta
aurora,0,6,"northern_lights,aurora_borealis"
holding_glass,0,6,
fuwafuwa_time,0,6,
dress_in_mouth,0,6,
shikinami_asuka_langley_(cosplay),0,6,
white_collar,0,6,
fish_bone,0,6,
looking_through_legs,0,6,
flying_saucer,0,6,ufo
hakama_pants,0,6,hakama_shorts
no,0,6,
holding_spear,0,6,
light_blush,0,6,
leg_armor,0,6,
maple_leaf_print,0,6,
guard_rail,0,6,
flash,5,6,
nipple_pull,0,6,
no_jacket,0,6,
painttool_sai,0,6,
hamster_costume,0,6,
neet,0,6,
aquarium,0,6,
giraffe,0,6,
puzzle_piece,0,6,
satellite_dish,0,6,
;(,0,6,
walther,0,6,
shatter,0,6,
mspaint,0,6,
okobo,0,6,
tribal_tattoo,0,6,
yellow_hat,0,6,
red_carpet,0,6,
flight_attendant,0,6,air_hostess
prosthetic_leg,0,6,artificial_leg
starpiece_memories,0,6,
no_mole,0,6,
male_focus,0,6,"guys_only,boys_only,male,man,male_only,men"
holding_shield,0,6,
reins,0,6,
washing_hair,0,6,
wiping_mouth,0,6,
open_pants,0,6,
stasis_tank,0,6,"cloning_vat,stasis_tube,cloning_tank,lab_vat"
sparkle_background,0,6,
spoken_food,0,6,spoken_meat
october,0,6,
summer_festival,0,6,
chocolate_banana,0,6,"choco_banana,chocobanana"
yaranaika,0,6,
salamander,0,6,
astronaut,0,6,cosmonaut
paint_roller,0,6,
selection_university_(emblem),0,6,
selection_university_military_uniform,0,6,
strap-on,0,6,"strapon,strap_on"
asymmetrical_horns,0,6,
after_rain,0,6,
changing_clothes,0,6,
chireiden,0,6,
miyamori_school_uniform,0,6,
boombox,0,6,
cupboard,0,6,
large_filesize,0,6,
mitakihara_school_uniform,0,6,
partially_unzipped,0,6,
carrot_hair_ornament,0,6,
glove_pull,0,6,
cherub,0,6,
lace_border,0,6,
pants_rolled_up,0,6,"rolled_pants_legs,rolled-up_pants"
covered_anus,0,6,
glass_bottle,0,6,
barbell,0,6,
bolo_tie,0,6,
cutoff_jeans,0,6,
concentric_circles,0,6,
tube_dress,0,6,
pastry_bag,0,6,"piping_bag,frosting_bag"
dazzle_paint,0,6,
gargoyle,0,6,
bulletin_board,0,6,"corkboard,corkboard"
omikuji,0,6,
myoudou_gakuen_middle_school_uniform,0,6,
narutomaki,0,6,naruto_(food)
ferris_wheel,0,6,
bird_ears,0,6,
hatching_(texture),0,6,
trophy,0,6,
hair_blowing,0,6,
orange_necktie,0,6,
black_tea,0,6,
assassin_of_black_(cosplay),0,6,
familiar,0,6,
aks-74u,0,6,
ajirogasa,0,6,
bird_on_arm,0,6,
unicorn,0,6,
elbow,0,6,
daikon,0,6,
nendoroid,0,6,
lilith_aensland_(cosplay),0,6,
boxing,0,6,
ogre_(granblue_fantasy),4,6,
pikarigaoka_middle_school_uniform,0,6,
arm_pillow,0,6,
araki_hirohiko_(style),0,6,
before_and_after,0,6,
harem_outfit,0,6,harem_clothes
brown_blazer,0,6,
disdain,0,6,
red_bikini_top,0,6,
figure_skating,0,6,
animal_hug,0,6,hugging_animal
sweatshirt,0,6,
abuse,0,6,
piano_print,0,6,
stealth_masturbation,0,6,hidden_masturbation
lobster,0,6,
grey_vest,0,6,gray_vest
cum_while_penetrated,0,6,
aqua_ribbon,0,6,
lizard_girl,0,6,
lizard_tail,0,6,salamander_tail
beehive_hairdo,0,6,
temple,0,6,
satin,0,6,
clockshow,0,6,
artist_signature,0,6,
lace-trimmed_collar,0,6,
howa_type_89,0,6,
spoon_in_mouth,0,6,
moire,0,6,moiré
maneki-neko,0,6,"beckoning_cat,maneki_neko"
webbed_hands,0,6,
burmecian,0,6,
gunblade,0,6,
bilingual,0,6,
fluffy,0,6,
untucked_shirt,0,6,
soup,0,6,
old_woman,0,6,
soba,0,6,
umaibou,0,6,
moped,0,6,
bleed_through,5,6,
exploration,0,6,
sheep_costume,0,6,
wedding_ring,0,6,wedding_band
hidden_mouth,0,6,
sepia_background,0,6,
roots,0,6,
kimeemaru,4,6,
january,0,6,
chain_necklace,0,6,
multiple_earrings,0,6,
knitting,0,6,
flower_necklace,0,6,
pants_under_dress,0,6,
sam_browne_belt,0,6,
siblings,0,6,
fiery_hair,0,6,"flaming_hair,fire_hair"
sheer_bodysuit,0,6,
rolling_suitcase,0,6,
walker,0,6,
sink,0,6,
shirt_down,0,6,
molestation,0,6,"molester,molesting"
persimmon,0,6,
grey_necktie,0,6,
intestines,0,6,
misaki_kurehito_(style),0,6,
marionette,0,6,
high-cut_armor,0,6,
brown_shorts,0,6,
sulking,0,6,
lotion_bottle,0,6,
super_silhouette_(heartcatch_precure!),0,6,
macedonian_flag,0,6,
ashtray,0,6,
sheer_leotard,0,6,
big_belly,0,6,large_belly
cabinet,0,6,
tako-san_wiener,0,6,octopus_wiener
bible,0,6,
stuffed_tiger,0,6,
peeping,0,6,
voyeurism,0,6,voyeur
haraegushi,0,6,
combat_knife,0,6,
grey_hat,0,6,
praying_mantis,0,6,
socks_over_pantyhose,0,6,
lettuce,0,6,
bakery,0,6,
erlenmeyer_flask,0,6,conical_flask
blood_on_fingers,0,6,
wet_t-shirt,0,6,
parachute,0,6,
mouth_pull,0,6,
bandaid_on_nose,0,6,
morning_star,0,6,
in_palm,0,6,
game,0,6,
koto_(instrument),0,6,
2002,0,6,
cheek_poking,0,6,"poking_cheek,poking_cheeks,cheek_poke"
dj,0,6,
lacrosse,0,6,
bucket_of_water,0,6,
string_tie,0,6,
number_pun,0,6,goroawase
water_balloon,0,6,
kamui_(kill_la_kill),0,6,
hanten_(clothes),0,6,
playstation_2,0,6,ps2
electrocution,0,6,
leg_tattoo,0,6,thigh_tattoo
sipping,0,6,
shoulder_belt,0,6,
super_famicom,0,6,
meadow,0,6,
red_collar,0,6,
stand_(jojo),0,6,
fellatio_gesture,0,6,blowjob_gesture
party_popper,0,6,confetti_popper
crossed_fingers,0,6,
sakura_card,0,6,
izayoi_sakuya_(cosplay),0,6,
carried_breast_rest,0,6,
spiral,0,6,
nail_polish_bottle,0,6,
shorts_under_dress,0,6,
imminent_sex,0,6,
pennant,0,6,
suneate,0,6,
mac-10,0,6,
borrowed_garments,0,6,
oppai_oppai,0,6,
bullet_hole,0,6,bullet_holes
open_labcoat,0,6,
sucking,0,6,
locket,0,6,
spiked_shoes,0,6,
paper_cutout,0,6,paper_cut-out
pinstripe_suit,0,6,
clam,0,6,clams
pincushion,0,6,
sewing,0,6,
wafer_stick,0,6,cookie_straw
bicorne,0,6,bicorne_hat
green_swimsuit,0,6,
sailor_moon_(cosplay),0,6,
studio_microphone,0,6,
crotchless_pants,0,6,
anal_beads_tail,0,6,
neon_lights,0,6,
nameless_dagger,0,6,
string_of_flags,0,6,bunting
angora_rabbit,0,6,
konohagakure_symbol,0,6,
bellflower,0,6,
cum_on_food,0,6,
punkish_gothic,0,6,
grabbing_own_breast,0,6,self_fondle
projected_inset,0,6,
reindeer_ears,0,6,
pipe_in_mouth,0,6,
anchor_choker,0,6,
shibari_under_clothes,0,6,
keytar,0,6,
victorian,0,6,
suicide,0,6,
panda_ears,0,6,
wheels,0,6,
in_bowl,0,6,
wide_face,0,6,wideface
firefly,0,6,
lactation_through_clothes,0,6,
ragna_the_bloodedge_(cosplay),0,6,
pink_wings,0,6,
bf_109,0,6,
whale_print,0,6,
christmas_stocking,0,6,stocking_stuffer
purple_school_swimsuit,0,6,
sailor_swimsuit_(idolmaster),0,6,
oiled,0,6,
watering,0,6,
kantele,0,6,
daffodil,0,6,"narcissus_(flower),daffodils"
kitchen_knife,0,6,
bandaged_fingers,0,6,
mobile_trace_suit,0,6,
smelling_flower,0,6,
oven,0,6,
silver_background,0,6,
reference_work,0,6,
pullover,0,6,
holding_towel,0,6,
spool,0,6,
chained_wrists,0,6,
plaid_ribbon,0,6,
swinging,0,6,
track_and_field,0,6,
spread_navel,0,6,
quaver_rest,0,6,
glowing_butterfly,0,6,
honda,0,6,
mint,0,6,
yellow_skin,0,6,
drawing_sword,0,6,
misono_gakuen_school_uniform,0,6,
sunbathing,0,6,
card_parody,0,6,
calla_lily,0,6,
leopard_ears,0,6,
block,0,6,
tenugui,0,6,
sega_mega_drive,0,6,sega_genesis
throat_microphone,0,6,
cart,0,6,
kamina_shades,0,6,kamina_glasses
plumeria,0,6,
grey_nails,0,6,grey_fingernails
aqua_bow,0,6,
grey_neckerchief,0,6,
bunbunmaru,0,6,
looking_at_mirror,0,6,
glove_biting,0,6,
pier,0,6,
mage,0,6,
flaming_skull,0,6,burning_skull
sniper,0,6,
power_connection,0,6,element_connection
red_umbrella,0,6,
well,0,6,
reference_photo,5,5,
turnip,0,5,
fingers_to_cheeks,0,5,
model,0,5,
seraph,0,5,seraphim
year_of_the_monkey,0,5,
sun_tattoo,0,5,sun_tattoos
tail_grab,0,5,
sunflower_hair_ornament,0,5,
d;,0,5,
g36,0,5,
happy_sex,0,5,
black_eye,0,5,
hooded_dress,0,5,
casino,0,5,
shaved,0,5,
green_neckerchief,0,5,
t-34,0,5,
pov_across_table,0,5,
walkman,0,5,
cowering,0,5,
no_anus,0,5,
depth_charge,0,5,
harisen,0,5,
grey_rose,0,5,gray_rose
august,0,5,
female_orgasm,0,5,
crucifixion,0,5,
shelf_bra,0,5,
object_on_breast,0,5,
har,0,5,
heart_guitar,0,5,
doodle,0,5,
broken_horn,0,5,
rectangular_glasses,0,5,
detached_sleeve,0,5,
tempura,0,5,
chewing,0,5,
seaplane,0,5,
opening_door,0,5,
moth,0,5,
studded_collar,0,5,
tenga,3,5,
thumbnail_surprise,5,5,
chess,0,5,
tiger_stripes,0,5,
joystick,0,5,
torn_jacket,0,5,ripped_jacket
midriff_peek,0,5,"stomach_peek,belly_peek"
breaking,0,5,shattering
meat_day,0,5,
lying_card,0,5,
stuffed_penguin,0,5,
hooded_top,0,5,
rape_face,0,5,rapeface
medieval,0,5,
coconut,0,5,coconuts
hand_over_face,0,5,
epic,0,5,
headboard,0,5,
walk-in,0,5,walk_in
evening_gown,0,5,evening_dress
rem_(re:zero)_(cosplay),0,5,
silhouette_demon,0,5,
jaguar_ears,0,5,
shorts_removed,0,5,
mosquito_coil,0,5,
bloody_knife,0,5,
dancer's_costume_(dq),0,5,
double-blade,0,5,
yumi_(bow),0,5,
warhammer,0,5,
atom,0,5,
dome,0,5,
soapy,0,5,
ootachi,0,5,"oodachi,nodachi"
eyeballs,0,5,
clitoris_ring,0,5,
ice_crystal,0,5,
suspenders_slip,0,5,
katori_(kantai_collection)_(cosplay),0,5,
broccoli,0,5,
pen_(medium),5,5,
very_long_sleeves,0,5,
stuffed_lion,0,5,
carrying_under_arm,0,5,
cheek_bulge,0,5,bulging_cheeks
soda_bottle,0,5,coke_bottle
bandaid_on_ass,0,5,
telekinesis,0,5,object_manipulation
felicia_(cosplay),0,5,
crotchless,0,5,"crotchless_clothes,crotchless_clothing"
bull,0,5,"bulls,oxen,ox"
thai,0,5,
dragon_ears,0,5,
imperial_japanese_navy,0,5,
holding_bra,0,5,
bear_hood,0,5,
shoulder_spikes,0,5,spiked_shoulders
crest,0,5,
shallow_water,0,5,
bloody_dress,0,5,
stun_gun,0,5,
||_||,0,5,
orange_skin,0,5,
asahi_breweries,0,5,asahi_(beer)
nipple_chain,0,5,
symphony_regalia,0,5,
shaking_head,0,5,
spade_earrings,0,5,spade_earring
leaning_against_railing,0,5,
pink_towel,0,5,
wafer,0,5,
knives_between_fingers,0,5,
oxygen_mask,0,5,
dropping,0,5,
ke-ta_(style),0,5,
jam_cookie,0,5,
siddham,0,5,
seahorse,0,5,
they're_not_panties,0,5,
jetpack,0,5,
shark_girl,0,5,
onomatopoeia,0,5,
cutie_panther,0,5,
bondage_mittens,0,5,
k701,0,5,
drawing_tablet,0,5,
carousel,0,5,"merry-go-round,merry_go_round"
fansub,0,5,
ghost_costume,0,5,
evoker,0,5,
hanami,0,5,"flower_viewing,cherry_blossom_viewing,ohanami"
yellow_hairband,0,5,
solar_eclipse,0,5,
silence_glaive,0,5,
overhead_line,0,5,
ankle_wings,0,5,foot_wings
tsumami_kanzashi,0,5,
aerisdies,3,5,
battlefield,0,5,
taiko_drum,0,5,
akemi_homura_(cosplay),0,5,
pig_tail,0,5,
miyafuji_yoshika_(cosplay),0,5,
bras_d'honneur,0,5,bicep_slap
moe2017,0,5,
naruko_(instrument),0,5,
vibrator_on_nipple,0,5,nipple_vibrator
stuffed_shark,0,5,
pillow_sex,0,5,
wireless,0,5,
clothed_animal,0,5,
nakai_(waitress),0,5,
xbox,0,5,
arcade_cabinet,0,5,
hand_in_swimsuit,0,5,
torn_boots,0,5,
brown_choker,0,5,
razor,0,5,
anglerfish,0,5,
komainu,0,5,
package,0,5,
lowleg_pantyhose,0,5,low-rise_pantyhose
overall_skirt,0,5,
bowler_hat,0,5,
candelabra,0,5,
print_bow,0,5,
assertive,0,5,
beard,0,5,
fubuki_(kantai_collection)_(cosplay),0,5,
wainscoting,0,5,
horizontal_bar,0,5,chin-up_bar
f-15_eagle,0,5,f-15j_eagle
hallelujah_essaim,0,5,
holding_axe,0,5,
euphonium,0,5,
arachne,0,5,drider
lighter,0,5,
female_service_cap,0,5,
marching_band,0,5,
march,0,5,
frilled_boots,0,5,
hand_on_window,0,5,hands_on_window
sega_dreamcast,0,5,dreamcast
self_breast_sucking,0,5,
picnic,0,5,
heat,0,5,
straw_(stalk),0,5,
icicle,0,5,icicles
fingers_to_mouth,0,5,
conch,0,5,
tail_hold,0,5,
outseal,0,5,
areola_piercing,0,5,
bladeless_fan,0,5,dyson_fan
armpit_cutout,0,5,
manly,0,5,gar
page_tear,0,5,
cellphone_strap,0,5,
webcam,0,5,
weather_vane,0,5,
winking,0,5,
hair,0,5,
ama_usa_an_uniform,0,5,
moon_rabbit,0,5,
puffed_cheeks,0,5,
hyottoko_mask,0,5,
relay_baton,0,5,
strapless_santa_dress,0,5,
playstation_3,0,5,ps3
cupping_glass,0,5,
satin_sheets,0,5,
plaid_pillow,0,5,
goat_horns,0,5,
black_santa_costume,0,5,
shoulder_tattoo,0,5,
diagram,0,5,
sennheiser,0,5,
transparent_wings,0,5,see-through_wings
retaining_wall,0,5,
heel-less_platform_footwear,0,5,
white_rope,0,5,
ushanka,0,5,
vomit,0,5,puke
shougi,0,5,
greek,0,5,
flying_teardrops,0,5,
price_tag,0,5,
momotsuki_gakuen_school_uniform,0,5,
yellow_sailor_collar,0,5,
belly_grab,0,5,tummy_grab
uraeus,0,5,
musket,0,5,
theft,0,5,stealing
spitting,0,5,
climbing,0,5,
hand_over_eye,0,5,
star_of_lakshmi,0,5,
skinny_dipping,0,5,
visible_ears,0,5,
espada,0,5,
skorpion_vz._61,0,5,
cunnilingus,0,5,"cunillingus,cunnillingus,cunilingus,pussy_lick"
multicolored_ribbon,0,5,
cardigan_vest,0,5,
tank_shell,0,5,
wetsuit,0,5,
u.n._spacy,0,5,
water_slide,0,5,
kagiyama_hina_(cosplay),0,5,
submarine,0,5,
science,0,5,
pantyhose_around_one_leg,0,5,
alice_(wonderland)_(cosplay),0,5,
nyoro~n,0,5,
grey_scarf,0,5,
meta,0,5,
gothic_architecture,0,5,
heart_lock_(kantai_collection),0,5,
front_cover,0,5,
hecatia_lapislazuli_(cosplay),0,5,
spoken_sweatdrop,0,5,
rejection,0,5,
flintlock,0,5,
turbo_byakuren,4,5,
wrist_grab,0,5,
brick_floor,0,5,
bird_print,0,5,
codpiece,0,5,
air_mattress,0,5,
detached_hair,0,5,
cannibalism,0,5,
adjusting_leotard,0,5,
nail_biting,0,5,nail_bite
telecaster,0,5,
bandaid_on_arm,0,5,bandaid_on_elbow
yamato_(battleship),0,5,
nyotaimori,0,5,serving_food_on_female
hands_on_stomach,0,5,
spoken_object,0,5,
bonsai,0,5,
film_grain,0,5,"noise_(visual),grainy"
camouflage_pants,0,5,
thighhigh_dangle,0,5,
lampion,0,5,
dancing_stars_on_me!,0,5,
knifed,0,5,
frilled_shorts,0,5,
yakumo_ran_(cosplay),0,5,
ninjatou,0,5,
child_drawing,0,5,
number_tattoo,0,5,
witch_(madoka_magica),0,5,
beyond_the_nobles,0,5,
blueberry_hair_ornament,0,5,
salad,0,5,
pov_crotch,0,5,
firing_at_viewer,0,5,
prison_clothes,0,5,"prisoner_uniform,prison_uniform"
suspender_shorts,0,5,
animal_slippers,0,5,
team_skull,0,5,
oarfish,0,5,
ilya_kuvshinov_(style),0,5,
girly_running,0,5,
slide,0,5,
card_in_mouth,0,5,
slug,0,5,
kune-kune,0,5,
after_rape,0,5,broken_rape_victim
dixie_cup_hat,0,5,
brown_lipstick,0,5,
penguin_costume,0,5,penguin_suit
tossing,0,5,toss
keyring,0,5,
sunscreen,0,5,"sunblock,suncream,suntan_lotion"
skirt_grab,0,5,
crotchless_swimsuit,0,5,
leg_wraps,0,5,
bell_earrings,0,5,bell_earring
fanning_face,0,5,
playground,0,5,
white_chocolate,0,5,
multicolored_gloves,0,5,
juuban_middle_school_uniform,0,5,
holding_ribbon,0,5,
holding_mask,0,5,
pepper,0,5,
pravda_military_uniform,0,5,
grey_pants,0,5,gray_pants
mismatched_sleeves,0,5,
glands_of_montgomery,0,5,
giant_brush,0,5,giant_paintbrush
hands_on_own_chin,0,5,
sound_effects,0,5,"sfx,onomatopoeia"
inkbrush_(splatoon),0,5,
pedophile,0,5,
tiger_costume,0,5,tiger_suit
kukri,0,5,
grill,0,5,"bbq_(object),barbecue_(object)"
stationery,0,5,
can't_be_this_cute,0,5,
spider_tattoo,0,5,
covering_ears,0,5,
quality,0,5,yashigani
pantsu_no_hi,0,5,
gainaxtop,0,5,
flower_ornament,0,5,
two-handed,0,5,two_handed
dynamite,0,5,
z3_max_schultz_(kantai_collection)_(cosplay),0,5,
cobra_(animal),0,5,
whammy_bar,0,5,
naked_vest,0,5,
inflation,0,5,
holding_chopsticks,0,5,
fading_borders,0,5,
single_strap,0,5,
tonttu,4,5,
detached_leggings,0,5,
yellow_pupils,0,5,
orz,0,5,
vespa,0,5,
streamers,0,5,
eromanga,0,5,
diving_suit,0,5,
laevatein_(tail),0,5,
myoudou_gakuen_high_school_uniform,0,5,
barbed_wire,0,5,razor_wire
orange_bra,0,5,
severed_hand,0,5,
hat_belt,0,5,
corsage,0,5,flower_in_breast_pocket
spoken_number,0,5,
sailor_senshi,0,5,
pasta,0,5,
whorled_clouds,0,5,
cross_print,0,5,
medical_eyepatch,0,5,
chiester_sisters,0,5,siesta_sisters
scorpion_tail,0,5,
sky_print,0,5,
ear_covers,0,5,
toothpaste,0,5,
seed,0,5,seeds
toon,0,5,
ribbon-trimmed_dress,0,5,
frisbee,0,5,
animal_skull,0,5,
steering_wheel,0,5,
holding_box,0,5,
too_literal,0,5,
tokyo_big_sight,0,5,
hitchhiking,0,5,
mechanical,0,5,
chocolate_clothes,0,5,chocolate_clothing
stuffing,0,5,
sock_dangle,0,5,
nipple_bar,0,5,
bean_bag_chair,0,5,beanbag_chair
deep_wound,0,5,wound
adult_baby,0,5,adultbaby
yellow_moon,0,5,
lying_on_water,0,5,
gunbelt,0,5,
nue,0,5,
shell_to_ear,0,5,
dojikko_pose,0,5,
medicine,0,5,
gymnastics_ribbon,0,5,
kira-kira_sensation!,0,5,
disco_ball,0,5,
jolly_roger,0,5,pirate_flag
storefront,0,5,
single_stripe,0,5,
tupet,0,5,chuupetto
gao,0,5,rawr
twister,0,5,
platform_boots,0,5,
;/,0,5,
palette_suit,0,5,
slap_mark,0,5,spank_mark
feather_beret,0,5,
o-ring_swimsuit,0,5,
chin_stroking,0,5,
multicolored_shirt,0,5,multicolored_blouse
mummy,0,5,
wood,0,5,
artist_check,0,5,
miniature,0,5,
cafe,0,5,coffee_shop
belt_feed,0,5,
hearts_(playing_card),0,5,
fake_mustache,0,5,"fake_moustache,mustached_girl"
warning_sign,0,5,caution_sign
grocery_bag,0,5,
prison,0,5,jail
wing_hair_ornament,0,5,
out_of_character,0,5,
giant,0,5,
pigeon,0,5,
portrait_(object),0,5,
mami_mogu_mogu,0,5,
launching,0,5,
bakuzan,0,5,
green_pants,0,5,
sparkling_daydream,0,5,rikka's_finger_spin_(meme)
washing,0,5,
closet,0,5,
ribbon-trimmed_underwear,0,5,
gesugao,0,5,
mechanical_legs,0,5,"robot_legs,robotic_legs"
cutting_board,0,5,chopping_board
apartment,0,5,
tuna,0,5,
detached_pants,0,5,
poem,0,5,
reindeer_costume,0,5,
dotted_crotchet,0,5,
wig,0,5,
kouhaku_nawa,0,5,
tile_ceiling,0,5,
kanchuumimai,0,5,
toe_cleavage,0,5,
gesture,0,5,gesturing
clip,0,5,
pepsi,3,5,
thigh_pouch,0,5,
cupping_hand,0,5,
beige,0,5,
flags_of_all_nations,0,5,
tin_can,0,5,
brown_belt,0,5,
hidden_blade,0,5,
famicom,0,5,
sega_game_gear,0,5,game_gear
dogeza,0,5,
short_jumpsuit,0,5,
sukusuku_hakutaku,0,5,
hair_dryer,0,5,"blow_dryer,blowdryer,hairdryer"
pink_rope,0,5,
kooribata,0,5,shaved_ice_flag
purple_border,0,5,
hospital,0,5,
peace_symbol,0,5,
looking_at_phone,0,5,
seventh_holy_scripture,0,5,
flower_shop,0,5,
cracking_knuckles,0,5,
european_clothes,0,5,
calligraphy,0,5,
phimosis,0,5,
detective,0,5,
whale_tail,0,5,
soft_focus,0,5,
fender,0,5,
chameleon,0,5,
suiten_nikkou_amaterasu_yanoshisu_ishi,0,5,
doorknob,0,5,
gills,0,5,
hands_above_head,0,5,
collar_tug,0,5,collar_pull
electric_wind_instrument,0,5,
water_surface,0,5,
ai_arctic_warfare,0,5,"l96a1,ai_aw,ai_awf,ai_awm,ai_awp,ai_aws"
double_w,0,5,
sprinkles,0,5,
after_masturbation,0,5,
season_connection,0,5,
striped_pants,0,5,
tire,0,5,
holding_fishing_rod,0,5,
hand_on_own_forehead,0,5,
kochiya_sanae_(cosplay),0,5,
bloomers_around_one_leg,0,5,
souryuu_asuka_langley_(cosplay),0,5,soryu_asuka_langley_(cosplay)
pee_stain,0,5,
mauser_98,0,5,"karabiner_98,kar98,kar_98,wz.29,type_24_(chiang_kai-shek_rifle),gewehr_98"
shrug,0,5,
skyline,0,5,city_skyline
construction_site,0,4,
polka_dot_pillow,0,4,
hair_brushing,0,4,
spray,0,4,
missing_eye,0,4,
fetus,0,4,
wing_censor,0,4,censor_wings
yellow_sky,0,4,
ear_pull,0,4,
head_bump,0,4,"bump,headbump"
palanquin_ship,0,4,
french_horn,0,4,
1up,0,4,extra_life
torn_coat,0,4,ripped_coat
personality_switch,0,4,"body_switch,body_swap,personality_swap"
orange_shorts,0,4,
pocky_kiss,0,4,pocky_game
shared_food,0,4,"mouth-to-mouth_feeding,mouth_to_mouth_feeding"
swimsuit_tug,0,4,
downcast_eyes,0,4,
cowlick,0,4,
face_painting,0,4,
signpost,0,4,
striped_kimono,0,4,striped_yukata
flare,0,4,
polo_shirt,0,4,
alzano_school_uniform,0,4,
m6a_seiran,0,4,
black_moon_clan,0,4,
gibson,0,4,
masochism,0,4,
star!!,0,4,
dock,0,4,
maracas,0,4,maraca
inflatable_whale,0,4,
red_pupils,0,4,
looking,0,4,
blue_scrunchie,0,4,
koss,0,4,
night_vision_device,0,4,night_vision_goggles
collapsed,0,4,
arm_cuffs,0,4,
beach_volleyball,0,4,
baby_bottle,0,4,
ojou-sama_pose,0,4,noblewoman's_laugh
sarong_lift,0,4,
tumblr_sample,5,4,
gym,0,4,
ribbon_baton,0,4,gymnastics_ribbon
kimi_to_boku_no_mirai,0,4,
cinderella_dream,0,4,
amethyst,0,4,
walkie-talkie,0,4,walkie_talkie
bismarck_(kantai_collection)_(cosplay),0,4,
goshoguruma,0,4,
seiou_gakuen_school_uniform,0,4,
queen,0,4,
fingering_through_panties,0,4,
slipper_bathtub,0,4,
jedi,0,4,
short_braid,0,4,
housewife,0,4,house_wife
bunny_headphones,0,4,rabbit_headphones
screening,0,4,
fried_chicken,0,4,
oppai_mochi,0,4,
july,0,4,
volcano,0,4,
struggling,0,4,struggle
beach_house,0,4,
heavenly_boat_maanna,0,4,
mp40,0,4,
arm,0,4,
underskirt,0,4,
sitting_on_railing,0,4,
paru_paru,0,4,
crayon_(medium),5,4,
spinning_top,0,4,top_(toy)
honey_whip_(module),0,4,
winter_uniform,0,4,
contact_lens,0,4,
capybara,0,4,
white_snake,0,4,
full_mouth,0,4,mouth_full
goat,0,4,
omurice,0,4,rice_omelet
maboroshi_no_ginzuishou,0,4,silver_crystal_(sailor_moon)
paper_stack,0,4,
hibikino_high_school_uniform,0,4,
flaccid,0,4,limp_penis
welsh_corgi,0,4,corgi
hospital_gown,0,4,
snowboard,0,4,
tunnel,0,4,
patches,0,4,
globus_cruciger,0,4,
against_railing,0,4,leaning_on_rail
in_cell,0,4,
ribbon-trimmed_bikini,0,4,
resizing_artifacts,0,4,
flower_panties,0,4,
lace-up,0,4,
cat_on_lap,0,4,
sinking,0,4,
chocolate_bath,0,4,
serval_(kemono_friends)_(cosplay),0,4,
machete,0,4,
broken_window,0,4,
tharja_(cosplay),0,4,
compound_eyes,0,4,insect_eyes
ruby_style,0,4,
sitting_on_face,0,4,"sit_on_face,facesitting,face_sitting"
curious,0,4,curiosity
sparkler,0,4,sparklers
wrist_cutting,0,4,cut_wrists
blood_bag,0,4,blood_pack
corset_piercing,0,4,
holding_basket,0,4,
beige_sweater,0,4,
|d,0,4,
kodomo_no_hi,0,4,
ribbon-trimmed_bra,0,4,
takao_(kantai_collection)_(cosplay),0,4,
holding_up,0,4,
waraningyou,0,4,
spider_gag,0,4,
constellation_costume,0,4,
print_hat,0,4,
lavender_(flower),0,4,
bridgeless_bra,0,4,
clothes_gagged,0,4,
tomoe_mami_(cosplay),0,4,
ice_cream_spoon,0,4,
tapir_ears,0,4,
shrine_bell,0,4,
long_tail,0,4,
round_image,0,4,
metal,0,4,
shoujo_kitou-chuu,0,4,girls_are_praying
chupa_chups,0,4,
bird_costume,0,4,
swiss_cheese,0,4,
shirtless,0,4,
angelfish,0,4,
penis_in_panties,0,4,
sleeveless_jacket,0,4,
handrail,0,4,
measuring,0,4,
lace-trimmed_garter_belt,0,4,
covered_collarbone,0,4,
hand_on_ankle,0,4,
lambretta,0,4,
bokutachi_wa_hitotsu_no_hikari,0,4,
autopaizuri,0,4,
removing_glasses,0,4,
cirno_(cosplay),0,4,
splatter,0,4,
brown_sweater,0,4,
mutsuki_(kantai_collection)_(cosplay),0,4,
tub,0,4,
jizou,0,4,
sg,0,4,
sailor_moon_narikiri_bra_set,0,4,
melty_sweet_(idolmaster),0,4,
sitting_on_drum,0,4,
holding_skull,0,4,
checkered_hat,0,4,
partially_underwater_shot,0,4,
scientist,0,4,
carton,0,4,
fur-trimmed_coat,0,4,
tennis,0,4,
hand_on_goggles,0,4,
shirt_in_mouth,0,4,
orange_juice,0,4,
cutting,0,4,
sitting_on_animal,0,4,
runny_nose,0,4,"nose_drip,nosedrip"
clapping,0,4,clap
floating_swords,0,4,
chainmail,0,4,mail_armor
yakult,0,4,
matches,0,4,"matchstick,match"
torn_socks,0,4,
brown_cape,0,4,
style_request,5,4,
shine!!,0,4,
saigyou_ayakashi,4,4,
moon_stick,0,4,
constellation_print,0,4,
musical_note_print,0,4,
annotation_request,5,4,
cosmos_(flower),0,4,
heart_belt,0,4,
kono_lolicon_domome,0,4,
pitching,0,4,
christmas_tree_costume,0,4,christmas_tree_(cosplay)
jirou_(ramen),0,4,
ungagged,0,4,
print_pajamas,0,4,
communism,0,4,communist
whistling,0,4,
torpedo_tubes,0,4,
tentacle_clothes,0,4,
clothing_aside,0,4,clothes_aside
billiards,0,4,"pool_(sport),snooker"
animal_on_lap,0,4,
makeup_brush,0,4,
chalice,0,4,"grail,goblet"
seal,0,4,
thigh_sex,0,4,"thighjob,thigh_job,intercrural_sex,straddle_penis,sumata,intercrural"
glowing_flower,0,4,
ass_support,0,4,
rpg,0,4,
bougu,0,4,kendo_armor
biplane,0,4,
hk416,0,4,
wrist_straps,0,4,
cordless_phone,0,4,
body_armor,0,4,
tsukimi,0,4,
animal_themed_umbrella,0,4,
branded,0,4,
rice_cooker,0,4,
reisen_udongein_inaba_(cosplay),0,4,
encasement,0,4,
ribbed_sleeves,0,4,
print_eyepatch,0,4,
pyramid_(geometry),0,4,
eyedrops,0,4,
too_many_chicks,0,4,
curled_up,0,4,
koinobori,0,4,"carp_streamer,koi_streamer"
blood_drip,0,4,dripping_blood
shiba_inu,0,4,
gamecube,0,4,
glowing_hand,0,4,
blu-ray_cover,0,4,
giant_snake,0,4,
yen_sign,0,4,yen_symbol
fatigues,0,4,
holding_flag,0,4,
crown_removed,0,4,
yellow_bikini_top,0,4,
raccoon,0,4,
goat_girl,0,4,
hand_print,0,4,
spray_bottle,0,4,
phone_wallpaper,0,4,
animal_cutout,0,4,
orange_leotard,0,4,
rhinoceros_beetle,0,4,
rat_tail,0,4,
trembling_penis,0,4,
skeletal_arm,0,4,skeletal_arms
cheese_trail,0,4,
hut,0,4,
in_heat,0,4,
silver_pubic_hair,0,4,
chemistry,0,4,
clothes_theft,0,4,"clothing_thief,clothes_thief"
underwear_theft,0,4,"panty_thief,underwear_thief"
juggling,0,4,
poverty,0,4,poor
swimsuit_skirt,0,4,
leaning_over,0,4,
banana_peel,0,4,
math,0,4,
red_stone_of_aja,0,4,
against_fence,0,4,
dorsiflexion,0,4,toe-point_up
purple_kimono,0,4,purple_yukata
green_tea,0,4,
ze_(phrase),0,4,
white_hood,0,4,
iron_bars,0,4,
solid_eyes,0,4,
legendary_pokemon,0,4,
sauce,0,4,
yellow_sweater,0,4,
mansion,0,4,
deviruchi_hat,0,4,
stalactite,0,4,
elemental_(creature),0,4,
multiple_piercings,0,4,
stone_walkway,0,4,stone_path
yoko_littner_(cosplay),0,4,yoko_ritona_(cosplay)
yorha_no._2_type_b_(cosplay),0,4,
load_bearing_equipment,0,4,
denim_jacket,0,4,
orange_jacket,0,4,
indian_clothes,0,4,
square,0,4,
khakkhara,0,4,
senriyama_school_uniform,0,4,
traffic_mirror,0,4,
hat_leaf,0,4,
baking_sheet,0,4,"baking_tray,sheet_pan,cookie_sheet"
multiple_persona,0,4,"quintuple_persona,quadruple_persona,triple_persona"
chipmunk,0,4,
arachnid,0,4,
heart_balloon,0,4,heart-shaped_balloon
cathead,0,4,
panties_over_garter_belt,0,4,
crotch_grab,0,4,bulge_grab
snowflake_background,0,4,
priestess,0,4,
mattress,0,4,
character_hood,0,4,
multiple_boys,0,4,/nboys
furoshiki,0,4,
bubble_background,0,4,
les_paul,0,4,
alternate_hair_ornament,0,4,
white_belt,0,4,
koa_(phrase),0,4,
print_ribbon,0,4,
sawed-off_shotgun,0,4,
sweating_profusely,0,4,
mistletoe,0,4,
official_fanbook,0,4,
kirigami,0,4,
flower_bed,0,4,
bad_nijie_id,0,4,
sheep_tail,0,4,
poppy_(flower),0,4,
blue_apron,0,4,
penetration_gesture,0,4,
inset,0,4,
rattle,0,4,
phonecard,0,4,
walking_stick,0,4,
ar-15,0,4,
radish,0,4,
holding_sunglasses,0,4,
project_krone,0,4,
above_clouds,0,4,
isopod,0,4,
sunrise_stance,0,4,brave_perspective
ai_ai_gasa,0,4,love_umbrella
holding_balloon,0,4,
braiding_hair,0,4,
recorder_case,0,4,
grey_bodysuit,0,4,"grey_bikesuit,gray_bikesuit,gray_bodysuit"
torn_bike_shorts,0,4,ripped_bike_shorts
folding_screen,0,4,japanese_movable_partition
holding_tail,0,4,
stole,0,4,
clothes_pin,0,4,"clothing_pin,clothespins,clothespin,clothes_pins"
speedo_(company),0,4,
interior,0,4,
strawberry_pocky,0,4,
yuzuki_yukari_(cosplay),0,4,
semibreve,0,4,
coffee_beans,0,4,
transmission_tower,0,4,electricity_pylon
petals_on_water,0,4,
date_pun,0,4,
stellated_octahedron,0,4,
ambiguous_red_liquid,0,4,
cleansed_crystal_mirror,0,4,
juban,0,4,
stomach_growling,0,4,stomach_growl
airbrush_(medium),5,4,
bandaid_on_finger,0,4,
etherlite,0,4,
eiffel_tower,0,4,
electric_plug,0,4,
carriage,0,4,
tamagoyaki,0,4,egg_roll
orca,0,4,"orca_whale,killer_whale"
carnation,0,4,
ankleband,0,4,
breathing_fire,0,4,"fire_spit,spitting_fire"
shiny_pokemon,0,4,
pikachu_tail,0,4,
plate_carrier,0,4,
no_navel,0,4,"no_belly_button,no_bellybutton"
anal_fluid,0,4,
ink_(medium),0,4,
two-tone_legwear,0,4,
furniture,0,4,
orange_kimono,0,4,orange_yukata
sleep_molestation,0,4,somnophilia
fur_gloves,0,4,
rubbing,0,4,
overexposure,0,4,
white_bikini_bottom,0,4,
options,0,4,
hina_ningyou,0,4,hina_doll_set
jack-o'-lantern_earrings,0,4,
green_hairband,0,4,
brown_bra,0,4,
moriya_suwako_(cosplay),0,4,
twig,0,4,
violet_(flower),0,4,
shinkon_santaku,0,4,"dinner_bath_or_me,bath_dinner_or_me,soretomo"
spell,0,4,
deerstalker,0,4,
belly_rub,0,4,
hair_scarf,0,4,
imminent_vaginal,0,4,
key_frame,0,4,
belt_removed,0,4,
mode_elegant_(go!_princess_precure),0,4,
pepsi_nex,0,4,
multicolored_cape,0,4,
headstand,0,4,
food_stand,0,4,
yatai,0,4,
print_scrunchie,0,4,
shutter_shades,0,4,
kataginu,0,4,
striped_neckerchief,0,4,
shichirin,0,4,
inarizushi,0,4,
unamused,0,4,
brown_clothes,0,4,
zenra,0,4,
yakumo_yukari_(cosplay),0,4,
bunny_on_head,0,4,
suspenders_pull,0,4,
komeiji_koishi_(cosplay),0,4,
sewing_needle,0,4,sewing_needles
hat_loss,0,4,
bike_jersey,0,4,bicycle_jersey
no_brand_girls,0,4,
blindfold_slip,0,4,
laurel_crown,0,4,
colorful_drop_(module),0,4,
eye_socket,0,4,
samus_aran_(cosplay),0,4,
sunset_nostalgie,0,4,
wiping,0,4,
full,0,4,
arm_cutout,0,4,
yuunagi_middle_school_uniform,0,4,
stepping,0,4,
animal_between_breasts,0,4,
fir_tree,0,4,
lowleg_shorts,0,4,low-rise_shorts
stuffed_pig,0,4,
rider_(cosplay),0,4,
argyle_scarf,0,4,
store_clerk,0,4,
croquette,0,4,
knocking,0,4,
glitter,0,4,
bowtie_removed,0,4,
coin_(ornament),0,4,
arms_between_legs,0,4,
dojikko,0,4,
adjusting_headwear,0,4,adjusting_hat
sitting_on_table,0,4,
breast_cutout,0,4,
armor_removed,0,4,
toyota,0,4,
raimon_soccer_uniform,0,4,
after_paizuri,0,4,
chinese_new_year,0,4,lunar_new_year
bug,0,4,"insect,insects,bugs"
checkered_bikini,0,4,
shotgun_shells,0,4,
stadium,0,4,
seven_deadly_sins,0,4,
garbage,0,4,
cum_bath,0,4,
hands_on_own_knee,0,4,
locked_slide,0,4,
shorts_aside,0,4,
eyepatch_bikini,0,4,
on_chair,0,4,
star_cutout,0,4,
sitting_on_floor,0,4,
barcode_scanner,0,4,
horizontal-striped_background,0,4,
gun_to_head,0,4,
sea_spray,0,4,
dragon_ball_(object),0,4,dragonball_(object)
headache,0,4,
meltrandi,0,4,
railings,0,4,
bound_toes,0,4,
chouchin_obake,0,4,
container,0,4,
tourmaline,0,4,
drying,0,4,toweling_off
caressing_testicles,0,4,"fondling_testicles,ball_caress"
otter,0,4,
jindai_high_school_uniform,0,4,
open_bikini,0,4,
panzerkampfwagen_iii,0,4,
flip_phone,0,4,
transforming_clothes,0,4,
lace-trimmed_ribbon,0,4,
spork,0,4,
foot_dangle,0,4,
rural,0,4,countryside
dark_aura,0,4,
frilled_cuffs,0,4,
white_umbrella,0,4,
touching,0,4,
gokkun,0,4,cum_drinking
heart_wings,0,4,
buckler,0,4,
chest_tattoo,0,4,
ankle_strap,0,4,
houshiuta,0,4,
heart_(organ),0,4,
napkin,0,4,
grandfather_clock,0,4,
cheesecake,0,4,
fake_scrollbar,0,4,
symmetry,0,4,symmetrical
pikapikapop,0,4,
frog_costume,0,4,"frog_suit,frogsuit"
nagato_yuki_(cosplay),0,4,
twitching,0,4,
tsuchinoko,0,4,
ornate,0,4,
cruiser,0,4,
diploma,0,4,
royal_robe,0,4,
pitcher,0,4,
brown_border,0,4,
hands_on_own_ass,0,4,
incipient_kiss,0,4,
poke_ball_print,0,4,
ultimate_moe,0,4,
thigh_cutout,0,4,
satellite,0,4,
black_flower,0,4,
u_u,0,4,
dildo_under_panties,0,4,
cosmetics,0,4,
mugen_gakuen_school_uniform,0,4,
calico,0,4,
lamb,0,4,
wet_towel,0,4,
mg34,0,4,
famas,0,4,
ballet_boots,0,4,
wrapped_candy,0,4,
brown_scarf,0,4,
breast_milk,0,4,
dress_of_heaven,0,4,
entry_plug,0,4,
chili,0,4,
habanero,0,4,
bikini_around_one_leg,0,4,
sobbing,0,4,
chikuwa,0,4,
cellphone_picture,0,4,
dvd_case,0,4,
snap-fit_buckle,0,4,"side_release_buckle,quick_release_buckle"
hair_pulled_back,0,4,
apron_pull,0,4,
tan_skirt,0,4,
swiss_roll,0,4,roll_cake
multiple_legs,0,4,
dryad,0,4,
purple_sweater,0,4,
accident,0,4,
print_scarf,0,4,
colt_1851_navy,0,4,
mazda,0,4,
movie_poster,0,4,
bed_invitation,0,4,
baton_(instrument),0,4,
orange_flower,0,4,
cigarette_holder,0,4,
panzerkampfwagen_iv,0,4,
tart_(food),0,4,
on_grass,0,4,
motteke!_serafuku,0,4,motekke!_serafuku
against_rock,0,4,
gift_bag,0,4,
beam_saber,0,4,
super_robot,0,4,
chicken_costume,0,4,
karaoke,0,4,
impregnation,0,4,impregnate
stirring,0,4,
naked_cardigan,0,4,
print_hakama,0,4,
breathing,0,4,
sig_p226,0,4,
board,0,4,
framed,0,4,
shirt_around_waist,0,4,
november,0,4,
black_bikini_bottom,0,4,
heart_shape,0,4,
strapless_bottom,0,4,
gate_of_babylon,0,4,
coffee_pot,0,4,
zouni_soup,0,4,"ozoni_soup,zoni_soup"
wiping_sweat,0,4,
gold_trim,0,4,
tug,0,4,
frilled_hairband,0,4,
element_bending,0,4,
leaf_panties,0,4,
night_battle_idiot,0,4,
wanted,0,4,
screentones,0,4,
long_sword,0,4,
pumpkin_costume,0,4,
alpaca_tail,0,4,
golem,0,4,
headphones_removed,0,4,
convenient_tail,0,4,tail_censor
star_of_david,0,4,
accessory_tan,0,4,
extra_penises,0,4,multi_cock
condensation,0,4,
shiranui_mai_(cosplay),0,4,
tail_hug,0,4,
projector,0,4,
waving_arms,0,4,
sitting_sideways,0,4,
entrance,0,4,
september,0,4,
plaid_pants,0,4,
swamp,0,4,
princess_form_(smile_precure!),0,4,
knee_to_chest,0,4,
palace_of_dragon_(idolmaster),0,4,
blue_bikini_bottom,0,4,
sentai,0,4,
rubber_gloves,0,4,
latex_dress,0,4,
offering,0,4,
bird_nest,0,4,
light_background,0,4,
muffin_top,0,4,
queen_of_hearts_(cosplay),0,4,
drugged,0,4,
artillery,0,4,
plaid_legwear,0,4,
rope_walking,0,4,
silver_nails,0,4,silver_fingernails
ear_ribbon,0,4,"animal_ear_bow,ear_bow"
shoshinsha_mark,0,4,"new_driver_mark,wakaba_mark,beginner_driver_mark"
red_glasses,0,4,
colored_pencil,0,4,coloured_pencil
camouflage_bikini,0,4,
printer,0,4,
finger_writing,0,4,
sunflower_seed,0,4,
caterpillar,0,4,
beige_hair,0,4,
pink_pants,0,4,
chimera,0,4,
cosmic_&_funny_(idolmaster),0,4,cosmic_&_funny(idolmaster)
spilled,0,4,
dots,0,4,
waiting,0,4,
cockroach,0,4,"roach,cockroaches,roaches"
native_american,0,4,
royal_navy,0,4,
jupiter,0,4,
ribbed_bikini,0,4,
padlocked_collar,0,4,
studying,0,4,
crocs,0,4,
hyadain_no_joujou_yuujou,0,4,
skull_mask,0,4,
speaking_tube_headset,0,4,
flamingo,0,4,
fn_fal,0,4,
gothic_purple_(module),0,4,
multi-strapped_bikini,0,4,
yuki_onna,0,4,
muzzle_brake,0,4,
pizza_box,0,3,
surprised_arms,0,3,
holding_lantern,0,3,
unconscious,0,3,
brown_footwear,0,3,
st._gloriana's_(emblem),0,3,
hakutaku,0,3,
cherry_flamenco,0,3,
digital_camouflage,0,3,"marpat,pixelated_camouflage"
folding_stock,0,3,
covering_anus,0,3,
multiple_crossover,0,3,
butterfly_on_head,0,3,
yuzuriha_inori_(cosplay),0,3,
toque_blanche,0,3,
royal,0,3,
popcorn,0,3,
indian,0,3,
cracked_skin,0,3,
bullet_necklace,0,3,
bartender,0,3,
blue_towel,0,3,
breast_pump,0,3,
pinecone,0,3,
sleeveless_coat,0,3,
hand_on_own_leg,0,3,
sitting_in_window,0,3,
trolling,0,3,
cello,0,3,violoncello
republic_of_china_flag,0,3,"taiwanese_flag,roc_flag"
imagining,0,3,"day_dreaming,daydreaming,imagination"
harbor,0,3,harbour
headshop,5,3,
pool_table,0,3,"snooker_table,billiards_table"
gamma_correction,0,3,
torn_sleeve,0,3,
sakata_gintoki_(cosplay),0,3,
dark_areolae,0,3,
over_the_nose_gag,0,3,over_the_nose_gagged
mini_flag,0,3,
rat,0,3,
icon,0,3,
jacket_lift,0,3,
gradient_wings,0,3,
post,0,3,
simon_(cosplay),0,3,
hatching,0,3,
kama_(weapon),0,3,
kusarigama,0,3,chain_sickle
fried_rice,0,3,
tail_ring,0,3,
holding_own_foot,0,3,
marching_band_baton,0,3,
fire_flower,0,3,
stuffed_reindeer,0,3,
grado_labs,0,3,
pokemon_ears,0,3,
b-52_stratofortress,0,3,
pc98,0,3,
jaguar_tail,0,3,
strangling,0,3,"choking_another,strangle"
swaying,0,3,
chopsticks_in_mouth,0,3,
hat_tug,0,3,
lace-trimmed_shirt,0,3,lace-trimmed_blouse
luna_(sailor_moon)_(human),4,3,
implied_fellatio,0,3,
dust_cloud,0,3,
hockey_mask,0,3,
digital_clock,0,3,
instant_ramen,0,3,
panty_dangle,0,3,
emperor_penguin_(kemono_friends)_(cosplay),0,3,
easy_chair,0,3,
garden_of_the_sun,0,3,
hanged,0,3,
searching,0,3,
multicolored_skin,0,3,
red_belt,0,3,
drooping_cat,0,3,
frilled_hair_tubes,0,3,
barrett,0,3,
zener_card,0,3,
twiddling_fingers,0,3,
pointing_finger,0,3,
in_the_face,0,3,
painting_nails,0,3,
pedicure,0,3,
unbuckled,0,3,
yobai,0,3,
nattou,0,3,natto
side-tie_skirt,0,3,
color_switch,0,3,
spas-12,0,3,
barrette,0,3,
tied_nipples,0,3,
stripper,0,3,
high_jump,0,3,
socks_over_thighhighs,0,3,
cola,0,3,
static,0,3,noise_(crt)
alphabet,0,3,
orange-framed_eyewear,0,3,
bee,0,3,
she_holds_my_weakness,0,3,
chocolate_covered,0,3,
yellow_leotard,0,3,
rolling_pin,0,3,
gunkata,0,3,
hands_on_legs,0,3,
mosquito,0,3,
possessed,0,3,
flick,0,3,
aircraft_carrier,0,3,
mechanical_ears,0,3,
pink_sky,0,3,
turtle_shell,0,3,
gradient_skirt,0,3,
spark,0,3,
game_over,0,3,
checkered_wall,0,3,
brown_bowtie,0,3,
white_eyelashes,0,3,
!!?,0,3,
aerosol,0,3,
spray_paint,0,3,
strong,0,3,
nipple_leash,0,3,
cartridge_case,0,3,
suikawari,0,3,watermelon_splitting_game
rectangle,0,3,
pull,0,3,
glance,0,3,
chen_(cosplay),0,3,
ant,0,3,ants
cocktail_umbrella,0,3,drink_umbrella
glyph,0,3,
meditation,0,3,meditating
type_99_cannon,0,3,
gingerbread_man,0,3,
urameshiya,0,3,
nest,0,3,
beluga_whale,0,3,
scarf_removed,0,3,
cymbals,0,3,cymbal
bunny_hat,0,3,
cure_black_(cosplay),0,3,
camisole_over_clothes,0,3,
moderate_pubic_hair,0,3,
egg_yolk,0,3,yolk
dragoon,0,3,
semi-transparent,0,3,
handbell,0,3,
energy_wings,0,3,
wall_clock,0,3,
aries,0,3,
toosaka_rin_(cosplay),0,3,
holding_shoe,0,3,
sound_system,0,3,
purple_wings,0,3,
drawstring_bag,0,3,
buddhism,0,3,
pkm,0,3,
masu,0,3,
diagonal-striped_background,0,3,
mirror_writing,0,3,
hungarian_clothes,0,3,
grey_bikini,0,3,"grey_bikini_top,grey_bikini_bottom,gray_bikini"
froth,0,3,
wheat_field,0,3,
white_santa_costume,0,3,
pyrokinesis,0,3,"pyromancy,fire_manipulation,fire_magic"
canada,0,3,
stereo,0,3,
brown_pubic_hair,0,3,
floating_screen,0,3,
argyle_cutout,0,3,
orel_cruise,0,3,
uppercut,0,3,
loaf_of_bread,0,3,
eye_beam,0,3,eyebeam
anchor_necklace,0,3,
blue_border,0,3,
mohawk,0,3,mohican_(hairstyle)
berserker_(granblue_fantasy),4,3,
elbows_on_knees,0,3,
beats_by_dr._dre,0,3,
head_on_table,0,3,
stop_sign,0,3,
ribbon-trimmed_elbow_gloves,0,3,
sailboat,0,3,
vertical-striped_pants,0,3,
polka_dot_hat,0,3,
crystal_night_party,0,3,
title,0,3,
skirt_up,0,3,
lampshade,0,3,
multicolored_jacket,0,3,
multicolored_shorts,0,3,
angel_french,0,3,
mimic,0,3,
mimic_chest,0,3,
fart,0,3,
girl_on_a_plate,0,3,
nori_(seaweed),0,3,
cocked_eyebrow,0,3,
re-class_battleship_(cosplay),0,3,
amusement_park,0,3,
decantering,0,3,
time,0,3,
squirting,0,3,
argyle_bikini,0,3,
kriegsmarine,0,3,
world_war_i,0,3,"ww1,/wwi,wwi"
flock,0,3,
feast,0,3,
print_towel,0,3,
yellow_towel,0,3,
brazuca,0,3,
greece,0,3,
tactile_paving,0,3,
clima-tact,0,3,
anchor_print,0,3,
happi,0,3,
kirameki_high_school_uniform,0,3,
3;,0,3,
celtic_cross,0,3,
crime_prevention_buzzer,0,3,personal_alarm
parasite,0,3,
broom_ribbon,0,3,
organs,0,3,
h&k_mp7,0,3,mp7
hands_on_shoulders,0,3,
paint_stains,0,3,
grey-framed_eyewear,0,3,silver-framed_eyewear
cheek_pull,0,3,"stretching_cheeks,cheek_tug"
forced_smile,0,3,
sakura_saber_(cosplay),0,3,
bodysuit_pull,0,3,
tied_skirt,0,3,
squid_girl,0,3,
purple_blouse,0,3,
short_sidetail,0,3,
blowing_whistle,0,3,
ears_up,0,3,
anomalocaris,0,3,
opabinia,0,3,
brain,0,3,
implied_footjob,0,3,
cyan_eyes,0,3,
kagamine_rin_(cosplay),0,3,
proposal,0,3,
right-hand_drive,0,3,
mooncake,0,3,
lens_flare_abuse,0,3,
cumdrip_onto_panties,0,3,
cat_on_shoulder,0,3,
flush,0,3,
loose_panties,0,3,
game_boy_color,0,3,gameboy_color
orange_shoes,0,3,
koi_ni_naritai_aquarium,0,3,
love_guitar_rod,0,3,
dodging,0,3,
ripping,0,3,
stuffed_sheep,0,3,
penis_awe,0,3,cock_shock
shell_hair_ornament,0,3,seashell_hair_ornament
lapel_pin,0,3,
tape_on_nipples,0,3,
mosaic_background,0,3,
no_symbol,0,3,no_sign
phantom_thief_erichika,0,3,
cum_in_panties,0,3,
tanuki_costume,0,3,
back-to-back,0,3,back_to_back
buster_sword,0,3,
laundry_basket,0,3,
body_offscreen,0,3,
scouter,0,3,
captured,0,3,
spanish,0,3,
patterned_clothing,0,3,
chocolate_cake,0,3,
self_bondage,0,3,
wiping_forehead,0,3,
gradient_dress,0,3,
mole_on_neck,0,3,
jaguar_print,0,3,
webbed_feet,0,3,
black_belt,0,3,
kadomatsu,0,3,
tank_(container),0,3,
warming,0,3,
pringle_duck,0,3,pringleduck
aqua_bowtie,0,3,
red_wine,0,3,
funnels,0,3,
trombone,0,3,
burner,0,3,
blueprint,0,3,
male_underwear,0,3,underwear_(male)
holo_(cosplay),0,3,
blue_tongue,0,3,
furrification,0,3,
spitting_blood,0,3,"vomiting_blood,puking_blood,blood_spit"
card_between_breasts,0,3,
stand,0,3,
moe,0,3,
jigsaw_puzzle,0,3,
cleaning_brush,0,3,
picket_fence,0,3,
1998,0,3,
palms_together,0,3,
tokyo_sky_tree,0,3,
orange_peel,0,3,
calm,0,3,
nobori,0,3,
centipede,0,3,
repair_bucket,0,3,
missionary,0,3,missionary_position
shaking,0,3,
whiskey,0,3,
easytoon,0,3,
boot_removed,0,3,
saishi,0,3,
chocolate_hair,0,3,
droplet,0,3,
fiery_background,0,3,"flame_background,fire_background,burning_background,/firebg,/fierybg"
frosted_glass,0,3,
countdown_timer,0,3,
repairing,0,3,
mascot_costume,0,3,
character_age,0,3,age
triple_penetration,0,3,
rickenbacker,0,3,
suzuki_ayane_(cosplay),0,3,
nose_art,0,3,
churchill_(tank),0,3,
paper_cup,0,3,
flying_nimbus,0,3,kintoun
bedside,0,3,
twinkle_star_(idolmaster),0,3,
bicycle_helmet,0,3,
florence_nightingale_(fate/grand_order)_(cosplay),0,3,
nightstand,0,3,"bedside_table,night_table"
soy_sauce,0,3,
red_suit,0,3,
monoglove,0,3,
dumpling,0,3,dumplings
fossil,0,3,
sari,0,3,
after_insertion,0,3,
heart-shaped_food,0,3,
scorpion,0,3,
panties_in_mouth,0,3,
alpaca,0,3,
kagune_(tokyo_ghoul),0,3,
covered_clitoris,0,3,
ghost_print,0,3,
matador,0,3,
face_licking,0,3,
single_pauldron,0,3,single_spaulder
ear_twitch,0,3,
removing_jacket,0,3,
"samfree_(""night""_songs)",3,3,
heart-shaped_sunglasses,0,3,
dr_pepper,0,3,dr._pepper
dark_room,0,3,
blazblue_insignia,0,3,
minotaur,0,3,
broken_armor,0,3,torn_armor
torn_kimono,0,3,"ripped_kimono,torn_yukata"
fluorescent_lamp,0,3,
mikuru_beam,0,3,
dvd,0,3,
dollar_sign,0,3,$
ethernet_cable,0,3,
kasumi_(pokemon)_(cosplay),0,3,
blending,0,3,
vectors,0,3,
breast_biting,0,3,boob_chomp
cigarette_butt,0,3,
hooded_sweater,0,3,
not_afraid_anymore,0,3,
rolling,0,3,
verniy_(kantai_collection)_(cosplay),0,3,
polka_dot_apron,0,3,
beaver_ears,0,3,
horse_head,0,3,
shakujou,0,3,"priest_staff_(buddhist),sounding_staff,khakkhara,shakujo"
mail,0,3,
drape,0,3,
tag,0,3,
hat_basket,0,3,
school_of_fish,0,3,
bar_stool,0,3,
ceiling_light,0,3,
greenhouse,0,3,
cum_on_self,0,3,
crab_girl,0,3,
scat,0,3,
brown_fur,0,3,
plaid_apron,0,3,
hook_hand,0,3,
hand_to_hat,0,3,
hakama_pull,0,3,
stabbed,0,3,
mapo_doufu,0,3,
playstation_controller,0,3,
fire_hydrant,0,3,
under_kotatsu,0,3,
shampoo_bottle,0,3,
l'ecole_des_cinq_lumieres_school_uniform,0,3,
warming_hands,0,3,
head_on_hand,0,3,
tantou,0,3,
lacrosse_stick,0,3,
classroom_eraser,0,3,
anaglyph,0,3,
ribbed_gloves,0,3,
stepping_stones,0,3,
o-ring_panties,0,3,
magicite,0,3,
hat_on_chest,0,3,
holding_arrow,0,3,
twirl_baton,0,3,
after_shower,0,3,
sweeping,0,3,
fake_antlers,0,3,
money_gesture,0,3,
double_sided_wrench,0,3,
reeds,0,3,
martial_arts,0,3,
looking_at_breasts,0,3,staring_at_breasts
maid_cap,0,3,
australian_flag,0,3,
lace-up_thighhighs,0,3,
diamond-shaped_pupils,0,3,
yahoo,0,3,
hole,0,3,
fourragere,0,3,
iced_tea,0,3,
reindeer_tail,0,3,
pillow_grab,0,3,
pikachu_ears,0,3,
us_army,0,3,
zero_(rockman)_(cosplay),0,3,
gangbang,0,3,"gang_sex,gangsex,gangrape,gang_rape,gang_bang"
group_sex,0,3,"fivesome,foursome,groupsex"
tall,0,3,
venus_syndrome,0,3,
short_sleeve_sweater,0,3,
the_best_schoolmate_(idolmaster),0,3,the_best_schoolmate
butterfly_tattoo,0,3,
curled_horns,0,3,curled_horn
blood_on_arm,0,3,bloody_arm
fusion_swords,0,3,
grey_sky,0,3,gray_sky
senjougahara_pose,0,3,
harmonica,0,3,
feather_duster,0,3,
;t,0,3,
wryyyyyyyyyyyyyyyyyyyy,0,3,/wry
animal_band_panties,0,3,
pure_white_memories,0,3,
prison_cell,0,3,jail_cell
cropped_shirt,0,3,
rider_kick,0,3,
bikini_shorts,0,3,
iroha_(samurai_spirits)_(cosplay),0,3,
futaba_anzu_(cosplay),0,3,
shaped_pubic_hair,0,3,
light_blue_eyes,0,3,
imminent_anal,0,3,
araizumi_rui_(style),0,3,
food_wrapper,0,3,
flower_in_mouth,0,3,
coconut_samba,0,3,
orange_hakama,0,3,
empty_pool,0,3,
anatomy,0,3,
stretched_limb,0,3,
swim_cap_removed,0,3,
roulette,0,3,
atago_(kantai_collection)_(cosplay),0,3,
mankai,0,3,
hands_on_own_stomach,0,3,
pink_wedding_dress,0,3,
ecstasy,0,3,
cherry_hair_ornament,0,3,
crutch,0,3,crutches
necklace_removed,0,3,
argyle_sweater_vest,0,3,
rectangular_mouth,0,3,"square_mouth,:[]"
frilled,0,3,
peacock_feathers,0,3,
falcon,0,3,
madoromi_no_yakusoku,0,3,
grey_shoes,0,3,
moose,0,3,
spitfire_(airplane),0,3,
tyrannosaurus_rex,0,3,t-rex
pants_around_one_leg,0,3,
genie,0,3,djinn
tornado,0,3,
deck,0,3,
trowel,0,3,
light_beam,0,3,
naked_pumpkin,0,3,
noren,0,3,
noble_academy_school_uniform,0,3,
kagamine_rin_(append),4,3,rin_append
wet_shorts,0,3,
sharing_food,0,3,
burp,0,3,
fire_extinguisher,0,3,
subway,0,3,
striped_shorts,0,3,
ff_gradient,0,3,
panicking,0,3,panic
cash_register,0,3,
ultra_ball,0,3,"hyper_ball,ultraball"
willow,0,3,
broken_mask,0,3,
vizard,0,3,
body_bridge,0,3,"bridge_pose,back_bridge"
facial_scar,0,3,
wrapper,0,3,
hot_air_balloon,0,3,
the_monkey,0,3,
carving,0,3,
head_on_arm,0,3,
footwear_removed,0,3,
finnish_flag,0,3,
sparkle_print,0,3,
coal,0,3,
too_many_books,0,3,
tiger_i,0,3,"pzkpfw_vi_tiger_i,panzer_vi_tiger_i"
bandaid_on_clothes,0,3,
cake_hat,0,3,
vega_(cosplay),0,3,
pink_pajamas,0,3,
bathrobe,0,3,
shirt_tucked_in,0,3,tucked_in_shirt
tiny_anus,0,3,
aqua_shirt,0,3,aqua_blouse
pc_personification,0,3,
planted_arrow,0,3,
desktop,0,3,
bouncing_hair,0,3,
china,0,3,
brain_injection,0,3,
brainwashing,0,3,
changing_room,0,3,
removing_glove,0,3,
badminton_racket,0,3,
hurdle,0,3,
tummy,0,3,
urban,0,3,
urethral_beads,0,3,
wool,0,3,
panties_around_one_finger,0,3,
bloodshot_eyes,0,3,bloodshot_eye
shinku_(cosplay),0,3,
shameimaru_aya_(cosplay),0,3,
american_flag_shirt,0,3,
public_masturbation,0,3,
leather_suit,0,3,
salmiakki,0,3,
torn,0,3,
blood_on_breasts,0,3,bloody_breasts
miso_soup,0,3,
seaport_hime_(cosplay),0,3,
native_american_headdress,0,3,
rattlesnake,0,3,
macro,0,3,
print_bowtie,0,3,
aviator_sunglasses,0,3,aviator_glasses
ooarai_(emblem),0,3,
red_scrunchie,0,3,
target,0,3,
holiday,0,3,
megurine_luka_(cosplay),0,3,
thigh_bow,0,3,
airplane_interior,0,3,
boobplate,0,3,
class_change,0,3,
jealous,0,3,jealousy
cammy_white_(cosplay),0,3,
horns_pose,0,3,"finger_horns,horn_pose"
greco-roman_architecture,0,3,
savannah,0,3,
sos_galactic_patrol,0,3,
trash_bag,0,3,"trash_bags,garbage_bags,garbage_bag,rubbish_bags,rubbish_bag,waste_bags,waste_bag"
mobile,0,3,
magazine_ejection,0,3,
holding_cat,0,3,
aerial_battle,0,3,
war,0,3,
episode_number,0,3,
diamonds_(playing_card),0,3,
on_wall,0,3,
magpul_fmg-9,0,3,
gelatin,0,3,jello
hand_on_own_elbow,0,3,elbow_on_own_hand
shishio_makoto_(cosplay),0,3,
cat's_tongue,0,3,
bitter_melon,0,3,
fever,0,3,
good_end,0,3,
adrenaline!!!,0,3,
chart,0,3,
film_border,0,3,
herringbone,0,3,
asa_no_ha_(pattern),0,3,
power-up,0,3,"power_up,powerup"
neck_scar,0,3,
pink_coat,0,3,
jack-o'-lantern_print,0,3,
tail_masturbation,0,3,
imi_uzi,0,3,
b5n,0,3,
orchid_mantis,0,3,
audience,0,3,
poison,0,3,
konnyaku_(food),0,3,"konnyaku,konjac_(food)"
bus_interior,0,3,inside_bus
suzumiya_haruhi_(cosplay),0,3,
hands_on_own_shoulders,0,3,
striped_tank_top,0,3,
expressive_hair,0,3,
shoe_lockers,0,3,
tantrum,0,3,
weasel_ears,0,3,stoat_ears
zipping,0,3,
fishing_hook,0,3,
urn,0,3,
excited,0,3,
chasing,0,3,chase
red_nose,0,3,
quad_drills,0,3,
leather_pants,0,3,
heavy_machine_gun,0,3,
cleats,0,3,
tifa_lockhart_(cosplay),0,3,
covering_head,0,3,
yakitori,0,3,
ipad,0,3,
soil,0,3,
broken_plate,0,3,
space_shuttle,0,3,
tiger_girl,0,3,
holy_grail,0,3,
tape_censor,0,3,censor_tape
april,0,3,
liftoff,0,3,
sett,0,3,
stamp,0,3,
cephalopod_eyes,0,3,octopus_eyes
suction_cups,0,3,
sugar_bowl,0,3,
foot_tickling,0,3,
carrot_pillow,0,3,
rappelling,0,3,
food_on_legs,0,3,
on_roof,0,3,
:s,0,3,
sauna,0,3,
bad_vulva,0,3,
masa_ni,0,3,
bagpipes,0,3,
dalmatian,0,3,
folklore,0,3,
menstrual_pad,0,3,
hooded_coat,0,3,
long_twintails,0,3,
micro_shorts,0,3,
oden,0,3,
string_in_mouth,0,3,
seams,0,3,
vanity_table,0,3,dressing_table
sisters,0,3,
twins,0,3,
kubrick_stare,0,3,
frottage,0,3,frotting
paizuri_under_clothes,0,3,
pretzel_pose,0,3,
hickey,0,3,
single_eye,0,3,
crowd,0,3,
kanshou_&_bakuya,0,3,
m14,0,3,
panel_gag,0,3,
asuna_(sao)_(cosplay),0,3,
douglas_macarthur_(cosplay),0,3,
sabaton,0,3,
snakeskin_print,0,3,
december,0,3,
business,0,3,
bust_measuring,0,3,breast_measuring
cheek_squash,0,3,
sweater_jacket,0,3,
age_difference,0,3,older_on_younger
chest_stand,0,3,
fishing_net,0,3,
filigree,0,3,
pump_action,0,3,pump_shotgun
wardrobe,0,3,
hagane_vocaloid,0,3,
paper_hat,0,3,
paper_kabuto,0,3,
holding_brush,0,3,
cake_hair_ornament,0,3,
print_sweater,0,3,
kyoto,0,3,
knees_apart_feet_together,0,3,
crazy_grin,0,3,
horseshoe,0,3,
long_arms,0,3,
hammerhead_shark,0,3,
animal_band_legwear,0,3,
dotted_minim,0,3,
minim_rest,0,3,
yellow_swimsuit,0,3,
oversized_zipper,0,3,
costume_switch,0,3,"outfit_switch,costume_swap,exchanging_clothes"
snow_white_(cosplay),0,3,
m1919,0,3,
conductor,0,3,
internal_cumshot,0,3,"semen_in_uterus,internal,cum_in_uterus"
melodica,0,3,
pendulum,0,3,
tenryuu_(kantai_collection)_(cosplay),0,3,
stratocaster,0,3,
in_panties,0,3,
wolf_paws,0,3,
marshmallow,0,3,
gag_around_neck,0,3,
stuffed_fox,0,3,
condom_on_penis,0,3,
blue_bikini_top,0,3,
mismatched_sclera,0,3,
censoring_text,0,3,
stirrup_thighhighs,0,3,
shark_fin,0,3,
kurokote,0,3,
ukraine,0,3,
ukrainian_flag,0,3,
yuubari_(kantai_collection)_(cosplay),0,3,
bunny_vibrator,0,3,
rice_hat,0,3,
grey_wings,0,3,gray_wings
fishnet_top,0,3,fishnet_shirt
leafa_(cosplay),0,3,
gangsta_hold,0,3,sideways_gun
nicoseiga_sample,5,3,
tight_top,0,3,
selfcest,0,3,
naked_socks,0,3,
royale_style_(idolmaster),0,3,
fine_fabric_emphasis,0,3,
raised_fists,0,3,
dog_costume,0,3,
h&k_mp5,0,3,mp5
noel_vermillion_(cosplay),0,3,
blank_speech_bubble,0,3,"blank_thought_bubble,blank_word_balloon,blank_word_bubble,empty_word_bubble,empty_speech_bubble"
template,0,3,exploitable
serving_cart,0,3,
beam_rifle,0,3,
power_strip,0,3,"power_board,surge_protector"
spaghetti,0,3,
flying_fish,0,3,
holding_bow_(weapon),0,3,
magnet,0,3,magnets
game_boy_advance_sp,0,3,gameboy_advance_sp
nintendo_3ds_ll,0,3,nintendo_3ds_xl
nintendo_64,0,3,
camouflage_hat,0,3,
no_eyebrows,0,3,
cocked_hammer,0,3,
holding_to_chest,0,3,
nagato_(kantai_collection)_(cosplay),0,3,
paravane,0,3,
lifted_by_another,0,3,
elbow_on_knee,0,3,
shiki_eiki_(cosplay),0,3,shikieiki_yamaxanadu_(cosplay)
lever_action,0,3,
mare's_leg,0,3,
winchester_model_1892,0,3,
croissant,0,3,
washing_machine,0,3,
fanning,0,3,
hermit_crab,0,3,
frill_trim,0,3,
red_clothes,0,3,
sexy_no_jutsu,0,3,
too_many_bats,0,3,
huge_dildo,0,3,large_dildo
ribbon-trimmed_ornament,0,3,
ryokan,0,3,
tying_shoes,0,3,
wyvern,0,3,
shaving,0,3,
natural_sign,0,3,
knot,0,3,
cigarette_box,0,3,
hairjob,0,3,
stuffed_cow,0,3,
kitakami_(kantai_collection)_(cosplay),0,3,
raspberry,0,3,raspberries
knitting_needle,0,3,knitting_needles
breakdance,0,3,
elder_sign,0,3,
mountain_dew,3,3,
koishi_day,0,3,
banana_slice,0,3,
engagement_ring,0,3,
mount_fuji,0,3,
mandragora,0,3,
false_arm,0,3,
false_limb,0,3,
striped_pillow,0,3,
wolf_costume,0,3,
wrapped_up,0,3,
digital_thermometer,0,3,
walking_away,0,3,
fur-trimmed_kimono,0,3,
crate,0,3,crates
crumpled_paper,0,3,
stepped_on,0,3,stepping_on_person
heads-up_display,0,3,"heads-up-display,heads_up_display,hud"
gun_in_pussy,0,3,
poland,0,3,
nipple_ribbon,0,3,
x-ray_glasses,0,3,
x-ray_vision,0,3,
torn_hat,0,3,
webclap,0,3,
cotton_swab,0,3,"q-tip,cotton_bud"
chabudai_(table),0,3,
crotch_kick,0,3,groin_kick
nobiiru_arm,0,3,
cola_miku,4,3,
dirt,0,3,
ankle_grab,0,3,
nose_ring,0,3,septum_piercing
quad_braids,0,3,
clitoris_clamp,0,3,clit_clamp
taokaka_(cosplay),0,3,
bad_ass,0,3,
pink_scrunchie,0,3,
handsfree_ejaculation,0,3,untouched_ejaculation
arisaka,0,3,"type_99_short_rifle,type_44_carbine,type_30_rifle,type_38_carbine,type_38_rifle"
pew,0,3,
seatbelt,0,3,
iris_(flower),0,3,
peeling,0,3,
orange_neckerchief,0,3,
old_man,0,3,
character_hair_ornament,0,3,
tokyo_tower,0,3,
folding_bicycle,0,3,
slip_showing,0,3,
toilet_seat,0,3,
white_flag,0,3,
rosary,0,3,
fishing_lure,0,3,
glove_in_mouth,0,3,
cargo_pants,0,3,
peeing_in_bottle,0,3,
shopping_basket,0,3,
stabbing,0,3,
hair_over_face,0,3,
wing_ears,0,3,
torn_ribbon,0,3,
drowsy,0,3,
vodka,0,3,
engineer,0,3,
pink_clothes,0,3,
korekara_no_someday,0,3,
arabian,0,3,
navy_blue_serafuku,0,3,
mechanic,0,3,
large_hat,0,3,big_hat
yakiimo,0,3,
ember_celica_(rwby),0,3,
wet_spot,0,3,
paladin,0,3,
snort,0,3,
giga_drill_break,0,3,giga_drill_breaker
floorplan,0,3,
bandaid_on_forehead,0,3,
taut_leotard,0,3,
mercy_(overwatch)_(cosplay),0,3,
loituma,0,3,
yua_aida,4,3,
severed_limb,0,3,severed_limbs
canal,0,3,
x-2_shinshin,0,3,
bulletproof_vest,0,3,"plate_carrier,kevlar_vest"
in_bubble,0,3,inside_bubble
skull_and_crossed_swords,0,3,
sock_gagged,0,3,
cherry_print,0,3,
gold_armor,0,3,
electrostimulation,0,3,
russian_flag,0,3,
excessive_cum,0,3,
karaginu_mo,0,3,
cure_angel_(fresh_precure!),0,3,
energy_drink,0,3,
dark_magician_girl_(cosplay),0,3,
clubs_(playing_card),0,3,
spades_(playing_card),0,3,
comic_sans,0,3,
uso_da,0,3,
flagpole,0,3,
sitting_on_roof,0,3,
gerbera,0,3,
gantz_suit,0,3,
electrodes,0,3,electrode_(object)
spiked_hairband,0,3,
unclasped,0,3,
ba_gua,0,3,
tight_shirt,0,3,
loudspeaker,0,3,
game_cover,0,3,
violin_case,0,3,
army,0,3,
light_machine_gun,0,3,
shampoo_hat,0,3,
pikachu_(cosplay),0,3,
dog_girl,0,3,
symbolism,0,3,symbolic
diamond_hands,0,3,
koubeya_uniform,0,3,
nipples_visible_through_clothing,0,3,
mochitsuki,0,3,mochi_pounding
lace-up_top,0,3,
dildo_harness,0,3,
contrast,0,3,
suppository,0,3,
clock_hands,0,3,
nyan-nyan_dance,0,3,
oikawa_shizuku_(cosplay),0,3,
stickam,0,3,
naked_raincoat,0,3,
censored_text,0,3,
honeypot,0,3,
goat_ears,0,3,
seashell_bra,0,3,
half-dress,0,3,
plum_blossoms,0,3,plum_blossom
argentina,0,3,
glasses_in_mouth,0,3,
lifting_covers,0,3,lifting_blanket
clone,0,3,clones
rainbow_text,0,3,
rum_raisin,0,3,
poking_self,0,3,
floating_breasts,0,3,
alice-type_underwear,0,3,
olive,0,3,
diabolo,0,3,
frontier_brain,0,3,
bellbottoms,0,3,
sashimi,0,3,
pactio,0,3,
orange_hairband,0,3,
snowball,0,3,
from_ground,0,3,
cum_on_toes,0,3,
panty_straps,0,3,
hijiri_byakuren_(cosplay),0,3,
swiss_flag,0,3,
polaroid,0,3,
chinese_lantern,0,3,
postcard,0,3,
idle_animation,0,3,
capoeira,0,3,
tuba,0,3,
concentrating,0,3,
attacking_viewer,0,3,
smoke_trail,0,3,
weightlifting,0,3,lifting_weights
neglect_play,0,3,
compound_bow,0,3,
seizon_honnou_valkyria,0,3,
one_finger_selfie_challenge,0,3,
chromatic_aberration_abuse,0,3,
paper_child,0,3,
christie_monteiro_(cosplay),0,3,
school_chair,0,3,
sea_slug,0,3,
akatsuki_(kantai_collection)_(cosplay),0,3,
shower_(place),0,3,
kangaroo,0,3,
tool_kit,0,3,
hand_sonic,0,3,
print_cape,0,2,
sweaty,0,2,
tricycle,0,2,
object_behind_back,0,2,
spoken_animal,0,2,
naked_hood,0,2,
artificial_wings,0,2,
mithra_(cosplay),0,2,
embryo,0,2,
pussy_cutout,0,2,
leg_lock,0,2,"legs_around_waist,legs_lock"
g36c,0,2,
orange_lipstick,0,2,
super_mushroom,0,2,
happy_facial,0,2,
brown_rose,0,2,
greek_cross,0,2,
drop,0,2,
esper,0,2,
ground_cherry,0,2,
june_lin_milliam_(cosplay),0,2,
striped_clothes,0,2,striped_clothing
chef_uniform,0,2,
bra_slip,0,2,
straw,0,2,
underbarrel_grenade_launcher,0,2,
headwear_switch,0,2,hat_switch
high_five,0,2,highfive
broom_surfing,0,2,"standing_on_broom,broomsurfing"
pontoon,0,2,
heart-shaped_gem,0,2,
huge_clitoris,0,2,
cone,0,2,
wooden_box,0,2,
therianthrope,0,2,
ensis_exorcizans,0,2,
hobble_dress,0,2,
cosplay_request,5,2,
jet_engine,0,2,
whipping,0,2,
india,0,2,
butler,0,2,
female_butler,0,2,
dangerous_beast_(cosplay),0,2,
shielder_(fate/grand_order)_(cosplay),0,2,
eye_reflection,0,2,reflective_eyes
fundoshi_pull,0,2,
multicolored_text,0,2,
vulcan_salute,0,2,
stop_motion,0,2,
nyanpassu~,0,2,
shelter,0,2,
incoming_pocky_kiss,0,2,
skeleton_print,0,2,
triggertop,0,2,
vss_vintorez,0,2,
irrumatio,0,2,"facefuck,forced_blowjob,forced_fellatio,face_fucking"
unicycle,0,2,
volleyball_net,0,2,
ace_of_hearts,0,2,
husky,0,2,
against_window,0,2,
dot_triangle,0,2,
mechanical_boots,0,2,
striped_bikini_bottom,0,2,
swimwear_(module),0,2,
flyer,0,2,
cue_stick,0,2,pool_cue
over_the_mouth_gag,0,2,over_the_mouth_gagged
rapeseed_blossoms,0,2,
negi_suppository,0,2,
ice_cream_on_face,0,2,
keyblade,0,2,
oversized_hat,0,2,
narrow_hips,0,2,
obese,0,2,
spire,0,2,
hurt,0,2,
super_sonico_(cosplay),0,2,
cock_ring,0,2,penis_ring
health_bar,0,2,"hp_bar,lifebar"
power_star,0,2,
super_leaf,0,2,
imac,0,2,
muchourin,0,2,
wiping_eyes,0,2,
philosopher's_stone,0,2,
ribbon-trimmed_apron,0,2,
bomber,0,2,
kefir,0,2,
leg_wrap,0,2,leg_wraps
drop_trap,0,2,box_trap
tiger_hood,0,2,
mod_fashion,0,2,
whispering,0,2,whisper
vampire_costume,0,2,dracula_costume
kokuhaku_biyori_desu!,0,2,
meruru_(oreimo)_(cosplay),0,2,meruru_(ore_no_imouto)_(cosplay)
doppelganger,0,2,
1999,0,2,
2000,0,2,
agito_(nanoha)_(cosplay),0,2,
shinotsuku,0,2,
buried,0,2,
multicolored_necktie,0,2,
drapes,0,2,
can_to_cheek,0,2,
missile_pod,0,2,rocket_pod
goblin_mask,0,2,
gaiters,0,2,
thighhigh_gaiters,0,2,
nail_file,0,2,
lavender_legwear,0,2,
aozora_jumping_heart,0,2,
holding_socks,0,2,
pink_cape,0,2,
d.va_(overwatch)_(cosplay),0,2,
starfish_hair_ornament,0,2,
asymmetrical_armor,0,2,
tiramisu,0,2,
feet_on_table,0,2,feet_on_desk
jelly,0,2,
bent_spoon,0,2,
takenoko_no_sato_(food),0,2,
holding_bucket,0,2,
hemokinesis,0,2,"blood_manipulation,blood_magic"
su-27,0,2,
44_magnum,0,2,
flower_bra,0,2,
neptune_symbol,0,2,neptune_sign
>;3,0,2,
go_kart,0,2,
smother,0,2,
list,0,2,
walther_ppk,0,2,
peaceful,0,2,
jewelry_removed,0,2,
valley,0,2,
shattered,0,2,
hand_on_another's_head,0,2,
camisole_lift,0,2,
dodgeball,0,2,
blizzard,0,2,snowstorm
cinder_block,0,2,
prank,0,2,
slash,0,2,
oreo,0,2,
taunting,0,2,
focused,0,2,
stuffed_fish,0,2,
mortar,0,2,
pestle,0,2,
human_dog,0,2,
tsukumogami,0,2,
lime_slice,0,2,
tissue_princess,4,2,
f-14_tomcat,0,2,
person_on_head,0,2,
crosshair,0,2,crosshairs
stiff_tail,0,2,straightened_tail
double_thumbs_up,0,2,
izumi_sagiri_(cosplay),0,2,
no_smoking,0,2,
protocol_omega,0,2,
pink_leotard_(dq),0,2,
etwahl,0,2,
joints,0,2,
akagi_(kantai_collection)_(cosplay),0,2,
o_x,0,2,
facepalm,0,2,
overwatch_(logo),0,2,
red_ballad,0,2,
japanese_tankery_league_(emblem),0,2,
princess_of_the_crystal_(cosplay),0,2,
big_eyes,0,2,
keep_this_a_secret_from_everyone_in_class,0,2,
bacon,0,2,
bridle,0,2,
protractor,0,2,
set_square,0,2,"triangle_(tool),drawing_triangle"
scorpion_girl,0,2,
soda_cup,0,2,
graf_zeppelin_(kantai_collection)_(cosplay),0,2,
polka_dot_pajamas,0,2,
poison_(final_fight)_(cosplay),0,2,
autofellatio,0,2,"auto_fellatio,sucking_own_penis,licking_own_penis"
mudra,0,2,
vitarka_mudra,0,2,
palm-fist_greeting,0,2,
olympic_rings,0,2,
tennis_racket_case,0,2,
plaid_trim,0,2,
aerospray_(splatoon),0,2,
radio_tower,0,2,
dvd_(object),0,2,
lion_costume,0,2,
ocarina,0,2,
ink_wash_painting,0,2,
untied_bra,0,2,
green_topwear,0,2,
upturned_eyes,0,2,
chemicals,0,2,
crotch_ribbon,0,2,
propaganda,0,2,
sumo,0,2,
detonator,0,2,
folding_clothes,0,2,
grasslands,0,2,
orange_blossoms,0,2,orange_blossom
haruna_(kantai_collection)_(cosplay),0,2,
happy_shower,0,2,
kenzaki_makoto_(cosplay),0,2,
holding_whistle,0,2,
billboard,0,2,
lid,0,2,
non-anime_related,0,2,
revy_(black_lagoon)_(cosplay),0,2,
reaction,0,2,
inari,0,2,
pantsing,0,2,sharking
holographic_touchscreen,0,2,
pink_sclera,0,2,
arcade,0,2,
iced_coffee,0,2,
sport,0,2,
toy_train,0,2,
ice_block,0,2,
kasugano_sakura_(cosplay),0,2,
|3,0,2,
airplane_ornament,0,2,
horn_(instrument),0,2,
tooth_necklace,0,2,"teeth_necklace,fang_necklace"
spartan_(halo),0,2,
tetrapod,0,2,
sheep_hair_ornament,0,2,
rock_paper_scissors,0,2,jankenpon
meandros,0,2,greek_key
adhesive_bra,0,2,stick-on_bra
awning,0,2,
yellow_vest,0,2,
inkblot,0,2,
bound_wings,0,2,
bra_in_mouth,0,2,
bathhouse,0,2,"sento,public_bath"
pineapple_slice,0,2,
instagram_username,0,2,
may,0,2,
determined,0,2,
eye_contact,0,2,
racking_slide,0,2,
iron_maiden,0,2,
kamishirasawa_keine_(cosplay),0,2,
entrails,0,2,
flat_tire,0,2,
heavy,0,2,
buttjob,0,2,"assjob,shirikoki,hotdogging"
protodeviln,0,2,
carapace,0,2,
zippo_(object),0,2,
yoga,0,2,
namusanbou,0,2,
police_badge,0,2,
zura_(phrase),0,2,
cat_pillow,0,2,
color_guard,0,2,
tapir,0,2,
deck_chair,0,2,
hair_strand,0,2,
ro-500_(kantai_collection)_(cosplay),0,2,
pony,0,2,
jogging,0,2,
pastel_ink_(cosplay),0,2,
white_underwear,0,2,
ghost_hair_ornament,0,2,
rpg-7,0,2,
dog_hat,0,2,
no_entry_sign,0,2,
kendo,0,2,
bunny_panties,0,2,
umbrella_stand,0,2,
breathing_on_hands,0,2,
in_basket,0,2,
too_many_scoops,0,2,
hand_on_shoulder,0,2,
nixie_tube,0,2,
bud,0,2,
gleam,0,2,
progress,0,2,
ears_perk,0,2,
party_whistle,0,2,
bromide,0,2,
keyhole,0,2,
susuki_grass,0,2,
tsukimi_dango,0,2,
totooria_helmold_(cosplay),0,2,
nose_shade,0,2,
fast_food_uniform,0,2,
body_piercings,0,2,
mazda_rx-7,0,2,
racecar,0,2,
vehicle_interior,0,2,
bedwetting,0,2,
catheter,0,2,pee_tube
technology,0,2,
ipod_touch,0,2,
tape_on_pussy,0,2,
phone_booth,0,2,"telephone_booth,phonebooth"
cheek_press,0,2,cheek_rub
ganbare_ganbare_(itou_life),0,2,
spiked_anklet,0,2,
scorch_marks,0,2,
h&k_g41,0,2,
funded,0,2,
tail_flower,0,2,
rag,0,2,
symbol_in_eye,0,2,
aqua_swimsuit,0,2,
frog_raincoat,0,2,
maroon_background,0,2,
cuddling,0,2,"snuggle,cuddle"
2d_dating,0,2,
hilt,0,2,
pepper_box_revolver,0,2,
spoken_interrobang,0,2,spoken_!?
harley_davidson,0,2,
saddlebags,0,2,
fiery_tail,0,2,"flaming_tail,fire_tail"
humanoid_robot,0,2,
stuffed_bird,0,2,
shortcake,0,2,
plug_gag,0,2,
vomiting,0,2,puking
bandaged_hands,0,2,
hockey_stick,0,2,
planted_knife,0,2,
bad_tinami_id,0,2,
bound_torso,0,2,
sticky,0,2,
paparazzi,0,2,
rifle_grenade,0,2,
kuromorimine_(emblem),0,2,
slimy,0,2,
ladybug_earrings,0,2,
burnt,0,2,burned
angelic_angel,0,2,
ichininmae_no_lady,0,2,
variations,0,2,
grape_soda,0,2,
wrecking_ball,0,2,
panda_hat,0,2,
panda_tail,0,2,
condom_left_inside,0,2,
gari_gari-kun,0,2,
martini,0,2,
covering_navel,0,2,
corndog,0,2,
goalkeeper,0,2,
father_and_daughter,0,2,
warlock_(granblue_fantasy),4,2,
torn_vest,0,2,
mondragon_rifle,0,2,
saunders_(emblem),0,2,
black_capelet,0,2,
shiny_tambourine,0,2,
shishimai,0,2,
fortress,0,2,
white_sky,0,2,
bare_chest,0,2,
sketchpad,0,2,
black_umbrella,0,2,
the_genesis,0,2,
aqua_leotard,0,2,
nodoka_glasses,0,2,
coffee_table,0,2,
hoe,0,2,
plus_sign,0,2,
stone_mask_(jojo),0,2,
chain_belt,0,2,
kongou_(jmsdf),0,2,
hobble,0,2,
peril,0,2,
lab_burner_stand,0,2,
>;o,0,2,
gradient_sky,0,2,
first_ken,0,2,
coin_purse,0,2,
shrimp_tempura,0,2,fried_shrimp
sneezing,0,2,sneeze
doorbell,0,2,
light_brown_background,0,2,
ryuuguu_rena_(cosplay),0,2,
honda_super_cub,0,2,
blood_trail,0,2,
wet_thighhighs,0,2,
lap_pillow,0,2,"hizamakura,head_on_lap,head_in_lap,lappillow"
underwear_sniffing,0,2,
red_sun,0,2,
mole_above_mouth,0,2,
interface,0,2,
inside_creature,0,2,
f-22_raptor,0,2,
apple_o_archer,0,2,
adjusting_scarf,0,2,
fruit_bowl,0,2,
string_phone,0,2,"tin_can_phone,cup_phone"
under_bridge,0,2,
marimo,0,2,
bu-n,0,2,
polka_dot_kimono,0,2,polka_dot_yukata
cpu,0,2,
forest_of_magic,0,2,
empty_room,0,2,
pipe_bomb,0,2,pipebomb
couple,0,2,romance
heart-shaped_mouth,0,2,
autocunnilingus,0,2,"auto_cunnilingus,licking_own_pussy"
chicken_leg,0,2,chicken_drumstick
construction,0,2,
creeparka,0,2,
ginkgo_leaf,0,2,gingko_leaf
bra_on_head,0,2,
rebellion_(sword),0,2,
black_armor,0,2,
crocodile,0,2,
crocodilian,0,2,
colossus,0,2,
ass_mousepad,0,2,
ak-105,0,2,
height_chart,0,2,
headgear_removed,0,2,
oversized_limbs,0,2,
brother_and_sister,0,2,
magic_research,0,2,
white_queen_(cosplay),0,2,
weeds,0,2,
aragami,0,2,
plume,0,2,
walther_wa_2000,0,2,"walther_wa-2000,wa2000,wa-2000"
barrier,0,2,
hand_over_heart,0,2,hands_over_heart
2001,0,2,
sunny_day_song,0,2,
credit_card,0,2,
toeless_boots,0,2,
looking_over_glasses,0,2,
train_station_platform,0,2,
elbow_on_arm,0,2,
loose_bowtie,0,2,
group_name,0,2,band_name
clothes_on_bed,0,2,
shoulder_carry,0,2,"sitting_on_shoulders,shoulder_ride"
stick_figure,0,2,
unhappy,0,2,
bondage_gear,0,2,
suppress,0,2,
sprites,0,2,
spain,0,2,
cheek_licking,0,2,
yellow_border,0,2,
akatsuhara_empire,0,2,
distortion,0,2,
glasses_day,0,2,
clutching_chest,0,2,
ring_necklace,0,2,
tote_bag,0,2,
floating_clothes,0,2,blowing_clothes
ah-1_cobra,0,2,
pale_eye,0,2,
buruma_aside,0,2,
fruit_dildo,0,2,
wrist_extended,0,2,
pon_de_lion_(cosplay),0,2,
windows_vista,3,2,
dishwashing,0,2,washing_dishes
skull_helmet,0,2,
endless_eight,0,2,
orbis_sensualium_pictus,0,2,
fist_in_hand,0,2,
download_link,5,2,
z_flag,0,2,z-flag
runny_makeup,0,2,"mascara_smear,ruined_makeup"
monster_ears,0,2,
cum_on_floor,0,2,
budweiser,0,2,
pretzel,0,2,
print_shoes,0,2,
stitching,0,2,
twin-lens_reflex_camera,0,2,tlr_camera
dragon_(arms),0,2,
holding_branch,0,2,
montage,0,2,
lactic_acid_bacteria,0,2,
red_blouse,0,2,
yellow_lipstick,0,2,
bird_scarer,0,2,
leaves_in_wind,0,2,
shirt_on_shoulders,0,2,
public_urination,0,2,
f6f_hellcat,0,2,
tbf_avenger,0,2,
pokeball_symbol,0,2,
pantyhose_under_buruma,0,2,
sling_bikini_tan,0,2,
earth_federation,0,2,
reiko_holinger_(cosplay),0,2,
lion_paw,0,2,
soup_ladle,0,2,
playing_card_theme,0,2,
beaver_tail,0,2,
orange_hair_ornament,0,2,
orangette,0,2,
shirt_pocket,0,2,
hidden_face,0,2,
eas_(cosplay),0,2,
mas-38,0,2,
computer_tower,0,2,desktop_tower
mikan_box,0,2,
trapped,0,2,
bionic,0,2,
carrying_bag,0,2,
sitting_on_head,0,2,head_sitting
var_(weapon),0,2,
injection,0,2,
bushmaster_acr,0,2,
large_hands,0,2,yaoi_hands
double_bass,0,2,contrabass
bucket_spill,0,2,
ar-10,0,2,
strawberry_syrup,0,2,
flandre_scarlet_(cosplay),0,2,
gorilla_hand,0,2,
shutter,0,2,
satoshi_(pokemon)_(cosplay),0,2,
single_wrist_cuff,0,2,single_wristcuff
kuji-in,0,2,"ninja_hand_gesture,hand_seal"
mifune_miyu_(cosplay),0,2,
f-35_lightning_ii,0,2,
cat_food,0,2,
red-crowned_crane,0,2,
ipod_ad,0,2,
sideways_hat,0,2,
flying_boat,0,2,
panty_on_penis,0,2,
pantyjob,0,2,
singer,0,2,
chaise_longue,0,2,
impossible_skirt,0,2,
gyuudon,0,2,
floating_castle,0,2,
bunny_slippers,0,2,
corrugated_galvanised_iron_sheet,0,2,
senkou_hanabi,0,2,senko_hanabi
double_exposure,0,2,image_fill
numbered_flag,0,2,
shoe_strap,0,2,
usada_hikaru_(cosplay),0,2,
sea_turtle,0,2,
bloody_feet,0,2,
okosama_lunch,0,2,
swing_set,0,2,
brazilian_flag,0,2,
happy_maker!,0,2,
good_meat_day,0,2,
depth_charge_projector,0,2,
flying_whale,0,2,
pendulum_clock,0,2,
glory_wall,0,2,
corner,0,2,
chocolate_on_foot,0,2,
soybean,0,2,
uchiwa_design,0,2,
mechanical_tail,0,2,
combination_wrench,0,2,
elevator,0,2,
escalator,0,2,
paine_(ff10)_(cosplay),0,2,
portmanteau,0,2,
kendama,0,2,
icelandic_flag,0,2,
barber_pole,0,2,
forked_eyebrows,0,2,
night_clothes,0,2,
big_hat,0,2,
caved,0,2,
multiple_views,0,2,
compact_disc,0,2,
eureka_(cosplay),0,2,
no_outlines,0,2,
slurping,0,2,
stuffed_whale,0,2,
tusks,0,2,tusk
heart_pendant,0,2,
corsair,0,2,
ikamusume_(cosplay),0,2,
safety_glasses,0,2,shooting_glasses
bottle_cap,0,2,
bottle_opener,0,2,
prolapse,0,2,
mikuzukin_(module),0,2,
fat_man,0,2,
??,0,2,???
bunny_background,0,2,
food_on_finger,0,2,
forced,0,2,
minnie_mouse_(cosplay),0,2,
chocolate_misu_(cosplay),0,2,
untied_shoes,0,2,
jacket_pull,0,2,
vest_lift,0,2,
open_palms,0,2,
fumika_bug,0,2,
on_lap,0,2,
figma,0,2,
sakura_mochi,0,2,sakuramochi
wedge_heels,0,2,
bread_crust,0,2,
vocaloid_(tda-type_ver),0,2,
paint_tube,0,2,
head_lift,0,2,
transparent_censoring,0,2,
hinamatsuri,0,2,
oxygen_tank,0,2,
cure_melody_(cosplay),0,2,
fox_cutout,0,2,
fox_ear_panties,0,2,
bugles,0,2,
motion_line,0,2,
merchandise,0,2,
baggy_clothes,0,2,
toy_airplane,0,2,toy_plane
stuffed_dolphin,0,2,
shampoo,0,2,
kebab,0,2,
nut_(food),0,2,nuts_(food)
too_many_birds,0,2,
pinching_sleeves,0,2,sleeve_hold
reichsadler,0,2,"nazi_eagle,parteiadler"
h&k_g3,0,2,"h&k_g3/sg1,g3"
shaved_head,0,2,
respirator,0,2,
pebble,0,2,
in_mouth,0,2,
ju_87,0,2,stuka
spread_anus_under_clothes,0,2,
oscilloscope,0,2,
tape_recorder,0,2,
green_apron,0,2,
green_bandana,0,2,
bead,0,2,
decay,0,2,
dragging,0,2,drag
shoulder_necklace,0,2,
sitting_on_pillow,0,2,pillow_sitting
special_moves,0,2,
post-apocalypse,0,2,post-apocalyptic
tampon_string,0,2,
mutilation,0,2,
impossible_jacket,0,2,
rocking_chair,0,2,
long_fingers,0,2,
polka_dot_shirt,0,2,polka_dot_blouse
kriss_vector,0,2,"kriss_super_v,tdi_vector"
tdi_vector,0,2,
lime_(fruit),0,2,
amatsukaze_(kantai_collection)_(cosplay),0,2,
yaguruma_sou_(cosplay),0,2,
historical_event,0,2,
checkered_obi,0,2,
green_coat,0,2,
gladiator,0,2,gladiatrix
square_mouth,0,2,
china_railways_crh6a,0,2,
reference_sheet,0,2,"settei,design_sheet,character_sheet"
kamina_pose,0,2,
toramaru_shou_(cosplay),0,2,
tenbou,0,2,"riichi_stick,tenbo"
backflip,0,2,
chain_whip,0,2,
saunders_school_uniform,0,2,
moon_phases,0,2,lunar_phases
video_with_sound,0,2,
aviator_cap,0,2,
worms,0,2,
kokeshi,0,2,
blimp,0,2,
holding_doll,0,2,
tentacle_job,0,2,
boxing_headgear,0,2,
plum,0,2,
hosshiwa_(cosplay),0,2,
dark_sky,0,2,
cure_lovely_(cosplay),0,2,
innocent_form_(happinesscharge_precure!),0,2,
holder,0,2,
powering_up,0,2,charging_energy
panties_under_bloomers,0,2,
super_gt,3,2,
laurels,0,2,
va,0,2,
distress,0,2,
magic_bikini_(dq),0,2,
hat_around_neck,0,2,
harlequin,0,2,
faceplant,0,2,
studio,0,2,
school_wear_(idolmaster),0,2,
across_the_stars,0,2,
yes_i_am!,0,2,
shell_necklace,0,2,seashell_necklace
lace-trimmed_legwear,0,2,
loose_bikini,0,2,
left-hand_drive,0,2,
between_labia,0,2,
double_scoop,0,2,
brown_kimono,0,2,brown_yukata
green_towel,0,2,
souseiseki_(cosplay),0,2,
super_plugsuit,0,2,
teal_background,0,2,
dive,0,2,
spiked_choker,0,2,
split_theme,0,2,
eiserne_jungfrau,0,2,
optical_illusion,0,2,
start:dash!!,0,2,
russian_clothes,0,2,
kstana,0,2,
watereffect.net,0,2,
kneehighs_pull,0,2,
waha~,0,2,
removing_sock,0,2,
finger_wagging,0,2,
bandaid_on_cheek,0,2,
shamisen,0,2,shamisen_(instrument)
hair_ears,0,2,
alchemy,0,2,
kiryuuin_satsuki_(cosplay),0,2,
head_feathers,0,2,
arcade_(architecture),0,2,
mini_santa_hat,0,2,tiny_santa_hat
knife_in_mouth,0,2,
back_turned,0,2,
chessboard,0,2,
chiharu_kazuki,4,2,
autofacial,0,2,self_facial
torn_umbrella,0,2,
police_car,0,2,
clitoris_tweak,0,2,clit_tweak
bullet_trail,0,2,
digivice,0,2,
paper_chain,0,2,
f1m,0,2,
windbreaker,0,2,
missing_tooth,0,2,missing_teeth
mosin-nagant,0,2,
cherry_earrings,0,2,cherry_earring
neko_nabe,0,2,
nice_holystone_(cosplay),0,2,
swan,0,2,
clam_shell,0,2,
big_head,0,2,
robe_lift,0,2,
jerry_can,0,2,jerrycan
wo-class_aircraft_carrier_(cosplay),0,2,wo-class_(kantai_collection)_(cosplay)
rokushaku_fundoshi,0,2,
implied_fingering,0,2,
spirits,0,2,
singing!,0,2,
flower_hat,0,2,
splat_bomb_(splatoon),0,2,
majorette,0,2,
jackal,0,2,
type_89_i-gou,0,2,
lancer_(cosplay),0,2,
fangs_out,0,2,
armrest,0,2,
purple_cape,0,2,
cure_honey_(cosplay),0,2,
whorled_hair,0,2,
clothed_pokemon,0,2,hatted_pokemon
megumin_(cosplay),0,2,
bean_bag,0,2,
glass_table,0,2,
mercury_symbol,0,2,mercury_sign
stalking,0,2,
nice_boat,0,2,
age_progression,0,2,
fp-45_liberator,0,2,
vaio,0,2,
+,0,2,
goldfish_scooping,0,2,
poi_(goldfish_scoop),0,2,
broken_umbrella,0,2,
triple_wielding,0,2,triple_wield
maroon_hair,0,2,
dinosaur_tail,0,2,
green_footwear,0,2,
panzerkampfwagen_panther,0,2,
werewolf,0,2,
capsule,0,2,
stubble,0,2,
speculum,0,2,
fletches,0,2,
deep_penetration,0,2,balls_deep
invisible_wall,0,2,
double_chin,0,2,
goatse,0,2,
church_interior,0,2,
holding_cape,0,2,
telnyashka,0,2,
chopstick_rest,0,2,
salmon,0,2,
business_card,0,2,
panzerkampfwagen_viii_maus,0,2,
._.,0,2,
ribbon_girl_(module),0,2,
latex_boots,0,2,
dying_message,0,2,
factory,0,2,
bulma_(cosplay),0,2,
clarent,0,2,
despair,0,2,
s.m.s.,0,2,
tsurupettan,0,2,
delinquent,0,2,yankee
necromancer,0,2,
dog_paws,0,2,
cybernetic_eye,0,2,
synthesizer,0,2,
toecuffs,0,2,
alternate_wing_color,0,2,
ticket,0,2,
gimp_suit,0,2,
calculator,0,2,
argyle_sweater,0,2,
shota,0,2,
pink_neckerchief,0,2,
tripod,0,2,
pile_of_books,0,2,
hare_hare_yukai,0,2,
ntw-20,0,2,
:0,0,2,
marigold,0,2,
shokuhou_misaki_(cosplay),0,2,
ainu,0,2,
o_kakugo_wa_yoroshikute?,0,2,
panties_over_bike_shorts,0,2,
vanilla_ice_cream,0,2,
iron_man_(cosplay),0,2,
transparent_skirt,0,2,
yogurt,0,2,yoghurt
food_request,5,2,
begging,0,2,
green_sky,0,2,
minigun,0,2,
chainsword,0,2,
anpan,0,2,
dirt_road,0,2,
punk_lolita,0,2,
hair_pull,0,2,
baumkuchen,0,2,
delivery,0,2,
barding,0,2,horse_armor
yamcha_pose,0,2,
walther_p99,0,2,
exif_thumbnail_surprise,5,2,
librarian,0,2,
lasers,0,2,
half-timbered,0,2,
cd_player,0,2,
joker,0,2,
wasp,0,2,hornet
akihabara_(tokyo),0,2,
ijimeka,0,2,
+choujigen_game_neptune,0,2,
changpao,0,2,
sahdow,0,2,
clarinet,0,2,
prehensile_tail,0,2,
sephiroth_(cosplay),0,2,
peach_blossom,0,2,
kinoko_no_yama,0,2,
navel_insertion,0,2,
sapphire_style,0,2,
ceiling_fan,0,2,
short,0,2,
naked_robe,0,2,
pirate_costume,0,2,"pirate,pirates"
camel,0,2,
rubbing_severed_head,0,2,
kariyushi_shirt,0,2,
trail,0,2,
disappear,0,2,
stg44,0,2,"stg_44,mp_44"
mitsukoshi_(department_store),0,2,
striped_jacket,0,2,
quadruple_wielding,0,2,
uruguay,0,2,
multiple_panties,0,2,
fake_nails,0,2,fake_fingernails
hairy_legs,0,2,
ichimegasa,0,2,
gangnam_style,3,2,
humming,0,2,
mismatched_earrings,0,2,asymmetrical_earrings
cobblestone,0,2,
wii_remote,0,2,wiimote
love_potion,0,2,
lala_satalin_deviluke_(cosplay),0,2,
pink_bloomers,0,2,
retro,0,2,
snow_on_head,0,2,
shirt_only,0,2,
british,0,2,
c-47,0,2,
hoshiguma_yuugi_(cosplay),0,2,
nose_hook,0,2,
stirrups,0,2,
potters_wheel_pose,0,2,
pineapple_earrings,0,2,
naked_capelet,0,2,
barbarian,0,2,
\(^o^)/,0,2,owata
anal_hook,0,2,
splat_charger_(splatoon),0,2,splatterscope_(splatoon)
solar_panel,0,2,
multicolored_panties,0,2,
neta,0,2,
fairy_(jintai)_(cosplay),0,2,
koonago,0,2,
plaid_blanket,0,2,
>:i,0,2,
plant_on_head,0,2,
santa_bra,0,2,
santa_panties,0,2,
convertible,0,2,
dishes,0,2,
hanging_light,0,2,
tapestry,0,2,
miyako_yoshika_(cosplay),0,2,
multiple_hands,0,2,
scratching_head,0,2,
hotpot,0,2,
grey_border,0,2,gray_border
horizontal-striped_legwear,0,2,
plate_armor,0,2,
hostess,0,2,
alexandrite_style,0,2,
alfa_romeo,0,2,
salt_shaker,0,2,
purple_tongue,0,2,
sv-98,0,2,
aqua_sweater,0,2,
netherlands,0,2,
ribbon-trimmed_panties,0,2,
sweets_lingerie,0,2,
mirakurun_(cosplay),0,2,
knot_gag,0,2,"knotgag,knot_gagged"
golden_gun,0,2,
toe_socks,0,2,
cereal,0,2,
orange_swimsuit,0,2,
sports_festival,0,2,
doors,0,2,
white_scrunchie,0,2,
battery,0,2,batteries
raw_meat,0,2,
heart_sutra,0,2,gyate
ankle_bow,0,2,
nightmare_blood,0,2,
platinum_the_trinity_(cosplay),0,2,
slug_girl,0,2,
seppuku,0,2,harakiri
painterly,0,2,
swimwear,0,2,
water_wheel,0,2,watermill
squid_ink,0,2,
leg_cutout,0,2,
source_quote,0,2,
chick_on_head,0,2,
shapes,0,2,
sailor_mercury_(cosplay),0,2,
chocolate_on_pussy,0,2,
camouflage_jacket,0,2,
glue,0,2,
red_star,0,2,
sig_sauer_p228,0,2,
washboard,0,2,
mosaic_art,0,2,
makarov_pm,0,2,
inflatable_shark,0,2,
holding_railing,0,2,
recurring_image,0,2,"copy-paste,copy-pasted,copy-pasting"
cable_tie,0,2,"ziptie,zip-tie"
white_wing,0,2,
komatsuzaki_rui_(style),0,2,
rope_gag,0,2,
torso_grab,0,2,"waist_grab,hip_grab"
hennessy,0,2,
extended_magazine,0,2,
thigh_cuffs,0,2,
island_kahuna,0,2,
jacket_over_shoulder,0,2,
yorkshire_terrier,0,2,
lahti_l39,0,2,
kazemaru_ichirouta_(cosplay),0,2,
akatsuki_(naruto),0,2,
cheating,0,2,
triple_vertical_stripe,0,2,
mailman,0,2,"letter_carrier,mail_carrier,postman"
embroidery,0,2,embroidered
brazil,0,2,brazilian
old-fashioned_doughnut,0,2,
bag_over_head,0,2,
military_base,0,2,
striped_hat,0,2,
stradivarius,0,2,
hair_weapon,0,2,
orange_tree,0,2,
marmalade,0,2,
sugar,0,2,
crossdraw_holster,0,2,
multicam_(camo),0,2,
beyerdynamic,0,2,
oral_simulation,0,2,
sai_(weapon),0,2,
sleeves,0,2,
depressed,0,2,
tail_through_clothes,0,2,"tail_slit_clothes,tail_cutout"
cum_in_navel,0,2,
excalibolg,0,2,
hard_gay_(cosplay),0,2,
glowing_feather,0,2,
2016_summer_olympics,3,2,
macaw,0,2,
shuraba_(bayonetta),0,2,
japari_bun,0,2,
snowdrop_(flower),0,2,
airsoft,0,2,
biscuit,0,2,
role_reversal,0,2,
heart_cheeks,0,2,
on_ceiling,0,2,
pumpkin_panties,0,2,
torq,0,2,
railroad_signal,0,2,railway_signal
pantyshot_(one_knee),0,2,
oversized_breast_cup,0,2,
luftwaffe,0,2,
us_navy,0,2,
clothes_rack,0,2,
npc_trainer,0,2,
black_apron,0,2,
multicolored_polka_dots,0,2,
serie_a,0,2,
tank_turret,0,2,
panties_on_breasts,0,2,
e-liter_3k_(splatoon),0,2,
slice_of_pizza,0,2,
wall-eyed,0,2,
spread_urethra,0,2,
pedal_(instrument),0,2,
february,0,2,
corona_(brand),0,2,
mexican,0,2,
ireland,0,2,
irish,0,2,
river_boyne,0,2,
pink_moon,0,2,
mirror_image,0,2,
error_message,0,2,
checkered_bow,0,2,
kawasaki,0,2,
kawasaki_ninja_zx-6r,0,2,
self_wedgie,0,2,
dragon_tattoo,0,2,
irezumi,0,2,yakuza_tattoo
miniboy,0,2,mini_boy
children's_book,0,2,
hanayo_(cosplay),0,2,
time_stop,0,2,
playstation_4,0,2,ps4
fur-trimmed_capelet,0,2,
sitting_on_lap,0,2,"sitting_in_lap,lap_sitting"
arx-160,0,2,
destroyer_water_oni_(cosplay),0,2,
plague_doctor_mask,0,2,
leg_brace,0,2,
wooden_lantern,0,2,
riyo_(lyomsnpmp)_(style),0,2,
single_spaulder,0,2,
exercise_machine,0,2,
crescent_print,0,2,
wrestling_mask,0,2,
hunched_over,0,2,
blue_ascot,0,2,blue_jabot
yifei,0,2,
leaf_fan,0,2,
german_flag_bikini,0,2,
ptrs-41,0,2,
open,0,2,
indonesian,0,2,
iei,0,2,"funeral_photo,mourning_photo"
asics,0,2,
strawberry_ice_cream,0,2,
hair_lift,0,2,
scimitar,0,2,
wombat,0,2,
sticky_fingers,0,2,
star_balloon,0,2,
two-handed_handjob,0,2,two_handed_handjob
musashi_(kantai_collection)_(cosplay),0,2,
basin,0,2,
thumbnail,0,2,
barmaid,0,2,bar_maid
shepherd's_crook,0,2,
czech_republic,0,2,
united_kingdom,0,2,british
porsche,0,2,
porsche_panamera,0,2,
riding_machine,0,2,
?!!,0,2,
utsutsu_(cosplay),0,2,
patting,0,2,
energy_beam,0,2,
leopard,0,2,
mario_(cosplay),0,2,
mackintosh_rose,0,2,
spike,0,2,
ohitsu,0,2,meshibitsu
fixme,0,2,
opening_eyes,0,2,
pants_removed,0,2,
cum_through_clothes,0,2,
hat_on_lap,0,2,
popcorn_cheer,0,2,
boys_anti_tank_rifle,0,2,
happy_easter,0,2,
quality_cabbage,0,2,
kashiwa_mochi_(food),0,2,
miracle_belltier,0,2,
qilin_(mythology),0,2,kirin_(mythology)
rhinoceros_ears,0,2,
ryona,0,2,
lilac,0,2,
bowl_cut,0,2,
gigandal_federation,0,2,
assembling,0,2,
congratulations,0,2,
animal_band,0,2,
beige_boots,0,2,
pointing_forward,0,2,
3do,0,2,
atari_jaguar,0,2,
game_boy_advance,0,2,gameboy_advance
game_boy_micro,0,2,gameboy_micro
neo_geo_cd,0,2,
nintendo_ds_lite,0,2,
pc_engine,0,2,turbografx-16
pc_fx,0,2,
steyr_aug,0,2,
hand_on_another's_shoulder,0,2,
paper_balloon,0,2,
bubble_filter,0,2,
katsuragi_(kantai_collection)_(cosplay),0,2,
boulder_badge,0,2,
cascade_badge,0,2,
earth_badge,0,2,
marsh_badge,0,2,
master_ball,0,2,masterball
rainbow_badge,0,2,
soul_badge,0,2,
thunder_badge,0,2,
volcano_badge,0,2,
orange_apron,0,2,
kitten,0,2,kittens
tatsuta_(kantai_collection)_(cosplay),0,2,
splattershot_jr_(splatoon),0,2,
yin_yang_orb,0,2,
shedding,0,2,"molting,moulting"
ouendan,0,2,
tri-slosher_(splatoon),0,2,
hospital_bed,0,2,
mtu_virus,0,2,
yoshi_egg,0,2,
aqua_gloves,0,2,
purple_moon,0,2,
talismans,0,2,
earpiece,0,2,
fake_tears,0,2,
ice_cream_float,0,2,cream_soda_(ice_cream)
heater,0,2,
wrestler,0,2,
gaia_library,0,2,
standing_on_object,0,2,
aerokinesis,0,2,"wind_manipulation,wind_magic"
geokinesis,0,2,"earth_magic,earth_manipulation"
hands_on_knee,0,2,
goat_eyes,0,2,
mayonnaise,0,2,
howling,0,2,
wooden_table,0,2,
shaving_crotch,0,2,shaving_pussy
gauge,0,2,
panther,0,2,
outstretched_foot,0,2,
steak,0,2,
uranus_symbol,0,2,uranus_sign
purple_pants,0,2,
eclair_(food),0,2,
flipping_food,0,2,
bandaid_on_hand,0,2,bandaid_on_finger
double_flare_skirt_one-piece,0,2,
hand_on_foot,0,2,
sailor_senshi_(cosplay),0,2,
raspberry_hair_ornament,0,2,
bekt,0,2,
tomato_juice,0,2,
purple_bikini_bottom,0,2,
toothbrush_in_mouth,0,2,
winged_backpack,0,2,
metallic_bikini,0,2,
pepsi_ice_cucumber,0,2,
cleaned,5,2,
bunny_band_legwear,0,2,
mixer_(cooking),0,2,
treasure_mark_censor,0,2,
jacket_tug,0,2,
utx_school_uniform,0,2,
monkey_mask,0,2,
school_nurse,0,2,
plait,0,2,
testicle_grab,0,2,
jeep,0,2,
coke,0,2,
wringing_hair,0,2,
esbeliben,0,2,
xbox_360_steering_wheel,0,2,
nostrils,0,2,nostril
corncob_pipe,0,2,
orchid,0,2,
haagen-dazs,0,2,
shoreline,0,2,
sneer,0,2,
exposed_muscle,0,2,
rita_mordio_(cosplay),0,2,
candle_wax,0,2,
hydra,0,2,
taihou_(kantai_collection)_(cosplay),0,2,
bad_reflection,0,2,
bokura_no_live_kimi_to_no_life,0,2,
scrape,0,2,
purple_fire,0,2,purple_flame
putting_on_boots,0,2,
email_address,0,2,
on_railing,0,2,sitting_on_railing
punching_bag,0,2,
waist_cutout,0,2,
falling_petals,0,2,"petals_in_wind,flying_petals"
tamakeri,0,2,
tanning_oil,0,2,
shaved_armpits,0,2,
blu-ray,0,2,
cum_on_sheets,0,2,
armpit_sex,0,2,
yakisoba_spill,0,2,
bear_paws,0,2,
bound_fingers,0,2,
eye_chart,0,2,
landolt_c,0,2,
disc_cover,0,2,
half-shirt,0,2,
against_object,0,2,
bikini_jeans,0,2,
multiple_moons,0,2,extra_moons
invincible_marisa,4,2,
pedestal,0,2,
lady_j_(cosplay),0,2,
urinal,0,2,
van,0,2,
poker_chip,0,2,"chip_(poker),poker_chips"
starfighter,0,2,
elizabeth_tower,0,2,big_ben
london,0,2,
westminster_palace,0,2,
single-lens_reflex_camera,0,2,"slr,single_lens_reflex_camera,slr_camera"
m4_sherman,0,2,sherman_(tank)
medium_tank,0,2,
string_play_spider_baby,0,2,
blue_moon,0,2,
picking_up,0,2,
flower_wings,0,2,
ice_cream_scoop,0,2,
car_seat,0,2,
very_long_fingernails,0,2,
tadpole,0,2,
burning_eyes,0,2,
tennis_court,0,2,
under_skirt,0,2,under_dress
swordfish,0,2,
rio_rollins_(cosplay),0,2,
bandaid_on_shoulder,0,2,
maya_(culture),0,2,
wavy_eyes,0,2,
reflex_sight,0,2,
cocktail_dress,0,2,
butterfly_earrings,0,2,
cum_bubble,0,2,
frilled_shawl,0,2,
ironwork,0,2,
slit_pupil,0,2,
square_pupils,0,2,
holding_dress,0,2,
torikoriko_please!!,0,2,
outie_navel,0,2,
invisible,0,2,
grimm_(cosplay),0,2,
squid_costume,0,2,
amusphere,0,2,
low_tied_hair,0,2,
tail_slit_clothes,0,2,
youkai_watch_(object),0,2,
cat_mask,0,2,
clitoris_leash,0,2,clit_leash
venus_love_me_chain,0,2,
pixie_cut,0,2,
slippers_removed,0,2,
pads,0,2,
shachihoko,0,2,
split_tail,0,2,
copy_machine,0,2,
tasukete_eirin,0,2,tasukete_erin
hatsumoude,0,2,
holding_letter,0,2,
voyager,0,2,
frilled_blouse,0,2,
just_as_planned,0,2,
glowing_horns,0,2,
sliding,0,2,
undone_neckerchief,0,2,
paperclip,0,2,paper_clip
schoolish_girl_(idolmaster),0,2,
grey_swimsuit,0,2,
saddle_shoes,0,2,
saury,0,2,
erection_under_clothes,0,2,covered_erection
flyswatter,0,2,fly_swatter
western_hatchet,0,2,
blender,0,2,
female_protagonist_(pokemon_go)_(cosplay),0,2,
seamless_loop,0,2,
sewing_kit,0,2,
fleeing,0,2,"escaping,escape,running_away,run_away"
hakama_lift,0,2,
spilled_milk,0,2,
pomelo,0,2,
white_pubic_hair,0,2,
hakugyokurou,0,2,
fighting_game,0,2,
hamster_tail,0,2,
holding_tie,0,2,
horn_lance,0,2,
girdle,0,2,
dandelion_seed,0,2,
joined_pages,0,2,
zeppelin,0,2,
daiyousei_(cosplay),0,2,
hip_attack,0,2,buttattack
omamori,0,2,
treasure,0,2,
turban,0,2,
shopping_cart,0,2,"shopping_trolley,grocery_cart"
ga_rune_pose,0,2,
bad_aspect_ratio,5,2,
single_tear,0,2,
holding_ears,0,2,
potara_earrings,0,2,
zessica_wong_(cosplay),0,2,
brown_necktie,0,2,
red_apple,0,2,
sitting_on_cloud,0,2,
kimi_no_kokoro_wa_kagayaiteru_kai?,0,2,
mechanical_leg,0,2,
mixing_console,0,2,"mixer_(console),mixing_table"
moomoo_milk,0,2,
table_tennis,0,2,"ping-pong,ping_pong"
table_tennis_paddle,0,2,"table_tennis_racket,ping_pong_paddle,ping_pong_racket,ping-pong_paddle,ping-pong_racket"
silver,0,2,
star_panties,0,2,
cum_in_container,0,2,
open_magazine,0,2,
rider_belt,0,2,driver_(kamen_rider)
panty_tug,0,2,
mantis,0,2,
diary,0,2,
kamehameha,0,2,
flower_anklet,0,2,
cardboard_box_gundam,4,2,
nt-d,0,2,
heian,0,2,
grey_ribbon,0,2,
sideburns,0,2,
victory_pose,0,2,
asthma,0,2,
anatomical_nonsense,0,2,
imi_tavor_tar-21,0,2,
sprout,0,2,
pencil_mustache,0,2,
lavender_skirt,0,2,
laser_rifle,0,2,
headband_around_neck,0,2,
anti-tank_rifle,0,2,
woof,0,2,
scorpio,0,2,
pixiv_id,0,2,
swirling,0,2,
frog_button,0,2,
quin_tails,0,2,
pages,0,2,
rags,0,2,
murakumo_(kantai_collection)_(cosplay),0,2,
mutation,0,2,
inubashiri_momiji_(cosplay),0,2,
circuit_board,0,2,circuitboard
team_rocket_(cosplay),0,2,
nijiura_7,0,2,
vajra_(object),0,2,
potty,0,2,
meteor,0,2,
piyo_piyo_apron,0,2,
vital_sunflower,0,2,
check_my_note,0,2,
bitten_apple,0,2,
guava,0,2,
multicolored_boots,0,2,
torii_earrings,0,2,
she_did_that_with_her_breasts,0,2,
aqua-framed_eyewear,0,2,
shadow_puppet,0,2,
kneeing,0,2,knee_kick
giant_object,0,2,
clitoris_torture,0,2,clit_torture
plunger,0,2,
elbow_sleeve,0,2,
bad_artstation_id,0,2,
serving_dome,0,2,cloche_(tableware)
kamishakujii_renko_(cosplay),0,2,
in_bag,0,2,loli_in_a_bag
dark_cure_(yes!_precure_5),0,2,
flailing,0,2,
pale_face,0,2,
birth,0,2,
pile,0,2,
silver_leotard,0,2,
american_flag_print,0,2,
wallwalking,0,2,
lucky_channel,0,2,
babydoll_t-shirt,0,2,
holding_mirror,0,2,
lei,0,2,
cloud_hair,0,2,
exposed,0,2,
sonic_boom,0,2,
rugal_bernstein_(cosplay),0,2,
spiked_tail,0,2,
kanna_kamui_(cosplay),0,2,
headwear_writing,0,2,
imperial_japanese_army,0,2,
kobold,0,2,
lens,0,2,
adjusting_hair_ornament,0,2,
tickle_torture,0,2,
pouring_onto_pussy,0,2,
streaking,0,2,
t_t,0,2,
exposed_pocket,0,2,pockets_visible
peephole,0,2,
bike_horn,0,2,
ultra_beast,0,2,
centauroid,0,2,
<o>_<o>,0,2,<o><o>
psp_go,0,2,
stomping,0,2,stomp
armbinder,0,2,monoglove
(o)_(o),0,2,
mustard,0,2,
brown_nails,0,2,brown_fingernails
compensated_molestation,0,2,
swimsuit_lift,0,2,
disguise,0,2,
lifting_person,0,2,lifting_another
monk,0,2,
spread,0,2,
reverse_x-ray,0,2,
mel_(cosplay),0,2,
checkered_flag,0,2,
impossible_vest,0,2,
champagne_flute,0,2,
snow_strawberry_(idolmaster),0,2,
backstroke,0,2,
thin_waist,0,2,
yo-yo,0,2,yoyo
puka_puka,0,2,
heart_hunter_(module),0,2,
asteroid,0,2,
apocalypse,0,2,"apocalyptic,apocalypse_(event)"
o-ring_choker,0,2,
witches_5,0,2,
kikkoumon,0,2,
aqua_hairband,0,2,
shack,0,2,
porn_ad,0,2,
hand_on_sword,0,2,
bliss_(image),3,2,windows_xp_background
blue_santa_costume,0,2,
meteor_shower,0,2,
no_bangs,0,2,
zabuton,0,2,seiza_pillow
harpoon,0,2,
umbrella_riding,0,2,
naked_armor,0,2,
dex+,0,2,
weasel_tail,0,2,stoat_tail
tank_interior,0,2,
mont_blanc_(food),0,2,
breast_feeding,0,2,
fens_raven,0,2,
missiles,0,2,
light_reflection_(water),0,2,
slacks,0,2,
berserker_armor,0,2,
canned_food,0,2,
goat_tail,0,2,
black_rope,0,2,
locomotive,0,2,
seasons,0,2,
shiraitodai_school_uniform,0,2,
spiked_gloves,0,2,
holding_cigarette,0,2,
cat_between_legs,0,2,
condom_belt,0,2,
twitch_plays_pokemon,3,2,
condom_filling,0,2,
bachi,0,2,
nipple_bells,0,2,
m249,0,2,
leaf_girl,0,2,
bobblehead,0,2,
girl_sandwich,0,2,
sandwiched,0,2,
glasses_switch,0,2,
sock_garters,0,2,
catapult,0,2,
dog_food,0,2,
necktie_on_head,0,2,
shower_curtain,0,2,
shiba_koen_middle_school_uniform,0,2,
whiteboard,0,2,markerboard
play_of_the_game,0,2,
microscope,0,2,
flowaro,0,2,
pawoo_username,0,2,
broadcaster_connection,0,2,
yasuraoka_hanabi_(cosplay),0,2,
infinity,0,2,
horizontal_pupils,0,2,"frog_eyes,goat_eyes"
colombia_pose,0,2,
heart_ring_top,0,2,
ahoge_wag,0,2,
holding_paintbrush,0,2,
bronze_parrot,3,2,
misery_(outer_zone)_(cosplay),0,2,
geass,0,2,
macaron_hair_ornament,0,2,
purple_wedding_dress,0,2,
huge_testicles,0,2,
nutcracker,0,2,
clown,0,2,
male_pubic_hair,0,2,pubic_hair_(male)
clown_mask,0,2,
gunpla,0,2,
after_fellatio,0,2,after_blowjob
white_rollita,0,2,
garage,0,2,
gun_twirling,0,2,
coat_removed,0,2,
mahjong_table,0,2,
symbol,0,2,
pure_girls_project,0,2,
white_ensign,0,2,
wet_pavement,0,2,
face_down,0,2,"face_on_floor,face_on_ground"
octagon,0,2,
desu,0,2,
moose_ears,0,2,
medic,0,2,
makoto_(street_fighter)_(cosplay),0,2,
portugal,0,2,
saigyouji_yuyuko_(cosplay),0,2,
crt,0,2,old_television
cat_tower,0,2,
urban_style,0,2,
girly_pose,0,2,
interview,0,2,
red_leather,0,2,
coupy_pencil_(medium),5,2,
grappling_hook,0,2,
pedestrian_bridge,0,2,
under_clothes,0,2,
m60,0,2,
angela_balzac_(cosplay),0,2,
rhodesian_light_infantry,0,2,
trash,0,2,garbage
chocolate_on_face,0,2,
ugg_boots,0,2,
crafting,0,2,
chipped_sword,0,2,
g-clef_(suite_precure),0,2,
naka_(kantai_collection)_(cosplay),0,2,
grape_hair_ornament,0,2,
red_apron,0,2,
robotic_legs,0,2,
dildo_bat,0,2,
jester,0,2,
bandana_over_mouth,0,2,
viking,0,2,
kaleidoscope,0,2,
finger_on_hat,0,2,
energy_rings,0,2,
screencap_redraw,0,2,
novel_(object),0,2,
ayanami_rei_(cosplay),0,2,
artist_logo,0,2,
alice_margatroid_(cosplay),0,2,
clumsy,0,2,dojikko
satin_dress,0,2,
vibrator_in_anus,0,2,
separated_legs,0,2,
mountain_bicycle,0,2,
window_fog,0,2,
jesses,0,2,
ookami_girl_(idolmaster),0,2,
jagdpanther,0,2,
tank_destroyer,0,2,
tiro_finale,0,2,
creepy_eyes,0,2,
headlight,0,2,
bowling,0,2,
phoenix_wings,0,2,
hungary,0,2,
hungary_(country),0,2,
no_arms,0,2,
dark_clouds,0,2,
ganbaru_pose,0,2,
orange_pants,0,2,
blue_screen_of_death,0,2,"bsod,bluescreen"
obscured,0,2,
pantyhose_removed,0,2,
murasa_minamitsu_(cosplay),0,2,
anorexic,0,2,
v4x,0,2,
sprinkler_(splatoon),0,2,
hallucigenia,0,2,
prehistoric_animal,0,2,
nes,0,2,
ki-43_hayabusa,0,2,
type_100,0,2,
brazilian,0,2,
snowstorm,0,2,
chop,0,2,
saint_quartz,0,2,
holding_cross,0,2,
arm_held_back,0,2,
margay_print,0,2,
mushroom_print,0,2,
reticule,0,2,
comet,0,2,
shimakaze_(destroyer),0,2,
wreckage,0,2,
white-framed_eyewear,0,2,white-framed_glasses
caveman,0,2,
team_aqua,0,2,
airport,0,2,
amphibian_eyes,0,2,
centurion_(tank),0,2,
...!,0,2,
american_flag_panties,0,2,
jazz_bass,0,2,
nekomimi_mode_(tsukuyomi),0,2,nekomimi_mode
colt_saa,0,2,
milk_churn,0,2,milk_can
lock_seed,0,2,
sounding,0,2,
squirt_bottle,0,2,
polka_dot_umbrella,0,2,
print_boots,0,2,
arm_across_waist,0,2,
fruit_tart,0,2,
down_jacket,0,2,puffer_jacket
foot_massage,0,2,
plasma_cutter,0,2,
ifritan,0,2,
supermarket,0,2,
dyson,0,2,
ultimate_madoka_(cosplay),0,2,goddess_madoka_(cosplay)
mother's_day,0,2,
incoming_food,0,2,feeding_viewer
carrying_overhead,0,2,
green_cape,0,2,
star_tattoo,0,2,
japanese,0,2,
ribbon_braid,0,2,
bound_leg,0,2,
subaru_(brand),0,2,
mutsu_(kantai_collection)_(cosplay),0,2,
uniform_vest,0,2,
shibuya_(tokyo),0,2,
band,0,2,
light_persona,0,2,
toga,0,2,
watermelon_print,0,2,
batter,0,2,
twi'lek,0,2,
gashapon,0,2,gachapon
aquarius,0,2,
golf_ball,0,2,
striped_blouse,0,2,
3,0,2,
truck,0,2,lorry
reversed,5,2,
eyepatch_lift,0,2,
mousetrap,0,2,mouse_trap
dobro_guitar,0,2,
flotation_aid,0,2,
ios_wallpaper,0,2,
redesign,0,2,
harlock_(cosplay),0,2,
swimsuit_around_one_leg,0,2,
salt,0,2,
airysher,0,2,
gondola,0,2,
1995,0,2,
buri_hamachi,0,2,
chernobyl_npp,0,2,
seva_suit,0,2,
acid_trip,0,2,
colt_python,0,2,
lavender_bow,0,2,
shirasaya,0,2,
bell_pepper,0,2,
turkey_(food),0,2,
manhole,0,2,
window_writing,0,2,
snowflake_liliput,0,2,
booby_trap,0,2,
arrow_through_heart,0,2,
1koma,0,2,1panel
haro_button_badge,0,2,
commando,0,2,
time_staff,0,2,
dialogue_box,0,2,text_box
stomach_(organ),0,2,
lace-trimmed_bikini,0,2,
checkered_dress,0,2,
piko_piko_hammer,0,2,
squeaky_mallet,0,2,
torn_scarf,0,2,ripped_scarf
fig_sign,0,2,"fig_gesture,hand_fig,dulya,mano_fico"
playing_with_hair,0,2,
impossible_necktie,0,2,
matchstick,0,2,
satyr,0,2,
caplock,0,2,
orange_wings,0,2,
necronomicon,0,2,
in_refrigerator,0,2,girl_in_refrigerator
pokewood,0,2,
pillow_support,0,2,
kotone_(pokemon)_(cosplay),0,2,
jill_valentine_(cosplay),0,2,
floating_rocks,0,2,
ribbon-trimmed_shirt,0,2,
ibuki_suika_(cosplay),0,2,
coat_of_arms,0,2,
venezia,0,2,
leggings_pull,0,2,
music_box,0,1,
yakisobapan,0,1,
kbyd_(idolmaster_cinderella_girls),0,1,
indiend,0,1,
green_card,0,1,
kerria_japonica,0,1,
torn_apron,0,1,
sun_(ornament),0,1,
heihei_li,0,1,
button_fly,0,1,
flettner_fl282,0,1,
beige_ribbon,0,1,
spoken_sparkle,0,1,spoken_sparkles
citrine_(personification),0,1,
sewer,0,1,
cool_your_head,0,1,
aizawa_hikaru_(cosplay),0,1,
leaf_cutout,0,1,
spoken_expression,0,1,spoken_emoticon
breast_drop,0,1,
yellow_hairclip,0,1,
siberia_(food),0,1,
cooking_show,0,1,
scone,0,1,
flare_gun,0,1,
gneisenau,0,1,
nazi_war_ensign,0,1,
rebellion_army_flag,0,1,
rodney_(battleship),0,1,
transparent_sleeves,0,1,
ak-103,0,1,
gp-25,0,1,
sr-2,0,1,
doughnut_hair_ornament,0,1,
yellow_feathers,0,1,
checkered_blanket,0,1,
girl_on_banana,0,1,
mascot_head,0,1,
congenital_cataract,0,1,
japanese_white-eye,0,1,
f-5_freedom_fighter,0,1,f-5e_tiger_ii
sitar,0,1,
aether_foundation_employee_(cosplay),0,1,
aestus_domus_aurea,0,1,
coliseum,0,1,
pantyhose_sniffing,0,1,
phaser,0,1,
suzukaze_(kantai_collection)_(cosplay),0,1,
sailor_one-piece_swimsuit,0,1,
orange_bowtie,0,1,
weapon_in_garters,0,1,
m79,0,1,
engine_blade,0,1,
pink_camisole,0,1,
yellow_shawl,0,1,
text_messaging,0,1,"messaging,texting"
he_115,0,1,
det,0,1,
speech_stab,0,1,
grind_blade,0,1,
snapping_fingers,0,1,clicking_fingers
mi-26,0,1,
cue_ball,0,1,
beige_shirt,0,1,
ribbon-trimmed_cape,0,1,
beige_gloves,0,1,
very_long_tongue,0,1,
mulian,0,1,
arcade_stick,0,1,
argyle_necktie,0,1,
shining_finger,0,1,"darkness_finger,burning_finger,god_finger"
dominator_(gun),0,1,
kururugi_suzaku_(cosplay),0,1,
fallen_angel,0,1,
golden_wings,0,1,
blades_of_mercy,0,1,
plague_doctor,0,1,
anglerfish_costume,0,1,
bunny_pajamas,0,1,
hooded_pajamas,0,1,
aqua_(konosuba)_(cosplay),0,1,
republic_of_crimea,0,1,
underwear_writing,0,1,
astray_(module),0,1,
rapunzel_(disney)_(cosplay),0,1,
grand_princess_(go!_princess_precure),0,1,
heart-shaped_hole,0,1,
massugu_go,0,1,
koan_(sailor_moon)_(cosplay),0,1,
coconut_tree,0,1,
brompton,0,1,
too_many_hearts,0,1,
ben-day_dots,0,1,
hawaiian_shirt,0,1,aloha_shirt
kawashiro_nitori_(cosplay),0,1,
curled_fingers,0,1,
character_pillow,0,1,
bodysuit_under_clothes,0,1,
rebel_alliance,0,1,
torii_hair_ornament,0,1,
polar_opposites,0,1,
glowing_shield,0,1,
villain,0,1,
wet_floor,0,1,
kuruse,0,1,
ar-57,0,1,
manya_(cosplay),0,1,
leanan_sidhe_(fairy),0,1,
banryuu_reoko_(cosplay),0,1,
corrupted_image,0,1,
whitemane,0,1,
control_rod,0,1,
inugami-ke_no_ichizoku_pose,0,1,
withered,0,1,
center_part,0,1,
usas-12,0,1,
sleeve_tug,0,1,
rocs_cheng_kung_(ffg-1101),0,1,
collared_vest,0,1,
abandoned,0,1,
cowry_shell,0,1,
tent,0,1,
partisan,0,1,
print_leotard,0,1,
doll_head,0,1,
hand_to_forehead,0,1,
beige_towel,0,1,
red_ginger_(flower),0,1,
penis_under_clothes,0,1,
studded_trim,0,1,
christmas_garland,0,1,
reindeer_print,0,1,
psychic,0,1,
spoon_bending,0,1,
igote,0,1,
sids,0,1,
sitophilia,0,1,
exercise_wheel,0,1,
dustcloth,0,1,
finger_to_glasses,0,1,
kimono_removed,0,1,
missile_surfing,0,1,
diner,0,1,
new_york,0,1,
bagel,0,1,
fg42,0,1,
magazine_pouch,0,1,
fare_gate,0,1,
dough,0,1,
dying,0,1,
love_hotel,0,1,
traits,0,1,
hula,0,1,
finnel_(cosplay),0,1,
zuihou_(aircraft_carrier),0,1,
terrace,0,1,
cross_scar,0,1,x_scar
caracal_ears,0,1,
caracal_tail,0,1,
lun-class_ekranoplan,0,1,
baby_walker,0,1,
mori_yuki_(cosplay),0,1,
hong_meiling_(cosplay),0,1,
drum_bath,0,1,
cz-75,0,1,
zongzi,0,1,chimaki
nightmare,0,1,
boater_hat,0,1,
double_footjob,0,1,
glowing_penis,0,1,
ear_tug,0,1,
saisei_(cosplay),0,1,
behind_tree,0,1,
hall,0,1,
apocrypha,0,1,
hot_limit,0,1,
lifeguard_chair,0,1,
easter_island,0,1,
moai,0,1,
yamaguchi_kumiko_(cosplay),0,1,
gatotsu_stance,0,1,
archery_dojo,0,1,
501st_joint_fighter_wing,0,1,
shoejob,0,1,footjob_with_footwear
lemur,0,1,
the_sniper_(cosplay),0,1,
hiss,0,1,
kujou_karen_(cosplay),0,1,
fuuro_(pokemon)_(cosplay),0,1,
swan_boat,0,1,
mole_on_pussy,0,1,
japanese_self_defense_force,0,1,
klmk_(camo),0,1,
hat_box,0,1,
musical_note_hair_ornament,0,1,"fortissimo_hair_ornament,bass_clef_hair_ornament,treble_clef_hair_ornament"
carbon_roller_(splatoon),0,1,
penis_in_thighhigh,0,1,cock_in_thighhigh
rosenburg_engel,0,1,
xbox_one,0,1,
cling,0,1,
unbirthing,0,1,unbirth
shaka_sign,0,1,"hand_phone,call_me_hand"
double_down,0,1,
miswak,0,1,
green_buruma,0,1,
death_star,0,1,
star_destroyer,0,1,
mythology,0,1,
graph,0,1,graph_(object)
koropokkuru,4,1,
chest,0,1,
spear_of_cassius,0,1,
vulture,0,1,
ammo_box,0,1,
sl8,0,1,
poleaxe,0,1,
karana_mudra,0,1,
pk_machine_gun,0,1,
german_shepherd,0,1,
boulder,0,1,
mushroom_cloud,0,1,
flaming_hair,0,1,
nimble_fabric,0,1,
tonberry_(cosplay),0,1,
aztec,0,1,
macuahuitl,0,1,
bow_earrings,0,1,
apega_of_nabis,0,1,
spring_(object),0,1,
dodecagram,0,1,
nambu_type_14,0,1,
souryuu_(aircraft_carrier),0,1,
bird_skull,0,1,
leaning_tower_of_pisa,0,1,
catfish,0,1,
teepee,0,1,
mouse_costume,0,1,
year_of_the_rat,0,1,
toe_hold,0,1,
breast_missiles,0,1,
nipple_tassels,0,1,
isobeyaki,0,1,
severed_finger,0,1,
ss_insignia,0,1,
school_emblem,0,1,
colored_tips,0,1,"frosted_tips,dip-dyed_hair"
tumbler,0,1,
s&w_500,0,1,
beige_coat,0,1,
object_request,5,1,
kanchou,0,1,kancho
zweihander,0,1,
black_jeans,0,1,
scare,0,1,
anteater_ears,0,1,
anteater_tail,0,1,
untucked,0,1,
masamune_bokken,0,1,
derringer,0,1,
usano_mimi_(cosplay),0,1,
shikai,0,1,shikai_(bleach)
hoplite,0,1,
half-skirt,0,1,
aphid,0,1,
unicursal_hexagram,0,1,
prototype,0,1,
coffee_bean_hair_ornament,0,1,
akiyama_mio_(cosplay),0,1,
war_paint,0,1,
kotanuki_(kotanukiya)_(style),0,1,
bowed_wings,0,1,
road_bicycle,0,1,
nose_picking,0,1,picking_nose
freesia_(flower),0,1,
splat_roller_(splatoon),0,1,
pixiv_username,0,1,
snubnose,0,1,
ferret_ears,0,1,ferretmimi
swipe,0,1,
sesame_seeds,0,1,
chaos_ruler_(granblue_fantasy),4,1,
granblue_fantasy_(style),0,1,
squeegee,0,1,
safe,0,1,
route_66,0,1,
wii_balance_board,0,1,
heart_antenna_hair,0,1,
maple_tree,0,1,
altar,0,1,
christianity,0,1,
grail,0,1,
polka_dot_shoes,0,1,
roller_coaster,0,1,
inconsistent_censoring,0,1,
luba,0,1,
interacting_with_viewer,0,1,
hakota,0,1,
script,0,1,
my_unit_(cosplay),0,1,
imperial_german_navy,0,1,
schleswig-holstein,0,1,
chimerism,0,1,
terios,0,1,
celtic,0,1,
f-15s/mtd,0,1,
anal_ball_wear,0,1,
paper_(medium),5,1,
apple_slice,0,1,
feather_skirt,0,1,
mangosteen,0,1,
toucan,0,1,
flower_towel,0,1,
black_collar,0,1,
flower_basket,0,1,
dipsacaceae,0,1,
game_show,0,1,
sig_sauer_p229,0,1,
psg-1,0,1,
animal_pose,0,1,
julio_valiente_(cosplay),0,1,
shared_scarf,0,1,scarf_sharing
skirt_tied_over_head,0,1,
soccer_jersey,0,1,
nz_75,0,1,
udder,0,1,
tiger_cub,0,1,
beretta_px4,0,1,
eel_girl,0,1,
spider-woman_(cosplay),0,1,
wii_fit_trainer_(cosplay),0,1,
bidet,0,1,
rydia_(cosplay),0,1,
progression,0,1,
crescent_rose,0,1,
measurement,0,1,
universal_carrier,0,1,
traffic_officer,0,1,
traffic_warden,0,1,
type51,0,1,
voodoo,0,1,
castella_(food),0,1,
hand_on_back,0,1,
cqc,0,1,
fencing,0,1,
fencing_suit,0,1,
hand_on_neck,0,1,
houndstooth_background,0,1,
plaid_sleeves,0,1,
burnt_wings,0,1,
rocket_punch,0,1,
dekopin,0,1,
kisaragi_(kantai_collection)_(cosplay),0,1,
radiator,0,1,
mosasaurus,0,1,
icicle_fall,0,1,
phocomelia,0,1,
boobies_uniform,0,1,
carbon_fiber,0,1,
rollcage,0,1,
spoken_zzz,0,1,
torso,0,1,
melon-chan_(cosplay),0,1,
man_face,0,1,
zelretch_sword,0,1,
wife,0,1,
open_in_internet_explorer,5,1,
pointing_sword,0,1,
biting_clothes,0,1,
sunny_side_up_egg,0,1,
akashi_satoru_(cosplay),0,1,
galaxy_(module),0,1,
doghouse,0,1,
belly_dancing,0,1,
polka_dot_trim,0,1,
midas_money,0,1,
spiked_armlet,0,1,
duel_disk,0,1,
oak_leaf,0,1,
buoy,0,1,
genie_(song),0,1,
dragonslayer_(sword),0,1,
tiger_paws,0,1,
cognac,0,1,
smena,0,1,
green_sclera,0,1,
polka_dot_border,0,1,
badger_ears,0,1,
badger_tail,0,1,
clothes_around_neck,0,1,
multicolored_sweater,0,1,
sweater_around_neck,0,1,
fiery_ears,0,1,
handlebar,0,1,
precision_bass,0,1,
lure,0,1,
blue_nipples,0,1,
growth,0,1,
leona_heidern_(cosplay),0,1,
mouse_girl,0,1,rat_girl
f-4_phantom_ii,0,1,
virgo,0,1,
vomiting_rainbows,0,1,"puking_rainbows,rainbow_vomit,rainbow_barf"
wiggly,0,1,
yukikaze_(kantai_collection)_(cosplay),0,1,
tiger_ii,0,1,"pzkpfw_vi_ausf_b_tiger_ii,panzer_vi_ausf_b_tiger_ii"
ring_box,0,1,
over_9000,0,1,
vegeta_(cosplay),0,1,
harley_quinn_(cosplay),0,1,
manga_cover,0,1,tankoubon_cover
thanatos_eros_(cosplay),0,1,
duel_avatar,0,1,
year_of_the_rabbit,0,1,
arm_around_waist,0,1,
febreze,0,1,
bat_cutout,0,1,
bat_lingerie,0,1,
utility_pole,0,1,"power_pole,telephone_pole"
year_of_the_ox,0,1,
beaufighter_(airplane),0,1,
canopy,0,1,
slouch_hat,0,1,
tail_braid,0,1,
grabbing_another's_ass,0,1,
manicure,0,1,
hood_pull,0,1,
gretsch,0,1,
bunny_puppet,0,1,
aki_shizuha_(cosplay),0,1,
sly,0,1,
bandage_on_face,0,1,
maria_cadenzavna_eve_(cosplay),0,1,
^3^,0,1,
drawn_on_eyes,0,1,
face_in_hands,0,1,
djibril_(makai_tenshi_djibril)_(cosplay),0,1,
komodo_dragon_tail,0,1,
cure_sunshine_(cosplay),0,1,
pitching_mound,0,1,
flat_top_chef_hat,0,1,
laundry_pole,0,1,
roronoa_zoro_(cosplay),0,1,
tsuwabuki_daigo_(cosplay),0,1,
bow_shirt,0,1,
politician,0,1,politicians
brown_card,0,1,
playing_piano,0,1,
type_92_(handgun),0,1,
ice_pack,0,1,
grandma,0,1,
half-eye_glasses,0,1,
grabbing_own_arm,0,1,
new_year's_eve,0,1,
card_background,0,1,/cardbg
pilloe,0,1,
unconventional_guitar,0,1,
kirino_ranmaru_(mixi_max_jeanne_d'arc),0,1,
edited,0,1,
j4m_senden,0,1,
aperture_science_handheld_portal_device,0,1,"portal_gun_(portal),portal_gun"
fermata,0,1,
zashiki-warashi,0,1,
ocelot_ears,0,1,
ocelot_tail,0,1,
revolver_ocelot_(cosplay),0,1,
spetsnaz,0,1,
la_reine_rouge,0,1,
mushroomized,0,1,
paw_background,0,1,
oshino_ougi_(cosplay),0,1,
giving_up_the_ghost,0,1,
hand_in_shorts,0,1,
social_commentary,0,1,
african_wild_dog_ears,0,1,
african_wild_dog_print,0,1,
african_wild_dog_tail,0,1,
disk,0,1,
typing,0,1,
snow_mouse,0,1,
buzz_cut,0,1,
colors!_(medium),0,1,
groping_motion,0,1,
slot_machine,0,1,
red_jumpsuit,0,1,
platform_truck,0,1,
kunihiro_hajime_(cosplay),0,1,
adjusting_monocle,0,1,
panzerkampfwagen_38(t),0,1,
wet_bra,0,1,
schedule,0,1,
ebony_&_ivory,0,1,
piloting,0,1,
chuunibyou,0,1,
cel,0,1,
finger_ribbon,0,1,
glowing_earrings,0,1,
princess_dress,0,1,
princess_peach_(cosplay),0,1,
skylight,0,1,"skylight_(architecture),ceiling_window"
holding_leash,0,1,
spread_nipple,0,1,
nereid,0,1,
boxing_ring,0,1,
key_hair_ornament,0,1,
jagi_(cosplay),0,1,
kikkoman,0,1,
rhongomyniad,0,1,
mini_shako_cap,0,1,
parasol_(arms),0,1,
incoming_punch,0,1,punching_at_viewer
h&k_mp5k,0,1,mp5k
jiaozi,0,1,"potstickers,gyoza,gyouza"
hindi,0,1,
lavender_dress,0,1,
open_cylinder_(revolver),0,1,
mega_milk,0,1,
taut_skirt,0,1,
inflatable_chair,0,1,
canopy_(shelter),0,1,
door_handle,0,1,
wipers,0,1,
lakshmi_(p&d)_(cosplay),0,1,
thistle,0,1,
tail_raised,0,1,"tail_lifted,tail_up,raised_tail"
frankenstein's_monster_(cosplay),0,1,
plastic_cup,0,1,
barcelona,0,1,
cathedral_of_santa_eulalia,0,1,
bandaged_head,0,1,
scraped_knee,0,1,skinned_knee
bending,0,1,
kindergarten_teacher,0,1,
i-8_(kantai_collection)_(cosplay),0,1,
mercenary_(fire_emblem),0,1,
deredere,0,1,
lovestruck,0,1,
compass_(instrument),0,1,
fifa_world_cup_trophy,0,1,
remilia_scarlet_(cosplay),0,1,
crane_game,0,1,"claw_crane,claw_machine,ufo_catcher"
pencil_behind_ear,0,1,
otonashi_kotori_(cosplay),0,1,
5boys,0,1,5boy
clothes_in_mouth,0,1,
outside_of_play_area,0,1,
enfield_no.2_mk1,0,1,
webley_revolver,0,1,
american_flag_tattoo,0,1,
behemoth,0,1,
stucco,0,1,
goodbye,0,1,
kurokami_medaka_(cosplay),0,1,
sand_dollar,0,1,
after_kiss,0,1,
root_beer,0,1,
to_be_continued,0,1,
butterfly_eyepatch,0,1,
orange_sweater,0,1,
cross_moline,0,1,
poyopoyo_gif_animeekaa,0,1,
cannoneer,0,1,
ryuugazaki_rei_(cosplay),0,1,
torn_hakama,0,1,ripped_hakama
chest_belt,0,1,
trencker,0,1,
ticket_puncher,0,1,
shinto,0,1,
muscle_car,0,1,
yeti_costume,0,1,
love_handles,0,1,
purple_neckerchief,0,1,
smock,0,1,
wrist_flower,0,1,
energy_whip,0,1,
head_between_breasts,0,1,head_in_breasts
hiragana,0,1,
trompe_l'oeil,0,1,
konpaku_youmu_(cosplay),0,1,
polka_dot_sweater,0,1,
akademie_der_meeresbrise,0,1,
blowing_leaves,0,1,
kel-tec_rfb,0,1,
stealth,0,1,
pokestop,0,1,
swivel_chair,0,1,
checklist,0,1,
ham,0,1,
green_bikini_top,0,1,
looking_ahead,0,1,
morichika_rinnosuke_(cosplay),0,1,
unbuttoning,0,1,
spiral_power,0,1,
yuzu_(fruit),0,1,
yuzu_bath,0,1,
double_dildo,0,1,
armpit_hold,0,1,
suspenders_gap,0,1,
cape_lift,0,1,
lavender_necktie,0,1,
crotch_cannon,0,1,
dark_skinned_male,0,1,
game_model,5,1,
black_corset,0,1,
is-1,0,1,
euryale_(cosplay),0,1,
half_moon,0,1,
heart-shaped_glasses,0,1,
kazuno_(cosplay),0,1,
deedlit_(cosplay),0,1,
rokurokubi,0,1,
texting,0,1,
pig_ears,0,1,
cicada,0,1,
mini_splatling_(splatoon),0,1,
gradient_ribbon,0,1,
the_cake_is_a_lie,0,1,
royal_flare,0,1,
occult_ball,0,1,
sandogasa,0,1,
cymothoa_exigua,0,1,
gm_bigcity,0,1,
ninja_(granblue_fantasy),4,1,
'90s,0,1,
masada_acr,0,1,
trim_marks,0,1,crop_marks
wash_cloth,0,1,
alicia_(granblue_fantasy)_(cosplay),0,1,
toy_sword,0,1,
tiger_(p),0,1,
beam_shield,0,1,
hard_translated_(non-english),0,1,
necktie_necklace,0,1,
earphones_removed,0,1,
mullet,0,1,
kerosene_lamp,0,1,
butterfly_ornament,0,1,
rebreather,0,1,
scuba,0,1,
serpent,0,1,
dg_cells,0,1,
horn_lantern,0,1,
omake,0,1,
koma-geta,0,1,
watermelon_beach_ball,0,1,
hole_on_body,0,1,
cardiogram,0,1,"electrocardiogram,ekg,heart_monitor"
breast_rings,0,1,
oppai_ball,0,1,
purumia,0,1,
modified,0,1,
ima-no-tsurugi_(cosplay),0,1,
public_bondage,0,1,
akm,0,1,mpi-km
hyena,0,1,
3d_glasses,0,1,
rock_garden,0,1,zen_garden
laser_beam,0,1,
cowl,0,1,
red_babydoll,0,1,
a-5_vigilante,0,1,
animal_on_arm,0,1,
glory_hole,0,1,gloryhole
duckling,0,1,
sannen_y-gumi_nyanpachi_sensei,0,1,
coral_reef,0,1,
blowfish,0,1,
littorio_(kantai_collection)_(cosplay),0,1,
buruma_removed,0,1,
bugle,0,1,
hamburger_steak,0,1,
weibo_username,0,1,
reptile,0,1,
rainbow_path,0,1,
indonesian_flag,0,1,
vietnamese_flag,0,1,
world_map,0,1,
maggot,0,1,maggots
matchbox,0,1,
heart_bikini,0,1,
green_hood,0,1,
glasses_slip,0,1,
legless,0,1,
tomato_costume,0,1,
against_door,0,1,
stall,0,1,
balance_beam,0,1,
expandable_baton,0,1,
tropical,0,1,
seaport_water_oni_(cosplay),0,1,
multiple_heads,0,1,"two_heads,extra_heads"
electric_screwdriver,0,1,
whale_hair_ornament,0,1,
narcissism,0,1,
team_valor,0,1,
cameroonian_flag,0,1,
swedish_flag,0,1,
iosys_parody,0,1,
cum_on_object,0,1,
kyu_kyu_kyu_nyaa,0,1,
pumpkin_skirt,0,1,
a6m2-n,0,1,
buront_(cosplay),0,1,
98-tan_(cosplay),0,1,
hajimete_no_otsukai,0,1,
sidewalk,0,1,
hot_drink,0,1,
curse_maker_(cosplay),0,1,
scribble,0,1,
decorations,0,1,
blue_eyeshadow,0,1,
pink_eyeshadow,0,1,
silver_skin,0,1,
rectal_prolapse,0,1,
theater,0,1,
armpit_licking,0,1,
ugly_man,0,1,
bad_arm,0,1,
inhaling,0,1,
yellow_pants,0,1,
wristlet,0,1,
sled,0,1,
snowman_hair_ornament,0,1,
toboggan,0,1,
pajamas_lift,0,1,
helmet_over_eyes,0,1,
exhausted,0,1,tired_(fatigue)
holding_hammer,0,1,
kazuma_(scryed)_(cosplay),0,1,
garlic,0,1,
tolo,0,1,
sonoda_umi_(cosplay),0,1,
cut-in,0,1,
penis_ribbon,0,1,
push-ups,0,1,press-ups
shiny_rod,0,1,
shooting_range,0,1,
zincite,0,1,
forniphilia,0,1,
human_furniture,0,1,
cannons,0,1,
gradient_filter,0,1,
libra,0,1,
goldfish_print,0,1,
chupacabra,0,1,
waffen-ss,0,1,"ss_uniform,waffen_ss"
gun_mage,0,1,
steamroller,0,1,road_roller
transparent_breasts_pads,0,1,
breasts_on_tray,0,1,
sagittarius,0,1,
megurine_luka_(append),4,1,luka_append
flowing_dress,0,1,
inflatable_armbands,0,1,"floaties,water_wings_(swim_aid)"
suomi_kp/-31,0,1,
kidnapped,0,1,
hanger,0,1,
holding_above_head,0,1,
smeared_lipstick,0,1,
crown_of_thorns,0,1,
coil,0,1,
salon,0,1,
shuriken_hair_ornament,0,1,
panty_ball,0,1,
tissue_wad,0,1,
swallow,0,1,
dual_squelcher_(splatoon),0,1,
pinky_to_mouth,0,1,
head_leaves,0,1,
b6n_tenzan,0,1,
grabbing_own_thigh,0,1,
xillia_symbol,0,1,
finger_to_head,0,1,
rope_marks,0,1,
held_down,0,1,
nut_(hardware),0,1,nuts_(hardware)
tweezers,0,1,
verocean,0,1,
softball,0,1,
liberty_bell,0,1,
burst_bomb_(splatoon),0,1,
lifting_body,0,1,
nasa,0,1,
x-24,0,1,
scarf_pull,0,1,
swirls,0,1,
tegaki_draw_and_tweet,5,1,
flying_heart,0,1,
m202,0,1,
akizuki_(kantai_collection)_(cosplay),0,1,
ruined_for_marriage,0,1,
gambling,0,1,
roulette_table,0,1,
akizuki_ritsuko_(cosplay),0,1,
rumia_(cosplay),0,1,
dragon_on_head,0,1,
stained_clothes,0,1,
bubble_pipe,0,1,
giant_gauntlets,0,1,
mirai_ticket,0,1,
hand_kiss,0,1,
screen_door,0,1,
juria_(blade_&_soul),0,1,
panty_slip,0,1,
libeccio_(kantai_collection)_(cosplay),0,1,
cure_berry_(cosplay),0,1,
lapel,0,1,
hand_on_arm,0,1,
barracuda_(airplane),0,1,
breathing_tube,0,1,
high_priest_(cosplay),0,1,
carafe,0,1,
leica_(camera),0,1,
aneros,0,1,
stocking_(psg)_(cosplay),0,1,
stage_of_magic,0,1,
shoulder_plates,0,1,
gargadia_empire,0,1,
chemical_structure,0,1,structural_formula
cutting_onions,0,1,
slicing,0,1,
two-tone_swimsuit,0,1,
sofia_(toushinden)_(cosplay),0,1,
message_board,0,1,
deadpan,0,1,
towel_skirt,0,1,
sesshouseki,0,1,
cropped_neck,0,1,
hoodie_removed,0,1,
eaves,0,1,
evil_eyes,0,1,
flesh,0,1,
hieroglyphics,0,1,
illusion,0,1,
no_hands,0,1,
ov-10_bronco,0,1,
ong_hair,0,1,
lynette_bishop_(cosplay),0,1,
tomadoi_recipe,0,1,
patting_lap,0,1,
braces,0,1,
drink_umbrella,0,1,
sand_on_skin,0,1,
uniqlo,3,1,
insane,0,1,
ki-61_hien,0,1,
yotsuba_b,0,1,
time-out_(gesture),0,1,
blood_on_wall,0,1,bloody_wall
cote_d'ivoire,0,1,
jade_curtiss_(cosplay),0,1,
wandenreich,0,1,
a_flat_chest_is_a_status_symbol,0,1,
waterskiing_(meme),0,1,
manual,0,1,
motherboard,0,1,
kuma-hina,0,1,
light_censor,0,1,
torn_blindfold,0,1,
sleeveless_blouse,0,1,
source_quote_parody,0,1,
matching_hourai,0,1,
tsubaki_yayoi_(cosplay),0,1,
i-beam,0,1,
cham_cham_(cosplay),0,1,
omoi_yo_hitotsu_ni_nare,0,1,
polka_dot_necktie,0,1,
idol_clothes,0,1,
triple_scoop,0,1,
mac-11,0,1,
terrorism,0,1,
terrorist,0,1,
bowl_stack,0,1,
crystallization,0,1,
sukuna_shinmyoumaru_(cosplay),0,1,
arabian_architecture,0,1,
falling_star,0,1,
gingerbread_house,0,1,
pearl_thong,0,1,beaded_panties
sketching,0,1,
chest_scar,0,1,
covering_with_blanket,0,1,tucking_in
vorona_(cosplay),0,1,
kel-tec_rdb,0,1,
animal_head,0,1,
medb_(fate/grand_order)_(cosplay),0,1,
a-1_skyraider,0,1,
f8f_bearcat,0,1,
navy,0,1,
vr_visor,0,1,
massage,0,1,
internet,0,1,
bicycle_pump,0,1,
katsudon_(food),0,1,
bear_tail,0,1,
behind_another,0,1,
corn_field,0,1,
torn_overalls,0,1,ripped_overalls
adjustable_wrench,0,1,
sentry,0,1,
senketsu_(cosplay),0,1,
st_basil's_cathedral,0,1,
tapping_foot,0,1,
ooshio_(kantai_collection)_(cosplay),0,1,
lighting,0,1,
rmb-93,0,1,
lace-up_gloves,0,1,
pe,0,1,
blue_rose_(tiger_&_bunny)_(cosplay),0,1,
chocolate_chip_cookie,0,1,
jouga_maya_(cosplay),0,1,
noya_makoto_(style),0,1,
bead_curtain,0,1,
tying_headband,0,1,
finger_marks,0,1,
butterflyfish,0,1,
windsurfing,0,1,
venus_flytrap,0,1,
prism,0,1,
quarian,0,1,
rasta,0,1,
iowa_(kantai_collection)_(cosplay),0,1,
sento_isuzu_(cosplay),0,1,
dartboard,0,1,
folding_knife,0,1,pocketknife
bralines,0,1,
floating_city,0,1,
megastructure,0,1,
pee_leak,0,1,
angel_peach_(cosplay),0,1,
stave,0,1,
chain_mine,0,1,
plamo,0,1,
haruna_(kore_wa_zombie_desu_ka?)_(cosplay),0,1,
zebra_mask,0,1,
book_focus,0,1,
villain_pose,0,1,
hardhat,0,1,
kraken,0,1,
yellow_scrunchie,0,1,
bellows_camera,0,1,
funami_yui_(cosplay),0,1,
macmini,0,1,
writing_on_wall,0,1,
punishment,0,1,
grid_background,0,1,tile_background
gown_lift,0,1,
nightgown_lift,0,1,
hatsushimo_(kantai_collection)_(cosplay),0,1,
nudist,0,1,"nudism,naturism"
splash-o-matic_(splatoon),0,1,
suction_bomb_(splatoon),0,1,
implied_vibrator,0,1,
m1_carbine,0,1,
katou_megumi_(cosplay),0,1,
outfit,0,1,
saber_bride_(cosplay),0,1,
white_suit,0,1,
frilled_innertube,0,1,
pixels,0,1,
gas_can,0,1,
genderswap_(ftm),0,1,
valentine_(tank),0,1,
ear_visible_through_hair,0,1,
creature_on_shoulder,0,1,
katateoke,0,1,
cross_fitchy,0,1,
dress_up_premium_(go!_princess_precure),0,1,
cowter,0,1,
purple_bikini_top,0,1,
linkle_(cosplay),0,1,
amaha_miu_(cosplay),0,1,
high_waisted_pants,0,1,
amber_(stone),0,1,
bright_egret,0,1,
skis,0,1,ski
sagami_jun_(cosplay),0,1,
inkstrike_(splatoon),0,1,
mole_on_ass,0,1,
cutting_own_hair,0,1,
back_cover,0,1,
bakyu-n!!,0,1,
karasawa_(weapon),0,1,
delusional,0,1,
novelty_vibrator,0,1,
hello_hoshi_wo_kazoete,0,1,
broken_floor,0,1,
nagasaki,0,1,
sotoba,0,1,
blue_buruma,0,1,
crab_on_shoulder,0,1,
although_she_hurriedly_put_on_clothes,0,1,
arm_holding,0,1,
georgia_max_coffee,0,1,
icchae_popotan,0,1,
ship's_bridge,0,1,
fire_and_brimstone,0,1,
standing_on_sword,0,1,
strawberry_trapper,0,1,
kiraboshi_(star_driver),0,1,
green_apple,0,1,
hanging_chair,0,1,
wasteland,0,1,
dirty_talk,0,1,
oboro-maru_(live_a_live)_(cosplay),0,1,
bounce,0,1,
tooth_hair_ornament,0,1,
yoshizaki_mine_(style),0,1,
20s,0,1,
ship's_wheel,0,1,
serena_(pokemon)_(cosplay),0,1,
tsuyu_sauce,0,1,
griffin,0,1,gryphon
marriage_certificate,0,1,
holding_menu,0,1,
hippopotamus_(kemono_friends)_(cosplay),0,1,
long_toes,0,1,
houshou_(kantai_collection)_(cosplay),0,1,
cervical_penetration,0,1,
sea_cucumber,0,1,
apteekin_salmiakki,0,1,
flat_screen_tv,0,1,
pokemon_battle,0,1,
broken_arrow,0,1,
sorcerer,0,1,
shanelun,0,1,
passion_harp,0,1,
glock_17,0,1,
asari,0,1,
m-3_predator,0,1,
multicolored_sky,0,1,
webbing,0,1,
panasonic_corporation,0,1,
salt_flats,0,1,
hoshizora_miyuki_(cosplay),0,1,
dai-oki_(style),0,1,
trampoline,0,1,
on_shoulder,0,1,
blood_writing,0,1,
isometric,0,1,
platform,0,1,
abdomen_swell,0,1,
enoshima_junko_(cosplay),0,1,
hangar,0,1,
kirima_sharo_(cosplay),0,1,
nico_day,0,1,
shading,0,1,
why_so_serious,0,1,
blindfold_removed,0,1,
tress,0,1,
huge_bow,0,1,
beretta_m1934,0,1,
mouth_guard,0,1,
ayaya~,0,1,
clarisse_(granblue_fantasy)_(cosplay),0,1,
vocaloid_boxart_pose,0,1,
kousaka_honoka_(cosplay),0,1,
rabbit_girl,0,1,
imperium_graphices,0,1,
new_wave,0,1,
5,0,1,
orgasm_denial,0,1,
kyubey_(cosplay),0,1,
d-gazer,0,1,
antarctica,0,1,
biting_hand,0,1,
pussy_hold,0,1,
type43,0,1,
physalis_(fruit),0,1,
furikake_(food),0,1,
transparent_border,0,1,
at4,0,1,
tonkatsu,0,1,
horse_mask,0,1,
tyler_durden_(cosplay),0,1,
chestnut,0,1,chestnuts
floater,0,1,
flapper_shirt,0,1,
pirate_j,0,1,
tonkori,0,1,
open_can,0,1,
diaper_changing,0,1,
the_world_(tarot_card),0,1,
piggyback,0,1,carrying_on_back
water_battle,0,1,
wolfrun_(cosplay),0,1,
bayonetta_(cosplay),0,1,
backwards_text,0,1,
bald_eagle,0,1,
patriotism,0,1,
black_frills,0,1,
horosho,0,1,
seven-branched_sword,0,1,shichishitou
symbiote,0,1,
test_tube_rack,0,1,
yin_yang_print,0,1,
argyle_skirt,0,1,
fishnet_fabric,0,1,
lavender,0,1,
anmitsu_komachi,0,1,
fortune_tambourine,0,1,
thong_aside,0,1,
mask_over_one_eye,0,1,
stonehenge,0,1,
orange_(fruit),0,1,"orange_(food),orange,oranges"
grease,0,1,
wiggling,0,1,
lasso,0,1,
bunny_day,0,1,
black_soccer_ball,0,1,
darth_vader_(cosplay),0,1,
removing_helmet,0,1,
void_(guilty_crown),0,1,
whale_shark,0,1,whaleshark
wendy_(wendy's)_(cosplay),0,1,
fudepen_(medium),5,1,brushpen_(medium)
pork,0,1,
waiting_for_kiss,0,1,
fast_food,0,1,
rainbow_eyes,0,1,
vest_removed,0,1,
stomachache,0,1,
panties_under_panties,0,1,
beast,0,1,
bad_drink,0,1,
nymph,0,1,
serving,0,1,
bunny_hop,0,1,
farnese_(cosplay),0,1,
heat_sink,0,1,
head_wreath_removed,0,1,
elly_(cosplay),0,1,
lace-up_heels,0,1,laceup_heels
bindle,0,1,
quiz,0,1,
yamaha_c3,0,1,
yamaha_vox,0,1,
matryoshka_doll,0,1,"babushka_doll,nesting_doll,russian_nesting_doll"
palace,0,1,
sos-dan_logo,0,1,
kishinami_riho,0,1,
mannequin,0,1,
foothold_trap,0,1,
type_10_(tank),0,1,
mixed_martial_arts,0,1,mma
diving_helmet,0,1,
silver_hairband,0,1,
bucket_on_head,0,1,
threaded_cane,0,1,
solid_black_thumbnail,0,1,
profiterole,0,1,
living_armor,0,1,
fang_necklace,0,1,
lace-up_legwear,0,1,
sun_print,0,1,
argetlahm,0,1,
beer_bottle,0,1,
aimpoint,0,1,
marpat,0,1,
minimized,0,1,
bow_removed,0,1,
credits,0,1,
bunches,0,1,
toyota_hiace,0,1,
training_wheels,0,1,
red_panda,0,1,
keizoku_(emblem),0,1,
ashigara_(cruiser),0,1,
muji_body_fitting_sofa,0,1,
spread_armpit,0,1,armpit_spreading
wringing,0,1,
railgun,0,1,railgun_(weapon)
tinsel,0,1,
black_fur,0,1,
antique_cannon,0,1,
check_copyright,5,1,
amagi_yukiko_(cosplay),0,1,
no_bike_shorts,0,1,
luna_child_(cosplay),0,1,
drifting,0,1,
dildo_gag,0,1,penis_gag
tea_stalk,0,1,
wheel_o_feet,0,1,
celty_sturluson_(cosplay),0,1,
makise_kurisu_(cosplay),0,1,
searchlights,0,1,
okinawa,0,1,
sanshin,0,1,
pet_shaming,0,1,
sign_around_neck,0,1,
pop_filter,0,1,
green_bottomwear,0,1,
m203,0,1,
sand_castle,0,1,sandcastle
sand_sculpture,0,1,
lime_(color),0,1,
olive_wreath,0,1,
cum_in_thighhigh,0,1,
tentacles_in_thighhighs,0,1,
leg_strap,0,1,
kazami_yuuka_(cosplay),0,1,
gumball,0,1,gumballs
asamiya_athena_(cosplay),0,1,
captain_falcon_(cosplay),0,1,
recolor,0,1,
cracked_lens,0,1,
puffer_jacket,0,1,
uss_new_jersey_(bb-62),0,1,
covering_nose,0,1,
ventilation_shaft,0,1,
inkling_(cosplay),0,1,
space_station,0,1,
gendou_pose,0,1,
too_many_bunnies,0,1,
underwear_pull,0,1,
nipple_tag,0,1,
novel,0,1,
dinosaur_riding,0,1,
penis_hug,0,1,
ape,0,1,
chocolate_almond,0,1,
meiji_almond_chocolate,0,1,
weaponized_instrument,0,1,
fake_cyrillic,0,1,
9a-91,0,1,
purple_coat,0,1,
komeiji_satori_(cosplay),0,1,
t-90,0,1,
jackal_ears,0,1,
translucent_hair,0,1,
watanabe_akio_(style),0,1,
bound_feet,0,1,
clam_digging,0,1,
bloody_stream,0,1,
buruma_lift,0,1,
paul_reed_smith,0,1,
sofia_vascucci_(cosplay),0,1,
book_on_lap,0,1,
akitsushima_(kantai_collection)_(cosplay),0,1,
catwoman_(cosplay),0,1,
airmail_envelope,0,1,
pillow_straddling,0,1,
blowing_smoke,0,1,
vaping,0,1,
vaporizer,0,1,
beam_gun,0,1,
rain_mikamura_(cosplay),0,1,
alfa_romeo_4c,0,1,
pepper_shaker,0,1,
glass_shards,0,1,
cross_of_saint_peter,0,1,
dutch,0,1,
mushroom_hat,0,1,
air_guitar,0,1,
sword_behind_back,0,1,
justice_ray,0,1,
imperial_german_flag,0,1,german_empire_flag
dx,0,1,
aqua_skin,0,1,
heartbreak_haircut,0,1,
dachshund,0,1,
10,0,1,
piccolo_(instrument),0,1,
head_on_knees,0,1,
bread_eating_race,0,1,bread_eating_contest
sea_otter,0,1,
wooden_fish,0,1,
angel_and_devil,0,1,angel_and_demon
magitek_armor,0,1,
tail_feathers,0,1,
spoken_feather,0,1,
anchira_(granblue_fantasy)_(cosplay),0,1,
color_contrast,0,1,
rei_no_mizugi,0,1,
platform_legwear,0,1,
+_-,0,1,
blanc_(cosplay),0,1,
layered_bed_sheet,0,1,
after_bath,0,1,
feral,0,1,
sheryl_nome_(cosplay),0,1,
slosher_(splatoon),0,1,
chedi,0,1,
sao_ching_cha,0,1,
viharn,0,1,
wat,0,1,
female_admiral_(kantai_collection)_(cosplay),0,1,
oversplit,0,1,
subaru_360,0,1,
shirona_(pokemon)_(cosplay),0,1,
enma_ai_(cosplay),0,1,
panda_print,0,1,
vf-25_(cosplay),0,1,
nakano_azusa_(cosplay),0,1,
orange_belt,0,1,
whorled_flames,0,1,
walkure_(macross_delta),0,1,
yule_log,0,1,
ideolo_(style),0,1,
synergetic_suit,0,1,
hazard_stripes,0,1,
kiki_(cosplay),0,1,
trusty_fortune,0,1,
i-13_(kantai_collection)_(cosplay),0,1,
treadmill,0,1,
calf_socks,0,1,
p-61_black_widow,0,1,
veil_over_eyes,0,1,
beatrice_(cosplay),0,1,
polka_dot_innertube,0,1,
serio_(cosplay),0,1,
t-shirt_material,0,1,
large_ring,0,1,
cat_o'_nine_tails,0,1,cat_o_nine_tails
punching_at_viewer,0,1,
weasel,0,1,stoat
moon_reflection,0,1,
polkadot_skirt,0,1,
single_letter,0,1,
cocaine,0,1,
happy_turn,0,1,
ending,0,1,
genos_(cosplay),0,1,
bar_soap,0,1,
aliasing,5,1,"resizing_artifacts,resampling_artifacts"
odd-eyes_pendulum_dragon_(cosplay),0,1,
toddlercon,0,1,toddlersex
chinese_zodiac,0,1,
ship_girl,0,1,
card_between_fingers,0,1,
romanian,0,1,
blindfold_lift,0,1,
between_buttocks,0,1,
pamelaneko,0,1,
ringo_mogire_beam,0,1,
shorts_tug,0,1,
holding_glove,0,1,
red_cloak,0,1,
tail_biting,0,1,
goatee,0,1,
netorare,0,1,ntr
you_gonna_get_eaten,0,1,
polka_dot_hoodie,0,1,
honda_keisuke_(cosplay),0,1,
honey_dipper,0,1,
stack_of_pancakes,0,1,
charlotte_(madoka_magica)_(cosplay),0,1,
o_medal,0,1,
mane,0,1,
horse_penis,0,1,"horsecock,horse_cock"
tired,0,1,
pokegear,0,1,
weathergirl,0,1,
dominos,0,1,
coelacanth,0,1,
manatee,0,1,dugong
manta_ray,0,1,
nautilus_(animal),0,1,
sunfish,0,1,
jonathan_joestar_(cosplay),0,1,
roomba,0,1,
spitroast,0,1,
father's_day,0,1,
charcoal,0,1,
lighting_pipe,0,1,
lace-trimmed_bow,0,1,
mk_14_rifle,0,1,
p-38_lightning,0,1,
holding_sheath,0,1,holding_scabbard
lancer_(fate/extra_ccc)_(cosplay),0,1,
delmo,0,1,
posture_collar,0,1,
sakamoto_mio_(cosplay),0,1,
sakura_kyouko_(cosplay),0,1,
kid_(chrono_cross)_(cosplay),0,1,
hana_(module),0,1,
scarlet_macaw,0,1,
examination,0,1,
food_on_shoulders,0,1,
bunny_mint_(cosplay),0,1,
euphemia_li_britannia_(cosplay),0,1,
straight_shota,0,1,
pack_of_dogs,0,1,
comptina_daemonia,0,1,
diarium_ejus,0,1,
silver_dress,0,1,
silver_shoes,0,1,
garrote,0,1,piano_wire
bkub_(style),0,1,
red-and-green_macaw,0,1,
cum_on_lips,0,1,
in-ear_earphones,0,1,
star_pillow,0,1,
hay,0,1,
stable,0,1,
haiku,0,1,
shantae_(character)_(cosplay),0,1,
bluebird,0,1,
bean_sprout,0,1,
lace-trimmed_leotard,0,1,
daikuuji_ayu_(cosplay),0,1,
gerudo,0,1,
ruger_mini-14,0,1,
industrial,0,1,
detached_hand,0,1,
squall_leonhart_(cosplay),0,1,
z1_leberecht_maass_(kantai_collection)_(cosplay),0,1,
the_medic_(cosplay),0,1,
coco_(tsuritama)_(cosplay),0,1,
hijab,0,1,
patterned_legwear,0,1,
semibreve_rest,0,1,
a.b.a_(cosplay),0,1,
mexican_dress,0,1,
pinata,0,1,
caliper,0,1,
taxi,0,1,
energy_weapon,0,1,
honda_cb400,0,1,
honda_cb400sf,0,1,
404,0,1,
6_9,0,1,
http_status_code,0,1,
m1_garand,0,1,
kurotori_chiyoko_(cosplay),0,1,
marty_mcfly_(cosplay),0,1,
survey_corps,0,1,
soga_no_tojiko_(cosplay),0,1,
browning_hi-power,0,1,
sword_of_kusanagi,0,1,
fujimura_taiga_(cosplay),0,1,
8-bit,0,1,
playstation_move,0,1,
playstation_vr,0,1,"ps_vr,psvr"
red_capelet,0,1,
foregrip,0,1,
tongue_grab,0,1,
mazda_rx-8,0,1,
lemonade,0,1,
water_in_navel,0,1,
ciel_(cosplay),0,1,
carro_armato_p40,0,1,
snow_white_(disney)_(cosplay),0,1,
removing_bra,0,1,unfastening_bra
e_machine,0,1,
teletha_testarossa_(cosplay),0,1,
dunk_tank,0,1,
fist_dildo,0,1,
lunar_halo,0,1,
akebono_(kantai_collection)_(cosplay),0,1,
flogger,0,1,
baymax_(cosplay),0,1,
quiff,0,1,
water_cooler,0,1,
elbow_drop,0,1,
energy_tank,0,1,"e_can,e_tank,e-can,e-tank"
immobilization,0,1,
biting_glasses,0,1,
striped_umbrella,0,1,
gloria_(devil_may_cry)_(cosplay),0,1,
electric_razor,0,1,
apologizing,0,1,apology
coopa_(cosplay),0,1,
no_goggles,0,1,
no_cardigan,0,1,
bloomers_removed,0,1,
hand_on_railing,0,1,holding_railing
head_in_hand,0,1,
blocks,0,1,
zuikaku_(kantai_collection)_(cosplay),0,1,
clothed_female_nude_male,0,1,"nmcf,/nmcf,nude_male_clothed_female,clothed_female_naked_male,cfnm,/cfnm"
pepsi_black,0,1,
have_to_poop,0,1,
single_scoop,0,1,
waffle_cone,0,1,
shirahoshi_(cosplay),0,1,
sony_ericsson,0,1,
teruyof,4,1,
working,0,1,
statue_of_liberty,0,1,
spiked_belt,0,1,
holding_key,0,1,
vz._58,0,1,
novelty_shikishi,0,1,
rimururu_(cosplay),0,1,
tampon,0,1,
blazer_removed,0,1,
tied_dress,0,1,
people,0,1,background_people
death_devil,0,1,
faceset,0,1,
ghoul,0,1,
partial_commentary,5,1,
mazda_cosmo,0,1,
shepherd,0,1,
bunny_boy,0,1,
czech_flag,0,1,
iceland,0,1,
turkey_(country),0,1,
turkish_flag,0,1,
mango,0,1,
usami_youko_(cosplay),0,1,
hair_in_face,0,1,
kagarino_kirie_(cosplay),0,1,
we're_forced!,0,1,
side_slit_shorts,0,1,
sv001_(metal_slug),0,1,
dress_shoes,0,1,
ice_sculpture,0,1,
note_block,0,1,
stenciled_rose,0,1,
lantern_festival,0,1,
vortex,0,1,
pyramid_weight,0,1,
lunatic-hai_(team),0,1,
mirrored,0,1,
plunging,0,1,
yellow_coat,0,1,
bone_hair_ornament,0,1,
nue_day,0,1,
calne_ca_(cosplay),0,1,
geisha,0,1,
food_writing,0,1,
taneshima_popura_(cosplay),0,1,
heart_card,0,1,
dark_rhongomyniad,0,1,
cutie_honey_(cosplay),0,1,
sanya_v_litvyak_(cosplay),0,1,
usane_ropu,0,1,
how_to_draw_an_owl,0,1,
mosaic,0,1,
charger,0,1,
monitor_light,0,1,
silver-framed_eyewear,0,1,
star-shaped_glasses,0,1,
storage_room,0,1,
fake_box_art,0,1,
hanyuu_(cosplay),0,1,
mechanism,0,1,
plachta_(cosplay),0,1,
empty,0,1,
plank,0,1,
tarako_spaghetti,0,1,
cheshire_cat_(cosplay),0,1,
conservatory,0,1,
trellis,0,1,
latex_legwear,0,1,
drama_cd,0,1,
choukyuu_haou_den'eidan,0,1,
promotions,0,1,
blurry_foreground,0,1,
tan_gloves,0,1,
aerith_gainsborough_(cosplay),0,1,
boonie_hat,0,1,
m72_law,0,1,
sarcophagus,0,1,
holding_boots,0,1,
saimoe_2006,0,1,
paint_on_face,0,1,
heart_buckle,0,1,
hand_on_throat,0,1,
tank_cupola,0,1,
thong_shorts,0,1,
miku_append,0,1,
miku_append_(cosplay),0,1,
flygsystem_2020,0,1,
svenska_flygvapnet,0,1,
sweden,0,1,
swedish,0,1,
pantyhose_under_trousers,0,1,
t-4,0,1,
back_view,0,1,
bmw,0,1,
sidecar,0,1,
hexagonal_background,0,1,
gae_buidhe,0,1,
gae_dearg,0,1,
doughnut_box,0,1,
yatta!,0,1,
makai_(touhou),0,1,
dna,0,1,dna_strand
double_helix,0,1,
lensless_glasses,0,1,
fn_f2000,0,1,
strut,0,1,
fujimaru_ritsuka_(female)_(cosplay),0,1,
bad_pawoo_id,0,1,
clip_(weapon),0,1,"ammo_clip,ammunition_clip"
negative_space,0,1,
clover_earrings,0,1,
drinking_cup,0,1,
checkered_bra,0,1,
usami_sumireko_(cosplay),0,1,
beargguy_iii_(cosplay),0,1,
hand_in_lap,0,1,
klonoa_(cosplay),0,1,
sniper_scope,0,1,
bowser_(cosplay),0,1,
driver,0,1,
pantyhose_tug,0,1,
yoke,0,1,
anal_tube,0,1,
misty_lake,0,1,
glowing_tail,0,1,
dual_drum_magazine,0,1,
akazukin_(cosplay),0,1,
dog_lead,0,1,
blue_bloomers,0,1,
graph_paper,0,1,
chloe_valens_(cosplay),0,1,
sequential,0,1,
yakitoumorokoshi,0,1,
watery_eyes,0,1,
moonlight_butterfly,0,1,
wet_face,0,1,
tri_braids,0,1,
neck_corset,0,1,
fur-trimmed_bikini,0,1,
horoscope,0,1,
cum_on_bed,0,1,
sks,0,1,type_56_carbine
misunderstanding,0,1,
home_economics,0,1,
stew,0,1,
menu_board,0,1,
deviantart_logo,0,1,
leg_wings,0,1,
flower_pattern,0,1,
arche_de_noe,0,1,
white_armor,0,1,
normal,0,1,
hair_extensions,0,1,
striped_pajamas,0,1,
building_sex,0,1,
komaru_(cosplay),0,1,
movie_theater,0,1,cinema
cure_peace_(cosplay),0,1,
666,0,1,
squeeze_bottle,0,1,
cure_blossom_(cosplay),0,1,
shaving_cream,0,1,
ass_wings,0,1,
fox_hat,0,1,
pearl_harbor,0,1,
adjusting_bow,0,1,
paper_roll,0,1,
ptrd-41,0,1,
cantaloupe,0,1,muskmelon
top,0,1,
medicine_bottle,0,1,
skinny_jeans,0,1,
fuckin'_hot_(kuso_atsui),0,1,
h&k_ump,0,1,"h&k_ump45,h&k_ump40,h&k_ump9,hk_ump,ump"
atoli_(.hack//)_(cosplay),0,1,
sabertooth_cat,0,1,
tankard,0,1,
sex_ed,0,1,
kanda_momo_(cosplay),0,1,
layered_sleeves,0,1,
slim_waist,0,1,
clitoral_hood,0,1,
purple_blazer,0,1,
milia_(lord_of_vermilion)_(cosplay),0,1,
irritated,0,1,
wok,0,1,
yellow_snow,0,1,
huke_(style),0,1,
glass_pumpkin,0,1,
holding_pumpkin,0,1,holding_jack-o'-lantern
lating,0,1,
spqr_(emblem),0,1,
garuda_(granblue_fantasy)_(cosplay),0,1,
nib_pen_(object),0,1,"fountain_pen,dip_pen"
tuge,0,1,
apple_earrings,0,1,
ppelin,0,1,
food_awe,0,1,
common_kingfisher,0,1,
ashiyu,0,1,
arquebus,0,1,
ragequit,0,1,rage_quit
table_flip,0,1,
vasavi_shakti,0,1,
cross-laced_sandals,0,1,
mino_boushi,0,1,
spoken_x,0,1,
wrapping,0,1,
hayasui_(kantai_collection)_(cosplay),0,1,
bren_lmg,0,1,
tatari_kogasa,0,1,
kevlar,0,1,
taut_shorts,0,1,
stuffed_wolf,0,1,
yamada_maya_(infinite_stratos)_(cosplay),0,1,
oomori_yuuko_(cosplay),0,1,
bubble_wand,0,1,
mazda_demio,0,1,
jack-o'-lantern_hair_ornament,0,1,
rowboat,0,1,
external_hard_drive,0,1,
rose_petal_bath,0,1,
black_hole_(space),0,1,
naked_kappougi,0,1,
hippopotamus_ears,0,1,
initial,0,1,
ribbon_cable,0,1,
alpha_omega_(cosplay),0,1,
pelt,0,1,animal_pelt
wolf_pelt,0,1,
counting,0,1,
slapping,0,1,slap
squeezing_testicles,0,1,ball_squeeze
tremolo_arm,0,1,
hover_board,0,1,
sky_surfing,0,1,
skyboard,0,1,
knolling,0,1,
bandaid_on_stomach,0,1,
lace-trimmed_kimono,0,1,
raichu_(cosplay),0,1,
liquid_clothes,0,1,
nyaa-tan_(cosplay),0,1,
hanami_trace_(meme),0,1,
ice_shoes,0,1,
kel-tec,0,1,
kel-tec_ksg,0,1,
lemon_tart,0,1,
soda_fountain,0,1,
posterior_cleavage,0,1,
aircraft_catapult,0,1,
sora_no_michishirube,0,1,
wedding_cake,0,1,
flower_censor,0,1,
outfit_2_(kumamiko),0,1,
paper_wall,0,1,
dollar_bill,0,1,
pavers,0,1,
cassock,0,1,
blowtorch,0,1,
welding_mask,0,1,
device,0,1,
ultrasone,0,1,
character_hat,0,1,
date_masamune_(sengoku_basara)_(cosplay),0,1,
playing_with_another's_hair,0,1,
chigaunsuyo,4,1,
psm,0,1,
non-looping_animation,0,1,
fenrir_(vehicle),0,1,
shera_(vehicle),0,1,
line_marker,0,1,
rockman_(cosplay),0,1,
holding_bars,0,1,
flab,0,1,
tongs,0,1,
guitar_girl,0,1,
jack_plug,0,1,
sach_steffel,0,1,
leonmitchelli_galette_des_rois_(cosplay),0,1,
wig_removed,0,1,
open_cloak,0,1,
laharl-chan_(cosplay),0,1,
hands_under_legs,0,1,
no_background,0,1,
tk_(angel_beats!)_(cosplay),0,1,
whine,0,1,
iai_kfir,0,1,
israeli_flag,0,1,
noa_ashkenazi_(cosplay),0,1,
cracked_floor,0,1,
pencil_to_face,0,1,
amayadori_machi_(cosplay),0,1,
outfit_4_(kumamiko),0,1,
umakoshi_yoshihiko_(style),0,1,
cloth_pull,0,1,
switch_axe,0,1,
quiet_(metal_gear)_(cosplay),0,1,
stun_baton,0,1,
decora,0,1,
suigintou_(cosplay),0,1,
animal_on_hand,0,1,
m1903_springfield,0,1,
mid-stride,0,1,
holding_egg,0,1,
shun_goku_satsu,0,1,"raging_demon_(street_fighter),instant_hell_murder"
high_tops,0,1,
drink_me,0,1,
eat_me,0,1,
house_cleaning,0,1,
trophy_stand,0,1,
holding_picture,0,1,
stax,0,1,
purple_sclera,0,1,
bunny_pillow,0,1,
blocking,0,1,
rogue,0,1,
thief,0,1,
white_sash,0,1,
polish_clothes,0,1,
crucifix,0,1,
penis_tentacles,0,1,
character_mask,0,1,
parakeet,0,1,
shuten_douji_(fate/grand_order)_(cosplay),0,1,
iceberg,0,1,
yatteyan'yo,0,1,
coaster,0,1,
slow_motion,0,1,
god_knows...,0,1,
black_outline,0,1,
girl_power,0,1,
white_robe,0,1,
calpis,3,1,
maxim_gun,0,1,pm1910
pony_play,0,1,ponyplay
short_pointy_ears,0,1,
colonnade,0,1,
sticky_note,0,1,post-it
senkouji_hagino_(cosplay),0,1,
yellow_buruma,0,1,
zui_zui_dance,0,1,
zoom_out,0,1,
gensoukyou,0,1,
yuki_miku_(cosplay),0,1,
midway_hime_(cosplay),0,1,
black_wedding_dress,0,1,
dark_bride,0,1,
too_low_salary,0,1,
recipe,0,1,
ring_bottom,0,1,
cat_ear_bikini,0,1,
imi_galil,0,1,
binding,0,1,
catboy,0,1,
dumpster,0,1,
planetarium,0,1,
g36k,0,1,
sock_on_penis,0,1,socks_on_cocks
bone_tail,0,1,
restraints,0,1,
armored_vehicle,0,1,
panzerfaust,0,1,
sdkfz_251,0,1,
karakuri_chachamaru_(compact),0,1,
doritos,0,1,
swamp_witch,0,1,
volkswagen,0,1,
volkswagen_type_2,0,1,
haru-chan_(cosplay),0,1,
spoken_paw,0,1,
mona_lane_(pauline),0,1,
kuujou_joutarou_(cosplay),0,1,
cracked_wall,0,1,
intersection,0,1,
liga_bbva,0,1,
sergio_ramos,0,1,
chitose_ame,0,1,
hifu,0,1,
shichi-go-san,0,1,
ice_tentacles,0,1,
censor_text,0,1,
xiangqi,0,1,
looking_outside,0,1,looking_out_window
fan_speaking,0,1,
kousaka_tamaki_(cosplay),0,1,
source_name,0,1,
virginia_slims,0,1,
rooster_costume,0,1,
silver_bikini,0,1,
afrika_korps,0,1,
oasis,0,1,
kawaya_no_hanako-san,0,1,
1972,0,1,
lina_inverse_(cosplay),0,1,
recolored,5,1,
daga_kotowaru,0,1,
black_buruma,0,1,
waiter,0,1,
shirt_over_head,0,1,
shinjin_succubus_(konosuba)_(cosplay),0,1,
sponge_bath,0,1,
luchador_mask,0,1,
arm_over_shoulder,0,1,
foreskin_pull,0,1,foreskin_retraction
little_penis,0,1,
straw_cape,0,1,
blue_card,0,1,
xemnas_(cosplay),0,1,
thriller_bark,0,1,
recharging,0,1,
knife_in_head,0,1,
thumbtack,0,1,thumbtacks
writing_on_hand,0,1,
aeropolis_multiplex,0,1,
fw_190,0,1,
clothed_after_sex,0,1,
yagokoro_eirin_(cosplay),0,1,
a-37_dragonfly,0,1,
amasawa_yuuko_(cosplay),0,1,
pushing,0,1,push
cassette_tape,0,1,
umbilical_cord,0,1,
ram_skull,0,1,
face_jewel,0,1,
yeti_(creature),0,1,
sr-71_blackbird,0,1,
in_cage,0,1,
paper_doll,0,1,
falcon_punch,0,1,
powered_wheelchair,0,1,
ice_cream_cone_on_head,0,1,
bat_earrings,0,1,
youkai_watch_u2,0,1,
guard,0,1,
ea_(fate/stay_night),0,1,
bridal_legwear,0,1,
mandolin,0,1,
topaz_(stone),0,1,
clitoris_pull,0,1,clit_pull
clitoris_tied,0,1,
barre,0,1,ballet_bar
shears,0,1,
pi_(math),0,1,
alternate_uniform,0,1,
offering_drink,0,1,
ornate_armor,0,1,
pretty_sammy,0,1,
pretty_sammy_(cosplay),0,1,
recruiters_(disney),0,1,
hk45,0,1,
leo,0,1,
cuffed,0,1,
epee,0,1,
dog_print,0,1,
wolf_hood,0,1,
avatar_icon,0,1,
partially_blind,0,1,
eternal_sailor_moon_(cosplay),0,1,
yosakoi,0,1,
blue_lips,0,1,"light_blue_lipstick,blue_lipstick"
stigmata,0,1,
aston_martin_dbs,0,1,
trails,0,1,
ass_smack,0,1,
ripped,0,1,
x_navel,0,1,
sangvis_ferri,0,1,
through_window,0,1,
neptune,0,1,
orange_pubic_hair,0,1,
lumberjack,0,1,
pipe_organ,0,1,
ankle_gun,0,1,
fur-lined_gloves,0,1,
holding_scissors,0,1,
jingasa,0,1,
filming,0,1,
bodycon,0,1,
selfie_pose,0,1,
smartphone_case,0,1,
coller,0,1,
detached_tail,0,1,
yak-9,0,1,
rein_(cosplay),0,1,
fluid,0,1,
ittan_momen,0,1,
recycling_symbol,0,1,
frenda_seivelun_(cosplay),0,1,
sengoku_nadeko_(cosplay),0,1,
michishio_(kantai_collection)_(cosplay),0,1,
polka_dot_print,0,1,
buffalo_bell_(cosplay),0,1,
ukrainian,0,1,
white_wolf,0,1,
grey_kimono,0,1,
yui_(angel_beats!)_(cosplay),0,1,
otter_ears,0,1,
otter_tail,0,1,
refueling,0,1,
wiseman_(granblue_fantasy),0,1,
fish_costume,0,1,
lionfish,0,1,
stuffed_kappa,0,1,
fancy_dessert,0,1,
nuclear_bomb,0,1,
pushing_cart,0,1,
zelos_wilder_(cosplay),0,1,
pinstripe_panties,0,1,
bug_bite,0,1,mosquito_bite
rope_necklace,0,1,
particle_projector_cannon,0,1,
partially_immersed,0,1,
mega_stone,0,1,key_stone_(pokemon)
team_flare,0,1,
looking_past_viewer,0,1,
alola_form,0,1,
laughing_man,0,1,
anteater,0,1,
tone_(kantai_collection)_(cosplay),0,1,
han_juri_(cosplay),0,1,
myrtenaster,0,1,
cow_hat,0,1,
arm_armor,0,1,
studs,0,1,
birthmark,0,1,
bow_by_hair,0,1,
camouflage_shorts,0,1,
magpul,0,1,
kansaiben,0,1,
shoe_loss,0,1,
dragon_radar,0,1,
miimu_(cosplay),0,1,
oerba_yun_fang_(cosplay),0,1,
opera_glasses,0,1,
severed_hands,0,1,
jukei-in,0,1,
squirrel_costume,0,1,
holding_elbow,0,1,
3boys,0,1,3boy
shouryuuken,0,1,shoryuken
dress_flip,0,1,
fungus,0,1,
polypore,0,1,
cure_white_(cosplay),0,1,
toy_boat,0,1,
cure_module,0,1,
behind-the-head_headphones,0,1,
bugatti,0,1,
bugatti_veyron,0,1,
basketball_hoop,0,1,
holding_hand,0,1,
cure_gelato_(cosplay),0,1,
unryuu_(kantai_collection)_(cosplay),0,1,
point_sensor_(splatoon),0,1,
sploosh-o-matic_(splatoon),0,1,
rocket_boots,0,1,
core,0,1,slime_core
public_bath,0,1,
enka,0,1,
oryx_ears,0,1,
palette_knife,0,1,
feather_earrings,0,1,feather_earring
stuffed_koala,0,1,
grey_lipstick,0,1,
prologue_rouge,0,1,
avatar_state,0,1,
kneepit_sex,0,1,knee_pit_sex
angel_leotard,0,1,
sketch_pad,0,1,
seihai_(sailor_moon),0,1,
pornstars,0,1,
stormy_waters,0,1,
youkai_watch_u_prototype,0,1,
pointing_down,0,1,
sleeve_rolled_up,0,1,
photobomb,0,1,
black_panther,0,1,
palm_leaf,0,1,
japanese_macaque,0,1,snow_monkey
zeon,0,1,
alternate_eyewear,0,1,alternate_glasses
firecrackers,0,1,firecracker
mechanical_bird,0,1,
jamadhar,0,1,katar
drill_hand,0,1,
jamie_i,0,1,
nagimaki,0,1,
copy_ability,0,1,
mural,0,1,
bunny-shaped_pupils,0,1,
omega_symbol,0,1,
shame,0,1,
severed,0,1,
severed_torso,0,1,
blue_sclera,0,1,
torn_necktie,0,1,ripped_necktie
algorithm_march,0,1,
kongou_(battleship),0,1,
hawkeye_(granblue_fantasy),4,1,
necktie_grab,0,1,"necktie_pull,tie_grab,tiegrab"
neckwear_grab,0,1,
cat_feet,0,1,
m134_minigun,0,1,
blue_belt,0,1,
briefs,0,1,
white_briefs,0,1,
ikebana,0,1,
sig_sauer_p239,0,1,
murder,0,1,
bladder,0,1,
using_phone,0,1,
decepticon,0,1,
nadia_(cosplay),0,1,
shoulders,0,1,
knit_bikini,0,1,
knit_swimsuit,0,1,
violin_bow,0,1,
foil_(fencing),0,1,
kazanari_tsubasa_(cosplay),0,1,
mp443,0,1,
toeblade,0,1,
pen_tablet,0,1,
holding_jacket,0,1,
emotions_of_kurumi,0,1,
disposable_camera,0,1,
nekonyan_dance,0,1,
flares,0,1,
loom,0,1,
floating_necktie,0,1,
wreathlit_noel_(cosplay),0,1,
yellow_umbrella,0,1,
stripping_instrumentality,0,1,
taj_mahal,0,1,
hankafumisage,0,1,
hankashii,0,1,
dog_hair_ornament,0,1,
paddle_wheel,0,1,
uss_powhatan,0,1,
kitty_lea,0,1,
airbrush,0,1,
fox_hound,0,1,
uwu,0,1,
mizuki_yukikaze_(cosplay),0,1,
traumatized,0,1,
namaste,0,1,
bollard,0,1,
kashima_(kantai_collection)_(cosplay),0,1,
aqua_neckerchief,0,1,
cattleya_(cosplay),0,1,
planter,0,1,flower_box
public_yotsuba_middle_school_uniform,0,1,
team_mystic,0,1,
multicolored_kimono,0,1,multicolored_yukata
yokosuka_d4y,0,1,
kamen_rider_ghost_(cosplay),0,1,
modeling,0,1,
nude_model,0,1,
checkered_panties,0,1,
furinkan_high_school_uniform,0,1,
hornjob,0,1,
weapon_connection,0,1,
shimekazari,0,1,
bottle_rocket,0,1,
doll_house,0,1,dollhouse
bijin,0,1,
bat_wing,0,1,
flower_skirt,0,1,
imi_negev,0,1,
rope_ladder,0,1,
makoto_nanaya_(cosplay),0,1,
glomp,0,1,
stealth_sex,0,1,hidden_sex
ooyari_ashito_(style),0,1,
plasma_pistol,0,1,
blender_(medium),5,1,
nabel,0,1,
aqua_jacket,0,1,
wipe,0,1,
long_jacket,0,1,
grey_coat,0,1,
open_bag,0,1,open_backpack
ukiyo-e,0,1,"ukiyo_e,ukiyoe"
ots-12,0,1,
arm_wraps,0,1,
license_plate,0,1,
takao_(cruiser),0,1,
union_core,0,1,
no_toes,0,1,
broken_helmet,0,1,
united_arab_emirates,0,1,
curry_udon,0,1,
lobelia_carlini_(cosplay),0,1,
cheetah,0,1,
penalty_card,0,1,"yellow_card_(soccer),red_card_(soccer),soccer_card"
red_card,0,1,
referee,0,1,
furukawa_nagisa_(cosplay),0,1,
mystia_lorelei_(cosplay),0,1,
hypercube,0,1,
august1st,0,1,
people's_liberation_army,0,1,
type_88_lmg,0,1,
floral_(idolmaster),0,1,
four_o'clock_(flower),0,1,
black_tank_top,0,1,
navel_sex,0,1,
mat_play,0,1,
mizuho_(kantai_collection)_(cosplay),0,1,
homeless,0,1,
occluder,0,1,
vision_test,0,1,eye_test
kusanagi_motoko_(cosplay),0,1,
green_wings,0,1,
year,0,1,
fingerprint,0,1,
pastel_wing,0,1,
sail,0,1,
broadsword,0,1,
animeartpixxx.com,0,1,
mechanical_horns,0,1,
diana_(sailor_moon)_(human),0,1,
stern,0,1,
timeskip,0,1,
pantograph,0,1,
old,0,1,
i-168_(kantai_collection)_(cosplay),0,1,
studded_armlet,0,1,
earwig,0,1,
ohagi_(food),0,1,
mask_pull,0,1,
dempsey_roll,0,1,
egg_implantation,0,1,
double_vaginal,0,1,double_vaginal_penetration
sleeves_removed,0,1,
gigantic_penis,0,1,
folded_clothes,0,1,
odin_(p&d)_(cosplay),0,1,
cure_moonlight_(cosplay),0,1,
sticks,0,1,
mallard,0,1,
fluffy_collar,0,1,
coat_lift,0,1,
illyasviel_von_einzbern_(cosplay),0,1,
vibrator_bulge,0,1,
light_cruiser_hime_(cosplay),0,1,
england,0,1,
hooded,0,1,
back_scrubber,0,1,
implied_cunnilingus,0,1,
pole_vault,0,1,
running_on_water,0,1,
low-cut,0,1,
anime_location,0,1,
tdk_corporation,0,1,
kotori_photobomb,0,1,
handbra,0,1,
summoning,0,1,
erthuricia_vitor_de_ritzhevin_(cosplay),0,1,
hair_undone,0,1,
pkp_pecheneg,0,1,
staccato,0,1,
holding_heart,0,1,
comb_over,0,1,
erased,0,1,
sunken_cheeks,0,1,
golden_apple,0,1,
fly,0,1,flies
yakiniku,0,1,
chilla_(arms),0,1,
t,0,1,
tokkoufuku,0,1,
showa/nakajima_l2d,0,1,
energy_shield,0,1,holographic_shield
amami_haruka_(cosplay),0,1,
bounty_hunter,0,1,
sheriff_badge,0,1,
biting_hair,0,1,
blade_catching,0,1,
tomoe_(cosplay),0,1,
3_3,0,1,
megane_megane,0,1,
honda_chopper,0,1,
ef_typhoon,0,1,
over_the_collar,0,1,
sana_(pokemon)_(cosplay),0,1,
tying_tie,0,1,
hero_shot_(splatoon),0,1,
green_moon,0,1,
mushroom_hair_ornament,0,1,
pixiv_donut,0,1,
ara_han_(celestial_fox),0,1,
lightning_halfpipe,0,1,
bloody_skeleton,0,1,
cure_rhythm_(cosplay),0,1,
display,0,1,
scanner,0,1,
neptune_(choujigen_game_neptune)_(cosplay),0,1,
paizuri_over_clothes,0,1,
turks,0,1,
jian_(weapon),0,1,
;>,0,1,
mechanical_tentacles,0,1,
tehepero,0,1,
food_themed_background,0,1,
gimp_mask,0,1,
djibril_spica_(cosplay),0,1,
artstation_username,0,1,
carp,0,1,
wet_fundoshi,0,1,
cure_happy_pose,0,1,
mayan,0,1,
irony,0,1,
tail_fin,0,1,
front-hook_bra,0,1,
pen_to_mouth,0,1,
valve,0,1,
crab_on_head,0,1,
upright_straddle,0,1,
motherly,0,1,
yellow_hoodie,0,1,
black_pearl,0,1,
love_letter_(idolmaster),0,1,
qbb_95_lsw,0,1,
shiranui_(kantai_collection)_(cosplay),0,1,
animal_bag,0,1,animal_backpack
a_cat_is_fine_too,0,1,
julia_chang_(cosplay),0,1,
collection,0,1,
calling,0,1,
ram,0,1,
kamiyama_aya_(style),0,1,
takozonesu_(cosplay),0,1,
tactical_clothes,0,1,tactical_clothing
lelouch_lamperouge_(cosplay),0,1,
closed,0,1,
ink_blender,0,1,
rouge_the_bat_(cosplay),0,1,
guntou,0,1,
caloriemate,0,1,
ski_gear,0,1,
phoenix_form_(futari_wa_precure),0,1,
tennis_dress,0,1,
shitajiki,0,1,
l85,0,1,enfield_sa-80
plaid_shorts,0,1,
two-handed_masturbation,0,1,
instant_loss_2koma,0,1,
onomichi_(city),0,1,
i-19_(kantai_collection)_(cosplay),0,1,
go,0,1,
celesteela_(cosplay),0,1,
siscon,0,1,
sprite_(drink),0,1,
caterpillar_(wonderland)_(cosplay),0,1,
fake_antennae,0,1,
sorairo_days,0,1,
inverted_colors,0,1,
hms_victorious_(s29),0,1,
ceylon_blue_glassy_tiger,0,1,
movie_projector,0,1,
ryomou_shimei_(cosplay),0,1,
arc_reactor,0,1,
silica_(cosplay),0,1,
nanbara_chizuru_(cosplay),0,1,
crotch_stomping,0,1,crotch_stomp
denki_anma,0,1,
french_kiss,0,1,tongue_kiss
guest_art,5,1,
scarf_bow,0,1,
leash_pull,0,1,
i-no_(cosplay),0,1,
throwing_needles,0,1,
art_shift,0,1,
thumb_to_mouth,0,1,
bird_hair_ornament,0,1,
animal_in_clothes,0,1,
hand_under_skirt,0,1,
podium,0,1,
large_testicles,0,1,
anus_cutout,0,1,
type_63_assault_rifle,0,1,
ia,0,1,
ia_(cosplay),0,1,
wing_umbrella,0,1,
fake_money,0,1,
hell,0,1,
jersey_(module),0,1,
three_section_staff,0,1,sanjiegun
haunting_guise,0,1,
hextech_gunblade,0,1,
rabadon's_deathcap,0,1,
zimbabwean_dollar,0,1,
nakajima_e8n,0,1,
widow's_peak,0,1,
menpoo,0,1,
removed,0,1,
chikan,0,1,
boko_(girls_und_panzer)_(cosplay),0,1,
sleeping_with_eyes_open,0,1,
brown_bikini_top,0,1,
bandaged_eyes,0,1,
boardwalk,0,1,
teddy,0,1,
coke_bottle,0,1,
wheelie,0,1,
chaos_tcg,0,1,
burning_hair_ties,0,1,
orgy,0,1,
chin_tickle,0,1,
exploitable,0,1,
seal_tail,0,1,
inkstone,0,1,
brown_neckerchief,0,1,
pov_dating,0,1,
commercial,0,1,
apollo_chocolate,0,1,
molotov_cocktail,0,1,
sitting_on_tail,0,1,
silver_(color),0,1,
pink_dot_balloon,0,1,
inflatable,0,1,
wallpaper_forced,5,1,
green_santa_costume,0,1,
shampoo_(ranma_1/2)_(cosplay),0,1,
oni_costume,0,1,
ledge,0,1,
clothes_spread_out,0,1,
metal_plate,0,1,
ear_biting,0,1,
gas_pump_nozzle,0,1,
lynn_minmay_(cosplay),0,1,
line_shading,0,1,
wooden_door,0,1,
organ,0,1,
kino_(cosplay),0,1,
yonic_symbol,0,1,
ak-104,0,1,
single_over-kneehigh,0,1,
burning_armor,0,1,
no_animal_ears,0,1,
italian_flag_bikini,0,1,
fallen_tree,0,1,
moonbeam,0,1,
lever,0,1,
armored_twintails,0,1,
conveyor_belt_sushi,0,1,
nigirizushi,0,1,
ray=out,3,1,
tail_chair,0,1,
metella_(granblue_fantasy)_(cosplay),0,1,
irradiation,0,1,
eve_(elsword)_(cosplay),0,1,
twirling_panties,0,1,
sweet_break_girl_(idolmaster),0,1,
fusion_suit,0,1,
blue_footwear,0,1,
hashtag,0,1,
ejaculation_under_clothes,0,1,
perineum,0,1,taint
polar_bear,0,1,
osechi,0,1,
art_room,0,1,
cure_peace_pose,0,1,
moccasins,0,1,
on_animal,0,1,
catching,0,1,
bunnysuit_aside,0,1,
hand_on_mirror,0,1,
packet,0,1,
arm_sling,0,1,sling_(medical)
kirishima_(kantai_collection)_(cosplay),0,1,
face_punch,0,1,"punch_to_face,face_punching"
violence,0,1,
standing_on_person,0,1,
tamamo_cat_(fate/grand_order)_(cosplay),0,1,
kiwi,0,1,
hair_dye,0,1,
cure_twinkle_(cosplay),0,1,
alarmed,0,1,
shake,0,1,
really_bad_photoshop,0,1,
dv,0,1,
text_in_eyes,0,1,
multi-strapped_panties,0,1,
winged_arms,0,1,arm_wings
tsuchinoko_(kemono_friends)_(cosplay),0,1,
kijin_seija_(cosplay),0,1,
get,0,1,
lavender_shirt,0,1,
fire_truck,0,1,"fire_engine,firetruck"
firefighter,0,1,fireman
film_reel,0,1,
mother_and_child,0,1,
mother_and_daughter,0,1,
honda_xlr250_baja,0,1,
white_helmet,0,1,
guitar_tapping,0,1,
mageres,0,1,
ferrari_355,0,1,
chloe_fleurage_(cosplay),0,1,
tuxedo_jacket,0,1,
giant_squid,0,1,
steam_locomotive,0,1,
blunt_ends,0,1,
waist_poke_ball,0,1,waist_pokeball
elbow_blade,0,1,
longhorn_lance,0,1,
kinomoto_sakura_(cosplay),0,1,
double_anal,0,1,double_anal_penetration
resurreccion,0,1,
baby's-breath,0,1,
flonne_(cosplay),0,1,
macadamia_hula_dance,0,1,
on_water,0,1,
tonbokiri,0,1,
pullups,0,1,
bearded_girl,0,1,
nabe,0,1,
moth_girl,0,1,
french_flag_bikini,0,1,
periscope,0,1,
knit_hat,0,1,
type_7_light_tank,0,1,
gesture_request,5,1,
chroche_latel_pastalie_(cosplay),0,1,
black_hands,0,1,
white_lipstick,0,1,
traffic_controller,0,1,
annotated,5,1,
argentinian_flag,0,1,
bolivia,0,1,
chile,0,1,
colombia,0,1,
costa_rica,0,1,
ecuador,0,1,
mexican_flag,0,1,
mexico,0,1,mexican
paraguay,0,1,
peru,0,1,peruvian
peruvian,0,1,
venezuela,0,1,
venezuelan_flag,0,1,
shining_needle_castle,0,1,
clothing_items,0,1,
hand_on_sheath,0,1,
gaijin_4koma,0,1,
warped_context,0,1,
kuroshio_(ss-501),0,1,
uss_mingo_(ss-216),0,1,
hmas_stuart_(d00/i00),0,1,
sharingan,0,1,
split_screen,0,1,
multiple_condoms,0,1,
fire_keeper_(cosplay),0,1,
broken_neck,0,1,
training,0,1,
cat_slippers,0,1,
chamomile,0,1,
casting_spell,0,1,
fantasy_seal,0,1,
naked_muneate,0,1,
pentagram_cutout,0,1,
mother_and_son,0,1,
dark_nanoha,0,1,
reflecting_pool,0,1,
eyebrows_visible_through_headband,0,1,
sugawara_arisu,0,1,
dew_drop,0,1,"dew,dewdrops,dewdrop,dew_drops"
bumper_sticker,0,1,
toyota_prius,0,1,
danmachi_brush,0,1,
hot_pants_(sbr)_(cosplay),0,1,
mori_girl,0,1,
pope,0,1,
box_magazine,0,1,
ocean_bottom,0,1,
crevice,0,1,
seburo_m5,0,1,
kokusai_ki-76,0,1,
segway,0,1,
spongebob_squarepants_(cosplay),0,1,
living_room,0,1,
age_comparison,0,1,
jump_kick,0,1,
cable_divider,0,1,
take_your_pick,0,1,
erhu,0,1,
hotarumaru_(cosplay),0,1,
teet,0,1,
strawberry_jam,0,1,
baku_(creature),0,1,
bookend,0,1,
print_sheet,0,1,
stole_removed,0,1,
towel_slip,0,1,
capricorn,0,1,
penis_peek,0,1,
hazardous_materials_label,0,1,
eye_pop,0,1,
emiya_kiritsugu_(cosplay),0,1,
flair,0,1,
volkswagen_beetle,0,1,volkswagen_type_1
costume_chart,0,1,
gold_saint,0,1,
ooyodo_(light_cruiser),0,1,
hanging_bridge,0,1,
turkey_leg,0,1,
yamakaze_(kantai_collection)_(cosplay),0,1,
nibelung_valesti,0,1,
hasegawa_kobato_(cosplay),0,1,
dinosaur_costume,0,1,
ronin,0,1,
fantastic_belltier,0,1,
h&k_vp70,0,1,vp70
artist_painter,0,1,
241543903,0,1,
multicolored_apron,0,1,
print_apron,0,1,
esquisse_solo,0,1,
honda_ns400r,0,1,
middle_w,0,1,
cargo_shorts,0,1,
helicopter_hair,0,1,
didu,0,1,
no_hairband,0,1,
iroha_karuta,0,1,
pen_behind_ear,0,1,
baker_at_bat,0,1,
familiar_(madoka_magica),0,1,
fuji_rabbit,0,1,
purple_card,0,1,
grapefruit,0,1,
elizabethan_collar,0,1,
herb,0,1,
telepathic_sex,0,1,
sleep_mask,0,1,sleeping_mask
m-1_grand_prix,0,1,
hands_on_own_feet,0,1,
reverse_cowgirl_position,0,1,reverse_cowgirl
collar_up,0,1,
ibaraki_kasen_(cosplay),0,1,
chain_gun,0,1,
earjob,0,1,
jougasaki_rika_(cosplay),0,1,
forceps,0,1,
radeon,0,1,
shaman,0,1,
kakera,0,1,
candy_hair_ornament,0,1,
topaz_style,0,1,
prinny_(cosplay),0,1,
novelty_bra,0,1,
frozen_lake,0,1,
ice_fishing,0,1,
tabard_lift,0,1,
heart_button,0,1,heart-shaped_buttons
ohajiki,0,1,
urban_legend,0,1,
skirt_aside,0,1,
towing,0,1,
rotating_light,0,1,
yuka_koizumi,0,1,
mei_(overwatch)_(cosplay),0,1,
bubble_gun,0,1,
sequins,0,1,
stubbornai,0,1,
letty_whiterock_(cosplay),0,1,
shower_cap,0,1,
detached_legs,0,1,
hidden_camera,0,1,spycam
spycam,0,1,
short_messy_bangs,0,1,
gon-san,0,1,
anthurium,0,1,
bromeliad,0,1,
hurricane_glass,0,1,
knife_licking,0,1,
reptilian,0,1,
le_terrible_(destroyer),0,1,
regina_(dokidoki!_precure)_(cosplay),0,1,
zaku_warrior_(cosplay),0,1,
derby,0,1,
:>=,0,1,"vacuum_fellatio,blowjob_face"
deepthroat,0,1,
nagae_iku_(cosplay),0,1,
uguu~,0,1,
hoop_skirt,0,1,
detached_collar_removed,0,1,
detached_sleeves_removed,0,1,
houjou_satoko_(cosplay),0,1,
daimadou_magiko,0,1,
striped_towel,0,1,
sorceress_(dragon's_crown)_(cosplay),0,1,
double_(skullgirls)_(cosplay),0,1,
checkered_bowtie,0,1,
carrot_sticks,0,1,
caster_(cosplay),0,1,
trench,0,1,trenches
penguins_performance_project_(kemono_friends),0,1,
tail_licking,0,1,
jack-in-the-box,0,1,jack_in_the_box_(toy)
anemone_(flower),0,1,
mooning,0,1,
dithered_background,0,1,
severed_arm,0,1,
katakana,0,1,
purple_scrunchie,0,1,
circle_skirt,0,1,"spread_skirt,circle_dress,spread_dress"
kaijuu,0,1,
penis_growth,0,1,
pokedex,0,1,
rollei_35,0,1,
lined_paper,0,1,
dispenser,0,1,
kookaburra,0,1,
tuvaluan_flag,0,1,
blackmail,0,1,
bloody_panties,0,1,
amano_yoshitaka_(style),0,1,
love_marginal,0,1,
bikini_day,0,1,
carnival,0,1,
drumming,0,1,
tied_towel,0,1,
mind_break,0,1,
matsuri-da_wasshoi_(idolmaster),0,1,
hollyhock,0,1,
clavicle_piercing,0,1,
sasa_kazamori_(cosplay),0,1,
goose,0,1,
torn_sweater,0,1,ripped_sweater
bandeau_pull,0,1,
chalk_outline,0,1,
no_headband,0,1,
hand_in_pants,0,1,
hopscotch,0,1,
stinger,0,1,
scathach_(fate/grand_order)_(cosplay),0,1,
scathach_(swimsuit_assassin)_(fate)_(cosplay),0,1,
hair_vines,0,1,
asashio_(kantai_collection)_(cosplay),0,1,
jalapeno_(chili),0,1,
camouflage_bag,0,1,camouflage_backpack
camouflage_helmet,0,1,
japanese_house,0,1,
measuring_cup,0,1,
snail_girl,0,1,
ferry_(granblue_fantasy)_(cosplay),0,1,
siamese_fighting_fish,0,1,betta_fish
hirano_kouta_(style),0,1,
monkey_costume,0,1,
1993,0,1,
snake_costume,0,1,
swallowing,0,1,
gold_bar,0,1,"gold_brick,gold_bullion,gold_ingot,gold_bars"
overflowing,0,1,
red_earrings,0,1,
multitasking,0,1,
checkered_kimono,0,1,checkered_yukata
kisekae,5,1,
lich,0,1,
undressable,0,1,
like_an_ero-doujin,0,1,
chocolate_on_body,0,1,
chocolate_on_clothes,0,1,
chocolate_on_legs,0,1,
penis_tail,0,1,
anta_baka?,0,1,anta_baka
sitting_on_box,0,1,
m22_locust,0,1,
extra_nipples,0,1,
print_umbrella,0,1,
bat_signal,0,1,
1994,0,1,
sizuki,0,1,
multiple_pupils,0,1,
alpaca_hair_ornament,0,1,
christmas_sweater,0,1,
frost,0,1,
multiple_pussies,0,1,
glider,0,1,
foot_licking,0,1,
toe_sucking,0,1,
railway_gun,0,1,
schwerer_gustav,0,1,
shijou_takane_(cosplay),0,1,
aerobics,0,1,
rapid-fire,0,1,
armor_girls_project,0,1,
doronjo_(cosplay),0,1,
naked_labcoat,0,1,
server,0,1,
kittrix,0,1,
boa_hancock_(cosplay),0,1,
biting_finger,0,1,finger_biting
renault_alpine_a310,0,1,
shirai_no_tsubone,0,1,
cellophane,0,1,
falconry,0,1,
cheek_retractor,0,1,
mouthpiece,0,1,
apple_hair_ornament,0,1,
foot_on_head,0,1,
shiruko_(food),0,1,oshiruko_(food)
dinosaur_girl,0,1,
velociraptor,0,1,
single_thigh_boot,0,1,
warbonnet,0,1,
frustrated,0,1,
mousepad_(object),0,1,
rubber_duck_earrings,0,1,
bauxite,0,1,
kiso_(kantai_collection)_(cosplay),0,1,
sheet_bulge,0,1,
hotel_room,0,1,
tokitsukaze_(kantai_collection)_(cosplay),0,1,
spike_ball,0,1,
wet_vest,0,1,
pancor_jackhammer,0,1,
uma_(cosplay),0,1,
ejaculation_between_breasts,0,1,
verche_(p&d)_(cosplay),0,1,
wriggle_nightbug_(cosplay),0,1,
m21,0,1,
wireless_mouse,0,1,
yellow_bikini_bottom,0,1,
introduction,0,1,
arrow_in_mouth,0,1,
sensory_deprivation,0,1,
core_drill,0,1,
star-shaped_pubic_hair,0,1,
face_cutout,0,1,
fake_beard,0,1,
grabbing_from_behind,0,1,
kepi,0,1,
pelisse,0,1,
veil_lift,0,1,
structure,0,1,
blue_hoodie,0,1,
separated_wrists,0,1,
ankle,0,1,
wonder_zone,0,1,
blown_petals,0,1,
blue_umbrella,0,1,
inaba_tewi_(cosplay),0,1,
heraldry,0,1,
kinkaku-ji,0,1,
lightbulb_hair,0,1,
a.l.k.,0,1,
no_image,0,1,
messy_sleeper,0,1,
insect_cage,0,1,
electrolarynx,0,1,
breast_licking,0,1,
dinner,0,1,
sapling,0,1,
receipt,0,1,
lycee_card,3,1,
oar,0,1,boat_paddle
polka_dot_bag,0,1,
accordion,0,1,
star_egg_(p&d),0,1,
penguin_hat,0,1,
turretless_tank,0,1,
inoue_makoto,0,1,
holding_stomach,0,1,
cloud_hair_ornament,0,1,
kickstand,0,1,
side_mirror,0,1,
bowling_alley,0,1,
ta_girls_school_uniform,0,1,
monkey_d_luffy_(cosplay),0,1,
teal_panties,0,1,
bottle_to_cheek,0,1,
covered_eye,0,1,
type_97_chi-ha,0,1,type_97_chi_ha
drawing_board,0,1,
polka_dot_scarf,0,1,
organization_xiii,0,1,
smoke_detector,0,1,
paratrooper,0,1,
pps-43,0,1,
table_knife,0,1,
ribbon_panties,0,1,
haniwa_(statue),0,1,
history,0,1,
grappler_(granblue_fantasy),0,1,
roe,0,1,
fluffy_legwear,0,1,
dotted_background,0,1,
goal,0,1,
soccer_field,0,1,
waving_flag,0,1,
beetle,0,1,
world,0,1,
tearing,0,1,
behelit,0,1,
dodo_(bird),0,1,
tying_apron,0,1,
the_war_of_koishi_chan,0,1,
polka_dot_shorts,0,1,
book_to_mouth,0,1,
cutie_moon_rod,0,1,
eternal_tiare,0,1,
kaleidomoon_scope,0,1,
holding_shirt,0,1,
panties_around_knees,0,1,
recycle_bin,0,1,
holding_lipstick,0,1,
dj_goh-goh,0,1,
shockwave,0,1,"shock_wave,blast_wave,blastwave"
large_ears,0,1,big_ears
floppy_disk,0,1,
hard_drive,0,1,"hard_disk_drive,hard_disc_drive,harddrive"
video_card,0,1,
carrot_print,0,1,
smearing,0,1,
figure_stage,0,1,
save_the_queen,0,1,
ominous_shadow,0,1,
peppers,0,1,
plaid_scrunchie,0,1,
slipping,0,1,
collar_grab,0,1,
student,0,1,
inverted_cross_earrings,0,1,
bald_spot,0,1,
serizawa_akane_(cosplay),0,1,
table_of_contents,0,1,
mini_cooper,0,1,austin_mini
tenjou_utena_(cosplay),0,1,
videocasette,0,1,
meiji_milk_chocolate,0,1,
kasumi_(doa)_(cosplay),0,1,
sword_master_(granblue_fantasy),0,1,
fish_bottle,0,1,
pink_ascot,0,1,pink_jabot
wrist_bow,0,1,
field_radio,0,1,
sprinkler,0,1,
digging,0,1,
helix_fossil,0,1,
pineapple_hair_ornament,0,1,
heart-shaped_pendant,0,1,
red_armor,0,1,
boar_costume,0,1,boar_suit
northern_ocean_hime_(cosplay),0,1,
sprite_art,0,1,
bug_spray,0,1,
bullying,0,1,
jitte,0,1,jutte
light_gun,0,1,
recording_studio,0,1,
barn,0,1,
pile_of_skulls,0,1,skull_pile
cunt_punt,0,1,
condom_on_tail,0,1,
gazebo,0,1,
soviet_pioneer,0,1,
ice_skating,0,1,
drinking_blood,0,1,
ice_dragon,0,1,
z-ring,0,1,
balance_scale,0,1,balance_scales
msg90,0,1,
labia_clamps,0,1,"labia_clamp,pussy_clamps,pussy_clamp"
xm29_oicw,0,1,
team_happiness,0,1,
plackart,0,1,
thong_one-piece_swimsuit,0,1,
suiseiseki_(cosplay),0,1,
sunflower_(idolmaster),0,1,
bassoon,0,1,
fortissimo,0,1,
fortissimo_hair_ornament,0,1,
nose_pads,0,1,
canyon,0,1,
874,0,1,
r,0,1,
olive_background,0,1,
touma_(ranma_1/2)_(cosplay),0,1,
bong,0,1,
marijuana,0,1,
something_awful,0,1,
chinpo_ni_wa_katenakatta_yo,0,1,
virtual_reality,0,1,
color_variation,0,1,
finger_to_eye,0,1,
backbend,0,1,
shocking_party,0,1,
orange_amplifiers,0,1,
salamis_class,4,1,
on_liquid,0,1,
floaties,0,1,
mermaid_festa_vol.2_~passionate~,0,1,
aya_otosaki,0,1,
flanged_mace,0,1,
shoe_pull,0,1,
strapless_swimsuit,0,1,
j-7,0,1,
hands_on_wall,0,1,
popplio_(cosplay),0,1,
riot_shield,0,1,
spoken_person,0,1,
removing,0,1,
henna,0,1,
swampert_(cosplay),0,1,
otoshidama,0,1,
sheep_slippers,0,1,
green_border,0,1,
m26_pershing,0,1,
deer_ears,0,1,reindeer_ears
large_belt,0,1,
print_cup,0,1,
chest_mouth,0,1,
breast_torture,0,1,
lee-enfield,0,1,
checkered_clothing,0,1,
hanekawa_tsubasa_(cosplay),0,1,
numbers_(nanoha)_(cosplay),0,1,
brandenburg_gate,0,1,
swabian,0,1,
multicolored_cloak,0,1,
purple_cloak,0,1,
white_cloak,0,1,
toweling_off,0,1,
capybara_ears,0,1,
duel,0,1,
goldion_hammer,0,1,
race_limitation_(lingerie),0,1,
f-20_tigershark,0,1,
monarch_butterfly,0,1,
pinned,0,1,
size_comparison,0,1,
mujun-gatamari,0,1,
brown_pants,0,1,
shaped_lollipop,0,1,
fennekin_(cosplay),0,1,
surgeonfish,0,1,
banana_boat,0,1,
zebra_ears,0,1,
zebra_tail,0,1,
horror,0,1,
.52_gal_(splatoon),0,1,
big_boss_(cosplay),0,1,
crocodile_cap,0,1,
hawker_sea_fury,0,1,
lipsync_model,0,1,
multiple_sleeves,0,1,
byakugan,0,1,
peachnut,0,1,
decapitation,0,1,beheading
wizard,0,1,sorcerer
hand_on_thighs,0,1,
hover_bike,0,1,
apron_tug,0,1,
cure_peach_(cosplay),0,1,
pink-tinted_glasses,0,1,
waterpark,0,1,
studio_lights,0,1,
red_carnation,0,1,
arm_hair,0,1,"hairy_forearms,hairy_arms"
mountainous_horizon,0,1,
gingerbread_cookie,0,1,
novelty_underwear,0,1,
neck_tattoo,0,1,
id_tag,0,1,
bocchan_dango,0,1,
silverware,0,1,
energy_arrow,0,1,
geyser,0,1,
monkey_hood,0,1,
string_bra,0,1,
hogwarts_uniform,0,1,
people's_republic_of_china_flag,0,1,"chinese_flag,prc_flag"
:,0,1,
pan.,0,1,
skinsuit,0,1,
christmas_stocking_earrings,0,1,
taking_off,0,1,
shidare_hotaru_(cosplay),0,1,
hair_straightener,0,1,straightening_iron
lying_on_cloud,0,1,
mikage000,0,1,
dvd_player,0,1,
baseball_stadium,0,1,
subaru_wrx,0,1,
ponytail_holder,0,1,
yazawa_nico_(cosplay),0,1,
glowing_mouth,0,1,
toy_ship,0,1,
cat_(battle_cats),0,1,
disassembly,0,1,
hat_flying_off,0,1,
nuke,0,1,
^q^,0,1,^p^
upset,0,1,
hookshot,0,1,
m67,0,1,
shibuya_109,0,1,
freezer,0,1,
azalea_(flower),0,1,
awkward,0,1,
z-move,0,1,
takeout_container,0,1,
mab_38,0,1,
vomiting_cum,0,1,puking_cum
torn_unitard,0,1,ripped_unitard
on_fence,0,1,
walking_on_fence,0,1,
chocolate_fountain,0,1,
pink_slippers,0,1,
miki_sayaka_(cosplay),0,1,
barbecue,0,1,
ofuda_on_clothes,0,1,
sake_barrel,0,1,
bloody_hair,0,1,
maou_(maoyuu)_(cosplay),0,1,
saber_lily_(cosplay),0,1,
the_pyro_(cosplay),0,1,
elizabeth_bathory_(brave)_(fate)_(cosplay),0,1,
shouhou_(kantai_collection)_(cosplay),0,1,
toyosatomimi_no_miko_(cosplay),0,1,
pepsiman_(cosplay),0,1,
sabretooth_tiger,0,1,
perfect_dream_project,0,1,
triangle_(instrument),0,1,
heart_straw,0,1,
reebok_pump,0,1,
steinberger,0,1,
pointy_nose,0,1,
labret_piercing,0,1,
gat,0,1,
gat_(korean_traditional_hat),0,1,
korean_traditional_hat,0,1,
suigyoku_(module),0,1,
buttercup_(flower),0,1,
ranunculus,0,1,
print_bandaid,0,1,
age_conscious,0,1,
ballot_box,0,1,
disintegration,0,1,
sleeping_bag,0,1,
don't_worry_i'm_wearing,0,1,
giant's_mask,0,1,
victory,0,1,
live_for_venus,0,1,
keikenchi_(style),0,1,
building_block,0,1,
mixing,0,1,
distrail,0,1,
caramel,0,1,
chocolate_syrup,0,1,
flugelhorn,0,1,
boudica_(fate/grand_order)_(cosplay),0,1,
badminton,0,1,
6,0,1,
towel_bunny,0,1,
multishot_rocket_launcher,0,1,
flipped,0,1,
magenta_background,0,1,
print_hoodie,0,1,
naizuri,0,1,
shinkansen,0,1,
slang,0,1,
kirakishou_(cosplay),0,1,
boxer,0,1,
peeing_in_cup,0,1,
shikoro,0,1,
bunny_tattoo,0,1,
norway,0,1,
pixie,0,1,
bowling_ball,0,1,
blue_blazer,0,1,
nintendo_switch,0,1,
pedestrian_lights,0,1,
tavern,0,1,
garo_(cosplay),0,1,
polka_dot_bowtie,0,1,
liquor,0,1,
tadpole_tail,0,1,
recoil,0,1,
mikazuki_munechika_(cosplay),0,1,
red_sash,0,1,
wet_pants,0,1,
kagari_(pokemon)_(cosplay),0,1,
cat_focus,0,1,
teleporter,0,1,
sato_(phantasy_star),0,1,
vaginal_calligraphy,0,1,
king_(playing_card),0,1,
smoke_grenade,0,1,
rito,0,1,
morisawa_yuu_(cosplay),0,1,
a5m,0,1,
digital_rain,0,1,
cracked_glass,0,1,cracked_lens
water_tank,0,1,
spraying,0,1,
game_sprite,0,1,
horn_ring,0,1,
guile_(cosplay),0,1,
isuzu_elf,0,1,
isuzu_motors,0,1,
mazda_2,0,1,
aurochs_(kemono_friends)_(cosplay),0,1,
camouflage_skirt,0,1,
slit_throat,0,1,
materializing,0,1,
rebar,0,1,
gokou_ruri_(cosplay),0,1,
mechanical_hand,0,1,
pipelining,0,1,
fennec_fox,0,1,
bent_barrel,0,1,
m81_woodland_(camo),0,1,
woodland_pattern,0,1,
2034,0,1,
robbie_rotten_(cosplay),0,1,
floatie,0,1,
gymnasium,0,1,
transparent_bow,0,1,
heart_eyepatch,0,1,
janitor,0,1,
single_hair_intake,0,1,single_hair_vent
dahlia,0,1,
puffy_lips,0,1,
fast_animated_gif,5,1,fast_gif
pullcart,0,1,
maid_swimsuit,0,1,
hat_hug,0,1,
sign_language,0,1,
kecha_wacha_(cosplay),0,1,
donna_toki_mo_zutto,0,1,
five-seven_(gun),0,1,
inconvenient_tail,0,1,
penis_on_face,0,1,
cape_removed,0,1,
ferrari_fxx_k,0,1,
pop_sound_blossom,0,1,
dazed,0,1,
chamber,0,1,
vincent_valentine_(cosplay),0,1,
photomosaic,0,1,
kazuraba_kouta_(cosplay),0,1,
stifled_laugh,0,1,
f4f_wildcat,0,1,martlet_(airplane)
roundel,0,1,
smole,0,1,
youkai_mountain,0,1,
cherry_magic_(vocaloid),0,1,
former_capital,0,1,
hand_in_skirt,0,1,
5th_grade_loli,0,1,
st._peter's_basilica,0,1,
listening,0,1,
salt_bae_(meme),0,1,
empress,0,1,
quartz,0,1,
superstar_(granblue_fantasy),4,1,
sailor_jupiter_(cosplay),0,1,
torn_hair_ribbon,0,1,
cat_paw,0,1,
b-25_mitchell,0,1,
ninja_toes,0,1,
sata_cable,0,1,
vertical-striped_kimono,0,1,vertical-striped_yukata
cashier,0,1,
tapping,0,1,
saitama_(onepunch_man)_(cosplay),0,1,
baiken_(cosplay),0,1,
rachel_alucard_(cosplay),0,1,
transparent_gloves,0,1,
antenna_mast,0,1,
winged_hairband,0,1,
meatball,0,1,
dangerous_bustier_(dq),0,1,
master_sword,0,1,
roller_shoes,0,1,
no_hairclip,0,1,
dogura,4,1,
goblin,0,1,
pounce,0,1,
h-a-j-i-m-a-r-i-u-t-a-!!,0,1,
venus_bikini,0,1,
condom_in_thighhighs,0,1,
nagamaki,0,1,
steaming_breath,0,1,
asymmetrical_footwear,0,1,
steeple,0,1,
vertical-striped_swimsuit,0,1,
saint,0,1,
takamachi_nanoha_(cosplay),0,1,
hand_on_wall,0,1,hands_on_wall
zulu_(naval_flag),0,1,
purple_umbrella,0,1,
funbuns,0,1,
madeleine,0,1,
double_strap_slip,0,1,
hieda_no_akyuu_(cosplay),0,1,
pizza_cutter,0,1,
drasil,0,1,
harnessed,0,1,
wall_slam,0,1,
manhole_cover,0,1,
pirelli,0,1,
cum_in_cup,0,1,cum_in_glass
power_girl_(cosplay),0,1,
hooded_capelet,0,1,
bread_bun,0,1,
hanging_from_tree,0,1,
chin_grab,0,1,
pansy,0,1,
sorceress,0,1,
highleg_buruma,0,1,
undone_bowtie,0,1,
holding_fish,0,1,
asparagus,0,1,
ember_(warframe)_(cosplay),0,1,
parthenon,0,1,
salvia,0,1,
self_exposure,0,1,
flying_v,0,1,
battoujutsu_stance,0,1,
untied_shoe,0,1,
animal_nose,0,1,"mouse_nose,rabbit_nose,raccoon_nose,cat_nose,dog_nose,bunny_nose"
inazuma_kick,0,1,inazumakick
bloody_scissors,0,1,
kite,0,1,
jagged_sword,0,1,
toilet_symbol,0,1,
2boys,0,1,2boy
grey_card,0,1,
medium_request,5,1,
peacock,0,1,
dust_particles,0,1,
oil_pastel,0,1,
string_around_finger,0,1,
hms_exeter,0,1,
sliced,0,1,
pink_moon_stick,0,1,
instructions,0,1,
beyond_the_vibes,0,1,
gunkanmaki,0,1,
ikura_(food),0,1,salmon_roe
flower_tact,0,1,
gunner's_broom,0,1,
horse_legs,0,1,
lavender_gloves,0,1,
waist_down,0,1,
osaka_(city),0,1,
wiping_nose,0,1,
sybian,0,1,
st_bernard,0,1,
clay,0,1,
bunny_head,0,1,
somber,0,1,
guan_dao,0,1,
water_dragon,0,1,
bound_knees,0,1,
wrists_flexed,0,1,
huffing,0,1,
transcend_information,0,1,
yellow_wedding_dress,0,1,
green_fire,0,1,
burning_at_the_stake,0,1,
stake,0,1,
tied_to_stake,0,1,
funny_glasses,0,1,
true_assassin_(cosplay),0,1,
cooling_pad,0,1,
dragon_tail_steak,0,1,
green_pepper,0,1,
yellow_pepper,0,1,
wooden_beam,0,1,
kooh_(cosplay),0,1,
green_serafuku,0,1,
cybele_(cosplay),0,1,
nanayatsuki,0,1,
glue_gun,0,1,
glue_stick,0,1,
handcraft,0,1,
power_tool,0,1,
refrigerator_magnet,0,1,refrigerator_magnets
workshop,0,1,
handband,0,1,
is-2,0,1,
hunting_horn,0,1,
beige_vest,0,1,
print_necktie,0,1,
spotted_hair,0,1,
wii_version,0,1,
low_detail,0,1,
bergmann,0,1,
pork_pie_sailor_hat,0,1,
carcano,0,1,carcano_m91/38
lunamaria_hawke_(cosplay),0,1,
death_note_(object),0,1,
studded,0,1,
shaker,0,1,
vertical-striped_shorts,0,1,
umd,0,1,
uterus_pose,0,1,
sitting_on_bench,0,1,
wing_armor,0,1,
extra_faces,0,1,
benwaballs,0,1,
bloody_handprints,0,1,
pug,0,1,
breast_pillow,0,1,
clitoris_ribbon,0,1,
large_clitoris,0,1,
jougasaki_mika_(cosplay),0,1,
itsukushima_shrine,0,1,
fake_censor,0,1,unnecessary_censorship
ribbon-trimmed_swimsuit,0,1,
cure_marine_(cosplay),0,1,
alcohol_burner,0,1,
bathroom_scale,0,1,bathroom_scales
reporter,0,1,
mole_(animal),0,1,
plucking,0,1,
bamboo_screen,0,1,
black_wristband,0,1,
saturn_symbol,0,1,saturn_sign
glowing_gun_barrel,0,1,
penis_cage,0,1,
hands_on_another's_head,0,1,
gold_buttons,0,1,
high_belt,0,1,
nazi_party_pin,0,1,
safeguard_(blame!),0,1,
severed_leg,0,1,
officer,0,1,
string_bowtie,0,1,
fabric,0,1,
clothed_bath,0,1,"showering_with_clothes_on,bathing_with_clothes_on,clothed_shower"
melon_shooter,0,1,
fleet,0,1,
lipstick_mark,0,1,
dream_c_club_(cosplay),0,1,
eavesdropping,0,1,
saber_alter_(cosplay),0,1,
frostmourne,0,1,
owari_(ascii_art),0,1,
lamprey,0,1,
choukai_(kantai_collection)_(cosplay),0,1,
baritone_saxophone,0,1,
rat_ears,0,1,
expectant,0,1,
energy_claws,0,1,
chokutou,0,1,
twisty_boobs,0,1,
hand_on_own_hip,0,1,"hand_on_hip,hand_on_waist"
crotch_mousepad,0,1,chinkopad
puffer_fish,0,1,blowfish
nipa~,0,1,
rulebreaker,0,1,
dancing_flower,0,1,
naked_blanket,0,1,
poro,0,1,
timeline,0,1,
lune_zoldark_(cosplay),0,1,
baseball_jersey,0,1,
pink_umbrella,0,1,
shimada_arisu_(cosplay),0,1,
face_of_the_people_who_sank_all_their_money_into_the_fx,0,1,
bard,0,1,
alfa_romeo_tipo_a,0,1,
clothes_gag,0,1,clothes_gagged
schematics,0,1,
strappado,0,1,
ak-12,0,1,
open_cockpit,0,1,
lorelei_(module),0,1,
ruffled_sleeves,0,1,
hayasaka_mirei_(cosplay),0,1,
hoto_cocoa_(cosplay),0,1,
bougainvillea_(flower),0,1,
foot_worship,0,1,
lr2a,0,1,
black_swan_(bird),0,1,
fawn,0,1,
head_biting,0,1,
pelican,0,1,
bohegao,0,1,
campfire,0,1,
catherine_cover_parody,0,1,
bola_(weapon),0,1,
;|,0,1,
adell_(disgaea)_(cosplay),0,1,
un_tan,0,1,
youkan_(food),0,1,
mitten,0,1,
minnie_mouse_ears,0,1,
cream_on_body,0,1,
growling,0,1,
gene_(pso2)_(cosplay),0,1,
landing_gear,0,1,
su-37,0,1,
satin_gloves,0,1,
satin_panties,0,1,
banana_pillow,0,1,
hairclip_removed,0,1,
sitting_on_ground,0,1,
cars_(jojo)_(cosplay),0,1,
fork_in_mouth,0,1,
tank_gun,0,1,
ryuu_(street_fighter)_(cosplay),0,1,
raincoat_lift,0,1,
wrinkles,0,1,
beige_hat,0,1,
rikku_(cosplay),0,1,
subaru_impreza,0,1,
plastic_wrap,0,1,saran_wrap
strip_game,0,1,
strip_poker,0,1,
tower_of_babel,0,1,
collared_blouse,0,1,
sitting_on_broom,0,1,
multiple_wielding,0,1,
broken_wall,0,1,
heart-shaped_keychain,0,1,
hole_in_chest,0,1,
throne_room,0,1,
heart-shaped_buttons,0,1,
gothic_princess_(idolmaster),0,1,
otedama,0,1,
shibarikini,0,1,
polish_air_force_checkerboard,0,1,
getter_sho,0,1,
chi-hatan_military_uniform,0,1,
cross_punisher,0,1,
nicholas_d_wolfwood_(cosplay),0,1,
arashiyama_unit,0,1,
border_(world_trigger),0,1,
border_uniform,0,1,
karakusa_(pattern),0,1,
envy,0,1,
forehead_kiss,0,1,
taigei_(kantai_collection)_(cosplay),0,1,
nijino_yurika_(cosplay),0,1,
ricocheting,0,1,
watchtower,0,1,"watch_tower,guardtower,guard_tower"
walking_on_railing,0,1,
checkered_ribbon,0,1,
belly_poke,0,1,
hershey's_kisses,0,1,
skipping,0,1,
lace-trimmed_choker,0,1,
ushio_(kantai_collection)_(cosplay),0,1,
disheveled,0,1,
stretched_earlobes,0,1,
slingshot,0,1,
metallica_(majo_to_hyakkihei)_(cosplay),0,1,
planetary_ring,0,1,
tp-9,0,1,
ear_cleaning,0,1,
denim_dress,0,1,
bodyboard,0,1,
mig-21,0,1,
cloud_strife_(cosplay),0,1,
smash_ball,0,1,
wavy_eyebrows,0,1,
tv_camera,0,1,
canon_(company),0,1,
googly_eyes,0,1,
reference_photo_inset,0,1,
label,0,1,
grid_fins,0,1,
spacex,0,1,
sukajan,0,1,souvenir_jacket
strap-on_roller_skates,0,1,
junkrat_(overwatch)_(cosplay),0,1,
chocolate_on_ass,0,1,
meltlilith_(cosplay),0,1,
panzerschreck,0,1,
cookie_cutter,0,1,cookie_cutters
otaku_room,0,1,otakuroom
rich_otaku,0,1,
log_cabin,0,1,
spider_web_background,0,1,
ferrari_458_italia,0,1,
nakahara_komugi_(cosplay),0,1,
rupee,0,1,
catfight,0,1,cat_fight
crest_worm,0,1,
gunship,0,1,
compact,0,1,
brown_serafuku,0,1,
o..o,0,1,
cure_beauty_(cosplay),0,1,
moroboshi_kirari_(cosplay),0,1,
myoukou_pose,0,1,
car_crash,0,1,
d3a,0,1,
hishimochi,0,1,
undone_ascot,0,1,
shirt_grab,0,1,
jack_(playing_card),0,1,
bandaged_neck,0,1,
grey_hairband,0,1,
trapeze,0,1,
dynamo_roller_(splatoon),0,1,
isbn,0,1,
izayoi_(blazblue)_(cosplay),0,1,
flat_expression,0,1,
konohana_sakuya_(cosplay),0,1,
diving_block,0,1,
sandstar,0,1,
kiss_day,0,1,
skeleton_mask,0,1,
witch_bandora_(cosplay),0,1,
body_chocolate,0,1,
soot,0,1,
fruit_background,0,1,/fruitbg
archive,0,1,
augma,0,1,
gym_bag,0,1,
fiat_nuova_500,0,1,
royal_mage,0,1,
enemy_vessel_(zhan_jian_shao_nyu),0,1,
parking_garage,0,1,
anata_wo_hannin_desu,0,1,
hildagarde,0,1,
condensed_milk,0,1,
octarian,0,1,
rotting,0,1,
black_cardigan,0,1,
frigate_bird,0,1,
caramel_crunch,0,1,
fern,0,1,
kasumigaoka_utaha_(cosplay),0,1,
uniboob,0,1,
in_swimsuit,0,1,
x,0,1,
chest_binder,0,1,
hair_ornament_removed,0,1,
displacer_beast,0,1,
skull_hat,0,1,
pink_belt,0,1,
soft_drink,0,1,
smoke_ring,0,1,
mag_(phantasy_star),0,1,
flag_of_the_united_states_navy,0,1,
yukata_lift,0,1,
minerva_(p&d)_(cosplay),0,1,
empty_bathtub,0,1,
ducati,0,1,
spoken_game_console,0,1,
takuan,0,1,
hinanawi_tenshi_(cosplay),0,1,
nakoruru_(cosplay),0,1,
yada_yada,0,1,
denpa,0,1,
hair_bondage,0,1,
hms_peterel,0,1,
river_gunboat,0,1,
beam_cannon,0,1,
fender_jaguar,0,1,
penis_nipples,0,1,
double_\n/,0,1,
rhinoceros,0,1,
maru_(lagrange),0,1,
celery,0,1,
cricket,0,1,
cricket_bat,0,1,
fifth_doctor_(cosplay),0,1,
tardis,0,1,
umbrella_corporation_(logo),0,1,
sheer_clothes,0,1,
multicolored_tail,0,1,
sparrow_stuck_in_manhole,0,1,
dangling,0,1,
sanhu,0,1,
hand_on_glass,0,1,hands_on_glass
auditorium,0,1,
kagerou_(kantai_collection)_(cosplay),0,1,
bound_thighs,0,1,
photography,0,1,
shorts_under_shorts,0,1,
print_bikini_top,0,1,
force_feeding,0,1,
jewelry_star_bracelet,0,1,
bodyart,0,1,
resting,0,1,
combing,0,1,
snare,0,1,
no_ribbon,0,1,
heart_ring_bottom,0,1,
night_elf,0,1,
taut_bikini,0,1,
pumpkin_bra,0,1,
i-401_(kantai_collection)_(cosplay),0,1,
pentagon_(shape),0,1,
android_(mascot),4,1,
boxing_shorts,0,1,
arm_snake,0,1,
cum_in_eye,0,1,
cross_patty,0,1,
sith,0,1,
type_95_ha-gou,0,1,
lava_cookie,0,1,
fairy_dragon,0,1,
dive_ball,0,1,
lego,0,1,
hani_kuraun_(style),0,1,
cornflower,0,1,
alchemist_(granblue_fantasy),0,1,
hair_bead,0,1,
denden_daiko,0,1,
rattle_drum,0,1,denden_daiko
livetune,0,1,
human_head,0,1,
mine_(weapon),0,1,land_mine
naval_mine,0,1,
royal_thai_navy,0,1,
felt_(re:zero)_(cosplay),0,1,
procrastination,0,1,
crapping_self,0,1,
defecating,0,1,
glowing_nails,0,1,glowing_fingernails
body_parts,0,1,
dismemberment,0,1,
holding_bikini_top,0,1,
backhand,0,1,
roaring,0,1,roar
broken_shield,0,1,
cockatoo,0,1,
zero_gravity,0,1,
remington_new_model,0,1,
sendai_hakurei_no_miko_(cosplay),0,1,
maru-toku_series,0,1,
ramram_(arms),0,1,
marking_on_cheek,0,1,
raft,0,1,
bolter,0,1,
removing_hat,0,1,
gift_wrapping,0,1,
megamac,0,1,
cure_sunny_(cosplay),0,1,
squidbeak_splatoon,0,1,agent_3
thimble,0,1,
disembodied_wing,0,1,
jaguar_(car),0,1,
weight_belt,0,1,
water_in_hands,0,1,
nagashi-bina,0,1,
missy_(sekaiju)_(cosplay),0,1,
thompson_contender,0,1,
countertop,0,1,
equation,0,1,
cellphone_display,0,1,
cracker,0,1,crackers
heart_hair,0,1,
yasaka_kanako_(cosplay),0,1,
pdw,0,1,
fujiwara_no_mokou_(cosplay),0,1,
kouzuki_nana_(cosplay),0,1,
plaid_pajamas,0,1,
kangaroo_ears,0,1,
kangaroo_tail,0,1,
tiger_hair_ornament,0,1,
alicia_melchiott_(cosplay),0,1,
brown_leotard,0,1,
broken_rape_victim,0,1,
monkey_girl,0,1,
bait,0,1,
flour,0,1,
chocolate_ice_cream,0,1,
chocolate_mint_ice_cream,0,1,
table-turning,0,1,
pull_out,0,1,
after_battle,0,1,
foot_grab,0,1,
premier_ball,0,1,
ripped_jeans,0,1,
mitsubishi_mh2000,0,1,
=v=,0,1,
peeing_bloomers,0,1,
stained_bloomers,0,1,
poketch,0,1,
swiss_army_knife,0,1,
switzerland,0,1,
n7_armor,0,1,
lying_on_person,0,1,
aida_(.hack//),0,1,
printing,0,1,
bunny_cutout,0,1,
bunny_ear_panties,0,1,
autobot,0,1,
mofuji,0,1,
odd_one_out,0,1,
quadcopter,0,1,
sitting_on_torii,0,1,
wuxia,0,1,
meet_the_team,3,1,"meet_the_spy,meet_the_sniper,meet_the_medic,meet_the_engineer,meet_the_heavy,meet_the_demoman,meet_the_pyro,meet_the_soldier,meet_the_scout"
thanks,0,1,
hatch,0,1,
soviet_flag,0,1,
svt-40,0,1,
beige_scarf,0,1,
scarf_grab,0,1,
brazier,0,1,
forehead_tattoo,0,1,
metal_bikini,0,1,
riomaggiore,0,1,
spiked_gauntlets,0,1,
breast_smother,0,1,
headlock,0,1,
sculpture,0,1,
rococo,0,1,
mullenkamp,0,1,
kaga_(battleship),0,1,
scissors_hair_ornament,0,1,
multiple_umbrellas,0,1,
toyota_86,0,1,
benelli_m1014,0,1,
tiger_pelt,0,1,
multicolored_swimsuit,0,1,
side-tie_swimsuit,0,1,
magic_hand,0,1,
olympic_flag,0,1,
keloids,0,1,
quilt,0,1,
itasha,0,1,
ice_cream_cup,0,1,
outfit_3_(kumamiko),0,1,
ice_cream_cone_spill,0,1,
grey_bow,0,1,
inumuta_houka_(cosplay),0,1,
floating_hand,0,1,
pp-19_bizon,0,1,"bizon,pp-19"
arrow_in_armor,0,1,
tendrils,0,1,
believe_in_me,0,1,
after_oral,0,1,
neck_brace,0,1,cervical_collar
bon_bon,0,1,
honda_s2000,0,1,
pam_pam,0,1,
natural_(module),0,1,
webster's_dictionary,0,1,
long_scarf,0,1,
blood_on_ground,0,1,"blood_on_floor,bloody_ground"
peekaboo,0,1,
neo-venezia,0,1,
bookstore,0,1,
widowmaker_(overwatch)_(cosplay),0,1,
masquerade,0,1,
sadism,0,1,
waving_arm,0,1,
argyle_panties,0,1,
seeker_(splatoon),0,1,
funeral_kimono,0,1,
arson,0,1,
gunslinger_(granblue_fantasy),4,1,
audio-technica,0,1,
driving,0,1,
honk_honk,0,1,
drum_master_(granblue_fantasy),4,1,
llama,0,1,
sconce,0,1,
doormat,0,1,
light_switch,0,1,
rack,0,1,
wall_lamp,0,1,
hms_javelin,0,1,
earring_removed,0,1,
sitting_on_food,0,1,
strawberry_earrings,0,1,
thumb,0,1,
dsr-1,0,1,
coffee_maker_(object),0,1,
grappa,0,1,
moka_pot,0,1,
air_pump,0,1,inflator
hanamaru_pippi_wa_yoiko_dake,0,1,
yamamaya,0,1,
anachronism,0,1,
latte_art,0,1,coffee_art
ermine_ears,0,1,
ermine_tail,0,1,
coat_rack,0,1,
palindrome,0,1,
adjusting_shorts,0,1,
mook,0,1,
halter_dress,0,1,
fake_spoilers,0,1,
adjusting_necktie,0,1,
priest_(dq3)_(cosplay),0,1,
chain_(pandora_hearts),0,1,
covered_face,0,1,face_covered
gaia_memory,0,1,
henshin_pose,0,1,
gas_pump,0,1,
pushcart,0,1,
monster_energy,0,1,
kiddie_ride,0,1,
implied_pantyshot,0,1,
loading_screen,0,1,
mix_(aquarion)_(cosplay),0,1,
adjusting_collar,0,1,
avatar_base,0,1,
shanghai,0,1,shanghai_(city)
energy_blade,0,1,
broken_door,0,1,
here's_johnny!,0,1,
censored_violence,0,1,
asagiri_asagi_(cosplay),0,1,
wet_bloomers,0,1,
pear_of_anguish,0,1,
takanashi_izumi_(cosplay),0,1,
ritual,0,1,
citadel,0,1,
dat_ass,0,1,
gold_teeth,0,1,
geoduck,0,1,
thanatos_(dungeon_and_fighter),0,1,
broken_egg,0,1,
yolk,0,1,
chinese_bellflower,0,1,
broken_tooth,0,1,broken_teeth
holding_feather,0,1,
yuuki_miaka_(cosplay),0,1,
holding_whip,0,1,
beyond_the_wishes,0,1,
elf_(dragon's_crown)_(cosplay),0,1,
multicolored_hat,0,1,
shosei,0,1,
camouflage_legwear,0,1,
emu,0,1,
overalls_removed,0,1,
poop_on_a_stick,0,1,
donald_duck_(cosplay),0,1,
kaine_(nier)_(cosplay),0,1,
ushiromiya_maria_(cosplay),0,1,
orbit,0,1,
