1girl,0,4114588,"sole_female,1girls"
solo,0,3426445,"female_solo,solo_female"
highres,5,3008412,"high_resolution,high_res,hires"
long_hair,0,2898315,"/lh,longhair"
commentary_request,5,2610959,
breasts,0,2252741,"/b,breats,breast,oppai,tits,boobs"
looking_at_viewer,0,2017032,"pov_eye_contact,/pec,/lav"
blush,0,1987494,"flushed,flush,blushing"
smile,0,1847263,":},:),smiling"
short_hair,0,1530601,"short-hair,shorthair"
open_mouth,0,1521316,mouth_open
bangs,0,1446592,
blue_eyes,0,1192965,"light_blue_eyes,blueeyes"
multiple_girls,0,1097189,/ngirls
skirt,0,1072680,
blonde_hair,0,1070838,"gold_hair,/blondeh,blond_hair,yellow_hair,blond,blondehair,blonde"
large_breasts,0,1051375,"big_breasts,/lb,large_boobs,large_breast,large_tits"
brown_hair,0,1046479,"chocolate_hair,/brownh,brown-hair,brunette,brownhair"
simple_background,0,1033328,"/simplebg,/sbg"
shirt,0,956884,"shirt_only,shirts"
black_hair,0,951555,"/blackh,dark_hair,black-hair,blackhair"
hair_ornament,0,909358,"/hornament,hair_decs,hair_accessories,hair_ornaments,hair_accessory"
absurdres,5,889451,"very_high_resolution,insaneres"
red_eyes,0,874986,"red_eye,redeyes"
red_eye,0,874985,
thighhighs,0,871535,"naked_thighhighs,nude_thighhighs,thighhighs_only,thighighs,stockings,stocking,thigh_highs,/t,thighhigh,thighhigs,thighhgihs"
over-kneehighs,0,871534,
hat,0,860554,
gloves,0,859726,glove
1boy,0,852461,"sole_male,1boys"
bad_id,5,850533,
long_sleeves,0,847924,"long_sleeve,/lsleeves"
white_background,0,842744,"/whitebg,/wbg"
dress,0,813386,
original,3,800843,"original_character,/o"
ribbon,0,776028,ribbons
bow,0,773755,bows
touhou,3,769563,"toho,/to"
navel,0,762060,"bellybutton,belly_button"
bad_pixiv_id,5,714106,
2girls,0,713682,"2_girls,2girl"
2girl,0,713681,3girl
photoshop_(medium),5,702997,
holding,0,696989,"holding_object,hold"
animal_ears,0,695502,"pokemon_ears,kemonomimi"
cleavage,0,672733,"overboob,clevage"
hair_between_eyes,0,661745,bangs_between_eyes
bare_shoulders,0,637748,"bare_shoulder,bareshoulders"
bare_shoulder,0,637747,
commentary,5,635624,
brown_eyes,0,632789,"light_brown_eyes,browneyes"
twintails,0,632534,"/tt,twintaiks,twin_tails,twintail"
medium_breasts,0,624978,
jewelry,0,622350,"jewellery,jewelery"
sitting,0,612014,"sitting_down,sit"
very_long_hair,0,601722,"hair_past_waist,/vlh"
underwear,0,596260,"shitagi,undergarments"
closed_mouth,0,589051,
nipples,0,575313,nipple
school_uniform,0,569565,"school_girl,school_uniforms,schoolgirl,seifuku,/s"
school_girl,0,569564,"schoolgirl,school_uniforms,seifuku"
green_eyes,0,568502,"green-eyes,greeneyes"
blue_hair,0,547897,"/blueh,bluehair"
standing,0,532306,
purple_eyes,0,520583,"light_purple_eyes,violet_eyes,purpleeyes"
collarbone,0,504732,"clavicle,collarbones,clavicles"
monochrome,0,470985,"monochromatic,monochorme,/m,monochome"
monochromatic,0,470982,
tail,0,470650,"tails,animal_tail,animal_tails,shippo"
jacket,0,469260,
translated,5,459108,"translation,translatied"
swimsuit,0,457313,"bathing_suit,swimsuits,swim_suit,mizugi"
bathing_suit,0,457312,"mizugi,swim_suit,swimsuits"
full_body,0,446282,
closed_eyes,0,442906,eyes_closed
eyes_closed,0,442905,
hair_ribbon,0,440003,"ribbon_hair_ornament,/hribbon,ribbon_in_hair,ribbons_in_hair,hair_ribbons"
kantai_collection,3,436085,"kankore,kancolle"
yellow_eyes,0,433326,"golden_eyes,golden_eyes,hazel_eyes,amber_eyes,hazeleyes,gold_eyes,yelloweyes"
amber_eyes,0,433325,
weapon,0,420275,weapons
ponytail,0,419615,"long_ponytail,pony_tail"
upper_body,0,417828,bust
purple_hair,0,415161,"lavender_hair,/purpleh,violet_hair,purple-hair,purplehair"
white_shirt,0,413176,white_blouse
pink_hair,0,412002,"/pinkh,magenta_hair,pinkhair"
ass,0,411747,"butt_cheeks,rearend,buttocks,butt,oshiri"
comic,0,405140,"manga,comics"
braid,0,404122,"hair_braid,braided_hair,braids"
braided_hair,0,404121,"hair_braid,braids"
flower,0,400183,flowers
ahoge,0,395736,
:d,0,376147,open-mouth_smile
short_sleeves,0,375920,/ssleeves
hair_bow,0,372662,"hairbow,hair_bows"
greyscale,0,371431,"black_and_white,b&w,grayscale"
black_and_white,0,371429,
grayscale,0,371428,
hetero,0,369606,
male_focus,0,359240,"guys_only,boys_only,male,man,male_only,men"
manle,1,359239,
heart,0,350239,"hearts,<3"
bikini,0,340940,
sidelocks,0,336241,"payot,forelocks"
forelocks,0,336240,payot
thighs,0,332713,thigh
nude,0,330495,naked
red_hair,0,327685,"/redh,redhead,red_head,redhair"
cowboy_shot,0,324472,
pleated_skirt,0,322440,
sweat,0,322381,sweating
hairband,0,320154,hair_band
multicolored_hair,0,318977,"three-tone_hair,multicolor_hair"
multicolor_hair,0,318976,
translation_request,5,318605,"translation_requested,translate_request,/tr,translationrequest"
earrings,0,316168,"grey_earrings,black_earrings,white_earrings,yellow_earrings,green_earrings,aqua_earrings,purple_earrings,pink_earrings,brown_earrings,red_earrings,blue_earrings,ear_rings,ear_ring,earring"
small_breasts,0,315987,
white_hair,0,314794,whitehair
grey_hair,0,314793,gray_hair
boots,0,313016,"naked_boots,boot"
naked_boots,0,313015,
lying,0,303118,"lying_down,laying_down,laying"
censored,0,300048,"censoring,censor"
outdoors,0,296369,"outside,outdoor"
frills,0,295933,"frilled,ruffles,frill,frilly"
frilled,0,295932,
parted_lips,0,292170,
detached_sleeves,0,289409,"detached_sleeve,naked_sleeves,/dsleeves,armsleeves"
armsleeves,0,289408,"detached_sleeve,naked_sleeves"
one_eye_closed,0,287946,wink
food,0,286933,
japanese_clothes,0,282381,"traditional_japanese_clothes,japanese_clothing,wafuku"
multiple_boys,0,278355,/nboys
green_hair,0,278290,"/greenh,greenhair"
wings,0,277342,wing
wing,0,277341,
open_clothes,0,275169,open_clothing
sky,0,271218,sky_background
necktie,0,271119,"neck_tie,tie"
horns,0,268888,
penis,0,266519,"cocks,dick,dicks,cock"
shoes,0,265277,shoe
fate_(series),3,260162,
glasses,0,258562,"meganeko,megane,meganekko"
shorts,0,253400,short_pants
barefoot,0,252702,"barefeet,bare_foot,bare_feet"
serafuku,0,246424,"sailor_fuku,/se"
pussy,0,245806,"vulva,vagina,manko"
teeth,0,245489,bared_teeth
solo_focus,0,238837,
sleeveless,0,238082,no_sleeves
day,0,238001,
alternate_costume,0,236618,"alternate_outfit,/acos,alternative_costume,alternate_outfit"
choker,0,236347,
tongue,0,235358,tongues
pointy_ears,0,228958,"elven_ears,elf_ears,pointy_ear,pointed_ears,long_ears,pointy-ears"
socks,0,227884,"naked_socks,leghighs,sock"
naked_socks,0,227882,sock
black_gloves,0,225896,black_glove
elbow_gloves,0,218936,"opera_gloves,long_gloves,/eg"
hairclip,0,218009,"barrette,hair_clips,hair_clip,hairclips"
fang,0,215043,
midriff,0,211220,
striped,0,211065,stripes
puffy_sleeves,0,207646,"/psleeves,puffy_shoulders"
shiny,0,204926,
looking_back,0,203075,"looking_over_shoulder,turning"
belt,0,202376,belts
sword,0,198728,swords
collared_shirt,0,197795,collared_blouse
collared_blouse,0,197794,
pants,0,195599,"slacks,long_pants,trousers"
official_art,5,194421,
artist_name,0,192428,
cloud,0,192323,clouds
indoors,0,186361,
tears,0,184655,tear
cat_ears,0,184506,"catears,/cat,nekomimi"
nekomimi,0,184504,
fate/grand_order,3,183978,fgo
white_gloves,0,181876,white_glove
virtual_youtuber,0,179776,vtuber
hair_flower,0,177530,"flower_hair_ornament,/hflower,hair_flowers,flower_in_hair,hairflower"
flower_hair_ornament,0,177529,"hair_flowers,flower_in_hair"
signature,0,177271,"artist_signature,signed,autograph"
dark_skin,0,176102,"dark_skinned_female,dark_skin_female,brown_skin,darkskin"
hand_up,0,175705,"raised_hand,hand_raised,one_hand_raised"
spread_legs,0,173323,"spread_leg,open_legs,legs_spread"
silver_hair,0,172873,
cum,0,172618,"sperm,semen,cumshot"
2boys,0,170920,2boy
hood,0,170424,
sex,0,169737,"fuck,fucking"
idolmaster,3,168860,"the_idolmaster,idolm@ster,idol_master"
miniskirt,0,168571,"short_skirt,mini_skirt"
tongue_out,0,167571,
wide_sleeves,0,167392,/wsleeves
on_back,0,166746,"lying_on_back,supine"
lying_on_back,0,166745,supine
fingerless_gloves,0,166594,fingerless_glove
blunt_bangs,0,166178,
bowtie,0,164885,"neck_bow,bow_tie"
bow_tie,0,164884,neck_bow
black_skirt,0,164625,
armpits,0,163586,"showing_armpits,armpit"
pink_eyes,0,163024,
engrish_commentary,5,163005,
medium_hair,0,158791,shoulder-length_hair
pokemon,3,157511,"pokémon,pokemons,pocket_monsters"
water,0,154351,
grey_background,0,153495,"/graybg,/greybg,gray_background"
black_legwear,0,151031,
black_thighhighs,0,151026,
off_shoulder,0,147990,"off_shoulders,off-shoulder"
off-shoulder,0,147989,off_shoulders
chibi,0,147648,super_deformed
bag,0,146939,bags
clothes_lift,0,146105,
cape,0,145528,
from_behind,0,145487,"back_view,from_back,back_turned,viewed_from_behind"
star_(symbol),0,145380,
stomach,0,145363,
twitter_username,0,144376,"x_username,artist_twitter"
bra,0,143316,
nail_polish,0,142958,"colored_nails,painted_nails,nailpolish,nail_varnish"
orange_hair,0,142662,
yuri,0,142648,"girl_love,girls_love,girl's_love,shoujo-ai,lesbian"
white_dress,0,141629,
sweatdrop,0,141422,"sweat_drops,sweatdrops,sweat_drop"
holding_weapon,0,141258,
black_footwear,0,141200,
armor,0,140506,armour
rabbit_ears,0,139273,"bunny_ears,rabbit_ear,bunny_ear"
bunny_ears,0,139271,
white_panties,0,139230,
mole,0,136877,beauty_mark
hair_over_one_eye,0,135697,"eye_covering_bang,hair_over_eye,/hooe"
hair_over_eye,0,135696,
grin,0,135287,grinning
uniform,0,134600,uniforms
:o,0,133840,:0
huge_breasts,0,133500,"huge_breast,/hb,huge_boobs,huge_tits"
blurry,0,132945,blurred
black_eyes,0,132362,dark_eyes
character_name,0,132310,
apron,0,132263,
looking_at_another,0,130747,
vest,0,128632,
black_dress,0,126840,
arm_up,0,125800,"one_arm_up,arm_raised,raised_arm"
mosaic_censoring,0,125723,"pixel_censor,mosaic_censor,rough_censoring"
high_heels,0,125611,"highheels,heels"
red_bow,0,125049,
twin_braids,0,125047,"double_braid,twin_braid,twinbraid,twinbraids"
flat_chest,0,123020,"titty_buds,flat_chested,flatchest,tsurupeta,pettanko"
arms_up,0,122758,"hands_above_head,arms_above_head,arms_raised,raised_arms,arms_above"
shiny_hair,0,122714,
side_ponytail,0,121984,"side_tail,sidetail"
bracelet,0,121896,"wristlet,bracelets"
collar,0,121712,
covered_nipples,0,121585,"erect_nipples_under_clothes,covered_erect_nipples,erect_nipples,erect_nipple,perky_nipples,erect_nipplees,errect_nipples"
feet,0,118991,foot
dated,0,118815,
from_side,0,118032,"viewed_from_side,side_view,side"
aqua_eyes,0,117472,"cyan_eyes,teal_eyes,turquoise_eyes"
sweater,0,115033,sweatshirt
two-tone_hair,0,114591,"two-tone-hair,/tth,two_tone_hair"
speech_bubble,0,114527,"word_bubble,speech_balloon,text_bubble"
leotard,0,114043,
red_ribbon,0,112196,
two_side_up,0,111533,two_sides_up
english_text,0,111457,english
dark-skinned_female,0,111075,dark_skinned_female
open_jacket,0,110983,"open_track_jacket,open_blazer"
tree,0,110120,trees
sketch,0,109877,"rough,rough_sketch,/sk"
cup,0,109805,"drinking_cup,cups"
blue_sky,0,109339,
puffy_short_sleeves,0,108813,short_puffy_sleeves
lips,0,108716,
zettai_ryouiki,0,107346,"absolute_territory,zettai_ryouki,/zr"
blue_skirt,0,106323,
official_alternate_costume,0,104403,"official_alternate_outfit,alternate_costume_(official)"
groin,0,104033,"adonis_belt,hip_lines,mound_of_venus"
mound_of_venus,0,104030,
coat,0,103266,
fingernails,0,103161,"finger_nails,fingernail"
wet,0,102577,"wet_skin,wet_body,soaked"
genshin_impact,3,102416,genshin
cat_tail,0,102123,cat_tails
v-shaped_eyebrows,0,101398,
bad_twitter_id,5,101357,
streaked_hair,0,101072,highlights
highlights,0,101071,
black_jacket,0,101020,black_blazer
neckerchief,0,100738,
head_tilt,0,100424,
crop_top,0,99832,
white_legwear,0,99720,
white_thighhighs,0,99715,
see-through,0,99593,"sheer_clothing,sheer_clothes,transparent_clothing,seethrough"
orange_eyes,0,98788,
gradient,0,98281,
hand_on_hip,0,98165,hand_on_waist
azur_lane,3,98104,bilan_hangxian
gun,0,97948,"firearm,guns"
shiny_skin,0,97431,glistening_skin
animal_ear_fluff,0,97071,
idolmaster_cinderella_girls,3,96349,cinderella_girls
wrist_cuffs,0,96175,"detached_cuffs,wristcuff,wristcuffs,wrist_cuff"
pillow,0,96077,"pink_pillow,green_pillow,white_pillow,purple_pillow,orange_pillow,black_pillow,yellow_pillow,blue_pillow,grey_pillow,red_pillow,pillows"
book,0,95815,books
sleeves_past_wrists,0,95421,sleeves_past_wrist
sleeves_past_wrist,0,95420,
tartan,0,95010,
looking_to_the_side,0,95005,"looking_aside,looking_to_side"
looking_aside,0,95004,looking_to_side
torn_clothes,0,94967,"damaged_clothes,ripped_clothing,torn_clothing,ripped_clothes,tornclothes"
artist_request,5,94937,
maid,0,94840,"maid_dress,maid_outfit,maid_costume,maids,maid_uniform"
maid_costume,0,94839,"maid_dress,maid_uniform,maid_outfit,maids"
legs,0,94507,leg
grey_eyes,0,94164,"silver_eyes,gray_eyes"
gray_eyes,0,94163,
silver_eyes,0,94162,
parted_bangs,0,93999,
pokemon_(game),3,93498,
kneehighs,0,93476,"kneehigh_socks,knee_socks,kneesocks,knee_highs"
knee_socks,0,93474,"kneesocks,kneehigh_socks"
sash,0,93173,
military,0,93012,
maid_headdress,0,92605,"maid_cachusha,maid_headband"
black_pantyhose,0,92414,
cosplay,0,92051,
petals,0,91784,"flower_petals,petal"
black_panties,0,91619,
hands_up,0,90878,hands_raised
bare_arms,0,90755,
fur_trim,0,90513,fur_lining
pubic_hair,0,90200,"hairy_pussy,pubes,pubichair"
gradient_background,0,89409,"/gradientbg,/gbg"
symbol-shaped_pupils,0,89395,symbol_shaped_pupils
fox_ears,0,89386,"/fox,kitsunemimi"
one-piece_swimsuit,0,89359,"one_piece_swimsuit,one-piece"
loli,0,89189,"lolicon,rori"
short_shorts,0,88996,"minishorts,booty_shorts,hot_pants,hotpants"
ascot,0,88550,"jabot,cravat"
dutch_angle,0,87871,
black_shirt,0,87107,black_blouse
clothing_cutout,0,87061,
eyelashes,0,85351,eye_lashes
no_humans,0,84788,no_human
no_human,0,84787,
bare_legs,0,84736,
bar_censor,0,84656,"censor_bar,censor_bars"
dress_shirt,0,84293,suit_shirt
sparkle,0,84241,"sparkling,sparkles"
mole_under_eye,0,84024,
window,0,83889,
kneeling,0,83779,on_knees
pokemon_(creature),0,83524,
4girl,0,82438,
single_braid,0,82234,
bodysuit,0,82016,body_suit
straitjacket,0,82015,"straight_jacket,straightjacket"
sleeveless_shirt,0,81849,sleeveless_blouse
v,0,81652,"v_sign,peace_sign"
no_bra,0,81328,
strapless,0,81041,
bell,0,80835,bells
saliva,0,80783,"spit,drool"
double_bun,0,80626,"double_hair_bun,odango,twin_buns,twin_bun,hair_buns,double_buns,buns"
aqua_hair,0,80439,"cyan_hair,teal_hair,turquoise_hair"
uncensored,0,80159,"uncensoring,descensored"
black_headwear,0,80049,
black_ribbon,0,79781,
military_uniform,0,79091,
bed,0,78857,
blood,0,78550,
completely_nude,0,78500,completely_naked
hoodie,0,77706,
hatsune_miku,4,77659,/hm
sideboob,0,77602,"sideboobs,side_boobs,side_boob"
scan,5,77541,
4koma,0,77129,"4coma,yonkoma"
pussy_juice,0,76721,"wet_pussy,vaginal_juices,pussy_juice_drip,pussyjuice"
profile,0,76676,in_profile
black_bow,0,76644,
covered_navel,0,76607,clothed_navel
tattoo,0,76518,"tatoo,tattoos"
skindentation,0,76414,
gradient_hair,0,76251,
makeup,0,76190,"make-up,make_up"
neck_ribbon,0,75973,
leaning_forward,0,75874,
thigh_strap,0,75182,"legband,thigh_belt,thighband,thigh_band,thigh_straps"
mask,0,74898,masks
muscular,0,74818,"muscle,muscular_male,muscles"
muscle,0,74817,
no_panties,0,74617,nopan
multiple_views,0,74566,
capelet,0,74472,"shoulder_cape,mantle"
witch_hat,0,74456,"witchhat,witches_hat"
banned_artist,1,74331,
arknights,3,73750,mingri_fangzhou
anus,0,73515,"butt_hole,butthole,ass_hole,asshole"
copyright_name,0,73482,"copyright_title,copyright_abbreviation,title_name,title_drop"
:3,0,73360,
alternate_hairstyle,0,72994,"alternative_hair_style,alternate_hair_style,/ahs,alternative_hairstyle"
fruit,0,72810,fruits
underboob,0,72759,"underbreast,under_boob"
detached_collar,0,72705,
depth_of_field,0,71646,"focus_blur,/dof"
sleeveless_dress,0,71607,
floating_hair,0,71535,"hair_blowing,space_hair"
hair_blowing,0,71534,
headband,0,71524,head_band
buttons,0,71479,button
commission,5,71189,
^_^,0,71068,^^
cameltoe,0,70816,camel_toe
blue_dress,0,70407,dark_blue_dress
copyright_request,5,70143,"/copy,series_request"
cum_in_pussy,0,70131,"vaginal_creampie,vaginal_nakadashi,nakadashi,cum_inside"
cum_inside,0,70130,
fox_tail,0,70111,
toes,0,70067,
side-tie_bikini_bottom,0,69831,"side-tie_bikini,side_tie_bikini"
side-tie_bikini,0,69830,
bottomless,0,69405,bottom_less
black_bikini,0,69362,"black_bikini_top,black_bikini_bottom"
shadow,0,69346,shadows
blurry_background,0,69181,
glowing,0,69161,glow
nose_blush,0,69041,
feet_out_of_frame,0,68989,
red_skirt,0,68553,
rose,0,68202,roses
fake_animal_ears,0,67687,
swept_bangs,0,67401,
bed_sheet,0,67177,"bedsheet,sheets,bedsheets,bedsheet,bed_sheets,sheet"
hakurei_reimu,4,67154,"/hr,reimu_hakurei"
holding_hands,0,66980,"holding_another's_hand,handholding,hand_holding"
chain,0,66832,chains
chains,0,66831,
facial_hair,0,66568,
turtleneck,0,66393,turtle_neck
bird,0,66278,birds
colored_skin,0,66044,ishoku_hada
ocean,0,66029,sea
arm_support,0,64840,
heterochromia,0,64687,odd_eye
low_twintails,0,64568,
animal,0,64448,animals
halterneck,0,64443,"halter_top,haltertop,halter"
halter_top,0,64442,
umbrella,0,64428,
frown,0,64110,":{,frowning,:("
:(,0,64109,":{,frowning"
beret,0,63886,
leaf,0,63502,leaves
thigh_boots,0,63404,"thighhigh_boots,thighboots"
pov,0,63395,male_pov
embarrassed,0,63012,"shame_(embarassment),embarrassment,embarrassing,embarrased,embarassed"
on_bed,0,62508,
one_side_up,0,62483,
back,0,62309,
from_above,0,62263,"viewed_from_above,aerial_view,view_from_above"
aerial_view,0,62262,"viewed_from_above,view_from_above"
fangs,0,62161,
watermark,0,62108,"copyright_notice,watermarked"
garter_straps,0,62076,garter_strap
garter_strap,0,62075,
ass_visible_through_thighs,0,61978,"gluteal_fold,butt_fangs,ass_fangs"
blue_background,0,61519,"light_blue_background,/bluebg"
non-web_source,5,61251,
highleg,0,61030,
scar,0,60550,scars
white_bikini,0,60509,"white_bikini_top,white_bikini_bottom"
on_side,0,60439,lying_on_side
transparent_background,0,60400,"/transparentbg,/tbg,transparent_png,transparent_gif"
plaid_skirt,0,60393,tartan_skirt
mahou_shoujo_madoka_magica,3,60061,"/pmmm,madoka_magica,puella_magi_madoka_magica,/msmm"
upper_teeth,0,59984,
wariza,0,59972,"w_legs,w-legs,w_sitting,w-sitting"
w-legs,0,59971,"w_legs,w-sitting,w_sitting"
blue_bow,0,59909,
mouth_hold,0,59852,
traditional_media,5,59832,"/trad,handdrawn"
beach,0,59766,
chair,0,59725,chairs
parody,0,59713,
wavy_hair,0,59694,
facial_mark,0,59372,"facial_marks,facial_markings,facial_marking"
bandages,0,59349,bandage
looking_away,0,59190,
averting_eyes,0,59189,
female_pubic_hair,0,59087,pubic_hair_(female)
black_choker,0,58999,
hair_tubes,0,58971,hair_tube
blush_stickers,0,58896,blush_sticker
shirt_lift,0,58495,"tank_top_lift,shirt_up,top_lift,lift_shirt,/shl,shirtlift"
expressionless,0,58455,"unexpressive,neutral_expression,emotionless"
drill_hair,0,58376,"doriru,drillhair"
chinese_clothes,0,58184,
brown_footwear,0,57952,
grabbing,0,57712,
grab,0,57711,grabbing
obi,0,57499,
arms_behind_back,0,57460,"/abb,hands_behind_back,arms_behind"
eating,0,57289,
holding_sword,0,57204,"holding_rapier,holding_katana"
thick_thighs,0,57195,"fat_thighs,big_thighs,thunder_thighs,thighthick"
no_shoes,0,56933,
clothes_pull,0,56785,
heart-shaped_pupils,0,56777,heart_shaped_pupils
pantyshot,0,56544,"panty_flash,panty_shot,panchira"
topless,0,56515,
top_less,0,56514,"topless_(female),topless"
thigh_gap,0,56394,
looking_down,0,56025,
phone,0,55900,telephone
symbol-only_commentary,5,55769,
fire_emblem,3,55684,"/fe,fireemblem"
eyepatch,0,55471,eye_patch
magical_girl,0,55340,"magical_girls,mahou_shoujo,magic_girl"
floral_print,0,55065,"flower_print,floral_pattern"
bound,0,55064,
black_shorts,0,54852,
flying_sweatdrops,0,54783,flying_sweatdrop
wavy_mouth,0,54739,
crossed_arms,0,54738,"folded_arms,arms_folded,arms_crossed"
arms_crossed,0,54737,
arms_folded,0,54736,folded_arms
hair_intakes,0,54519,hair_vents
playboy_bunny,0,54374,"playboy_bunny_leotard,bunnysuit,bunny_suit,bunnygirl"
playboy_bunny_leotard,0,54370,
girls_und_panzer,3,54361,
piercing,0,54340,"pierced,piercings"
border,0,54335,"windowboxed,bordered,windowbox"
bordered,0,54334,"windowbox,windowboxed"
formal,0,54153,
love_live!,3,54003,
abs,0,53468,six_pack
leg_up,0,53348,one_leg_raised
black_pants,0,53296,
half-closed_eyes,0,53060,eyes_half_closed
sandals,0,53019,sandal
from_below,0,52997,"viewed_from_below,low_angle,view_from_below"
erection,0,52994,erect_penis
cover,0,52966,front_cover
cleavage_cutout,0,52916,"boob_window,heart_cleavage_cutout,tit_window,cleavage_window"
table,0,52641,
single_hair_bun,0,52348,"hair_bun,hairbun,bun"
hair_bun,0,52346,hairbun
happy,0,52216,
oral,0,52161,
red_dress,0,52030,
cat,0,51593,"cats,neko"
squatting,0,51398,"crouched,crouching,squat,crouch"
crouch,0,51397,"crouching,crouched,squat"
pink_background,0,51164,/pinkbg
underwear_only,0,51062,
scrunchie,0,51015,scrunchy
sunglasses,0,50833,shades
chinese_commentary,5,50625,simplified_chinese_commentary
testicles,0,50502,balls
school_swimsuit,0,50489,"school_swimsuits,sukimizu,/ss,sukumizu"
halo,0,50174,
cum_on_body,0,50156,"cum_on_lower_body,cum_on_upper_body,semen_on_upper_body,semen_on_lower_body,semen_on_body,cum_on_thigh,cum_in_armpit,cum_on_belly,cum_on_back,cum_on_hand,cum_on_hands,cum_on_chest,cum_on_armpits,cum_on_armpit,cum_on_arms,cum_on_arm,cum_on_ear,cum_on_foot,cum_on_feet,cum_on_thighs,cum_on_legs,cum_on_leg,cum_on_hips"
cum_in_armpit,0,50155,
cum_on_arm,0,50154,cum_on_arms
cum_on_armpits,0,50153,
cum_on_stomach,0,50149,
cum_on_ear,0,50147,
cum_on_hands,0,50144,cum_in_hands
cum_on_hips,0,50142,
cum_on_lower_body,0,50139,
cum_on_thigh,0,50138,cum_on_thighs
cum_on_upper_body,0,50136,
bdsm,0,50025,
dark-skinned_male,0,49985,dark_skinned_male
white_footwear,0,49945,
mob_cap,0,49616,"pillow_hat,pillowhat"
blazer,0,49474,
ring,0,49342,rings
wolf_ears,0,49081,"coyote_ears,ookamimimi"
sleeping,0,49004,"asleep,sleep"
game_cg,5,48639,"game_asset,cg_game,gamecg"
final_fantasy,3,48401,"/ff,finalfantasy"
standing_on_one_leg,0,48365,"on_one_foot,on_one_leg,standing_on_one_foot"
backpack,0,48306,"rucksack,back_pack,ranset"
light_brown_hair,0,48178,
eyes_visible_through_hair,0,48041,eye_through_hair
knee_boots,0,47982,"kneeboots,kneehigh_boots"
bob_cut,0,47943,"okappa,bobbed_hair"
okappa,0,47941,
lingerie,0,47880,
breast_grab,0,47836,
boob_grab,0,47835,"grabbing_breasts,breasts_grab,breast_grab"
hat_ribbon,0,47823,"hatband,hat_ribbons"
thick_eyebrows,0,47814,
partial_commentary,5,47802,
katana,0,47622,katanas
demon_girl,0,47534,"succubus,demon_girls,demongirl"
stuffed_toy,0,47470,"plush,plush_toy,stuffed_doll"
bat_wings,0,47403,batwing
open_shirt,0,47357,"open_blouse,/os,shirt_open,openshirt"
white_skirt,0,47352,
girls'_frontline,3,47253,girls_frontline
frilled_dress,0,47245,"ruffled_dress,frilly_dress"
;d,0,47230,
korean_commentary,5,47220,
crossed_legs,0,47212,"crossed_legs_(standing),crossed_legs_(lying),crossed_legs_(sitting),legs_crossed"
white_jacket,0,47149,
suspenders,0,47108,suspender
3boy,0,46807,
helmet,0,46660,
remilia_scarlet,4,46507,/rs
hood_down,0,46434,
cloudy_sky,0,46289,
antenna_hair,0,46277,"double_ahoge,antennae_hair"
outstretched_arms,0,46024,arms_outstretched
cellphone,0,45981,"mobile_phone,cell_phone,keitai"
crying,0,45823,cry
tank_top,0,45779,tanktop
cross,0,45683,
polka_dot,0,45581,"polka-dot,polka_dots"
bottle,0,45552,bottles
grass,0,45395,
aged_down,0,45353,"de-aged,younger"
bug,0,45344,"insect,insects,bugs"
fire,0,45168,"flame,flames"
undressing,0,45145,"stripping,strip,undress"
5girl,0,45140,
suit,0,45094,"dress_suit,three-piece_suit"
crown,0,44967,
tiara,0,44951,
feathers,0,44917,feather
feather,0,44916,
bent_over,0,44874,"bending_over,bend_over,bent-over"
frilled_skirt,0,44768,"ruffled_skirt,frilly_skirt"
breasts_out,0,44629,"breasts_outside,breasts_out_of_clothes"
light_smile,0,44593,"soft_smile,slight_smile,faint_smile"
high_ponytail,0,44590,
holding_food,0,44458,
animated,5,44307,animation
looking_up,0,44282,
couple,0,44275,romance
own_hands_together,0,44229,hands_together
own_hands_clasped,0,44228,"hands_clasped,hands_clasped,locked_fingers,clasped_hands"
straddling,0,44128,straddle
denim,0,44013,
white_bow,0,43897,
black_hairband,0,43861,
x_hair_ornament,0,43849,
horse_ears,0,43703,
eyebrows,0,43694,
>_<,0,43669,><
hair_bobbles,0,43638,"/hbobbles,hair_bobble,ball_braids"
ball_braids,0,43637,hair_bobble
wing_collar,0,43595,
on_stomach,0,43546,"on_front,on_belly,lying_on_stomach,prone"
lying_on_stomach,0,43545,"on_front,on_belly,prone"
blue_shirt,0,43462,blue_blouse
plant,0,43377,plants
areola,0,43050,"areolas,areolae"
flandre_scarlet,4,42909,/fs
tan,0,42823,"tanned_skin,tanned,suntan"
lipstick,0,42805,
outstretched_arm,0,42794,arm_outstretched
short_twintails,0,42635,pigtails
letterboxed,0,42511,"letter_boxed,letterbox"
bondage,0,42481,tied_up_(sexual)
blue_ribbon,0,42082,
girl_on_top,0,41971,female_on_top
white_flower,0,41860,
umamusume,3,41812,uma_musume
curtains,0,41691,"drapes,curtain"
lifted_by_self,0,41638,
precure,3,41585,pretty_cure
animal_print,0,41438,animalprint
pointing,0,41370,
muscular_male,0,41194,
monster_girl,0,41181,monstergirl
cat_girl,0,41138,catgirl
polearm,0,41085,
pink_bow,0,40937,
revision,5,40905,revised
juliet_sleeves,0,40829,"puffy_shoulder_long_sleeves,puffy_shoulders_long_sleeves"
slit_pupils,0,40815,"snake_eyes,cat_eyes"
cat_eyes,0,40814,snake_eyes
^^^,0,40758,"realization_crown,/\/\/\,/\,/\/\"
sex_from_behind,0,40715,"penetration_from_behind,from_behind_position,taken_from_behind"
all_fours,0,40712,"on_all_fours,hands_and_knees,all-fours"
all-fours,0,40711,"on_all_fours,hands_and_knees"
spiked_hair,0,40593,"spikey_hair,spiky_hair"
sisters,0,40474,
sharp_teeth,0,40407,"spiked_teeth,pointed_teeth,pointy_teeth"
crescent,0,40234,crescent_moon_symbol
staff,0,40001,
granblue_fantasy,3,39964,
hand_on_own_chest,0,39894,"hand_on_chest,hand_to_own_chest,hand_to_chest"
blue_sailor_collar,0,39729,
panty_pull,0,39644,"panty_down,panties_down,/pp,panties_pull,pantypull,pantsu_pull,pantsupull"
frilled_sleeves,0,39612,ruffled_sleeves
cherry_blossoms,0,39486,"cherry_trees,cherry_tree,cherry_blossom,sakura_blossoms"
blue_jacket,0,39315,blue_blazer
blouse,0,39159,
clenched_teeth,0,38917,"gritting_teeth,gritted_teeth"
black_background,0,38739,/blackbg
towel,0,38689,towels
goggles,0,38666,
shaded_face,0,38546,"shaded_eyes,shadow_over_eyes"
brooch,0,38461,broach
wind,0,38440,windy
windy,0,38439,
bike_shorts,0,38398,"biker_shorts,spandex_shorts,spats"
head_wings,0,38365,headwings
green_skirt,0,38314,
casual,0,38305,
ground_vehicle,0,38250,
loafers,0,38014,
gauntlets,0,37942,gauntlet
elf,0,37925,"elf_ears,elven_ears"
elf_ears,0,37924,"long_ears,elven_ears,pointy_ear,pointed_ears"
pink_panties,0,37674,
no_pants,0,37660,"pantless,skirtless,no_skirt,pantsless"
t-shirt,0,37635,"t_shirt,tshirt"
tshirt,0,37633,
black_bra,0,37603,
red_flower,0,37584,
demon_horns,0,37512,devil_horns
fox_girl,0,37220,
multiple_tails,0,37183,"animal_tails,tails,multi_tail,multiple_tail,multi_tails,multitails,multitail"
buildings,0,37144,
shoulder_armor,0,37060,shoulder_armour
striped_panties,0,36949,"stripped_panties,shimapan"
wristband,0,36872,"wristbands,wrist_bands,wrist_band"
motion_lines,0,36787,
kiss,0,36774,kissing
single_thighhigh,0,36666,"thighhigh,one_thighhigh"
messy_hair,0,36664,"bed_head,morning_hair"
bed_head,0,36663,morning_hair
between_breasts,0,36603,
breast_press,0,36557,
startled,0,36497,
hat_bow,0,36274,
horse_girl,0,36064,pony_girl
butterfly,0,36053,butterflies
sheath,0,36047,
kemono_friends,3,35930,
child,0,35743,"kids,children"
group_sex,0,35715,"fivesome,foursome,groupsex"
skirt_set,0,35596,
ribbon_trim,0,35463,
character_request,5,35404,"tagme_(character),/char"
rabbit_tail,0,35388,bunny_tail
bunny_tail,0,35387,
third_eye,0,35361,3rd_eye
drooling,0,35292,saliva_drip
sneakers,0,35275,tennis_shoes
instrument,0,35253,instruments
clenched_hand,0,35216,"closed_fist,clenched_fist,fist"
gem,0,35178,"gemstones,gemstone,precious_stones,precious_stone,gems,jewels,jewel"
red_shirt,0,35118,red_blouse
red_footwear,0,35093,
sex_toy,0,35043,sex_toys
fishnets,0,34987,fishnet
box,0,34914,boxes
pale_skin,0,34900,"paleskin,pale"
tassel,0,34815,"tassle,tassels"
musical_note,0,34787,"music_notes,music_note,musical_notes"
admiral_(kancolle),4,34565,"admiral_(kantai_collection),teitoku_(kantai_collection)"
rope,0,34553,ropes
revealing_clothes,0,34527,slutty_clothing
wet_clothes,0,34510,"wet_clothing,wetclothes"
genderswap,0,34387,"genderbend,rule_63,crossgender,sex_change"
candy,0,34365,candies
blue_archive,3,34329,
ear_piercing,0,34294,"pierced_ear,pierced_ears"
side-tie_panties,0,34277,"side_tie_panties,himopan"
facial,0,34202,cum_on_face
covering,0,34193,hiding_face
foreshortening,0,34125,
steam,0,34069,
nature,0,34021,
dog_ears,0,33972,"african_wild_dog_ears,dog_ear,/dog,inumimi"
african_wild_dog_ears,0,33971,"dog_ear,inumimi"
adapted_costume,0,33970,"adapted_outfit,/adcos"
anal,0,33953,"anal_penetration,anal_sex"
pink_dress,0,33885,
star_(sky),0,33841,stars_(sky)
demon_tail,0,33782,devil_tail
idolmaster_(classic),3,33758,
portrait,0,33688,headshot_(composition)
peaked_cap,0,33414,
holding_gun,0,33259,
armband,0,33178,"arm_band,armbands,arm_band"
duplicate,5,33144,"dupe,repost"
waist_apron,0,33106,half_apron
convenient_censoring,0,33082,convenient_censorship
night_sky,0,32890,
breath,0,32879,
ejaculation,0,32863,ejaculation_between_breasts
lace_trim,0,32786,
veil,0,32627,
china_dress,0,32585,"chinese_dress,chinadress,qipao,cheongsam"
black_nails,0,32538,black_fingernails
alice_margatroid,4,32361,/am
arms_behind_head,0,32284,hands_behind_head
tokin_hat,0,32268,tokin
couch,0,32265,"settee,sofa"
kochiya_sanae,4,32161,"/ks,kotiya_sanae"
interlocked_fingers,0,32054,"intertwined_fingers,interlaced_fingers"
bandaid,0,31987,"band-aid,band_aids,band-aid,bandaids"
patchouli_knowledge,4,31880,/pk
love_live!_school_idol_project,3,31866,
lace,0,31864,
microphone,0,31852,mic
white_apron,0,31834,
bara,0,31814,
male_pubic_hair,0,31808,pubic_hair_(male)
front-tie_top,0,31744,front_tie_top
hand_fan,0,31602,"fan_(handheld),fan,fans"
hakama,0,31593,
mole_under_mouth,0,31592,
bow_panties,0,31582,"ribbon_panties,panty_bow"
bridal_gauntlets,0,31482,bridal_gauntlet
strapless_dress,0,31482,shoulderless_dress
holding_cup,0,31435,"holding_goblet,holding_drinking_glass,holding_sakazuki,holding_teacup,holding_mug,holding_glass"
yaoi,0,31358,"gay,shounen-ai,boy_love,boys_love,boy's_love,shonen-ai"
glowing_eyes,0,31344,
black_leotard,0,31321,
no_headwear,0,31248,"no_helmet,no_bandana"
no_hat,0,31244,"hat-less,hatless"
anger_vein,0,31201,anger_mark
anger_mark,0,31200,
clothes_writing,0,31010,"text_print,text_on_clothes,clothing_writing"
white_ribbon,0,30947,
christmas,0,30909,"xmas,crhistmas"
konpaku_youmu,4,30875,/ky
breasts_apart,0,30806,
bikini_top_only,0,30801,bikini_top
bikini_top,0,30800,
jingle_bell,0,30800,"cat_bell,jingle_bells,jinglebells,jinglebell"
baseball_cap,0,30749,
cirno,4,30568,
string_bikini,0,30499,
cum_on_breasts,0,30492,"semen_on_breasts,cum_between_breasts,cum_on_tits"
hair_over_shoulder,0,30475,
hair_flaps,0,30433,
twin_drills,0,30363,twindrills
yellow_background,0,30363,/yellowbg
skin_tight,0,30287,"skintightsuit,skintight"
torn_legwear,0,30238,
:<,0,30130,
feathered_wings,0,30068,feather_wings
semi-rimless_eyewear,0,30065,"semi-rimless_glasses,half-rim_glasses,half_rim_glasses,semi_rimless_glasses"
web_address,0,30064,url
hooded_jacket,0,30061,
angry,0,29876,"anger,mad"
facing_viewer,0,29718,
check_translation,5,29708,translation_check
light_purple_hair,0,29602,
motor_vehicle,0,29565,
yakumo_yukari,4,29449,/yy
wolf_tail,0,29391,coyote_tail
coyote_tail,0,29390,
eyewear_on_head,0,29306,"sunglasses_on_head,glasses_on_head"
red_nails,0,29296,red_fingernails
claws,0,29221,claw
carrying,0,29183,carry
light_particles,0,29145,dust_particles
side_braid,0,29144,
corset,0,29104,
micro_bikini,0,29023,microbikini
red_background,0,28919,/redbg
multiple_penises,0,28902,
pelvic_curtain,0,28877,"waist_veil,pussy_veil,crotch_veil"
mary_janes,0,28806,
knees_up,0,28793,
red_headwear,0,28775,
tentacles,0,28750,tentacle
index_finger_raised,0,28573,"finger_raised,raised_finger"
bad_link,5,28568,
danganronpa_(series),3,28517,"danganronpa,dangan-ronpa,dangan_ronpa"
danganronpa,3,28514,
rifle,0,28514,rifles
purple_dress,0,28510,
clothing_aside,0,28494,clothes_aside
grey_shirt,0,28474,"grey_blouse,gray_shirt"
smartphone,0,28466,smart_phone
bright_pupils,0,28447,
tareme,0,28419,
multicolored_clothes,0,28388,
:p,0,28335,:b
beard,0,28254,
vertical_stripes,0,28250,
paizuri,0,28182,"titjob,titfuck,tit_fuck"
single_horn,0,27939,horn
extra_ears,0,27907,double_ears
strap_slip,0,27821,
licking,0,27773,"licks,lick"
finger_to_mouth,0,27753,"finger_on_mouth,finger_on_lips,finger_to_lips"
short_hair_with_long_locks,0,27649,
close-up,0,27532,"close_up,closeup"
puffy_nipples,0,27512,"puffy_areolae,puffy_nipple"
white_border,0,27492,
red_jacket,0,27412,red_blazer
scar_on_face,0,27395,facial_scar
french_braid,0,27351,
androgynous,0,27341,androgyny
snow,0,27295,
tsurime,0,27266,
buckle,0,27227,buckles
full_moon,0,27179,fullmoon
neck_bell,0,27141,"neckbell,bell_choker,bell_collar,collar_bell,bellcollar"
bell_choker,0,27140,neckbell
pom_pom_(clothes),0,27021,pom_pom_(clothing)
eye_contact,0,27001,
forehead,0,26988,
two-tone_background,0,26942,/two-tonebg
upskirt,0,26901,
striped_legwear,0,26881,
striped_thighhighs,0,26876,
areola_slip,0,26870,areolae_slip
komeiji_koishi,4,26856,
furry,0,26814,"anthro,kemono"
seiza,0,26683,sitting_on_knees
face,0,26664,
yellow_bow,0,26605,
blue_bikini,0,26512,"blue_bikini_top,blue_bikini_bottom"
pink_flower,0,26508,
genderswap_(mtf),0,26485,
spoilers,5,26453,spoiler
lens_flare,0,26401,lensflare
hololive_english,3,26341,
gift,0,26038,"presents,present,gifts"
pink_nails,0,25973,pink_fingernails
spikes,0,25954,spike
hand_on_own_face,0,25906,"hand_to_own_face,hand_on_face,hand_to_face"
wading,0,25848,"standing_in_liquid,walking_in_liquid"
between_legs,0,25847,
pendant,0,25825,
side_slit,0,25804,leg_slit
shameimaru_aya,4,25795,/sa
handgun,0,25776,"pistol,hand_gun"
dual_persona,0,25729,
desk,0,25687,desks
camisole,0,25666,
abyssal_ship,0,25640,shinkaisei-kan
masturbation,0,25474,"masturbating,masturbate,onani"
brown_gloves,0,25420,
skin_fang,0,25364,"lip_fang,flesh_fang"
faceless,0,25353,no_face
restrained,0,25331,
horse_tail,0,25316,
plate,0,25316,"dish,plates"
alcohol,0,25311,
green_bow,0,25155,
after_sex,0,25132,aftersex
curvy,0,25098,"voluptuous,curvaceous"
handjob,0,25080,"tekoki,hand_job"
spoken_heart,0,25034,
broom,0,25027,broomstick
cross-laced_footwear,0,24988,
ribbed_sweater,0,24980,
o-ring,0,24978,o_ring
sleeves_folded_up,0,24972,
k-on!,3,24924,"k-on!!,k-on,kon!,keion!,keion"
maid_apron,0,24909,
heavy_breathing,0,24889,panting
ball,0,24763,
low_ponytail,0,24734,
drinking_glass,0,24709,
eyeshadow,0,24691,eye_shadow
santa_hat,0,24644,"christmas_hat,stocking_cap"
christmas_hat,0,24643,stocking_cap
grey_skirt,0,24582,gray_skirt
cowgirl_position,0,24564,cowgirl_(position)
breast_lift,0,24517,
highleg_leotard,0,24386,
personification,0,24381,"anthropomorphism,gijinka"
red_gloves,0,24272,
clenched_hands,0,24262,"closed_fists,clenched_fists,fists"
forest,0,24259,woods
skirt_lift,0,24243,"lifting_skirt,skirt_up,skirt_up,lift_skirt,lifted_skirt,/skl,skirtlift"
persona,3,24231,
doujin_cover,0,24103,
machinery,0,24061,mechanical
cropped_legs,0,24049,cropped_feet
partially_submerged,0,24018,
high_heel_boots,0,23987,heel_boots
floating,0,23983,
zipper,0,23962,zippers
blue_headwear,0,23914,
wide_hips,0,23905,"big_hips,large_hips"
tanlines,0,23866,"tanline,tan_line,tan_lines"
straight_hair,0,23754,
hair_rings,0,23751,"hair_ring,hair_loop,hair_loops"
hair_tie,0,23750,"hair_ties,hairtie"
legs_up,0,23744,
jpeg_artifacts,5,23734,"jpg_artifacts,jpeg_artefacts,jpegartifacts"
backlighting,0,23682,"backlit,bright_background"
halloween,0,23682,
backlit,0,23681,contre-jour
pencil_skirt,0,23665,
single_glove,0,23625,one_glove
fish,0,23610,
hood_up,0,23603,
sweater_vest,0,23523,
large_pectorals,0,23481,
pink_skirt,0,23480,
reflection,0,23471,
clothed_sex,0,23395,
flying,0,23358,flight
lyrical_nanoha,3,23350,
hong_meiling,4,23337,ex-meiling
half_updo,0,23331,half_down_half_up
neon_genesis_evangelion,3,23309,"shin_seiki_evangelion,/nge,evangelion"
sleeves_past_fingers,0,23302,moe_sleeves
spot_color,0,23297,spot_colors
panties_under_pantyhose,0,23256,"panties_under_pantiehose,panties_behind_pantyhose,panties_below_pantyhose,panties_underneath_pantyhose"
freckles,0,23242,
colored_sclera,0,23187,
kemonomimi_mode,0,23177,
white_bra,0,23176,
nontraditional_miko,0,23158,
strapless_leotard,0,23111,
sailor_dress,0,23108,
holding_book,0,23081,
puffy_long_sleeves,0,23064,"bishop_sleeves,long_puffy_sleeves"
tearing_up,0,23045,
brown_background,0,23006,/brownbg
akemi_homura,4,22991,
happy_birthday,0,22956,
long_fingernails,0,22893,long_nails_(fingers)
blue_nails,0,22871,blue_fingernails
red_bikini,0,22870,"red_bikini_top,red_bikini_bottom"
garter_belt,0,22643,"/gar,garterbelt"
dual_wielding,0,22617,"dual_wield,double_wield"
rain,0,22602,raining
cuffs,0,22586,cuff
red-framed_eyewear,0,22586,"red-framed_glasses,red-rimmed_glasses,red_framed_glasses"
santa_costume,0,22545,"santa_suit,santa_outfit,santa"
fingering,0,22544,fingers_in_pussy
santa,0,22544,
walking,0,22523,
cropped_jacket,0,22477,bolero
epaulettes,0,22442,
idolmaster_shiny_colors,3,22395,shiny_colors
frilled_bikini,0,22378,"frilled_bikini_bottom,frilled_bikini_top,frilled_bikini_bottom"
crossdressing,0,22372,"transvestite,crossplay,crossdress"
hands,0,22364,
innertube,0,22356,"swim_ring,inner_tube"
ribbon-trimmed_sleeves,0,22260,
dragon_horns,0,22250,
teacup,0,22214,"teacups,tea_cup"
suzumiya_haruhi_no_yuuutsu,3,22207,"suzumiya_haruhi_no_yuutsu,/shny,the_melancholy_of_haruhi_suzumiya"
legs_apart,0,22194,
naughty_face,0,22170,naughty_smile
out_of_frame,0,22166,
clothed_female_nude_male,0,22153,"nmcf,/nmcf,nude_male_clothed_female,clothed_female_naked_male,cfnm,/cfnm"
contrapposto,0,22148,
pixel-perfect_duplicate,5,22143,
fate/extra,3,22107,
thong,0,22074,thong_panties
cake,0,21989,
kaname_madoka,4,21959,
black_wings,0,21916,"black_wing,dark_wings"
black_wing,0,21915,dark_wings
pink_ribbon,0,21910,
demon_wings,0,21896,devil_wings
condom,0,21888,condoms
arm_behind_head,0,21879,hand_behind_head
oni_horns,0,21850,
veins,0,21792,"veiny,vein"
white_pantyhose,0,21766,
short_ponytail,0,21739,
rape,0,21666,
bowl,0,21655,bowls
world_witches_series,3,21632,
hat_ornament,0,21622,
beads,0,21608,
denim_shorts,0,21570,"jean_shorts,daisydukes,daisy_dukes"
saigyouji_yuyuko,4,21570,/sy
curly_hair,0,21566,curls
green_background,0,21559,"dark_green_background,light_green_background,/greenbg"
purple_background,0,21559,/purplebg
black-framed_eyewear,0,21535,black-framed_glasses
pokemon_swsh,3,21472,"pokemon_shield,pokemon_sword"
one-hour_drawing_challenge,0,21439,"wandoro,1draw"
holding_phone,0,21428,holding_cellphone
gym_uniform,0,21396,gym_clothes
knee_up,0,21382,
cumdrip,0,21331,cum_drip
spread_pussy,0,21318,"spread_vagina,pussy_spread,open_pussy,spreadpussy"
fur_collar,0,21299,
school_bag,0,21279,schoolbag
resolution_mismatch,5,21273,
blue_shorts,0,21260,
:q,0,21227,:9
doggystyle,0,21217,doggy_style
lolita_fashion,0,21152,lolita
sun_hat,0,21101,sunhat
pauldrons,0,21077,"spaulders,pauldron"
black_sailor_collar,0,21066,
skeb_commission,5,21062,
empty_eyes,0,21017,dead_eyes
dead_eyes,0,21016,
goggles_on_head,0,21006,goggle_on_head
outside_border,0,21005,"cropped_background,outside_of_border,out_of_border"
spoken_ellipsis,0,21004,spoken_...
4boy,0,20973,
blue_flower,0,20947,
pink_shirt,0,20922,pink_blouse
pocket,0,20913,pockets
under-rim_eyewear,0,20890,"under-rim_glasses,under_rim_glasses"
toned,0,20886,
cum_in_mouth,0,20875,"oral_cumshot,cumshot_in_mouth,semen_in_mouth"
shiny_clothes,0,20826,
bulge,0,20802,
long_legs,0,20790,
topless_male,0,20775,shirtless
science_fiction,0,20765,"sci_fi,futuristic,scifi,sci-fi"
alternate_breast_size,0,20763,
hand_on_another's_head,0,20754,
crying_with_eyes_open,0,20749,
purple_skirt,0,20734,
third-party_edit,5,20730,
skull,0,20719,skulls
jitome,0,20709,flat_gaze
green_dress,0,20660,
hand_in_own_hair,0,20616,"hand_in_hair,hand_on_hair"
hand_in_hair,0,20615,
meme,0,20570,
monster,0,20563,monsters
outline,0,20557,"outlined,outlines"
new_year,0,20550,"new_years,newyear"
sunset,0,20521,
toenails,0,20508,toenail
futanari,0,20473,"futa,dickgirl"
buruma,0,20439,"bum_huggers,bun_huggers,running_briefs"
bum_huggers,0,20438,"bun_huggers,running_briefs"
thighband_pantyhose,0,20412,
kaga_(kancolle),4,20409,kaga_(kantai_collection)
light_blush,0,20406,
shield,0,20367,shields
inubashiri_momiji,4,20360,inubashiri_momizi
spear,0,20344,spears
hands_on_another's_hips,0,20298,
emphasis_lines,0,20280,
aged_up,0,20218,older
older,0,20217,
v_arms,0,20157,v-arms
frilled_shirt_collar,0,20143,
frilled_apron,0,20142,
female_masturbation,0,20075,masturbation_(female)
white_sleeves,0,20053,
asymmetrical_hair,0,20041,
animal_hands,0,19971,"paws,animal_paws,paw"
high-waist_skirt,0,19914,
running,0,19896,run
o_o,0,19839,o.o
breast_squeeze,0,19831,breasts_squeeze
dog,0,19799,dogs
=_=,0,19775,
track_jacket,0,19752,
competition_swimsuit,0,19744,
tying_hair,0,19687,
princess_connect!,3,19639,"princess_connect!_re:dive,priconne"
striped_bikini,0,19632,
ice,0,19624,
angel_wings,0,19602,
mole_on_breast,0,19583,
watch,0,19574,
dog_tail,0,19532,african_wild_dog_tail
minigirl,0,19532,mini_girl
teddy_bear,0,19523,"stuffed_bear,teddybear"
legs_together,0,19520,"knees_together,knees_together_feet_together"
black_serafuku,0,19458,
+_+,0,19447,"cross-shaped_pupils,starry_eyes,star_eyes"
impossible_clothes,0,19440,impossible_clothing
gold_trim,0,19390,
head_rest,0,19373,chin_rest
chin_rest,0,19372,
ass_grab,0,19331,
faceless_male,0,19281,mister_x
blue_footwear,0,19265,
white_skin,0,19215,
white_pupils,0,19207,
single_earring,0,19183,one_earring
hat_removed,0,19155,
blue_theme,0,19146,
bespectacled,0,19137,
folded_ponytail,0,19114,
ghost,0,19106,ghosts
tress_ribbon,0,19093,
turret,0,19076,
toaru_majutsu_no_index,3,19075,"to_aru_majutsu_no_index,a_certain_magical_index"
purple_bow,0,19074,
paw_pose,0,19073,"dog_pose,cat_pose"
pouch,0,19029,pouches
red_scarf,0,18995,
plump,0,18956,"chubby,muchi"
popsicle,0,18942,icelolly
rabbit,0,18900,"bunny,rabbits"
poke_ball,0,18895,"monster_ball,pokeballs,poke_balls,pokeball"
source_request,5,18880,"/src,cg_request,need_source,no_source"
sarashi,0,18853,"bandage_bra,bandagebra"
bandage_bra,0,18852,bandagebra
brown_skirt,0,18801,
cigarette,0,18756,"cigarete,cigarrete,cigarrette,cigarettes"
knees_together_feet_apart,0,18710,knees_touching
hand_in_pocket,0,18695,
white_sailor_collar,0,18661,
age_difference,0,18593,older_on_younger
hand_between_legs,0,18511,hands_between_legs
hair_down,0,18507,hairdown
bow_(weapon),0,18463,bow_and_arrow
dragon_girl,0,18445,
black_belt,0,18417,
open_coat,0,18401,
drinking_straw,0,18388,straw_(drinking)
league_of_legends,3,18379,
high_collar,0,18261,
upside-down,0,18217,"upside_down,upside_down,upsidedown"
oni,0,18212,
page_number,0,18162,
serious,0,18132,stern
jeans,0,18106,blue_jeans
black_coat,0,18090,
smirk,0,18072,
object_insertion,0,18042,insertion
insertion,0,18041,
brown_jacket,0,18020,brown_blazer
light_rays,0,18002,
robe,0,17999,robes
thought_bubble,0,17995,thought_balloon
military_hat,0,17990,military_cap
injury,0,17972,"wounds,wounded,injured,injuries"
yellow_shirt,0,17962,yellow_blouse
yakumo_ran,4,17920,/yr
t-pose,0,17917,
;),0,17913,
mini_hat,0,17901,"minihat,tiny_hat"
blue_panties,0,17824,
fate/apocrypha,3,17818,
yellow_ribbon,0,17801,
dakimakura_(medium),0,17770,dakimakura
pillow_hug,0,17769,
hoop_earrings,0,17740,hoop_earring
striped_shirt,0,17705,striped_blouse
braided_ponytail,0,17702,
street_fighter,3,17701,"/sf,streetfighter"
tabard,0,17689,
sideburns,0,17658,
patreon_username,0,17637,
boku_no_hero_academia,3,17635,my_hero_academia
bouncing_breasts,0,17628,
circlet,0,17617,
butt_crack,0,17600,"posterior_cleavage,ass_crack,buttcrack"
eyebrows_behind_hair,0,17577,
missionary,0,17567,missionary_position
crystal,0,17505,crystals
lantern,0,17491,lanterns
@_@,0,17466,"swirly_eyes,spiral_eyes,al_bhed_eyes"
red_rose,0,17462,
striped_bow,0,17429,
wide-eyed,0,17420,"shocked_eyes,wide_eyed,wide_eyes,eyes_wide"
ofuda,0,17387,paper_talisman
|_|,0,17362,||_||
contemporary,0,17338,modern_clothing
water_drop,0,17323,"droplets,droplet,water_droplets,water_drops,raindrop,rain_drops,raindrops,rain_drop"
top_hat,0,17261,"magician_hat,tophat"
tentacle_hair,0,17235,
:t,0,17218,
breastplate,0,17215,"chest_plate,chestplate,breast_plate"
threesome,0,17136,3p
blurry_foreground,0,17110,
jumping,0,17110,jump
white_shorts,0,17099,
rock,0,17092,rocks
hairpin,0,17055,"hairpins,hair_pin"
hug_from_behind,0,17000,back_hug
partially_fingerless_gloves,0,17000,partly_fingerless_gloves
sports_bra,0,16995,
handbag,0,16957,"hand_bag,purse"
white_hairband,0,16956,
outstretched_hand,0,16939,"hands_outstretched,hand_outstretched,outstretched_hands"
oekaki,0,16927,
moriya_suwako,4,16923,/ms
height_difference,0,16908,
konpaku_youmu_(ghost),4,16896,myon
mirror,0,16875,mirrors
chopsticks,0,16873,chopstick
object_hug,0,16851,
belt_buckle,0,16830,
wooden_floor,0,16787,hardwood_floor
bouquet,0,16782,bouquets
pink_lips,0,16773,pink_lipstick
blood_on_face,0,16763,bloody_face
colored_eyelashes,0,16747,"orange_eyelashes,silver_eyelashes,white_eyelashes,red_eyelashes,purple_eyelashes,pink_eyelashes,multicolored_eyelashes,grey_eyelashes,green_eyelashes,blue_eyelashes,blonde_eyelashes,aqua_eyelashes,coloured_eyelashes"
full-face_blush,0,16743,full_face_blush
rumia,4,16720,
stairs,0,16678,"stairway,staircase,stair,steps"
paper,0,16670,
mug,0,16655,
miki_sayaka,4,16633,
shoulder_bag,0,16609,
white_kimono,0,16572,white_yukata
snowing,0,16554,falling_snow
mountain,0,16498,mountains
kazami_yuuka,4,16466,kazami_yuka
covering_breasts,0,16463,"handbra,breasts_covering,breast_cover,breast_covering"
animal_hood,0,16458,
star_hair_ornament,0,16448,
underwater,0,16437,under_water
kaenbyou_rin,4,16412,orin
holding_umbrella,0,16407,holding_parasol
wedding_dress,0,16404,weddingdress
miko,0,16365,shrine_maiden
shrine_maiden,0,16364,
city,0,16310,
mature_male,0,16303,dilf
cropped_torso,0,16278,
green_jacket,0,16221,
glint,0,16214,
animated_gif,5,16197,gif
vibrator,0,16181,vibrators
shimakaze_(kancolle),4,16163,"shimakaze_(kantai_collection),zekamashi"
snake,0,16157,snakes
adjusting_clothes,0,16152,
meme_attire,0,16138,
doll,0,16102,dolls
open_book,0,16077,
bloomers,0,16026,
panties_aside,0,16026,panty_aside
backless_outfit,0,15985,"backless,open_back"
fighting_stance,0,15978,battle_stance
battle_stance,0,15977,
hair_bell,0,15975,"bell_hair_ornament,hairbells,hair_bells,hairbell"
bell_hair_ornament,0,15974,"hairbells,hairbell,hair_bells"
cum_on_hair,0,15956,"semen_on_hair,cum_in_hair"
pout,0,15942,pouting
borrowed_character,0,15903,
saber,4,15901,
bandaged_arm,0,15871,bandaged_arms
waving,0,15862,"waving_arm,wave"
hibiki_(kancolle),4,15846,hibiki_(kantai_collection)
multicolored_eyes,0,15831,
chen,4,15801,
motion_blur,0,15791,
ice_cream,0,15787,"ice-creams,ice-cream,icecreams,ice_creams,icecream"
forehead_mark,0,15756,
crossed_bangs,0,15740,
mature_female,0,15739,"mature_woman,mature,milf"
milf,0,15736,
colored_inner_hair,0,15721,
realistic,0,15720,
aircraft,0,15710,
strawberry,0,15701,strawberries
mouse_ears,0,15693,"rat_ears,nezumimi"
one_eye_covered,0,15692,covered_eye
orange_bow,0,15631,
spoon,0,15582,spoons
love_live!_sunshine!!,3,15546,
text_focus,0,15538,text
text,0,15537,
partially_translated,5,15521,"partial_translation,partly_translated"
panties_around_one_leg,0,15517,"panties_around_leg,/paol"
card,0,15500,cards
pink_bra,0,15459,
round_teeth,0,15448,
siblings,0,15426,
fire_emblem_heroes,3,15359,
hands_in_pockets,0,15357,
nurse_cap,0,15348,nurse_hat
kamishirasawa_keine,4,15332,/kk
fate/zero,3,15311,fate_zero
remodel_(kantai_collection),0,15309,
front-tie_bikini_top,0,15302,front-tie_bikini
front-tie_bikini,0,15301,
visor_cap,0,15259,
yellow_flower,0,15220,
fence,0,15207,
strike_witches,3,15201,/sw
bandana,0,15183,bandanna
clitoris,0,15178,clit
center_opening,0,15176,"centre_opening,absolute_cleavage"
touken_ranbu,3,15137,torabu
white_pants,0,15101,
leash,0,15080,
mustache,0,15063,moustache
grey_jacket,0,15004,"silver_jacket,gray_jacket"
anklet,0,14998,"lower_leg_bracelet,ankle_bracelets,ankle_bracelet,leg_bracelet,anklets"
white_one-piece_swimsuit,0,14995,white_swimsuit
short_eyebrows,0,14960,round_eyebrows
holding_staff,0,14952,
white_leotard,0,14951,
hime_cut,0,14950,"princess_cut,himecut"
green_headwear,0,14949,
geta,0,14943,
palm_tree,0,14943,palm_trees
sand,0,14930,
card_(medium),0,14925,
dragon,0,14907,
fire_emblem:_three_houses,3,14893,fire_emblem:_fuukasetsugetsu
covering_mouth,0,14842,"hands_over_mouth,hiding_mouth"
kawashiro_nitori,4,14839,
drink,0,14826,"beverage,drinks"
sailor_hat,0,14820,sailor_cap
anchor_symbol,0,14817,
stubble,0,14817,
pokemon_sm,3,14808,"pokemon_moon,pokemon_sun,pokemon_sun_and_moon"
blue_skin,0,14806,
idolmaster_million_live!,3,14804,"million_live,/iml,idolmaster_million_live"
dildo,0,14802,
mash_kyrielight,4,14763,shielder_(fate/grand_order)
green_shirt,0,14753,green_blouse
top-down_bottom-up,0,14749,"face_down_ass_up,face-down_ass-up,ass-up_head-down,top-down-bottom-up,top_down_bottom_up,/tdbu"
ass-up_head-down,0,14748,face_down_ass_up
antennae,0,14747,antenna
door,0,14740,doors
can,0,14739,cans
arrow_(projectile),0,14735,arrows
orange_background,0,14699,/orangebg
overflow,0,14692,
sitting_on_person,0,14680,sitting_on
on_floor,0,14671,sitting_on_floor
scar_across_eye,0,14641,eye_scar
fork,0,14624,
alternate_color,0,14576,"alternate_colors,/acol,/ac,alternative_color"
hips,0,14574,
round_eyewear,0,14572,"circular_eyewear,round_glasses"
hinanawi_tenshi,4,14557,"tenshi_hinanai,hinanai_tenshi"
xenoblade_chronicles_(series),3,14553,xenoblade_(series)
dragon_tail,0,14520,
mouth_mask,0,14502,face_mask
blindfold,0,14496,blindfolded
frog_hair_ornament,0,14489,
asymmetrical_bangs,0,14481,asymmetric_bangs
asymmetric_bangs,0,14480,
mario_(series),3,14473,
adjusting_hair,0,14462,
indie_virtual_youtuber,3,14440,
spread_arms,0,14434,arms_spread
purple_flower,0,14419,
honkai_(series),3,14415,
yu-gi-oh!,3,14393,"yuu-gi-ou,/ygo,yuugioh,yu-gi-oh,yu-gi-ou!,yu-gi-ou,yugioh!,yugioh"
camera,0,14391,
arrow_(symbol),0,14380,"directional_arrows,directional_arrow,directional_arrows"
furrowed_brow,0,14359,furrowed_eyebrows
interracial,0,14357,
licking_lips,0,14335,lip_licking
fake_tail,0,14302,fake_animal_tail
sakura_kyouko,4,14289,
tall_image,5,14288,
wand,0,14281,magic_wand
arched_back,0,14252,
zoom_layer,0,14247,zoomlayer
sharp_fingernails,0,14227,pointy_fingernails
straw_hat,0,14209,
arms_at_sides,0,14208,
green_ribbon,0,14203,
double_v,0,14200,double_peace
long_skirt,0,14191,
tomoe_mami,4,14189,
music,0,14184,
apple,0,14173,"red_apple,apples"
sword_art_online,3,14151,/sao
overwatch,3,14148,
jacket_on_shoulders,0,14147,"coat_on_shoulders,jacket_over_shoulders,coat_over_shoulders"
emblem,0,14133,
head_out_of_frame,0,14110,"cropped_head,eyes_out_of_frame"
mixed-language_commentary,5,14109,"multilingual_commentary,bilingual_commentary"
sun,0,14095,
lowleg,0,14092,low-rise
blanket,0,14056,
hanging_breasts,0,14053,"hanging_boob,hangingboob"
anime_screencap,5,14040,screencap
final_fantasy_xiv,3,14039,"ffxiv,/ff14,ff14"
arm_warmers,0,14013,armwarmers
white_wings,0,13996,
labcoat,0,13993,
lab_coat,0,13992,labcoat
gag,0,13985,
groping,0,13983,"fondle,fondling,grope"
yokozuwari,0,13969,
paid_reward_available,5,13961,reward_available
cannon,0,13956,cannons
dragon_ball,3,13943,"/db,dragonball"
shigure_(kancolle),4,13917,shigure_(kantai_collection)
alternate_hair_length,0,13908,alternative_hair_length
paid_reward,5,13905,
pink_footwear,0,13905,
veiny_penis,0,13884,
heart_hair_ornament,0,13882,
wince,0,13874,cringe
cringe,0,13873,
black_bodysuit,0,13869,black_bikesuit
bandeau,0,13856,
final_fantasy_vii,3,13847,"/ff7,final_fantasy_7,ffvii,ff7"
gothic_lolita,0,13847,"gosurori,gothloli"
horizon,0,13838,
overwatch_1,3,13837,
brown_headwear,0,13823,
purple_ribbon,0,13799,
holding_clothes,0,13746,
houraisan_kaguya,4,13743,/hk
name_tag,0,13741,nametag
furry_female,0,13727,female_furry
leg_lift,0,13723,"leg_raised,leg_raise,raised_leg"
bun_cover,0,13710,bun_covers
muscular_female,0,13695,
shota,0,13694,
goatee,0,13686,
unbuttoned,0,13681,
pink_bikini,0,13673,"pink_bikini_top,pink_bikini_bottom"
highleg_panties,0,13662,
pasties,0,13658,
dog_girl,0,13657,
chinese_text,0,13631,chinese
branch,0,13622,"tree_branch,branches"
angel,0,13613,"angel_costume,archangel,angels,tenshi"
floral_background,0,13605,"/floralbg,flower_background"
beanie,0,13556,"toque,tuque"
blue_kimono,0,13553,blue_yukata
hand_on_own_cheek,0,13546,"hand_on_cheek,hand_to_cheek"
clock,0,13537,clocks
jack-o'-lantern,0,13531,"jack_o'_lantern,jack-o-lantern,jack_o_lantern"
black_sclera,0,13529,
hitodama,0,13529,"fox_fire,soul_flame,spirit_flame"
smoking,0,13527,
koakuma,4,13523,
red_hairband,0,13493,
robot,0,13447,
hand_on_headwear,0,13434,hand_on_hat
off-shoulder_shirt,0,13409,
lactation,0,13407,"lactating,milk_breasts,milking"
swimsuit_under_clothes,0,13405,/suc
underbust,0,13389,
protected_link,5,13387,
brown_legwear,0,13377,
brown_pantyhose,0,13374,
kill_la_kill,3,13352,
hat_flower,0,13343,
eyeball,0,13325,eyeballs
microskirt,0,13292,micro_skirt
back-to-back,0,13287,back_to_back
red_cape,0,13281,
tales_of_(series),3,13272,
purple_shirt,0,13265,purple_blouse
dot_nose,0,13246,
tabi,0,13215,
food_on_face,0,13187,food_on_cheek
ahegao,0,13174,
basket,0,13173,
nipple_slip,0,13170,"nip_slip,nippleslip,nipslip"
ass_focus,0,13135,pov_ass
gakuran,0,13118,
criss-cross_halter,0,13078,criss_cross_halter
splatoon_(series),3,13074,splatoon
black_sleeves,0,13067,
large_areolae,0,13059,"big_areola,big_areolae,large_areola"
drawstring,0,13038,drawstrings
kongou_(kancolle),4,13037,kongou_(kantai_collection)
wolf_girl,0,13030,
pointless_censoring,0,13029,pointless_censorship
argyle,0,13015,
armored_dress,0,13013,armoured_dress
fairy_wings,0,13011,
collared_dress,0,13005,
character_doll,0,12997,
cabbie_hat,0,12961,
grabbing_from_behind,0,12952,
tail_ornament,0,12950,
lace-up_boots,0,12947,"cross-laced_boots,laced_boots,lace_up_boots"
purple_nails,0,12923,"lavender_nails,purple_fingernails"
saliva_trail,0,12884,saliva_string
silhouette,0,12870,
bandaid_on_face,0,12849,
pocky,0,12847,pepero
pokemon_(anime),3,12840,/pkani
unzipped,0,12820,
blue_pants,0,12814,
size_difference,0,12809,
hand_on_another's_shoulder,0,12806,
large_penis,0,12800,big_penis
mystia_lorelei,4,12778,
monogatari_(series),3,12763,
white_coat,0,12747,
covered_mouth,0,12744,"hidden_mouth,mouth_covered"
kneepits,0,12742,"knee_pit,kneepit"
silent_comic,0,12740,
taut_clothes,0,12738,taut_clothing
gangbang,0,12731,"gang_sex,gangsex,gangrape,gang_rape,gang_bang"
blue_gloves,0,12720,
crotch_seam,0,12697,
onsen,0,12668,"hot_springs,hot_spring,hotspring"
gift_box,0,12665,
gohei,0,12653,
red_vest,0,12631,
painttool_sai_(medium),5,12622,
yellow_ascot,0,12616,yellow_jabot
butterfly_hair_ornament,0,12583,
anchor,0,12562,
leaning_back,0,12554,
drinking,0,12535,sipping
everyone,0,12507,"everybody,group"
inazuma_(kancolle),4,12492,inazuma_(kantai_collection)
retro_artstyle,0,12485,oldschool
ibuki_suika,4,12472,
on_head,0,12457,
cow_print,0,12451,cowprint
military_vehicle,0,12428,
cow_ears,0,12426,"ox_ears,ushimimi"
no_nose,0,12421,
winter_clothes,0,12407,
holding_flower,0,12405,
naruto_(series),3,12398,
suspender_skirt,0,12392,jumper_skirt
summer_dress,0,12391,"sun_dress,summerdress"
shrug_(clothing),0,12383,naked_shrug
witch,0,12379,"sorceress,witch_costume"
sorceress,0,12378,witch_costume
guitar,0,12353,
highleg_swimsuit,0,12351,
naval_uniform,0,12351,
center_frills,0,12342,centre_frills
bridal_garter,0,12325,
leg_garter,0,12324,
pen,0,12307,
2koma,0,12304,
pool,0,12267,swimming_pool
electricity,0,12266,
arm_rest,0,12263,
wind_lift,0,12255,"windlift,skirt_blow,ecchi_no_kaze"
tiles,0,12230,tile
heart_censor,0,12220,censor_heart
toenail_polish,0,12173,
guilty_gear,3,12172,"/gg,guiltygear"
black_cape,0,12171,
akagi_(kancolle),4,12165,akagi_(kantai_collection)
frog,0,12165,frogs
photo_(medium),5,12162,
spaghetti_strap,0,12151,spaghetti_straps
checkered_clothes,0,12150,checkered_clothing
hijiri_byakuren,4,12148,
red_lips,0,12145,red_lipstick
adjusting_eyewear,0,12084,"adjusting_sunglasses,adjusting_glasses"
brown_thighhighs,0,12070,
logo,0,12028,
ganyu_(genshin_impact),4,12009,"ganyu,kan'u_(genshin_impact)"
mittens,0,11985,mitts
headpat,0,11952,"petting,patting_head,head_pat"
code_geass,3,11931,code_geass_hangyaku_no_lelouch_r2
muneate,0,11928,
salute,0,11910,
bound_wrists,0,11907,"hands_tied,wrists_bound,tied_wrists,tied_hands,hands_bound,bound_hands"
wedding_band,0,11907,
selfie,0,11825,self_shot
chestnut_mouth,0,11792,
ankle_boots,0,11787,
facing_away,0,11780,
korean_text,0,11779,korean
double-breasted,0,11770,
flipped_hair,0,11763,soto-hane
purple_bikini,0,11757,"purple_bikini_top,purple_bikini_bottom"
waitress,0,11747,
classroom,0,11726,class_room
class_room,0,11725,
female_child,0,11715,
absurdly_long_hair,0,11693,"hair_past_feet,extremely_long_hair"
nazrin,4,11693,
xenoblade_chronicles_2,3,11692,xenoblade_2
poke_ball_(basic),0,11680,poke_ball_(generic)
hair_stick,0,11666,hair_sticks
chromatic_aberration,0,11658,
talking,0,11638,
strap_gap,0,11635,
vision_(genshin_impact),0,11591,
uneven_legwear,0,11564,asymmetrical_legwear
asymmetrical_legwear,0,11563,
cheerleader,0,11562,cheergirl
cheergirl,0,11561,
magic,0,11546,
car,0,11540,cars
beachball,0,11528,beach_ball
smug,0,11509,
food-themed_hair_ornament,0,11500,"food_hair_ornament,food_themed_hair_ornament"
pinafore_dress,0,11500,jumper
one_piece,3,11470,
flat_cap,0,11468,
mahou_shoujo_lyrical_nanoha,3,11465,"mahou_shoujo_lyirical_nanoha,/msln,mahoushoujolyricalnanoha"
fur-trimmed_jacket,0,11444,fur-lined_jacket
lucky_star,3,11438,/ls
cleft_of_venus,0,11424,
nun,0,11410,
inverted_nipples,0,11385,sunken_nipples
pulled_by_self,0,11373,
kita_high_school_uniform,0,11362,
notice_lines,0,11349,realization_lines
ugoira,5,11336,
light,0,11299,
shirt_tucked_in,0,11294,tucked_in_shirt
hand_to_own_mouth,0,11292,"hand_on_lips,hand_to_lip,hand_to_mouth,hands_to_own_mouth,hands_to_mouth"
bikini_under_clothes,0,11264,
pom_pom_(cheerleading),0,11264,"pom_poms,pom-pons,pom-pon,pompons,pompon,pom-poms,pom-pom,pompom,pompoms"
nurse,0,11250,"nurse_uniform,nurse_outfit"
potted_plant,0,11225,potted_plants
horn_ornament,0,11221,
rigging,0,11199,
road,0,11191,
hands_on_own_chest,0,11181,"hands_on_chest,hands_to_chest"
tenryuu_(kancolle),4,11181,tenryuu_(kantai_collection)
stud_earrings,0,11177,"ear_studs,ear_stud"
battle,0,11160,
spoken_question_mark,0,11149,spoken_?
armored_boots,0,11128,metal_boots
bare_back,0,11114,
nipple_tweak,0,11108,nipple_pinch
nipple_pinch,0,11107,
animal_costume,0,11106,
tatami,0,11056,
eyeliner,0,11025,
ninja,0,11022,kunoichi
mecha_musume,0,11011,"mechamusume,weapongirl"
sideways_glance,0,11007,side_glance
triangular_headpiece,0,11003,
foot_focus,0,10994,"feet_focus,pov_feet"
hakama_short_skirt,0,10991,hakama_skirt
hakama_skirt,0,10990,hakama
tamamo_(fate),4,10988,
sexually_suggestive,0,10985,innuendo
light_blue_hair,0,10982,
cow_horns,0,10974,ox_horns
style_parody,0,10965,
assault_rifle,0,10949,
neptune_(series),3,10944,
lamp,0,10942,lamps
holding_poke_ball,0,10934,holding_pokeball
snake_hair_ornament,0,10922,
fire_emblem_fates,3,10921,fire_emblem_if
femdom,0,10893,
bench,0,10877,
blazblue,3,10852,
>:),0,10844,
yasaka_kanako,4,10840,
candle,0,10837,candles
controller,0,10824,
yagokoro_eirin,4,10824,/ye
yuudachi_(kancolle),4,10824,yuudachi_(kantai_collection)
bush,0,10823,"shrubbery,bushes"
mahou_shoujo_lyrical_nanoha_strikers,3,10820,"mahou_shoujo_lyirical_nanoha_strikers,/mslns"
:>,0,10817,
overalls,0,10801,
happy_sex,0,10798,
scales,0,10787,
hair_over_eyes,0,10778,hair_covering_eyes
hair_covering_eyes,0,10777,
tube_top,0,10773,tubetop
naked_shirt,0,10772,nude_shirt
back_bow,0,10769,
bow_bra,0,10764,
cityscape,0,10762,
mask_on_head,0,10740,
bags_under_eyes,0,10738,"eye_bags,dark_circles,eyebags,eye_circles"
bad_anatomy,0,10733,
biting,0,10724,bite
ragnarok_online,3,10698,"/ro,ragnarokonline"
dragon_quest,3,10687,/dq
megurine_luka,4,10682,
crown_braid,0,10672,
brown_belt,0,10669,
bridal_veil,0,10666,wedding_veil
sailor_shirt,0,10661,
pokemon_bw,3,10652,"pokemon_black_and_white,pokemon_white,pokemon_black,pokemon_b&w"
white_sweater,0,10645,
mini_crown,0,10624,tiny_crown
brown_dress,0,10601,
open_fly,0,10597,"unbuttoned_shorts,unbuttoned_pants"
fairy,0,10593,"faerie,pixie,fairies"
l-elf,4,10592,
stuffed_bunny,0,10590,
pink_headwear,0,10568,
ikazuchi_(kancolle),4,10558,ikazuchi_(kantai_collection)
hair_behind_ear,0,10549,
sarong,0,10542,pareo
pareo,0,10541,
joints,0,10538,
japanese_armor,0,10512,"japanese_armour,samurai_armor"
source_smaller,5,10491,
pov_hands,0,10489,hand_pov
ice_wings,0,10488,
covering_crotch,0,10487,covering_pussy
shade,0,10482,in_shadow
purple_panties,0,10472,
toeless_legwear,0,10463,toeless_socks
orgasm,0,10460,
triangle_mouth,0,10422,
dark,0,10404,
cable,0,10398,"electrical_wire,cords,cord,cables,electric_cable"
red_kimono,0,10395,red_yukata
wet_shirt,0,10392,"wet_blouse,wet_t-shirt,wetshirt"
peach,0,10378,peaches
peaches,0,10377,
creature,0,10372,"mascot_creature,creatures"
hugging_own_legs,0,10357,"leg_hug,hugging_legs,hugging_knees,knee_hug"
reaching_out,0,10351,
key,0,10347,keys
bird_wings,0,10342,
inazuma_eleven_(series),3,10331,
red_hakama,0,10318,
pleated_dress,0,10312,
bad_tumblr_id,5,10310,
space,0,10301,outer_space
mizuhashi_parsee,4,10296,
blue_leotard,0,10290,
halloween_costume,0,10290,
doujinshi,5,10264,
bubble,0,10259,bubbles
steaming_body,0,10257,
randoseru,0,10253,naked_randoseru
5boy,0,10238,
print_legwear,0,10238,
bathing,0,10224,
lolita_hairband,0,10207,lolita_headband
claw_pose,0,10200,
fate/extra_ccc,3,10177,
persona_4,3,10175,
oil-paper_umbrella,0,10174,"paper_umbrella,japanese_umbrella,oriental_umbrella,wagasa"
pilot_suit,0,10167,
holster,0,10166,
food_in_mouth,0,10131,
indian_style,0,10130,agura
agura,0,10129,
heart_of_string,0,10118,
alternate_eye_color,0,10088,"alternative_eye_color,/aec"
school_desk,0,10088,
breast_pocket,0,10084,"chest_pocket,shirt_pocket"
painting_(medium),5,10057,"canvas_(medium),paint_(medium)"
single_side_bun,0,10044,side_bun
paw_print,0,10043,"pawprints,paw_prints,pawprint"
side_bun,0,10043,
print_kimono,0,10039,print_yukata
red_panties,0,10034,
dagger,0,10032,daggers
against_wall,0,10028,
hands_on_own_face,0,10021,"hands_on_face,hands_to_face"
laughing,0,10018,laugh
hibiscus,0,10016,
red_choker,0,10009,
yellow_bikini,0,9999,"yellow_bikini_top,yellow_bikini_bottom"
abigail_williams_(fate),4,9984,abigail_williams_(fate/grand_order)
hair_up,0,9976,
wet_hair,0,9947,
fubuki_(kancolle),4,9944,fubuki_(kantai_collection)
confetti,0,9935,
heart_hands,0,9933,
akiyama_mio,4,9929,
one_breast_out,0,9929,breast_outside
petite,0,9929,
lace-trimmed_legwear,0,9927,
star-shaped_pupils,0,9927,
blue_rose,0,9912,
3d,0,9889,"3dcg,polygon"
polka_dot_background,0,9885,"polka-dot_background,/pdbg,/polkadotbg"
akatsuki_(kancolle),4,9884,akatsuki_(kantai_collection)
alternate_hair_color,0,9882,"/ahc,alternative_hair_color,alternate_haircolor"
cross-laced_clothes,0,9880,cross-laced_clothing
plugsuit,0,9877,
carrot,0,9863,carrots
black_collar,0,9861,
string,0,9855,strings
frilled_shirt,0,9848,frilled_blouse
bath,0,9829,ofuro
paw_gloves,0,9820,
drunk,0,9815,
zuikaku_(kancolle),4,9782,zuikaku_(kantai_collection)
white_outline,0,9778,
autumn_leaves,0,9767,fall_leaves
incest,0,9747,
marker_(medium),5,9747,copics
marker,0,9746,
bracer,0,9732,bracers
whisker_markings,0,9730,
bodystocking,0,9724,bodystocking_under_clothes
holding_bag,0,9724,"holding_purse,holding_backpack"
scabbard,0,9704,sword_sheath
crescent_hair_ornament,0,9693,
stretching,0,9687,stretch
anal_object_insertion,0,9669,"anal_object_push,anal_insertion"
anal_insertion,0,9668,
sack,0,9665,
tengen_toppa_gurren_lagann,3,9659,"tengen_toppa_gurren-lagann,/ttgl,gurren_lagann"
cum_in_ass,0,9653,"anal_creampie,anal_nakadashi,semen_in_anus"
parasol,0,9653,
raccoon_ears,0,9643,"tanuki_ears,tanukimimi"
bat_(animal),0,9635,"bat,bats"
office_lady,0,9635,"ol,officelady"
source_larger,5,9630,
star_print,0,9619,
low_wings,0,9610,"waist_wings,hip_wings,lower_back_wings"
ribbon_choker,0,9607,
cone_hair_bun,0,9604,hair_cones
red_legwear,0,9596,
asymmetrical_wings,0,9574,
hand_on_another's_face,0,9560,
facepaint,0,9552,face_paint
wine_glass,0,9535,wineglass
voiceroid,3,9527,
wrist_scrunchie,0,9514,scrunchie_on_wrist
computer,0,9510,
feather_hair_ornament,0,9508,"hair_feathers,feather_in_hair,hair_feather"
torii,0,9508,"shrine_gate,torii_(gate),torii_gate"
holding_bottle,0,9505,
nier_(series),3,9502,
sakuragaoka_high_school_uniform,0,9496,
teapot,0,9492,tea_pot
holding_fan,0,9485,
fake_horns,0,9482,horn_hair_ornament
zipper_pull_tab,0,9480,
navel_cutout,0,9472,heart_navel_cutout
antlers,0,9454,
check_commentary,5,9453,
self_upload,5,9443,
habit,0,9399,
purple_gloves,0,9378,
tiger_ears,0,9366,
arm_tattoo,0,9353,
magatama,0,9348,
string_panties,0,9334,
haori,0,9324,
rozen_maiden,3,9310,"rosen_maiden,/rm,rozenmaiden"
fire_emblem_awakening,3,9300,"fire_emblem:_kakusei,fire_emblem:_awakening,/fe11,fire_emblem_kakusei"
black_sweater,0,9293,
cum_on_clothes,0,9289,"cum_inside_clothes,cum_under_clothes,cum_inside_thighhigh,cum_on_panties,cum_on_hat,cum_on_swimsuit,cum_on_buruma,cum_on_shoes,cum_on_thighhighs,cum_on_socks,cum_on_pantyhose,cum_on_stockings,cum_on_clothing"
mismatched_legwear,0,9274,
lace-trimmed_panties,0,9271,lace_trimmed_panties
red_thighhighs,0,9271,
pixel_art,0,9259,sprite
black_border,0,9256,
slippers,0,9255,slipper
brown_shirt,0,9248,brown_blouse
nipple_piercing,0,9247,"nipple_piercings,pierced_nipples"
rebuild_of_evangelion,3,9244,
happy_new_year,0,9238,
transparent,0,9225,transparency
chinese_zodiac,0,9209,
shibari,0,9202,"rope_bondage,ropebondage"
tray,0,9195,"platter,serving_tray"
tight,0,9176,
wagashi,0,9173,japanese_sweets
blood_on_clothes,0,9163,"bloody_clothes,blood-stained_clothes"
artist_logo,0,9153,
nagato_(kancolle),4,9145,nagato_(kantai_collection)
vampire,0,9130,vampyr
one-piece_tan,0,9119,
grey_dress,0,9113,gray_dress
pink_kimono,0,9104,pink_yukata
derivative_work,5,9092,"derivative,plagiarism"
idolmaster_cinderella_girls_starlight_stage,3,9091,
hip_vent,0,9076,hip_cutout
haruna_(kancolle),4,9072,haruna_(kantai_collection)
hamakaze_(kancolle),4,9065,hamakaze_(kantai_collection)
garrison_cap,0,9055,pilotka
bikini_skirt,0,9046,
tied_shirt,0,9041,
fang_out,0,9038,
pixiv_request,5,9038,
yellow_neckerchief,0,9019,
bald,0,9000,
crescent_hat_ornament,0,8996,
highleg_bikini,0,8992,
image_sample,5,8988,
mouse_tail,0,8974,rat_tail
tachi-e,0,8970,
thighlet,0,8969,"thigh_ring,upper_leg_bracelet"
hand_on_own_head,0,8968,
nosebleed,0,8967,"bloody_nose,blood_from_nose,nose_bleed"
magic_circle,0,8939,"spell_circle,magic_circles,magical_circles,magical_circle,mahoujin"
curled_horns,0,8929,curled_horn
fate_testarossa,4,8922,"fate_t_harlaown,fate_testarossa_harlaown,/ft"
giant,0,8920,
macross,3,8916,
suzumiya_haruhi,4,8915,"/sh,haruhi_suzumiya"
self_fondle,0,8910,
evil_smile,0,8908,
black_kimono,0,8888,black_yukata
tiger_print,0,8874,tigerprint
purple_headwear,0,8872,
red_shorts,0,8866,
raglan_sleeves,0,8860,
fishnet_legwear,0,8853,
fishnet_pantyhose,0,8852,
leg_ribbon,0,8848,
condom_wrapper,0,8824,
asymmetrical_clothes,0,8812,"/acl,asymmetrical_clothing"
pantyhose_pull,0,8809,"pantyhose_down,pantyhosepull"
draph,0,8805,doraf
layered_dress,0,8805,
sample_watermark,0,8805,sample
sample,0,8804,
very_short_hair,0,8796,
holding_knife,0,8795,
hoshiguma_yuugi,4,8794,hoshiguma_yugi
princess_carry,0,8789,bridal_carry
hand_on_own_chin,0,8788,"hand_on_chin,hand_to_chin"
striped_background,0,8786,/stripedbg
midriff_peek,0,8770,"stomach_peek,belly_peek"
hair_censor,0,8765,
legwear_under_shorts,0,8759,
deep_skin,0,8751,
after_vaginal,0,8748,
short_kimono,0,8748,
dancing,0,8727,dance
shoulder_blades,0,8725,scapula
graphite_(medium),5,8721,"pencil_(medium),pencil_sketch,graphite"
graphite,0,8720,pencil_sketch
blue_bra,0,8717,
green_bikini,0,8717,"green_bikini_top,green_bikini_bottom"
nero_claudius_(fate),4,8715,"nero_claudius_(fate)_(all),saber_extra"
looking_afar,0,8697,
kicking,0,8675,kick
scared,0,8670,"terrified,dread,afraid,fear"
afraid,0,8669,fear
smile_precure!,3,8665,"smile_pretty_cure!,smile_pretty_cure,glitter_force,smile_precure"
presenting,0,8661,sex_invitation
half_gloves,0,8648,short_gloves
link,4,8642,
layered_sleeves,0,8629,
pokemon_dppt,3,8620,"pokemon_d&p,pokemon_pearl,pokemon_diamond,pokemon_dpp,pokemon_dp,pokemon_diamond_and_pearl"
head_wreath,0,8619,flower_crown
layered_skirt,0,8617,
pikachu,4,8605,
wall,0,8602,
manly,0,8592,gar
tea,0,8580,
torpedo,0,8569,
balloon,0,8565,balloons
kashima_(kancolle),4,8564,kashima_(kantai_collection)
tail_raised,0,8551,"tail_lifted,tail_up,raised_tail"
over_shoulder,0,8547,
yellow_jacket,0,8546,
crop_top_overhang,0,8526,
nier_automata,3,8525,
nakano_azusa,4,8523,
o-ring_top,0,8508,"o_ring_top,o-ring_bikini_top"
one_knee,0,8508,
kneeling_on_one_leg,0,8507,
male_underwear,0,8504,underwear_(male)
open_kimono,0,8500,open_yukata
mechanical_arms,0,8499,"robot_arms,robotic_arms"
pigeon-toed,0,8495,"pigeon_toed,pigeon_toes,intoed"
mother_and_daughter,0,8494,
w,0,8476,
used_condom,0,8475,
disposable_cup,0,8472,"plastic_cup,soda_cup,paper_cup"
hat_feather,0,8471,"feathered_hat,feather_in_hat,feather_hat_ornament"
paintbrush,0,8468,paint_brush
yellow_dress,0,8456,
tohsaka_rin,4,8442,toosaka_rin
kagiyama_hina,4,8437,
mermaid,0,8435,
open_hand,0,8435,
shanghai_doll,4,8432,
nagato_yuki,4,8431,"/ny,yuki.n"
green_skin,0,8429,
shoulder_cutout,0,8429,
backless_dress,0,8422,"open-back_dress,open_back_dress"
o-ring_bikini,0,8421,"o_ring_bikini,ring_bikini"
leather,0,8407,
gap_(touhou),0,8404,
reference_sheet,0,8392,"settei,design_sheet,character_sheet"
greaves,0,8379,
lace-trimmed_bra,0,8349,lace_trimmed_bra
public_indecency,0,8342,"public_sex,public"
public,0,8341,
in_container,0,8321,person_in_a_container
animal_on_head,0,8319,
shimenawa,0,8298,braided_rice_rope
company_name,0,8270,
naked_towel,0,8254,"nude_towel,towel_wrap"
ooarai_school_uniform,0,8254,
sound_effects,0,8254,"sfx,onomatopoeia"
bare_pectorals,0,8252,"pectorals_out_of_clothes,bare_pecs"
futa_with_female,0,8251,"female_on_futa,futa_on_female"
photo_(object),0,8239,"photograph_(object),pictures,picture"
lineart,0,8226,line_art
yellow_skirt,0,8226,
sunlight,0,8222,sunshine
god_rays,0,8220,
colorized,5,8207,
squiggle,0,8206,
glowing_eye,0,8203,
field,0,8201,
limited_palette,0,8197,restricted_palette
bandaged_leg,0,8193,
symmetrical_docking,0,8192,"/sd,breast_to_breast"
out-of-frame_censoring,0,8189,"cropped_censoring,out_of_frame_censoring"
watercolor_(medium),5,8179,"watercolour,watercolor"
maple_leaf,0,8176,maple_leaves
nishizumi_miho,4,8173,
star_earrings,0,8173,star_earring
gawr_gura,4,8170,
bamboo,0,8162,
holding_microphone,0,8159,
mmf_threesome,0,8159,fmm_threesome
wriggle_nightbug,4,8158,
rem_(re:zero),4,8152,
tokyo_afterschool_summoners,3,8148,"tokyo_houkago_summoners,housamo"
building,0,8134,buildings
multiple_persona,0,8128,"quintuple_persona,quadruple_persona,triple_persona"
leg_grab,0,8127,grabbing_leg
holding_polearm,0,8120,"holding_trident,holding_halberd,holding_lance,holding_spear,holding_naginata"
gameplay_mechanics,0,8111,
imminent_kiss,0,8105,"incipient_kiss,almost_kiss"
houshou_marine,4,8079,
bedroom,0,8071,
daiyousei,4,8071,
tsukihime,3,8061,shingetsutan_tsukihime
breast_sucking,0,8059,"sucking_nipples,sucking_breasts,nipple_sucking,nipple_suck,breast_suck"
tracen_school_uniform,0,8051,
hirasawa_yui,4,8042,
polka_dot_bow,0,8039,
huge_ass,0,8038,"thick_ass,big_ass,big_butt"
ryuujou_(kancolle),4,8030,ryuujou_(kantai_collection)
thumbs_up,0,8030,
red_leotard,0,8017,
clothes_around_waist,0,8014,
sleeveless_turtleneck,0,7998,
on_couch,0,7980,on_sofa
raiden_shogun,4,7970,"raiden_(genshin_impact),raiden_shogun_(genshin_impact),baal_(genshin_impact)"
arm_cannon,0,7962,"mega_buster,x_buster,zero_buster,z_buster"
halftone,0,7942,halftone_texture
grey_pants,0,7940,gray_pants
naked_apron,0,7937,"nude_apron,hadaka_apron,nakedapron"
bound_arms,0,7922,"arms_tied,tied_arms,arms_bound"
kyubey,4,7919,"kyuubey,kyuubee"
imminent_penetration,0,7910,"imminent_insertion,imminent_sex"
senki_zesshou_symphogear,3,7910,senki_zesshou_symphogear_xv
body_fur,0,7899,
peeing,0,7892,"urination,pissing,oshikko,watersports"
shiki_eiki,4,7886,"/syx,sikieiki_yamaxanadu,shikieiki_yamaxanadu"
pee,0,7862,"piss,urine"
singing,0,7860,sing
green_nails,0,7859,green_fingernails
shoulder_tattoo,0,7855,
explosion,0,7853,
checkered_floor,0,7849,
shackles,0,7844,"manacles,shackle"
onozuka_komachi,4,7843,
undercut,0,7821,
double_penetration,0,7808,"dp,/dp,doublepenetration"
pencil,0,7800,
under_covers,0,7798,"under_blanket,in_bed"
tile_floor,0,7794,floor_tiles
hair_over_breasts,0,7790,hair_on_breasts
bra_lift,0,7783,bralift
slingshot_swimsuit,0,7770,"sling_swimsuit,sling_bikini,slingbikini"
suzuya_(kancolle),4,7770,suzuya_(kantai_collection)
brown_pants,0,7769,
sling_bikini,0,7769,"sling_swimsuit,slingbikini"
idol,0,7764,
fate/kaleid_liner_prisma_illya,3,7760,
ruins,0,7760,ruin
cross_necklace,0,7749,
bang_dream!,3,7748,bandori
cowbell,0,7737,cow_bell
strap,0,7731,straps
striped_dress,0,7721,
plaid_vest,0,7720,
raccoon_tail,0,7710,tanuki_tail
iron_cross,0,7698,
print_shirt,0,7693,"print_blouse,graphic_shirt"
vines,0,7692,vine
head_fins,0,7676,"ear_fins,fin_ears,fish_ears,headfins"
blue_hairband,0,7674,
leggings,0,7665,
mushroom,0,7654,mushrooms
purple_legwear,0,7651,
tank,0,7649,"main_battle_tank,tanks"
purple_thighhighs,0,7646,
^o^,0,7644,
dark_persona,0,7640,
artist_self-insert,0,7639,artist_self_insert
skirt_pull,0,7627,
house,0,7626,houses
white_cape,0,7622,
pubic_tattoo,0,7617,"womb_tattoo,crotch_tattoo,womb_tattoo"
stitches,0,7615,
vampire_(game),3,7610,
mega_man_(series),3,7606,rockman
purple_footwear,0,7600,
black_cat,0,7585,black_cat_(animal)
namesake,0,7575,
fox_mask,0,7565,kitsune_mask
super_smash_bros.,3,7561,"smash_bros,super_smash_bros._ultimate,super_smash_brothers_melee,super_smash_brothers_brawl,super_smash_bros_melee,super_smash_bros_brawl,super_smash_bros._melee,super_smash_bros._brawl,/ssbb,/ssbm,/ssb,super_smash_brothers,super_smash_bros"
removing_eyewear,0,7558,"removing_sunglasses,removing_glasses"
annoyed,0,7556,irritated
spoken_exclamation_mark,0,7553,spoken_!
spiked_bracelet,0,7541,spiked_bracelets
genderswap_(ftm),0,7538,
holding_hair,0,7528,
third-party_source,5,7528,
vaginal_object_insertion,0,7521,"vaginal_object_push,vaginal_insertion"
face-to-face,0,7513,face_to_face
long_sideburns,0,7505,
black_hoodie,0,7498,
chainsaw_man,3,7489,
3koma,0,7482,
usami_renko,4,7481,
platform_footwear,0,7478,
huge_weapon,0,7470,"large_bow_(weapon),oversized_weapon,huge_gun,huge_sword,bfg"
television,0,7469,"television_screen,tv"
patreon_reward,5,7465,
arm_under_breasts,0,7464,
yukkuri_shiteitte_ne,0,7447,"take_it_easy,yukkuri"
bathroom,0,7442,
single_eye,0,7440,
bikini_armor,0,7437,
sad,0,7437,sadness
hachimaki,0,7436,
tilted_headwear,0,7433,tilted_hat
bikini_pull,0,7431,bikini_down
takamachi_nanoha,4,7431,/tn
trigger_discipline,0,7431,
shoulder_pads,0,7429,"shoulderpads,shoulder_pad"
asymmetrical_docking,0,7423,
beige_background,0,7421,
sakazuki,0,7416,sake_dish
donut,0,7407,"doughnut,donuts,doughnuts"
babydoll,0,7383,
ringed_eyes,0,7380,
french_kiss,0,7370,tongue_kiss
pants_pull,0,7359,pants_down
sandwiched,0,7343,
inactive_account,5,7337,
illyasviel_von_einzbern,4,7332,ilya
cutoffs,0,7319,
duel_monster,0,7315,
hand_on_own_knee,0,7302,hand_on_knee
invisible_chair,0,7290,sitting_in_midair
pokemon_bw2,3,7277,"pokemon_b2&w2,pokemon_b2w2,pokemon_b&w2,pokemon_black_2_and_white_2,pokemon_white_2,pokemon_black_2"
headphones_around_neck,0,7276,
tifa_lockhart,4,7272,tifa_lockheart
0_0,0,7271,
saki,3,7267,
fundoshi,0,7264,
hand_on_own_thigh,0,7256,
scar_on_cheek,0,7248,cheek_scar
narrow_waist,0,7243,"slim_waist,thin_waist,slender_waist"
inkling,0,7238,
camouflage,0,7233,"camouflage_print,camo"
tiptoes,0,7233,"tip_toe,tip-toe,tip_toes,tip-toes,tiptoe"
houshou_(kancolle),4,7222,houshou_(kantai_collection)
old,0,7214,
white_capelet,0,7210,
sweater_dress,0,7207,sweaterdress
bread,0,7205,
persona_5,3,7205,
imaizumi_kagerou,4,7203,
id_card,0,7199,
monster_hunter_(series),3,7191,monster_hunter
white_rose,0,7179,
necktie_between_breasts,0,7170,
cunnilingus,0,7168,"cunillingus,cunnillingus,cunilingus,pussy_lick"
ayanami_rei,4,7163,
m_legs,0,7153,
maribel_hearn,4,7153,maribel_han
holding_animal,0,7148,holding_bat_(animal)
starry_background,0,7147,
orange_skirt,0,7144,
shorts_under_skirt,0,7140,"bike_shorts_under_skirt,skirt_over_shorts"
tinted_eyewear,0,7139,colored_lenses
dragon_ball_z,3,7126,"/dbz,dragonball_z"
kamen_rider,3,7108,
partially_unbuttoned,0,7108,
striped_necktie,0,7102,striped_tie
headphones,0,7095,headphone
futon,0,7095,
splashing,0,7092,splash
two-tone_dress,0,7092,
white_eyes,0,7092,
x-ray,0,7092,"x_ray,xray"
tiger_&_bunny,3,7083,"tiger&bunny,tiger_and_bunny"
checkered_background,0,7079,"/ckbg,/checkbg,/checkeredbg"
white_choker,0,7075,
dripping,0,7073,
grey_footwear,0,7069,
star_hat_ornament,0,7069,
ore_no_imouto_ga_konna_ni_kawaii_wake_ga_nai,3,7054,"oreimo,my_little_sister_can't_be_this_cute,/oreimo,ore_no_imouto_ga_konnani_kawaii_wake_ga_nai"
wide_shot,0,7050,
big_hair,0,7046,
sliding_doors,0,7042,sliding_door
wardrobe_malfunction,0,7035,/wm
covered_eyes,0,7021,eyes_covered
anchor_hair_ornament,0,7019,
voice_actor_connection,0,7019,"seiyuu_connection,seiyuu_joke"
bobby_socks,0,7015,
foot_out_of_frame,0,7014,
arm_garter,0,7012,
leaf_on_head,0,7012,
holding_another's_wrist,0,7011,"wrist_grab,grabbing_another's_wrist"
cow_girl,0,7006,"ox_girl,cowgirl"
two_tails,0,6992,
smoking_pipe,0,6990,"pipe_(smoking),pipe"
tainaka_ritsu,4,6990,
;o,0,6988,
bad_source,5,6985,
animal_focus,0,6984,
split,0,6983,splits
yuudachi_kai_ni_(kancolle),4,6983,
body_writing,0,6981,"text_on_body,writing_on_body"
danganronpa:_trigger_happy_havoc,3,6981,danganronpa_1
grey_skin,0,6981,gray_skin
brick_wall,0,6978,
broom_riding,0,6974,"sitting_on_broom,riding_broom,broomriding"
matoi_ryuuko,4,6950,
constricted_pupils,0,6948,"contracted_pupils,shrunk_pupils,shrunk_eyes"
untied_bikini,0,6948,open_bikini
shigure_kai_ni_(kancolle),4,6940,
no_pupils,0,6939,
handcuffs,0,6936,handcuff
on_ground,0,6925,sitting_on_ground
navel_piercing,0,6923,"navel_ring,bellybutton_piercing"
aqua_nails,0,6918,aqua_fingernails
fur-trimmed_sleeves,0,6909,
leaf_hair_ornament,0,6902,hair_leaf
soaking_feet,0,6894,
purple_kimono,0,6892,purple_yukata
frilled_panties,0,6888,
breast_rest,0,6884,
facial_tattoo,0,6880,"face_tattoo,facial_tattoos"
foreskin,0,6879,uncircumcised
frilled_bow,0,6873,
cross-section,0,6872,"cross_section,crossection,crosssection"
bonnet,0,6871,
yin_yang,0,6867,"ying-yang,yin-yang,ying_yang,yinyang"
disembodied_limb,0,6862,
holding_gift,0,6861,holding_present
holding_fruit,0,6856,"holding_watermelon,holding_orange,holding_lemon,holding_grape,holding_cherry,holding_strawberry,holding_peach,holding_apple"
lumine_(genshin_impact),4,6856,"ying_(genshin_impact),hotaru_(genshin_impact),female_traveler_(genshin_impact)"
object_on_head,0,6855,
pink_theme,0,6848,
pink_rose,0,6835,
cookie,0,6834,cookies
tiger_tail,0,6819,
orange_shirt,0,6810,orange_blouse
handheld_game_console,0,6807,handheld
white_fur,0,6803,
blue_neckwear,0,6799,
spiked_collar,0,6798,spike_collar
blue_bowtie,0,6797,
spike_collar,0,6797,
blue_neckerchief,0,6796,
blue_necktie,0,6795,
rolling_eyes,0,6782,"rolled_eyes,rolleyes,eye_roll"
eye_roll,0,6781,"rolled_eyes,rolleyes"
standing_sex,0,6781,
persona_3,3,6766,
serval_(kemono_friends),4,6760,
ffm_threesome,0,6752,mff_threesome
murakumo_(kancolle),4,6734,murakumo_(kantai_collection)
nishikino_maki,4,6731,
forehead_jewel,0,6728,forehead_gem
watermelon,0,6723,watermelons
producer_(idolmaster),4,6717,
arm_guards,0,6716,"armguards,arm_guard"
single_shoe,0,6713,one_shoe
fireworks,0,6710,firework
sonoda_umi,4,6690,
purple_theme,0,6685,
multiple_others,0,6682,
folded,0,6681,
bridge,0,6679,
rimless_eyewear,0,6678,rimless_glasses
partially_colored,0,6664,partially_monochrome
sheet_grab,0,6664,grabbing_sheet
rice,0,6650,gohan
sailor_senshi_uniform,0,6649,
chalkboard,0,6648,blackboard
yellow_necktie,0,6647,gold_necktie
syringe,0,6641,
afterimage,0,6632,
gyaru,0,6626,
badge,0,6624,badges
northern_ocean_princess,4,6619,northern_ocean_hime
interspecies,0,6613,
heart_brooch,0,6611,
green_panties,0,6606,
armpit_crease,0,6605,
bakemonogatari,3,6604,
sitting_on_lap,0,6603,"sitting_in_lap,lap_sitting"
sitting_in_lap,0,6601,
neck_ring,0,6594,
symbol_in_eye,0,6592,
amatsukaze_(kancolle),4,6589,amatsukaze_(kantai_collection)
anniversary,0,6576,
high_school_dxd,3,6576,highschool_dxd
print_bikini,0,6573,
ushio_(kancolle),4,6562,ushio_(kantai_collection)
bleach,3,6559,
water_bottle,0,6558,
toned_male,0,6555,
purple_skin,0,6554,
implied_sex,0,6546,
shibuya_rin,4,6546,
stool,0,6541,
monitor,0,6535,"computer_screen,computer_monitor"
fat,0,6532,overweight
east_asian_architecture,0,6522,"chinese_architecture,japanese_architecture"
short_over_long_sleeves,0,6514,"long_sleeves_under_short_sleeves,short_sleeves_over_long_sleeves,/sols,long_under_short_sleeves"
content_rating,0,6504,"age_rating,rating"
sake,0,6496,
soles,0,6496,sole
ripples,0,6492,ripple
submachine_gun,0,6491,smg
inazuma_eleven_go,3,6484,
oversized_clothes,0,6482,"clothes_too_big,oversized_clothing,floppy_sleeves"
lion_ears,0,6475,
beer,0,6469,
:/,0,6453,:\
red_theme,0,6452,
rainbow,0,6451,rainbows
hammer,0,6447,
hooded_cloak,0,6446,
brothers,0,6442,
atago_(kancolle),4,6440,atago_(kantai_collection)
bishounen,0,6436,"bishi,bishounens,bishonen"
heart_earrings,0,6434,heart_earring
egg,0,6429,eggs
red_horns,0,6428,
skirt_removed,0,6428,
eggs,0,6428,
dappled_sunlight,0,6426,"komorebi,sunlight_through_trees"
red_skin,0,6424,
chibi_inset,0,6422,
torn_shirt,0,6415,"ripped_shirt,torn_blouse"
giantess,0,6411,
d:,0,6405,
pointing_at_viewer,0,6392,pov_pointing
official_style,0,6388,
fucked_silly,0,6381,
yukikaze_(kancolle),4,6380,yukikaze_(kantai_collection)
jaggy_lines,0,6374,jaggy_line
yuru_yuri,3,6360,
kaku_seiga,4,6356,
red_pants,0,6354,
pixiv_fantasia,3,6349,
mini_top_hat,0,6348,"tiny_top_hat,mini_tophat"
sniper_rifle,0,6348,
lowleg_panties,0,6343,"low-rise_panties,low_leg_panties,low-leg_panties"
feeding,0,6338,
shoukaku_(kancolle),4,6337,shoukaku_(kantai_collection)
brown_sweater,0,6320,
fringe_trim,0,6315,fringe
multicolored_background,0,6315,
bunny_hair_ornament,0,6309,
hu_tao_(genshin_impact),4,6308,hu_tao
skin-covered_horns,0,6307,
frilled_bra,0,6303,
planet,0,6303,planets
murasa_minamitsu,4,6295,
yazawa_nico,4,6287,
hard_translated,5,6282,
sepia,0,6277,
print_panties,0,6263,
spy_x_family,3,6262,
licking_penis,0,6257,penis_licking
princess_zelda,4,6257,zelda
erection_under_clothes,0,6256,covered_erection
error,0,6254,
chess_piece,0,6253,
blue_choker,0,6250,
white_bodysuit,0,6241,white_bikesuit
fur-trimmed_coat,0,6218,
ayase_eli,4,6214,ayase_eri
brown_coat,0,6209,
motorcycle,0,6209,motorbike
kafuu_chino,4,6202,
bikini_bottom_only,0,6201,bikini_bottom
bikini_bottom,0,6200,
undershirt,0,6192,
off-shoulder_sweater,0,6190,
micro_shorts,0,6189,
grey_shorts,0,6187,gray_shorts
torogao,0,6187,
jiangshi,0,6186,"chinese_vampire,kyonshii,geung_si"
to_heart_2,3,6182,"/th2,toheart2"
fur-trimmed_gloves,0,6173,
inkling_girl,4,6170,
3:,0,6168,
straight-on,0,6165,head-on
body_blush,0,6159,
front_ponytail,0,6158,
white_tank_top,0,6158,
playing_instrument,0,6153,
police,0,6149,"police_officer,cop"
christmas_tree,0,6139,
chaldea_uniform,0,6137,
cushion,0,6137,
yellow_bowtie,0,6134,
senran_kagura,3,6130,senran_kagura_(series)
zhongli_(genshin_impact),4,6128,shouri_(genshin_impact)
grey_legwear,0,6127,
tamamo_no_mae_(fate/extra),4,6122,
ears_through_headwear,0,6121,
power_lines,0,6102,power_line
ribs,0,6098,ribcage
holding_stuffed_toy,0,6095,"holding_teddy_bear,holding_plush,holding_stuffed_animal"
otonokizaka_school_uniform,0,6085,
cyborg,0,6079,cyborgs
panties_removed,0,6071,
\m/,0,6071,ily_hand_sign
pinky_out,0,6067,"extended_pinky,raised_pinky"
perspective,0,6054,
faulds,0,6052,
race_queen,0,6051,racequeen
coin,0,6048,coins
nagae_iku,4,6043,
yamato_(kancolle),4,6033,yamato_(kantai_collection)
holding_plate,0,6032,
lamppost,0,6028,"lamp_post,lamp-post,street_lights,street_light,streetlights,streetlamp,streetlight,street_lamp"
game_controller,0,6024,gamepad
joseph_joestar_(young),4,6024,
girl_sandwich,0,6019,
sleepy,0,6008,tired_(drowsy)
long_coat,0,5995,longcoat
scissors,0,5991,scissor
horse,0,5987,horses
uwabaki,0,5987,indoor_shoes_(japanese)
sound,5,5980,"audio,has_audio,flash_with_sound,video_with_sound"
bride,0,5975,
seductive_smile,0,5968,
reverse_cowgirl_position,0,5964,reverse_cowgirl
reverse_cowgirl,0,5963,
bear_ears,0,5956,
chest_hair,0,5948,hairy_chest
birthday,0,5947,
reclining,0,5945,recline
recline,0,5944,
taut_shirt,0,5943,taut_blouse
punching,0,5939,punch
bead_bracelet,0,5936,
dirty,0,5936,
akebono_(kancolle),4,5933,akebono_(kantai_collection)
tail_wagging,0,5931,"wagging_tail,tail_wag,wagging"
latex,0,5927,
clothed_male_nude_female,0,5920,"nfcm,/nfcm,nude_female_clothed_male,clothed_male_naked_female,cmnf,/cmnf"
dawn_(pokemon),4,5915,"platinum_berlitz,hikari_(pokemon),platina_berlitz,platina_(pokemon),platinum_(pokemon)"
fishnet_thighhighs,0,5914,
platinum_blonde_hair,0,5911,
shouting,0,5911,"yelling,shout"
broken,0,5909,
the_legend_of_zelda:_breath_of_the_wild,3,5908,breath_of_the_wild
kariginu,0,5907,
pokemon_xy,3,5907,"pokemon_x_and_y,pokemon_x&y,pokemon_y,pokemon_x"
on_chair,0,5896,
heads_together,0,5894,"head-to-head,head_to_head"
shirt_pull,0,5894,
green_theme,0,5893,
white_belt,0,5875,
kujo_jotaro,4,5874,kuujou_joutarou
kitakami_(kancolle),4,5873,kitakami_(kantai_collection)
pink_legwear,0,5871,
pink_thighhighs,0,5866,
nervous,0,5862,
multi-strapped_bikini,0,5859,
hata_no_kokoro,4,5855,
frilled_hairband,0,5847,
bead_necklace,0,5843,
white_bowtie,0,5842,
eighth_note,0,5840,quaver
huge_ahoge,0,5837,
holding_bouquet,0,5833,
manjuu_(azur_lane),4,5833,
leaning_to_the_side,0,5825,
light_frown,0,5824,
animalization,0,5823,animalisation
loose_socks,0,5823,baggy_socks
looping_animation,5,5821,
male_swimwear,0,5818,swimwear_(male)
brown_shorts,0,5816,
pervert,0,5810,
take_your_pick,0,5808,
gilgamesh_(fate),4,5802,gilgamesh
saucer,0,5797,
blank_eyes,0,5793,
cum_string,0,5791,"cum_trail,cumstring"
holding_instrument,0,5791,"holding_violin,holding_guitar"
blue_sweater,0,5790,
summer_uniform,0,5788,
bruise,0,5787,"bruised,bruises"
nekomata,0,5782,
pointy_hair,0,5782,
marvel,3,5773,marvel_cinematic_universe
playing_card,0,5771,playing_cards
warship_girls_r,3,5771,"zhan_jian_shao_nyu,warship_girls"
trait_connection,0,5769,
hair_slicked_back,0,5755,slicked_back_hair
harness,0,5755,
unfinished,5,5753,"wip,work_in_progress"
torso_grab,0,5751,"waist_grab,hip_grab"
jester_cap,0,5750,jester_hat
fat_mons,0,5747,mons_pubis
aikatsu!_(series),3,5743,
blue_cape,0,5742,
fish_tail,0,5737,tail_fin
ibaraki_kasen,4,5729,ibara_kasen
oversized_object,0,5714,
ball_gag,0,5712,ballgag
blue_legwear,0,5707,
mahou_shoujo_lyrical_nanoha_a's,3,5706,"mahou_shoujo_lyirical_nanoha_a's,/mslna,mahoushoujolyricalnanohaas"
white_hoodie,0,5706,
shirakami_fubuki,4,5705,
blue_thighhighs,0,5702,
rensouhou-chan,4,5696,
skeleton,0,5692,
striped_bowtie,0,5690,
old_man,0,5683,
black_neckwear,0,5679,
black_bowtie,0,5678,
black_neckerchief,0,5677,
black_necktie,0,5676,
planted,0,5675,planted_weapon
xd,0,5662,
matou_sakura,4,5660,
grey_sweater,0,5658,gray_sweater
hair_pulled_back,0,5650,
assertive_female,0,5645,assertive
cooking,0,5639,
horn_ribbon,0,5637,horn_ribbons
lap_pillow,0,5636,"hizamakura,head_on_lap,head_in_lap,lappillow"
bad_deviantart_id,5,5634,
beach_umbrella,0,5634,
grey_gloves,0,5621,gray_gloves
tentacle_sex,0,5620,
spoken_musical_note,0,5613,spoken_note
doll_joints,0,5609,"ball_joints,dolljoints"
kumoi_ichirin,4,5609,
lillie_(pokemon),4,5609,
megumin,4,5608,
poolside,0,5607,
splatoon_1,3,5604,
suggestive_fluid,0,5602,ambiguous_white_liquid
merry_christmas,0,5600,merry_xmas
bubble_skirt,0,5598,puffy_skirt
last_origin,3,5596,
aqua_background,0,5594,"cyan_background,/aquabg"
green_shorts,0,5593,
red_coat,0,5589,
kurodani_yamame,4,5587,
multicolored_dress,0,5584,
nightgown,0,5584,"nighty,night_dress,night_gown,nightie,nightdress"
burger,0,5581,"hamburger,cheeseburger"
pregnant,0,5579,
bandaid_on_leg,0,5576,
waist_cape,0,5576,
brown_cardigan,0,5572,
shuten_douji_(fate),4,5570,shuten_douji_(fate/grand_order)
bra_pull,0,5569,bra_down
mouse,0,5568,
animal_hat,0,5563,
kasodani_kyouko,4,5562,
no_eyes,0,5561,
green_kimono,0,5559,green_yukata
green_footwear,0,5547,
furrification,0,5546,
purple_bowtie,0,5532,
speed_lines,0,5530,
white_collar,0,5528,
kotatsu,0,5526,
macross_frontier,3,5524,macross_f
yawning,0,5519,yawn
novel_illustration,5,5511,
twisted_torso,0,5508,
clipboard,0,5503,
holding_bow_(weapon),0,5502,
prinz_eugen_(kancolle),4,5497,prinz_eugen_(kantai_collection)
pink_bowtie,0,5496,
whip,0,5495,whips
mechanical_halo,0,5492,
purple_bra,0,5492,
expressions,0,5488,facial_expressions
pectoral_cleavage,0,5483,"male_cleavage,cleavage_(male)"
black_vest,0,5479,
wine,0,5476,
atelier_(series),3,5474,
holding_chopsticks,0,5469,
skull_hair_ornament,0,5463,
cum_on_ass,0,5461,semen_on_ass
loincloth,0,5459,loin_cloth
miyako_yoshika,4,5459,
pillar,0,5440,pillars
plaid_scarf,0,5440,
cow_tail,0,5438,ox_tail
damaged,0,5437,damage
weapon_over_shoulder,0,5434,
paper_fan,0,5433,
female_orgasm,0,5426,
love_live!_nijigasaki_high_school_idol_club,3,5425,perfect_dream_project
playing_games,0,5424,"playing_video_games,playing_game,gaming,girls_playing_games"
shelf,0,5417,shelves
polka_dot_panties,0,5416,polka-dot_panties
real_life,3,5415,
ooyodo_(kancolle),4,5407,"ooyodo_(kantai_collection),ninmu_musume"
standing_split,0,5406,
helltaker,3,5402,
stand_(jojo),0,5402,
braided_bun,0,5399,
queen's_blade,3,5393,queens_blade
superhero,0,5380,
gundam_00,3,5378,gundam00
astolfo_(fate),4,5377,"astolfo,rider_of_black"
river,0,5376,
cardboard_box,0,5368,danbooru
time_paradox,0,5360,
mona_(genshin_impact),4,5354,mona_megistus
ear_blush,0,5351,
biceps,0,5346,
axis_powers_hetalia,3,5344,"hetalia_axis_powers,hetaria,hetalia"
dead_or_alive,3,5344,"doax,doa"
grapes,0,5344,grape
castle,0,5343,
sweating_profusely,0,5343,
street,0,5337,
pink_gloves,0,5327,
elsword,3,5326,
darling_in_the_franxx,3,5324,
baseball_bat,0,5317,bat_(baseball)
hiiragi_kagami,4,5317,
between_fingers,0,5309,
female_pervert,0,5309,
darjeeling_(girls_und_panzer),4,5308,darjeeling
flat_color,0,5308,flat_colors
gigantic_breasts,0,5304,gigantic_breast
red_collar,0,5303,
:|,0,5302,
footjob,0,5299,ashikoki
tatsuta_(kancolle),4,5297,tatsuta_(kantai_collection)
flag_print,0,5295,
aqua_necktie,0,5290,
grey_headwear,0,5290,
black_horns,0,5288,
chun-li,4,5288,"chun_li,chunli"
new_super_mario_bros._u_deluxe,3,5288,
wet_panties,0,5287,"drenched_panties,/wp"
dokidoki!_precure,3,5282,"doki_doki_pretty_cure,doki_doki!_pretty_cure,dokidoki_pretty_cure,dokidoki!_pretty_cure,doki_doki!_precure,doki_doki_precure,dokidoki_precure"
argyle_legwear,0,5281,
pokemon_hgss,3,5280,"pokemon_heartgold_and_soulsilver,pokemon_soulsilver,pokemon_heartgold,pokemon_hg&ss,pokemon_ss,pokemon_hg"
police_uniform,0,5280,
mutsu_(kancolle),4,5277,mutsu_(kantai_collection)
holding_spoon,0,5275,
orb,0,5271,"sphere,orbs"
single_mechanical_arm,0,5268,"mechanical_arm,robotic_arms,robot_arms,robot_arm"
see-through_sleeves,0,5265,transparent_sleeves
grey_thighhighs,0,5259,gray_thighhighs
dark_background,0,5254,/darkbg
female_ejaculation,0,5254,squirting_(sex)
breast_envy,0,5253,
vento_aureo,3,5253,golden_wind
bare_tree,0,5250,dead_tree
super_crown,0,5250,
little_busters!,3,5245,little_busters
laptop,0,5243,
split_mouth,0,5243,disconnected_mouth
shark_tail,0,5242,
unmoving_pattern,0,5220,unmoving_plaid
animal_collar,0,5218,"dog_collar,pet_collar"
dog_collar,0,5217,
waistcoat,0,5216,waist_coat
forehead_protector,0,5215,
bestiality,0,5204,"zoophilia,beastiality"
dressing,0,5203,
sparkling_eyes,0,5203,sparkle_eyes
thighhighs_under_boots,0,5197,
checkered,0,5196,
diamond_(shape),0,5196,"diamonds_(card_suit),rhombus"
asashio_(kancolle),4,5195,asashio_(kantai_collection)
checkerboard,0,5195,checkered
red_sweater,0,5189,
cookie_(touhou),3,5185,
black_blindfold,0,5183,
single_sock,0,5183,one_sock
diagonal_stripes,0,5180,
pink_choker,0,5178,
red_bra,0,5176,
clannad,3,5174,
long_braid,0,5172,
tengu-geta,0,5171,
gridman_universe,3,5165,
penguin,0,5163,penguins
;p,0,5157,
sweater_lift,0,5147,
may_(pokemon),4,5143,"sapphire_birch,odamaki_sapphire,haruka_(pokemon),sapphire_(pokemon)"
lily_(flower),0,5139,lillies
kijin_seija,4,5137,
bookshelf,0,5130,"bookcase,bookshelves"
extra_arms,0,5130,"four_arms,multiple_arms,polymelia"
danmaku,0,5124,
hand_on_own_stomach,0,5116,"hand_on_stomach,hand_on_belly,hand_on_own_belly"
competition_school_swimsuit,0,5113,
tassel_earrings,0,5111,
black_rock_shooter,3,5110,"blackrock_shooter,/brs,black★rock_shooter"
extra_eyes,0,5109,multiple_eyes
metroid,3,5104,
breast_suppress,0,5103,
patreon_logo,0,5101,
hand_on_own_ass,0,5099,hand_on_ass
serval_print,0,5099,
hand_on_ass,0,5098,hands_on_ass
company_connection,0,5096,studio_connection
v-neck,0,5094,v_neck
minami_kotori,4,5084,
dog_tags,0,5081,"dogtag,dog_tag,dogtags"
blue_coat,0,5076,
covering_face,0,5076,hiding_face
bursting_breasts,0,5075,
yellow_footwear,0,5071,
kaban_(kemono_friends),4,5070,kaban
chain-link_fence,0,5068,"chain_link_fence,chainlink_fence"
nishizumi_maho,4,5067,
albino,0,5066,
animal_nose,0,5064,"mouse_nose,rabbit_nose,raccoon_nose,cat_nose,dog_nose,bunny_nose"
costume_switch,0,5064,"outfit_switch,costume_swap,exchanging_clothes"
dango,0,5062,
adjusting_headwear,0,5061,adjusting_hat
multicolored_skin,0,5060,
uterus,0,5059,womb
tail_ribbon,0,5052,
trading_card,0,5052,trading_cards
holding_hat,0,5044,
topknot,0,5044,top_knot
zombie,0,5042,zombies
kinomoto_sakura,4,5038,
monocle,0,5038,
facing_another,0,5036,
byleth_(fire_emblem),4,5033,
charm_(object),0,5032,keychain
hammer_(sunset_beach),1,5027,aenobas
heart_cutout,0,5027,
no_socks,0,5023,
twilight,0,5023,
yandere,0,5023,
keqing_(genshin_impact),4,5016,"keqing,kokusei_(genshin_impact)"
purple_lips,0,5008,"lavender_lipstick,purple_lipstick"
pot,0,5007,
exhibitionism,0,5004,
emiya_shirou,4,5001,
final_fantasy_vii_remake,3,4996,
fur-trimmed_cape,0,4994,
water_gun,0,4994,"squirt_gun,water_pistol,watergun"
hands_on_own_cheeks,0,4989,"hands_on_cheeks,hands_on_cheek,hands_to_cheeks,hands_to_cheek"
bokeh,0,4987,
clothes_removed,0,4987,
rosa_(pokemon),4,4980,"whitley_(pokemon),whi-two_(pokemon),mei_(pokemon),female_protagonist_(pokemon_bw2),female_protagonist_(pokemon_bw2)"
falling_petals,0,4979,"petals_in_wind,flying_petals"
internal_cumshot,0,4978,"semen_in_uterus,internal,cum_in_uterus"
flame,0,4973,
trembling,0,4973,"shivering,shiver,tremble"
wolf,0,4971,
sanpaku,0,4964,
mori_calliope,4,4957,calliope_mori
angel_beats!,3,4955,angel_beats
bad_nicoseiga_id,5,4951,
holding_eyewear,0,4948,"holding_sunglasses,holding_glasses"
fur-trimmed_capelet,0,4944,
meiko,4,4940,
panty_&_stocking_with_garterbelt,3,4939,"panty_and_stocking_with_garterbelt,/psg"
teardrop,0,4938,
armpit_peek,0,4930,
archer_(fate),4,4928,archer
heartcatch_precure!,3,4926,"heartcatch_precure,heartcatch_pretty_cure,heartcatch_pretty_cure!"
shorts_pull,0,4924,shorts_down
c.c.,4,4923,cc
itsumi_erika,4,4923,
dougi,0,4922,"fighting_kimono,gi"
pyra_(xenoblade),4,4915,"homura_(xenoblade_2),pyra_(xenoblade_chronicles_2)"
bismarck_(kancolle),4,4914,bismarck_(kantai_collection)
watercraft,0,4914,
tail_bow,0,4913,
closed_umbrella,0,4909,folded_umbrella
thong_bikini,0,4909,
reaching,0,4907,reach
braided_bangs,0,4905,
megami_magazine,3,4905,megami
traditional_bowtie,0,4904,
blood_splatter,0,4897,blood_spatter
yae_miko,4,4897,yae_(genshin_impact)
autumn,0,4891,fall_(season)
samus_aran,4,4889,samus
aki_minoriko,4,4887,
sendai_(kancolle),4,4886,sendai_(kantai_collection)
moaning,0,4884,moan
infection_monitor_(arknights),0,4880,oripathy_monitor_(arknights)
onigiri,0,4880,"rice_ball,riceball"
mordred_(fate),4,4877,"mordred_(fate)_(all),saber_of_red"
gym_shirt,0,4874,
ooi_(kancolle),4,4872,ooi_(kantai_collection)
military_jacket,0,4871,
hydrangea,0,4866,"hortensia_(flower),hydrangeas"
microphone_stand,0,4856,
fox_shadow_puppet,0,4854,fox_hand_sign
holding_card,0,4849,"holding_playing_card,holding_cards"
anal_beads,0,4842,analbeads
hilda_(pokemon),4,4842,"white_(pokemon),touko_(pokemon),female_protagonist_(pokemon_b&w),female_protagonist_(pokemon_b&w)"
heart_print,0,4834,
open_vest,0,4833,
izumi_konata,4,4828,konata
firing,0,4821,"shooting,gunfire"
dimples_of_venus,0,4818,
cum_on_tongue,0,4815,
hieda_no_akyuu,4,4809,hieda_no_akyu
marnie_(pokemon),4,4805,mary_(pokemon)
thigh_holster,0,4803,
fake_screenshot,0,4802,fakeshot
stomach_bulge,0,4802,
single_bare_shoulder,0,4793,
caesar_anthonio_zeppeli,4,4792,
cowboy_hat,0,4783,
leg_warmers,0,4781,legwarmers
rose_petals,0,4780,
lance,0,4779,
pokemon_legends:_arceus,3,4778,
holding_fork,0,4774,
akashi_(kancolle),4,4773,"akashi_(kantai_collection),item_shop_musume_(kantai_collection)"
flower_knight_girl,3,4772,
convenient_leg,0,4770,
noodles,0,4769,noodle
family,0,4767,
paper_lantern,0,4767,
father_and_daughter,0,4765,
floating_object,0,4765,
phantasy_star,3,4765,
turn_pale,0,4762,pale_face
roswaal_mansion_maid_uniform,0,4760,
solid_circle_eyes,0,4760,•_•
puzzle_&_dragons,3,4759,
jumpsuit,0,4758,coveralls
coveralls,0,4757,
flower_field,0,4756,
bicycle,0,4753,bike
pillow_hat,0,4746,
cross_earrings,0,4743,
unsheathing,0,4735,
colored_tips,0,4731,"frosted_tips,dip-dyed_hair"
robot_joints,0,4727,
amami_haruka,4,4720,
colored_pencil_(medium),5,4719,"pencil_crayon_(medium),coloured_pencil_(medium)"
mind_control,0,4718,brainwashing
train_interior,0,4718,inside_train
amputee,0,4717,missing_limb
fox,0,4712,foxes
anchovy_(girls_und_panzer),4,4706,"anzai_chiyomi,anchovy"
takao_(kancolle),4,4704,takao_(kantai_collection)
sekibanki,4,4700,
skyscraper,0,4698,
multiple_4koma,0,4689,
yellow_hairband,0,4687,
pink_sweater,0,4685,
electric_guitar,0,4684,
musashi_(kancolle),4,4681,musashi_(kantai_collection)
peeking_out,0,4681,"peeking_around_corner,a_master_is_out"
glaring,0,4677,glare
green_gloves,0,4656,
large_bow,0,4655,big_bow
condom_in_mouth,0,4654,
yoko_littner,4,4654,yoko_ritona
full_armor,0,4653,
visor,0,4650,
striped_ribbon,0,4645,
junko_(touhou),4,4640,
leotard_under_clothes,0,4639,
chick,0,4638,"baby_bird,chicks"
old_school_swimsuit,0,4638,
knees_to_chest,0,4636,"knees_on_chest,knees-on-chest"
bone,0,4632,bones
oripathy_lesion_(arknights),0,4631,ore_lesion_(arknights)
pokemon_oras,3,4631,"pokemon_as,pokemon_or,pokemon_or&as,pokemon_alpha_sapphire,pokemon_omega_ruby,pokemon_omega_ruby_and_alpha_sapphire"
disembodied_penis,0,4624,magic_penis
holding_wand,0,4622,
side-by-side,0,4622,side_by_side
gold,0,4617,
split-color_hair,0,4616,split_hair_colors
yor_briar,4,4616,yor_forger
heart_ahoge,0,4613,
sleeveless_jacket,0,4613,
pink_hairband,0,4612,
looking_ahead,0,4610,
double_handjob,0,4608,
chest_tattoo,0,4599,
heart-shaped_box,0,4598,heart_box
purple_leotard,0,4598,
navel_hair,0,4596,happy_trail
single_wing,0,4596,one_wing
waves,0,4595,
nero_claudius_(fate/extra),4,4590,saber_extra
okita_souji_(koha-ace),4,4582,"okita_souji_(koha/ace),sakura_saber"
brown_bow,0,4577,
shiranui_(kancolle),4,4576,shiranui_(kantai_collection)
strap_pull,0,4574,
yellow_nails,0,4573,yellow_fingernails
spring_onion,0,4569,"leek,negi,leek,scallion"
solid_oval_eyes,0,4562,
textless_version,5,4562,textless
elbow_pads,0,4561,elbow_pad
wo-class_aircraft_carrier,4,4549,wo-class_(kantai_collection)
chest_jewel,0,4548,"gem_on_chest,chest_gem"
ladle,0,4547,
plaid_bow,0,4547,
frilled_choker,0,4546,
kitsune,0,4546,
beer_mug,0,4544,
kirby_(series),3,4542,hoshi_no_kirby
pixiv_sample,5,4541,"pixiv_manga_sample,pixiv_thumbnail"
hibike!_euphonium,3,4540,sound!_euphonium
resized,5,4540,
swimsuit_pull,0,4538,
kousaka_honoka,4,4537,
trident,0,4536,
pussy_peek,0,4534,partially_visible_vulva
partially_visible_vulva,0,4533,
weapon_on_back,0,4533,sword_on_back
picture_frame,0,4526,"painting_frame,photo_frame"
red_wings,0,4525,
nanami_chiaki,4,4523,
apex_legends,3,4520,
halter_dress,0,4516,
revolver,0,4510,
d.va_(overwatch),4,4509,"diva_(overwatch),song_hana,hana_song"
blinking,0,4507,blink
haruyama_kazunori,1,4502,haruyama
sazanami_(kancolle),4,4500,sazanami_(kantai_collection)
yellow_sclera,0,4498,
disgaea,3,4496,
gourd,0,4495,
naked_ribbon,0,4486,"nude_ribbon,nakedribbon"
flight_deck,0,4483,
super_robot_wars,3,4482,"/srw,superrobotwars"
medusa_(fate),4,4481,
aether_(genshin_impact),4,4480,"kong_(genshin_impact),sora_(genshin_impact),male_traveler_(genshin_impact)"
asuna_(sao),4,4479,yuuki_asuna
red_bodysuit,0,4478,red_bikesuit
vehicle_focus,0,4474,tank_focus
souryuu_(kancolle),4,4471,souryuu_(kantai_collection)
heart-shaped_chocolate,0,4465,chocolate_heart
impossible_shirt,0,4463,
tsukino_usagi,4,4462,
notebook,0,4461,
blue_hoodie,0,4460,
short_necktie,0,4459,mini_necktie
bra_strap,0,4458,
hooded_coat,0,4451,
mixed_bathing,0,4451,
shushing,0,4451,"silence_gesture,shush,shh"
utility_pole,0,4451,"power_pole,telephone_pole"
shijou_takane,4,4450,
lowleg_bikini,0,4446,low-rise_bikini
arthropod_girl,0,4441,"insect_girl,bug_girl,buggirl"
hiei_(kancolle),4,4441,hiei_(kantai_collection)
whistle,0,4441,
grabbing_another's_hair,0,4440,"hair_pull,pulling_another's_hair"
hair_pull,0,4439,
holding_ball,0,4439,"holding_golf_ball,holding_tennis_ball,holding_bowling_ball"
panty_peek,0,4439,
aiguillette,0,4438,aiguillettes
striped_skirt,0,4436,
>:(,0,4434,
akiyama_yukari,4,4429,
suigintou,4,4424,
samidare_(kancolle),4,4423,samidare_(kantai_collection)
no_mouth,0,4420,
aki_shizuha,4,4418,
popped_collar,0,4418,collar_up
stardust_crusaders,3,4411,
fedora,0,4410,
crazy_eyes,0,4399,
mythra_(xenoblade),4,4398,"hikari_(xenoblade_2),mythra_(xenoblade_chronicles_2)"
ear_covers,0,4397,
senketsu,4,4395,
detached_wings,0,4393,floating_wings
holding_can,0,4393,
lock,0,4393,
amiya_(arknights),4,4391,
yamashiro_(kancolle),4,4388,yamashiro_(kantai_collection)
holding_strap,0,4387,
reverse_trap,0,4380,
grabbing_own_ass,0,4369,
diamond_wa_kudakenai,3,4366,diamond_is_unbreakable
monster_girl_encyclopedia,3,4362,
faceless_female,0,4359,
pinstripe_pattern,0,4355,"pinstripe,pinstripes"
dark_blue_hair,0,4350,
pov_crotch,0,4348,
maebari,0,4345,
garreg_mach_monastery_uniform,0,4341,
single_elbow_glove,0,4338,one_elbow_glove
kisaragi_chihaya,4,4335,
waking_up,0,4335,
fur-trimmed_dress,0,4334,
reverse_grip,0,4326,
gumi,4,4323,
kirishima_(kancolle),4,4322,kirishima_(kantai_collection)
projectile_cum,0,4322,
verniy_(kancolle),4,4320,verniy_(kantai_collection)
heart_pasties,0,4318,
cane,0,4316,walking_stick
slime_(substance),0,4313,"slime,goo"
winter_coat,0,4313,winter_jacket
showgirl_skirt,0,4312,
white_necktie,0,4310,
orange_bikini,0,4307,"orange_bikini_top,orange_bikini_bottom"
gloria_(pokemon),4,4301,"casey_shield,female_protagonist_(pokemon_swsh),yuuri_(pokemon),female_protagonist_(pokemon_swsh)"
watson_amelia,4,4300,amelia_watson
dio_brando,4,4294,
night,0,4293,
throne,0,4290,
ice_cream_cone,0,4288,"ice-cream_cones,ice-cream_cone,icecream_cones,icecream_cone,ice_cream_cones"
letty_whiterock,4,4287,
tower,0,4286,
skinny,0,4278,"slender,thin"
business_suit,0,4272,
amagami,3,4270,amagami_ss
kaguya-sama_wa_kokurasetai_~tensai-tachi_no_renai_zunousen~,3,4270,kaguya-sama:_love_is_war
orange_(fruit),0,4270,"orange_(food),orange,oranges"
orange,0,4269,
kiryuuin_satsuki,4,4260,
waterfall,0,4259,
polka_dot_bikini,0,4256,polka-dot_bikini
battle_tendency,3,4255,
bandaid_on_nose,0,4254,
poking,0,4253,poke
wedgie,0,4252,
squatting_cowgirl_position,0,4250,
bow_hairband,0,4244,hairband_bow
minase_iori,4,4243,
unbuttoned_shirt,0,4243,
digimon,3,4242,
print_skirt,0,4241,
mizuki_hitoshi,1,4238,mizukihitoshi
naruto_shippuuden,3,4238,naruto_shippuden
blue_fire,0,4230,blue_flame
has_bad_revision,5,4229,bad_revision
inazuma_eleven,3,4229,
poster_(object),0,4229,
statue,0,4226,
mordred_(fate/apocrypha),4,4222,"mordred_(second_ascension)_(fate),saber_of_red"
butterfly_wings,0,4221,
aikatsu!,3,4214,aikatsu
baby,0,4213,
monster_boy,0,4208,
crack,0,4203,"cracked,cracks"
dark_elf,0,4203,drow
drow,0,4202,
hoshizora_rin,4,4202,
white_bloomers,0,4198,
crotchless,0,4194,"crotchless_clothes,crotchless_clothing"
bustier,0,4190,
thigh_grab,0,4190,
crowd,0,4189,
medium_skirt,0,4185,
machine_gun,0,4177,"general-purpose_machine_gun,machinegun"
magia_record:_mahou_shoujo_madoka_magica_gaiden,3,4177,magia_record
pearl_necklace,0,4173,
towel_on_head,0,4173,
streaming_tears,0,4172,
bullet,0,4171,bullets
coppelion,3,4166,
cropped,5,4161,
pocket_watch,0,4158,pocketwatch
blood_on_hands,0,4155,"blood_on_fingers,bloody_hands,bloody_fingers"
surgical_mask,0,4153,medical_mask
red_scrunchie,0,4152,
boy_on_top,0,4151,"male_on_top,guy_on_top"
boat,0,4150,
torn_dress,0,4147,ripped_dress
takanashi_kiara,4,4145,
white_scarf,0,4144,
pink_necktie,0,4142,
trench_coat,0,4139,trenchcoat
fate/prototype,3,4131,
iowa_(kancolle),4,4129,iowa_(kantai_collection)
no_pussy,0,4128,"novagina,no_vagina,missing_pussy,missing_vagina"
bear,0,4126,
klee_(genshin_impact),4,4124,
yellow_shorts,0,4124,
red_buruma,0,4120,
kasumi_(kancolle),4,4119,kasumi_(kantai_collection)
blue_bodysuit,0,4118,blue_bikesuit
letter,0,4115,
tomboy,0,4115,
ex-keine,4,4112,"ex_keine,exkeine"
crab,0,4108,crabs
bound_legs,0,4104,
venti_(genshin_impact),4,4101,
open_hands,0,4097,
spread_anus,0,4090,"anus_spreading,anus_spread"
green_pants,0,4088,
vertical-striped_shirt,0,4084,vertical-striped_blouse
oppai_loli,0,4079,
ribbon-trimmed_legwear,0,4078,
animal_on_shoulder,0,4077,
fatal_fury,3,4077,"garou_(game_series),garou,garou_densetsu"
jeanne_d'arc_(ruler)_(fate),4,4075,"jeanne_d'arc_(fate/apocrypha),ruler_(fate/apocrypha)"
bra_visible_through_clothes,0,4073,bra_through_clothes
locked_arms,0,4069,"arm_around_another's_arm,interlocked_arms,arm_lock,arms_linked,linked_arms,arm_in_arm"
toilet,0,4067,
crotch,0,4064,
bodypaint,0,4063,body_paint
snowman,0,4061,
dress_pull,0,4059,
skullgirls,3,4059,
kouji_(campus_life),1,4058,
nekomata_okayu,4,4056,
kitchen,0,4049,
defeat,0,4043,
yellow_theme,0,4043,
toeless_footwear,0,4037,
toeless_boots,0,4035,
imagining,0,4034,"day_dreaming,daydreaming,imagination"
hot,0,4032,
locker,0,4032,lockers
saber_alter,4,4032,"black_saber,dark_saber"
scenery,0,4030,scenic
tile_wall,0,4029,
hecatia_lapislazuli,4,4026,
energy,0,4024,
tsundere,0,4024,
flower_knot,0,4023,
atago_(azur_lane),4,4022,
yuubari_(kancolle),4,4022,yuubari_(kantai_collection)
leg_tattoo,0,4021,thigh_tattoo
cat_cutout,0,4020,
ryouou_school_uniform,0,4020,
oshino_shinobu,4,4018,
hand_on_another's_cheek,0,4017,
orange_bowtie,0,4016,
guilty_gear_xrd,3,4012,
no_legwear,0,4012,
fusion,0,4010,
wine_bottle,0,4010,
imminent_rape,0,4008,about_to_be_raped
milk,0,4008,
splatoon_2,3,4008,
about_to_be_raped,0,4007,
towel_around_neck,0,4006,towel_on_shoulders
argyle_background,0,4003,"diamond_background,/argbg,/argylebg"
idolmaster_1,3,4000,
fat_man,0,3999,
fire_emblem:_the_blazing_blade,3,3999,"fire_emblem:_rekka_no_ken,/fe7,fe7,fire_emblem_rekka_no_ken,fire_emblem_blazing_sword"
frilled_collar,0,3999,
jacket_removed,0,3995,
crescent_pin,0,3991,crescent_moon_pin
kiso_(kancolle),4,3990,kiso_(kantai_collection)
soccer_uniform,0,3990,
shimamura_uzuki,4,3989,
assisted_exposure,0,3986,
pirate_hat,0,3985,
byleth_(fire_emblem)_(female),4,3980,
frilled_pillow,0,3975,
steins;gate,3,3975,steins_gate
gardevoir,4,3972,
yellow_gloves,0,3962,
orange_dress,0,3956,
tiger,0,3956,
bird_tail,0,3955,
two-sided_fabric,0,3951,
yellow_headwear,0,3951,
unsheathed,0,3948,
long_tongue,0,3947,
cat_lingerie,0,3946,cat_keyhole_bra
monster_musume_no_iru_nichijou,3,3944,my_life_with_monstergirl
taihou_(azur_lane),4,3944,
watanabe_you,4,3944,
road_sign,0,3939,"street_sign,traffic_sign,roadsign"
death,0,3935,dead
zero_two_(darling_in_the_franxx),4,3934,code:002
crow,0,3931,raven_(animal)
anal_tail,0,3930,butt_plug_tail
bat_print,0,3930,
sagging_breasts,0,3930,
asahina_mikuru,4,3925,
hatching_(texture),0,3920,
phantasy_star_online_2,3,3919,/pso2
cat_hair_ornament,0,3912,
bikini_aside,0,3909,
library,0,3907,
hand_on_another's_chin,0,3905,finger_to_another's_chin
red_(pokemon),4,3904,
torn_skirt,0,3902,ripped_skirt
resident_evil,3,3900,biohazard
back_cutout,0,3899,"back_opening,heart_back_cutout"
muted_color,0,3899,muted_colors
very_dark_skin,0,3899,ebony
starfish,0,3895,
ash_ketchum,4,3891,"ash_(pokemon),satoshi_(pokemon),ash_(pokemon)"
alien,0,3886,
print_bow,0,3882,
yellow_panties,0,3881,
virgin_killer_sweater,0,3880,
you_gonna_get_raped,0,3877,"rape_eyes,/yggr"
suite_precure,3,3873,suite_pretty_cure
1koma,0,3871,1panel
sleeves_pushed_up,0,3866,
blunt_ends,0,3865,
morrigan_aensland,4,3865,
on_desk,0,3864,sitting_on_desk
fingers_together,0,3862,
teacher,0,3860,sensei
sideways_mouth,0,3859,"cheek_mouth,side_mouth"
long_bangs,0,3858,
nintendo_switch,0,3853,
removing_mask,0,3852,
heart_background,0,3851,/heartbg
mask_off,0,3851,"unmasked,mask_removed"
osomatsu-san,3,3850,
defloration,0,3848,virgin
bikini_tan,0,3847,
virgin,0,3847,"implied_virgin,defloration"
torn_pants,0,3844,ripped_pants
cloud_strife,4,3841,
princess_peach,4,3841,
costume,0,3834,
cropped_shirt,0,3828,
soap_bubbles,0,3827,suds
game_console,0,3825,video_game_console
raised_eyebrows,0,3825,
soul_gem,0,3825,
hiryuu_(kancolle),4,3824,hiryuu_(kantai_collection)
uchiwa,0,3813,
halftone_background,0,3811,"/halftonebg,/htbg"
formidable_(azur_lane),4,3810,
planted_sword,0,3809,"sword_stuck_in_ground,sword_in_ground"
takagaki_kaede,4,3808,
mechanical_wings,0,3806,robot_wings
prinz_eugen_(azur_lane),4,3802,
doctor_(arknights),4,3800,
purple_necktie,0,3797,
school,0,3797,
stick,0,3796,
karyl_(princess_connect!),4,3795,"momochi_kiruya,kyaru_(princess_connect),kyaru_(princess_connect!)"
djeeta_(granblue_fantasy),4,3794,gita_(granblue_fantasy)
shy,0,3794,
texas_(arknights),4,3789,
suitcase,0,3788,
romaji_text,0,3782,"romaji,romanji"
shirasaka_koume,4,3782,
album_cover,0,3775,"disc_cover,cd_cover,album"
bubble_blowing,0,3775,
spoken_blush,0,3769,
colorful,0,3762,
cum_pool,0,3762,"cum_puddle,cumpool"
pink_skin,0,3761,
unaligned_breasts,0,3761,
command_spell,0,3758,
tartaglia_(genshin_impact),4,3758,childe_(genshin_impact)
taking_picture,0,3757,
gradient_eyes,0,3756,
graf_zeppelin_(kancolle),4,3753,graf_zeppelin_(kantai_collection)
ultimate_madoka,4,3748,"madokami,goddess_madoka"
employee_uniform,0,3746,
blue_wings,0,3745,
musical_note_hair_ornament,0,3744,"fortissimo_hair_ornament,bass_clef_hair_ornament,treble_clef_hair_ornament"
skadi_(arknights),4,3744,
holding_shield,0,3741,
mandarin_orange,0,3740,"tangerine,mikan,clementine,mandarin"
armchair,0,3739,
multicolored_jacket,0,3738,
clover,0,3736,
holding_candy,0,3736,
dragon_wings,0,3734,
red_eyeshadow,0,3734,
shirogane_noel,4,3733,
lifebuoy,0,3732,"life_preserver_(ring),lifesaver"
pouring,0,3729,
eromanga_sensei,3,3726,ero_manga_sensei
school_chair,0,3725,
winter_uniform,0,3724,
holding_paper,0,3717,
striped_pantyhose,0,3711,
male_masturbation,0,3708,masturbation_(male)
pointing_up,0,3707,"pointing_skyward,pointing_to_the_sky"
dc_comics,3,3706,"dc_universe_(franchise),dc_extended_universe"
mountainous_horizon,0,3705,
carrot_hair_ornament,0,3704,
v_over_eye,0,3702,
silk,0,3699,
blue_butterfly,0,3694,
feet_up,0,3693,
demon,0,3692,"devil,demons"
floppy_ears,0,3691,
devil,0,3690,
husband_and_wife,0,3690,
kagerou_project,3,3686,
wakasagihime,4,3685,
backboob,0,3682,back_boob
tissue_box,0,3682,tissuebox
blood_on_weapon,0,3681,"bloody_weapon,bloody_sword"
clone,0,3677,clones
power_armor,0,3674,"powered_armour,powered_armor,power_armour"
barcode,0,3669,bar_code
heart_necklace,0,3668,
multicolored_skirt,0,3667,
half-closed_eye,0,3665,one_eye_narrowed
glass,0,3662,
blood_from_mouth,0,3658,"bloody_mouth,mouthbleed"
:>=,0,3651,"vacuum_fellatio,blowjob_face"
black_suit,0,3649,
leather_jacket,0,3648,
little_witch_academia,3,3648,
blue_sleeves,0,3647,
infinite_stratos,3,3646,
off-topic,5,3646,non-anime_related
shark_girl,0,3646,
food_focus,0,3643,drink_focus
lamia,0,3639,"snake_girl,naga-ette,naga"
holding_pen,0,3638,
orange_jacket,0,3638,
thong_leotard,0,3638,
koizumi_hanayo,4,3632,
white_camisole,0,3630,
lake,0,3629,
red_rope,0,3627,
the_pose,0,3627,
multicolored_nails,0,3626,"mismatched_nail_polish,multicolored_fingernails,multicolored_nail_polish"
swimming,0,3626,
fisheye,0,3623,
fur-trimmed_boots,0,3621,fur-lined_boots
see-through_silhouette,0,3620,
black_skin,0,3619,
jar,0,3618,
bandaid_on_knee,0,3616,
medusa_(rider)_(fate),4,3615,rider
komaeda_nagito,4,3609,
kishin_sagume,4,3607,
paizuri_under_clothes,0,3604,
flexible,0,3603,
red_moon,0,3601,blood_moon
blue_buruma,0,3598,
two-tone_skin,0,3598,
puddle,0,3594,
recording,0,3594,filming
button_gap,0,3592,
hoshimachi_suisei,4,3590,"hoshimati_suisei,suisei_channel"
sode,0,3590,
pointing_at_self,0,3584,
bremerton_(azur_lane),4,3582,
cat_hood,0,3579,cathood
inugami_korone,4,3579,
american_flag_legwear,0,3578,
dark_nipples,0,3577,
waist_bow,0,3577,
orange_headwear,0,3575,
mitakihara_school_uniform,0,3574,
holding_own_arm,0,3571,
aiming,0,3570,"pointing_bow_(weapon),pointing_crossbow,pointing_gun"
purple_hairband,0,3569,
backwards_hat,0,3568,"hat_backwards,cap_backwards"
frilled_hat,0,3568,
underboob_cutout,0,3568,
thorns,0,3567,
naka_(kancolle),4,3566,naka_(kantai_collection)
hestia_(danmachi),4,3564,hestia_(dungeon)
kirby,4,3563,
takatsuki_yayoi,4,3560,
ambiguous_gender,0,3556,
osomatsu-kun,3,3555,
sono_bisque_doll_wa_koi_wo_suru,3,3555,"my_dress-up_darling,my_dress_up_darling"
white_ascot,0,3554,white_jabot
no_nipples,0,3552,nippleless
nanamori_school_uniform,0,3550,
earth_(planet),0,3548,earth
novelty_censor,0,3543,
blue_socks,0,3542,blue_kneehighs
demon_slayer_uniform,0,3541,
lanyard,0,3541,
arm_hug,0,3539,hugging_arm
flaccid,0,3535,limp_penis
miyamoto_musashi_(fate),4,3535,miyamoto_musashi_(fate/grand_order)
sakura_miko,4,3534,
shrine,0,3533,jinja
grey_cardigan,0,3532,
pince-nez,0,3532,pince_nez
leaning,0,3530,
dolphin_shorts,0,3529,
robot_ears,0,3528,
belt_collar,0,3527,"belt_choker,neck_belt"
hose,0,3522,water_hose
aerith_gainsborough,4,3520,aeris_gainsborough
holding_cigarette,0,3519,
shop,0,3519,"store,shops"
rice_shower_(umamusume),4,3518,
metal_collar,0,3516,
rei_no_himo,0,3514,
dated_commentary,5,3512,
black_rock_shooter_(character),4,3511,/brsc
fate/hollow_ataraxia,3,3510,/fha
baggy_pants,0,3508,
nude_cover,0,3506,
green_legwear,0,3505,
grey_pantyhose,0,3505,gray_pantyhose
falling_leaves,0,3504,"leaves_in_wind,flying_leaves,blowing_leaves"
digital_media_player,0,3503,
paradis_military_uniform,0,3500,
banana,0,3499,bananas
sleeveless_kimono,0,3495,
purple_bodysuit,0,3494,purple_bikesuit
skirt_suit,0,3491,skirtsuit
spider_lily,0,3488,"red_spider_lily,higanbana"
spread_ass,0,3486,
shide,0,3483,
selene_(pokemon),4,3481,"moon_(pokemon),mizuki_(pokemon)"
paimon_(genshin_impact),4,3478,
film_grain,0,3475,"noise_(visual),grainy"
belfast_(azur_lane),4,3474,
what,0,3474,wtf
magazine_scan,5,3473,
spider_web,0,3472,"web,cobwebs,cobweb,spiderwebs,spiderweb,spider_webs"
bikini_lift,0,3465,
neon_trim,0,3465,
mini_wings,0,3463,"small_wings,tiny_wings"
sirius_(azur_lane),4,3462,
mother_and_son,0,3460,
octopus,0,3460,
pole,0,3460,
super_sonico,4,3458,"soniko,sonico,super_soniko"
aqua_bow,0,3456,
cat_paws,0,3456,cat_gloves
rooftop,0,3456,roof
aran_sweater,0,3455,aran_jumper
eula_(genshin_impact),4,3453,"eula_lawrence,eula"
promotional_art,5,3450,official_ad
horror_(theme),0,3446,"creepy,scary"
framed,0,3438,frame
kunai,0,3434,
arm_around_shoulder,0,3431,
improvised_gag,0,3428,
cu_chulainn_(fate/stay_night),4,3427,lancer
ishtar_(fate),4,3427,"ishtar_(fate)_(all),ishtar_(fate/grand_order)"
jougasaki_mika,4,3424,
fishing_rod,0,3423,fishing_pole
black_flower,0,3422,
seaport_princess,4,3422,seaport_hime
fog,0,3420,mist
yu-gi-oh!_duel_monsters,3,3420,"yugioh_duel_monsters,yuu-gi-ou_duel_monsters"
multiple_wings,0,3418,"6_wings,4_wings,extra_wings"
wizard_hat,0,3418,
imminent_vaginal,0,3416,
rapier,0,3415,
chicken,0,3412,chickens
chuunibyou_demo_koi_ga_shitai!,3,3410,"love_chunibyo_&_other_delusions,love,_chunibyo_&_other_delusions,chuunibyou_demo_koi_ga_shitai,chuu2koi"
strapless_bikini,0,3410,
tani_takeshi,1,3410,
narukami_yuu,4,3409,
mahou_sensei_negima!,3,3407,"mahou_sensei_negima,negima,/msn"
glowing_weapon,0,3405,
print_gloves,0,3404,
lily_white,4,3403,
brand_name_imitation,0,3400,brand_name_parody
painting_(object),0,3398,
kissing_cheek,0,3397,"cheek_kiss,cheek_kiss,kiss_on_cheek"
pompadour,0,3396,
photo_background,0,3394,"anime_in_real_life,/photobg"
red_sailor_collar,0,3394,
holding_broom,0,3392,
;q,0,3387,
yellow_sweater,0,3386,
cage,0,3384,
zouri,0,3384,
ikari_shinji,4,3381,
pokemon_frlg,3,3381,"pokemon_firered_and_leafgreen,pokemon_leafgreen,pokemon_firered,pokemon_fr&lg,pokemon_lg,pokemon_fr"
kiryu_coco,4,3380,kiryuu_coco
macaron,0,3380,
asuna_(blue_archive),4,3373,ichinose_asuna
interface_headset,0,3372,
brown_fur,0,3371,
purple_rose,0,3370,
trefoil,0,3370,
fire_emblem:_mystery_of_the_emblem,3,3369,"fire_emblem:_monshou_no_nazo,/fe3,fe3,fire_emblem_monshou_no_nazo,fire_emblem_mystery_of_the_emblem"
fur_hat,0,3369,
laevatein_(touhou),0,3369,laevatein
naked_sweater,0,3367,
steel_ball_run,3,3365,
wrench,0,3364,spanner
adjusting_swimsuit,0,3359,
hair_tucking,0,3359,
food_print,0,3357,
toe_scrunch,0,3356,"clenched_toes,toe_curl,curled_toes,toe-scrunch"
cat_boy,0,3355,catboy
needle,0,3354,needles
folding_fan,0,3353,
fairy_(kancolle),4,3351,fairy_(kantai_collection)
remote_control,0,3351,"remote_controller,remote"
slave,0,3350,
v-fin,0,3348,
date_a_live,3,3345,
energy_sword,0,3345,"beam_sword,beam_saber,light_sword"
leaning_on_person,0,3341,leaning_on_another
violin,0,3340,
demon_boy,0,3338,incubus
hands_in_hair,0,3338,
incubus,0,3337,
green_sailor_collar,0,3334,
open_door,0,3334,
american_flag,0,3333,
steepled_fingers,0,3332,
tsushima_yoshiko,4,3329,
paint.net_(medium),5,3324,
butt_plug,0,3322,"anal_plug,buttplug"
too_many,0,3321,
opaque_glasses,0,3320,
perky_breasts,0,3320,
swimsuit_aside,0,3320,
afloat,0,3318,floating_in_water
blue_hakama,0,3315,
collared_jacket,0,3315,
idolmaster_million_live!_theater_days,3,3310,
lower_teeth,0,3310,
sheep,0,3309,
hololive_indonesia,3,3308,
lightning_bolt_symbol,0,3308,"electricity_symbol,lightning_bolt,denpa,lightning_bolts"
single_sleeve,0,3308,one_sleeve
zuihou_(kancolle),4,3308,zuihou_(kantai_collection)
cake_slice,0,3307,slice_of_cake
excalibur_(fate/stay_night),0,3307,excalibur
barnaby_brooks_jr.,4,3306,barnaby_brooks_jr
mascara,0,3306,
pantylines,0,3306,
keyboard_(computer),0,3304,
print_dress,0,3303,
holding_bowl,0,3298,
sushi,0,3297,
cream,0,3292,
policewoman,0,3289,"police-woman,police_woman"
armpit_hair,0,3287,
elbow_rest,0,3287,
official_wallpaper,5,3287,
aqua_(konosuba),4,3284,
framed_breasts,0,3284,
sailor_moon,4,3284,sailormoon
drum,0,3283,drums
o-ring_bottom,0,3282,o_ring_bottom
real_life_insert,0,3281,
sanya_v._litvyak,4,3281,sanya_v_litvyak
lower_body,0,3279,legs_only
kuroki_tomoko,4,3276,
calligraphy_brush,0,3274,"writing_brush,ink_brush"
contrail,0,3273,"condensation_trail,vapor_trails,contrails,vapor_trail"
print_bowtie,0,3269,
explosive,0,3267,explosives
floor,0,3265,
left-handed,0,3263,left_handed
american_flag_dress,0,3262,
grey_hoodie,0,3257,gray_hoodie
two-tone_shirt,0,3257,
cynthia_(pokemon),4,3253,shirona_(pokemon)
eiyuu_densetsu,3,3253,"the_legend_of_heroes,legend_of_heroes"
kakyoin_noriaki,4,3253,kakyouin_noriaki
nitta_minami,4,3253,
oozora_subaru,4,3253,
egg_vibrator,0,3250,"bullet_vibrator,egg_vibrators"
vertical-striped_legwear,0,3250,
duel,0,3249,
dungeon_and_fighter,3,3249,"dungeon_fighter_online,arad_senki"
zombie_land_saga,3,3247,zombieland_saga
vertical-striped_thighhighs,0,3245,
sleeves_past_elbows,0,3244,
orange_ribbon,0,3242,
cammy_white,4,3241,
food_on_body,0,3241,
kanon_(kurogane_knights),1,3232,
heart_choker,0,3231,
train,0,3231,
transformation,0,3229,transforming
office_chair,0,3228,computer_chair
orange_flower,0,3227,
fins,0,3225,fin
eila_ilmatar_juutilainen,4,3221,
loose_necktie,0,3211,loose_tie
stylus,0,3211,tablet_pen
medical_eyepatch,0,3209,
unicorn_(azur_lane),4,3209,
suction_cups,0,3208,
frilled_gloves,0,3205,
character_profile,0,3201,
circle,0,3201,circles
map,0,3201,
commissioner_upload,5,3200,
shiny_pokemon,0,3199,
egyptian,0,3197,
hand_under_clothes,0,3196,hands_under_clothes
love_live!_school_idol_festival,3,3192,
fanbox_reward,5,3191,
concept_art,5,3189,
elden_ring,3,3189,
test_tube,0,3187,
paper_bag,0,3184,
animal_crossing,3,3181,doubutsu_no_mori
frilled_legwear,0,3181,
string_of_fate,0,3181,"red_string,red_thread,red_string_of_fate"
frilled_thighhighs,0,3178,
kaburagi_t._kotetsu,4,3178,"kaburagi_t_kotetsu,kotetsu_t_kaburagi"
ahri_(league_of_legends),4,3176,ahri
spacecraft,0,3173,"space_craft,space_ship,spaceship"
dancer,0,3172,
lion_tail,0,3172,
mouse_girl,0,3170,rat_girl
uneven_eyes,0,3168,
bra_removed,0,3166,
bra_off,0,3165,bra_removed
capri_pants,0,3162,"cropped_pants,capris"
flower-shaped_pupils,0,3161,"kagan,flower_shaped_pupils"
ichinose_shiki,4,3158,
green_leotard,0,3154,
binoculars,0,3152,
furisode,0,3152,
striped_tail,0,3152,
bandaids_on_nipples,0,3151,"bandaid_on_nipple,bandaids_on_nipple,bandaid_on_nipple,bandaid_on_nipples"
final_fantasy_xi,3,3149,"/ff11,final_fantasy_11,ff11,ffxi"
rudder_footwear,0,3147,
envelope,0,3146,
horn_bow,0,3146,
lemon,0,3146,lemons
sonic_(series),3,3146,sonic_the_hedgehog
stocking_(psg),4,3145,anarchy_stocking
after_anal,0,3141,
maid_bikini,0,3141,
reverse_outfit,0,3141,
striped_bra,0,3141,
holding_towel,0,3138,
lucina_(fire_emblem),4,3136,lucina
two-tone_fur,0,3131,
medicine_melancholy,4,3126,
corrin_(fire_emblem),4,3125,
ookami_mio,4,3123,
basketball,0,3122,
rod_of_remorse,0,3121,
milestone_celebration,0,3120,"hits,followers,kiriban,hit"
hand_on_own_arm,0,3119,"holding_own_arm,grabbing_own_arm,holding_arm"
lunasa_prismriver,4,3119,
daiwa_scarlet_(umamusume),4,3115,daiwa_scarlet
kotomine_kirei,4,3114,
bad_feet,0,3110,
baozi,0,3110,"manjuu,meatbun,meat_bun,porkbun,nikuman,pork_bun"
open_dress,0,3108,
partially_undressed,0,3108,
serena_(pokemon),4,3108,"yvonne_gabena,y_na_gaabena,yvonne_(pokemon),y_(pokemon),female_protagonist_(pokemon_xy)"
candy_apple,0,3106,"toffee_apple,candied_apple"
middle_finger,0,3106,"flipping_off,the_finger"
sake_bottle,0,3106,
yagami_hayate,4,3106,hayate_yagami
multiple_crossover,0,3104,
blue_scrunchie,0,3102,
footwear_bow,0,3101,"bow_footwear,boot_bow,shoe_bow"
hinata_hajime,4,3101,
pizza,0,3101,
alice_in_wonderland,3,3100,
maya_(kancolle),4,3099,maya_(kantai_collection)
hooded_capelet,0,3098,
machikado_mazoku,3,3098,the_demon_girl_next_door
rubber_duck,0,3098,"rubber_ducky,rubber_duckie"
hair_beads,0,3097,
meiji_schoolgirl_uniform,0,3095,
scan_artifacts,5,3095,"scanning_artifacts,scan_artefacts,scan_artefact,scan_artifact,scanning_artifacts,scanner_artifacts,bad_scan,badscan,scanningartifacts"
kamisato_ayaka,4,3093,"ayaka_(genshin_impact),kamisato_ayaka_(genshin_impact),ayaka_(genshin_impact)"
uranohoshi_school_uniform,0,3091,
commander_(azur_lane),4,3090,"admiral_(azur_lane),shikikan_(azur_lane)"
pussy_juice_stain,0,3090,
pink_leotard,0,3089,
breast_slip,0,3088,boob_slip
armlet,0,3087,"armlets,arm_bracelets"
chewing_gum,0,3087,"gum,bubblegum,bubble_gum"
father_and_son,0,3086,
naganami_(kancolle),4,3086,naganami_(kantai_collection)
banner,0,3084,vertical_flag
taur,0,3084,
blue_capelet,0,3083,
haruno_sakura,4,3083,
pussy_juice_trail,0,3083,pussy_juice_string
kokkoro_(princess_connect!),4,3080,natsume_kokoro
mismatched_gloves,0,3080,
hair_strand,0,3078,
covered_collarbone,0,3076,
fur-trimmed_headwear,0,3074,fur-trimmed_hat
the_legend_of_zelda:_twilight_princess,3,3074,twilight_princess
happy_halloween,0,3073,
stage,0,3073,
yuri!!!_on_ice,3,3073,yuri_on_ice
nightcap,0,3072,"sleeping_hat,sleeping_cap"
no_shirt,0,3071,no_blouse
pink_shorts,0,3070,
finger_gun,0,3069,
pokemon_masters_ex,3,3069,pokemon_masters
yamakaze_(kancolle),4,3066,yamakaze_(kantai_collection)
pokemon_rse,3,3065,"pokemon_sapphire,pokemon_ruby,pokemon_r&s,pokemon_rs,pokemon_ruby_and_sapphire"
pink_cardigan,0,3064,
digimon_(creature),0,3061,
holding_pokemon,0,3061,
squirrel_ears,0,3061,
bandage_over_one_eye,0,3060,"bandaged_eye,bandages_over_one_eye,/booe"
blue_pantyhose,0,3057,
official_alternate_hairstyle,0,3056,alternate_hairstyle_(official)
holding_mask,0,3055,
parfait,0,3055,
submerged,0,3054,
anastasia_(idolmaster),4,3051,
holding_camera,0,3049,holding_camcorder
kindergarten_uniform,0,3048,
son_goku,4,3048,"son_gokuu,goku"
partially_unzipped,0,3045,
background_text,0,3043,
gradient_sky,0,3038,
drop_shadow,0,3037,
penis_on_face,0,3037,
shotgun,0,3035,
grabbing_another's_ass,0,3032,
murasame_(kancolle),4,3029,murasame_(kantai_collection)
gothic,0,3025,
heart-shaped_eyewear,0,3025,"heart-shaped_glasses,heart-shaped_sunglasses"
lineup,0,3025,"line-up,line_up"
goth,0,3024,gothic
line-up,0,3024,line_up
kitagawa_marin,4,3023,
ejaculating_while_penetrated,0,3022,"ejaculation_when_penetrated,cum_while_penetrated"
goggles_around_neck,0,3022,
project_sekai,3,3022,
multiple_hair_bows,0,3018,
duck,0,3017,
gym_shorts,0,3016,
deep_penetration,0,3014,balls_deep
obliques,0,3013,
riding_crop,0,3012,
multiple_rings,0,3007,rings
kirito,4,3006,kirigaya_kazuto
hairpods,0,3005,
lip_biting,0,3002,
colored_pubic_hair,0,3001,
dress_bow,0,3001,bow_dress
tony_taka,1,3001,"tanaka_takayuki,taka_tony"
ear_ornament,0,2998,
reverse_suspended_congress,0,2998,reverse_stand_and_carry
polos_crown,0,2996,
shirogane_naoto,4,2992,
stirrup_legwear,0,2991,
energy_gun,0,2990,
cuts,0,2989,cut
red_headband,0,2989,
yukihana_lamy,4,2988,
stomach_tattoo,0,2987,
mercy_(overwatch),4,2986,"dr._angela_ziegler,angela_ziegler"
forked_eyebrows,0,2984,
tales_of_vesperia,3,2983,
tomoe_(symbol),0,2983,
green_bra,0,2979,
kingdom_hearts,3,2979,"kingdom_hearts_mobile,/kh"
piggyback,0,2979,carrying_on_back
pokemon_adventures,3,2978,"pocket_monsters_special,pokemon_special,/pkspe,pocket_monsters_special"
doremy_sweet,4,2977,
lying_on_person,0,2977,
kuromorimine_military_uniform,0,2975,
throwing,0,2975,"thrown,throw"
leotard_aside,0,2967,
hair_twirling,0,2966,
hair_twirl,0,2965,
florence_nightingale_(fate),4,2963,florence_nightingale_(fate/grand_order)
harpy,0,2963,
paint_splatter,0,2962,
sakurauchi_riko,4,2962,
upright_straddle,0,2961,
japari_symbol,0,2960,
nia_teppelin,4,2959,
holding_another's_arm,0,2957,arm_holding
black_armor,0,2952,
higuchi_madoka,4,2952,
leg_hair,0,2952,hairy_thighs
obiage,0,2951,
artbook,5,2948,
misty_(pokemon),4,2948,"kasumi_(pokemon),misty,misty"
single_kneehigh,0,2948,one_kneehigh
frilled_swimsuit,0,2947,
pink_neckerchief,0,2947,
scar_on_chest,0,2947,"scar_on_sternum,chest_scar"
clothes_grab,0,2946,
sailor_bikini,0,2946,
body_markings,0,2944,
tablet_pc,0,2944,
toy,0,2944,toys
bat_hair_ornament,0,2943,
kujo_jolyne,4,2943,"cujoh_jolyne,kuujou_jolyne"
metal_gear_(series),3,2942,metal_gear
reverse_bunnysuit,0,2941,
jack_the_ripper_(fate/apocrypha),4,2939,assassin_of_black
shimada_arisu,4,2935,
squirrel_tail,0,2935,
katyusha_(girls_und_panzer),4,2934,katyusha
giorno_giovanna,4,2933,
kay_(girls_und_panzer),4,2928,
plaid_dress,0,2928,
irrumatio,0,2927,"facefuck,forced_blowjob,forced_fellatio,face_fucking"
trainer_(umamusume),4,2927,
hands_in_opposite_sleeves,0,2926,hands_in_sleeves
w_arms,0,2926,
holding_underwear,0,2924,
bandaged_hand,0,2921,bandaged_hands
shovel,0,2921,
bandaged_hands,0,2920,
earbuds,0,2917,
hyouka,3,2916,
anus_peek,0,2915,partially_visible_anus
seagull,0,2915,"gull,seagulls"
galaga,3,2914,
makima_(chainsaw_man),4,2914,
partially_visible_anus,0,2914,
gold_ship_(umamusume),4,2906,gold_ship
bone_hair_ornament,0,2905,
sheryl_nome,4,2905,sheryl_noam
audible_speech,5,2904,
grey_sailor_collar,0,2897,
hands_on_another's_face,0,2897,
audible_music,5,2896,song
egasumi,0,2896,
midoriya_izuku,4,2893,deku_(boku_no_hero_academia)
fresh_precure!,3,2891,"fresh_precure,fresh_pretty_cure,fresh_pretty_cure!"
blue-framed_eyewear,0,2890,blue-framed_glasses
penis_awe,0,2887,cock_shock
purple_umbrella,0,2886,
uzumaki_naruto,4,2885,
sandwich,0,2884,sandwiches
slime_girl,0,2883,"goo_girl,googirl,slimegirl"
spitroast,0,2877,
holding_box,0,2874,
magazine_(weapon),0,2873,"stanag_magazine,ammunition_magazine,gun_magazine,magazine_(gun)"
arm_around_waist,0,2872,arms_around_waist
ayanami_(azur_lane),4,2870,
viewfinder,0,2869,"camcorder_interface,camera_frame"
futaba_anzu,4,2868,
orange_bodysuit,0,2866,orange_bikesuit
layered_bikini,0,2864,
speaker,0,2863,"loudspeaker,speakers"
street_fighter_v,3,2862,
megaphone,0,2861,"bull_horn,bullhorn"
bleeding,0,2860,
taihou_(kancolle),4,2859,taihou_(kantai_collection)
ouro_kronii,4,2858,kronii_ouro
shenhe_(genshin_impact),4,2858,
pecorine_(princess_connect!),4,2857,"eustiana_von_astraea,pecorine"
alternate_legwear,0,2854,
miniboy,0,2853,mini_boy
loose_belt,0,2850,
feather_boa,0,2845,boa
treble_clef,0,2844,
xiao_(genshin_impact),4,2841,shou_(genshin_impact)
takarada_rikka,4,2840,
fire_emblem:_the_binding_blade,3,2837,"fire_emblem:_fuuin_no_tsurugi,/fe6,fire_emblem_sword_of_seals,fire_emblem_fuuin_no_tsurugi,fe6"
miura_azusa,4,2837,
bamboo_forest,0,2836,
iskandar_(fate),4,2836,rider_(fate/zero)
lion_girl,0,2836,
waver_velvet,4,2835,
kuma_(kancolle),4,2834,kuma_(kantai_collection)
grenade,0,2828,grenades
humanization,0,2827,
licking_finger,0,2826,"finger_licking,licking_fingers"
pancake,0,2824,pancakes
grinding,0,2821,
surreal,0,2821,
gas_mask,0,2820,gas-mask
letterman_jacket,0,2820,varsity_jacket
spoken_squiggle,0,2820,
jacket_around_waist,0,2819,
pubic_hair_peek,0,2819,
soda_can,0,2816,pop_can
plantar_flexion,0,2815,"toe-point_down,toe-point"
bubble_tea,0,2812,boba_tea
goggles_on_headwear,0,2812,"goggles_on_helmet,goggles_on_hat"
single_leg_pantyhose,0,2810,"single_legging,single_pantyhose_leg"
finger_on_trigger,0,2808,
murasaki_shion,4,2808,
shirt_tug,0,2807,
newspaper,0,2806,
horned_headwear,0,2804,
hyuuga_hinata,4,2804,
nami_(one_piece),4,2804,
shishiro_botan,4,2804,
spice_and_wolf,3,2801,"wolf_and_spice,ookami_to_koushinryou"
akigumo_(kancolle),4,2800,akigumo_(kantai_collection)
lifting_person,0,2800,lifting_another
saihara_shuuichi,4,2800,
scowl,0,2800,
fire_emblem:_path_of_radiance,3,2799,"fire_emblem:_souen_no_kiseki,/fe9,fe9,fire_emblem_souen_no_kiseki,fire_emblem_path_of_radiance"
lily_pad,0,2798,"water_lily_pad,water_lily,lilypads,lilypad"
magazine_cover,0,2797,
arms_around_neck,0,2796,neck_hug
bird_ears,0,2796,
ghost_tail,0,2796,
multi-tied_hair,0,2795,bubble_braid
bunny_print,0,2794,
green_neckwear,0,2793,
green_bowtie,0,2792,
orange_hairband,0,2792,
beer_can,0,2791,
bag_charm,0,2790,
green_necktie,0,2790,
jonathan_joestar,4,2789,
warspite_(kancolle),4,2789,warspite_(kantai_collection)
midair,0,2785,
guro,0,2784,gore
samurai_spirits,3,2784,"samurai_shodown,samuraispirits"
5koma,0,2784,
mario,4,2782,
guilty_gear_strive,3,2781,
narmaya_(granblue_fantasy),4,2781,narumeia_(granblue_fantasy)
tokai_teio_(umamusume),4,2781,tokai_teio
vaginal,0,2780,"vaginal_sex,vaginal_penetration"
shirai_kuroko,4,2780,
hair_tie_in_mouth,0,2777,scrunchie_in_mouth
mikasa_ackerman,4,2777,
in_tree,0,2774,
snowflake_hair_ornament,0,2773,
spoken_interrobang,0,2773,spoken_!?
piano,0,2772,"manual_piano,analog_piano,acoustic_piano,electric_piano"
blade_(galaxist),1,2772,"blade_(artist),blade_(lovewn)"
extra,0,2770,
in_box,0,2770,"boy_in_a_box,girl_in_a_box"
izumi_sagiri,4,2770,
jougasaki_rika,4,2770,
leaf_print,0,2769,leaf-pattern_stripe
chloe_von_einzbern,4,2768,kuro_(fate/kaleid_liner)
eevee,4,2768,
fusou_(kancolle),4,2766,fusou_(kantai_collection)
ceiling,0,2764,
food_on_head,0,2762,
ryuuguu_rena,4,2762,ryuugu_rena
tiger_girl,0,2762,
pith_helmet,0,2761,safari_hat
uraraka_ochako,4,2760,
yellow_rose,0,2760,
dark_souls_(series),3,2759,"dark_souls,souls_(series),souls_(from_software)"
left-to-right_manga,0,2759,"left-to-right,left_to_right_manga"
crotch_rope,0,2758,crotchrope
open-chest_sweater,0,2758,keyhole_sweater
pyonta,4,2756,
coat_on_shoulders,0,2755,
elizabeth_bathory_(fate),4,2754,"elizabeth_bathory_(fate)_(all),lancer_(fate/extra_ccc)"
thumb_ring,0,2754,
watson_cross,0,2754,
aisaka_taiga,4,2753,
after_fellatio,0,2752,after_blowjob
frying_pan,0,2752,"skillet,cooking_pan"
idolmaster_side-m,3,2752,"side-m,idolmaster_side_m,idolmaster_sidem"
heart_in_eye,0,2751,
kanzashi,0,2750,
reizei_mako,4,2750,
uneven_gloves,0,2750,asymmetrical_gloves
asymmetrical_gloves,0,2749,
thinking,0,2749,
ribbed_dress,0,2748,
blue_gemstone,0,2745,
non-human_admiral_(kancolle),4,2745,non-human_admiral_(kantai_collection)
motoori_kosuzu,4,2743,
fire_emblem:_radiant_dawn,3,2742,"fire_emblem:_akatsuki_no_megami,/fe10,fe10,fire_emblem_akatsuki_no_megami,fire_emblem_radiant_dawn"
stained_glass,0,2742,
undertale,3,2742,
ranma_1/2,3,2741,"ranma½,ranma1/2,ranma_½"
humanoid_robot,0,2740,
common_raccoon_(kemono_friends),4,2739,raccoon_(kemono_friends)
bike_shorts_under_skirt,0,2738,
bodysuit_under_clothes,0,2738,
hand_over_own_mouth,0,2736,
winged_arms,0,2735,arm_wings
working!!,3,2735,wagnaria!!
midorikawa_nao,4,2734,
gloom_(expression),0,2732,gloomy
hagoromo,0,2732,
hand_on_head,0,2732,
vertical-striped_dress,0,2732,
stitched,5,2729,"stitch,stiched"
yugake,0,2727,
neck_ruff,0,2726,
ankle_ribbon,0,2724,
heart_in_mouth,0,2724,
orange_sky,0,2721,
flip-flops,0,2720,"flipflops,flip_flops"
raccoon_girl,0,2720,tanuki_girl
hunter_x_hunter,3,2718,hxh
usami_sumireko,4,2717,
breastless_clothes,0,2715,breastless_clothing
making-of_available,5,2715,
object_namesake,0,2714,
city_lights,0,2713,
leon_(pokemon),4,2712,"dande_(pokemon),leon_(pokemon_swsh)"
caterpillar_tracks,0,2711,tank_treads
sheep_horns,0,2708,ram_horns
sparkle_background,0,2708,
kumano_(kancolle),4,2705,kumano_(kantai_collection)
hoto_cocoa,4,2702,
lelouch_lamperouge,4,2702,
chemise,0,2701,
sekaiju_no_meikyuu,3,2701,"etrian_odyssey,sekaiju_no_meikyu"
christmas_ornaments,0,2700,"christmas_tree_ornament,bauble_(christmas)"
taimanin_(series),3,2700,
peeing_self,0,2699,"peeing_panties,peeing_pants"
writing,0,2699,
american_flag_bikini,0,2698,
satonaka_chie,4,2698,
barbara_(genshin_impact),4,2697,barbara_pegg
button_badge,0,2696,"can_badge,pin_button,pinback_button,pin-back_button,button_badges"
lotus,0,2696,
torn_bodysuit,0,2696,ripped_bodysuit
numbered,0,2694,
red_belt,0,2694,
sayonara_zetsubou_sensei,3,2691,/szs
debris,0,2690,
holding_axe,0,2687,
ruby_rose,4,2687,ruby_(rwby)
kise_yayoi,4,2685,
holo,4,2682,horo
beatrice_(umineko),4,2680,
four-leaf_clover,0,2680,four_leaf_clover
public_nudity,0,2680,
spill,0,2680,spilled
mankanshoku_mako,4,2679,
remote_control_vibrator,0,2678,
bird_on_head,0,2677,
chained,0,2677,
leopard_print,0,2676,"cheetah_print,jaguar_print,leopardprint"
kote,0,2675,
bar,0,2674,bars
purple_pantyhose,0,2674,
cat_ear_panties,0,2673,
monster_hunter_(character),4,2673,
rubber_boots,0,2673,"rain_boots,wellingtons,galoshes"
pretty_(series),3,2671,
shared_clothes,0,2671,
shoe_dangle,0,2671,"heels_dangling,flats_dangling"
collage,0,2670,
higashikata_josuke,4,2670,higashikata_jousuke
orange_necktie,0,2670,
pink_scrunchie,0,2669,
wide_ponytail,0,2669,
gekkoukan_high_school_uniform,0,2668,
covering_eyes,0,2667,hands_over_eyes
diffraction_spikes,0,2665,
nanashi_mumei,4,2664,mumei_nanashi
cupcake,0,2663,cupcakes
grey_panties,0,2662,gray_panties
paint,0,2662,
white_scrunchie,0,2662,
hyuuga_(kancolle),4,2661,hyuuga_(kantai_collection)
lotion,0,2660,
maekawa_miku,4,2658,
aoba_(kancolle),4,2656,aoba_(kantai_collection)
kama_(fate),4,2654,kama_(fate/grand_order)
lycoris_recoil,3,2651,
naga_u,1,2651,
pokemon_sm_(anime),3,2651,
raihan_(pokemon),4,2651,kibana_(pokemon)
striker_unit,0,2651,striker_units
shiranui_mai,4,2650,
holding_scythe,0,2649,
orange_nails,0,2649,orange_fingernails
charlotte_(madoka_magica),4,2644,
long_eyelashes,0,2644,
bento,0,2642,"obentou,bentou,bento-box,bento_box,obento"
emilia_(re:zero),4,2641,
happinesscharge_precure!,3,2641,"happiness_charge_pretty_cure,happiness_charge_pretty_cure!,happinesscharge_pretty_cure,happinesscharge_pretty_cure!,happinesscharge_precure,happiness_charge_precure!,happiness_charge_precure"
red_sleeves,0,2641,
akizuki_ritsuko,4,2639,
tokitsukaze_(kancolle),4,2639,tokitsukaze_(kantai_collection)
shoulder_carry,0,2637,"sitting_on_shoulders,shoulder_ride"
ear_ribbon,0,2635,"animal_ear_bow,ear_bow"
cheese,0,2633,
ear_bow,0,2633,animal_ear_bow
paw_shoes,0,2632,paw_boots
gaping,0,2630,gape
kiyohime_(fate),4,2629,kiyohime_(fate/grand_order)
yellow_kimono,0,2629,yellow_yukata
thank_you,0,2628,"arigatou,thanks"
arm_hair,0,2627,"hairy_forearms,hairy_arms"
gender_request,5,2624,
tunic,0,2624,
layered_clothes,0,2622,layered_clothing
yunomi,0,2621,japanese_teacup
pinching,0,2618,pinch
stuffed_cat,0,2618,
keyhole,0,2617,
moonlight,0,2617,
lace_panties,0,2614,
medal,0,2614,medals
rabbit_hood,0,2614,"rabbit-ear_hood,bunny_hood"
ace_attorney,3,2613,gyakuten_saiban
ch'en_(arknights),4,2613,
gem_uniform_(houseki_no_kuni),0,2612,
arms_under_breasts,0,2610,
earclip,0,2610,ear_clip
hallway,0,2606,"school_hall,corridor"
hip_bones,0,2606,"pelvic_bone,pelvic_bones"
world_war_ii,0,2606,"ww2,/wwii,wwii"
luna_child,4,2605,moonlight_lunarchild
urethra,0,2605,
aura,0,2604,ki
sword_of_hisou,0,2604,
playing_sports,0,2603,"sport,sports"
pokemon_rgby,3,2603,"pokemon_rb,pokemon_rg,pokemon_r&g,pokemon_yellow,pokemon_blue,pokemon_green,pokemon_red,pokemon_rby,pokemon_rgb,pokemon_r&b,pokemon_red_and_blue,pokemon_red_and_green"
lollipop,0,2602,"lollipops,lolipop"
domino_mask,0,2600,
robin_(fire_emblem),4,2600,
fennec_(kemono_friends),4,2598,
fetal_position,0,2598,
flat_ass,0,2598,no_ass
quad_tails,0,2598,
fate/prototype:_fragments_of_blue_and_silver,3,2597,
goldfish,0,2597,
pirate,0,2597,
corruption,0,2596,
on_shoulder,0,2590,
reindeer_antlers,0,2590,
jean_(genshin_impact),4,2588,"jean_gunnhildr,jean_gunnhildr_(genshin_impact)"
star_in_eye,0,2588,stars_in_eye
star_sapphire,4,2588,starlight_starsapphire
multiple_bows,0,2583,
wedding,0,2583,marriage
hayate_no_gotoku!,3,2582,"hayate_no_gotoku!!,hayate_no_gotoku,/hng,hayate_the_combat_butler"
jealous,0,2581,jealousy
stethoscope,0,2581,
oboro_(kancolle),4,2580,oboro_(kantai_collection)
abstract,0,2579,
black_ascot,0,2579,black_jabot
hand_in_panties,0,2578,
kousaka_kirino,4,2578,
finger_in_panties,0,2577,hand_in_panties
cross_hair_ornament,0,2576,
quarter_note,0,2576,crotchet
unzan,4,2575,
holding_dagger,0,2573,
padlock,0,2572,
light_green_hair,0,2571,
pudding,0,2571,flan
huge_nipples,0,2570,large_nipples
boko_(girls_und_panzer),4,2566,
fashion,0,2565,
helmet_removed,0,2565,
ashigara_(kancolle),4,2564,ashigara_(kantai_collection)
year_of_the_tiger,0,2564,
volleyball,0,2563,
leg_lock,0,2561,"legs_around_waist,legs_lock"
satsuki_(kancolle),4,2561,satsuki_(kantai_collection)
single_sidelock,0,2561,
bangs_pinned_back,0,2559,
illustrious_(azur_lane),4,2559,
kyuubi,0,2557,"nine-tailed_fox,kumiho"
orange_footwear,0,2557,
dice,0,2553,
single_detached_sleeve,0,2553,
kogal,0,2551,
snot,0,2551,
made_in_abyss,3,2550,
ladder,0,2549,
pant_suit,0,2549,"pants_suit,pantsuit"
bea_(pokemon),4,2548,saitou_(pokemon)
electric_fan,0,2548,fan_(electric)
latin_cross,0,2548,christian_cross
aiming_at_viewer,0,2546,pov_aiming
hand_on_another's_chest,0,2545,
jintsuu_(kancolle),4,2542,jintsuu_(kantai_collection)
seamed_legwear,0,2542,
horseshoe_ornament,0,2541,
brush,0,2540,
kanon,3,2539,
mogami_(kancolle),4,2539,mogami_(kantai_collection)
mole_on_thigh,0,2539,
uzuki_(kancolle),4,2538,uzuki_(kantai_collection)
weiss_schnee,4,2537,
zombie_pose,0,2537,jiangshi_pose
fischl_(genshin_impact),4,2536,
over-rim_eyewear,0,2535,"over-rim_glasses,over_rim_glasses"
torn_sleeves,0,2534,ripped_sleeves
year_of_the_ox,0,2534,
kiyoshimo_(kancolle),4,2533,kiyoshimo_(kantai_collection)
skirt_tug,0,2533,
crescent_earrings,0,2530,crescent_earring
pink_apron,0,2530,
purple_wings,0,2529,
green_thighhighs,0,2526,
mega_man_(classic),3,2526,"rockman_(classic),rockman_(original)"
qing_guanmao,0,2526,
urakaze_(kancolle),4,2526,urakaze_(kantai_collection)
hidamari_sketch,3,2525,sunshine_sketch
makise_kurisu,4,2525,christina_(steins;gate)
incredibly_absurdres,5,2524,
kagerou_(kancolle),4,2524,kagerou_(kantai_collection)
tailcoat,0,2523,
flaming_eye,0,2523,"fiery_eye,burning_eye"
burn_scar,0,2522,
happy_valentine,0,2522,happy_valentine's_day
pillarboxed,0,2522,pillarbox
ramen,0,2522,
stone_ocean,3,2521,
go!_princess_precure,3,2519,"go_princess_pretty_cure,go!_princess_pretty_cure,go_princess_precure"
profanity,0,2518,swearing
subtitled,0,2518,subtitles
bullpup,0,2516,bullpup_rifle
trash_can,0,2516,"trash_bin,wastebasket,garbage_can,dustbin,trashcan"
duffel_bag,0,2515,gym_bag
nakiri_ayame,4,2514,
feather_trim,0,2513,
purple_choker,0,2513,
shower_head,0,2513,
soldier,0,2513,"infantry,soldiers"
two-tone_skirt,0,2512,
lappland_(arknights),4,2511,
looking_at_penis,0,2509,
turtle_shell,0,2508,
vibrator_under_clothes,0,2507,
wet_swimsuit,0,2507,
st._gloriana's_school_uniform,0,2506,
sunburst,0,2506,
bra_peek,0,2505,
natsuiro_matsuri,4,2505,
wide_spread_legs,0,2505,
mitsudomoe_(shape),0,2504,
green_hairband,0,2503,
yellow_fur,0,2503,
finger_to_cheek,0,2498,
takami_chika,4,2498,
fur-trimmed_hood,0,2497,
isokaze_(kancolle),4,2497,isokaze_(kantai_collection)
orange_scrunchie,0,2496,
sunny_milk,4,2496,sunlight_sunnymilk
fairy_tail,3,2495,
emiya_kiritsugu,4,2494,
asuna_(bunny)_(blue_archive),4,2491,"ichinose_asuna_(bunny),asuna_(bunny_girl)_(blue_archive)"
pajamas,0,2491,"pyjama,pyjamas,pajama"
tachibana_arisu,4,2491,
doorway,0,2490,
ainu_clothes,0,2489,
kallen_stadtfeld,4,2484,
soulcalibur,3,2484,soul_calibur
melty_blood,3,2483,
yorigami_shion,4,2483,
alternate_universe,0,2482,what_if
miyafuji_yoshika,4,2482,
spade_(shape),0,2482,spades_(card_suit)
seashell,0,2481,seashells
come_hither,0,2480,
erica_hartmann,4,2480,
clitoral_stimulation,0,2479,clitoris_stimulation
crossed_ankles,0,2479,
shiranui_flare,4,2479,
heart_pillow,0,2478,
shark,0,2477,
breast_tattoo,0,2476,tattooed_breast
eyepatch_bikini,0,2476,
strap_between_breasts,0,2476,"paisura,strap_cleavage"
mismatched_bikini,0,2475,
rose_print,0,2475,
chest_sarashi,0,2474,"bandage_bra,sarashi_(chest)"
coffee_mug,0,2474,
m.u.g.e.n,3,2472,mugen_(game)
anime_coloring,0,2471,cel_shading_(2d)
utau,3,2471,
bass_guitar,0,2470,"electric_bass_guitar,bass"
pig,0,2470,"piglet,pigs"
alternate_headwear,0,2469,"alternate_hat_color,alternative_hat,alternate_hat,/ahw,alternative_headwear"
star_ocean,3,2469,
pastry,0,2468,
hand_on_another's_hip,0,2464,
unryuu_(kancolle),4,2463,unryuu_(kantai_collection)
brown_bag,0,2462,"brown_handbag,brown_backpack"
red_sclera,0,2459,
fire_emblem:_genealogy_of_the_holy_war,3,2458,"fire_emblem:_seisen_no_keifu,/fe4,fe4,fire_emblem_seisen_no_keifu,fire_emblem_genealogy_of_the_holy_war"
shibari_over_clothes,0,2458,
wrestling_outfit,0,2458,
nipple_rings,0,2454,nipple_ring
cross-shaped_pupils,0,2453,
brown_theme,0,2452,
locker_room,0,2452,
red_gemstone,0,2452,
snowflake_print,0,2451,
untied_panties,0,2451,
assault_lily,3,2450,
carnelian,1,2450,
lifted_by_another,0,2450,
nessa_(pokemon),4,2449,rurina_(pokemon)
suspension,0,2449,suspended
koshimizu_sachiko,4,2447,
spandex,0,2447,
bandaid_on_pussy,0,2446,
corrin_(fire_emblem)_(female),4,2446,
photo-referenced,5,2446,photo_reference
blue_belt,0,2445,
sigh,0,2445,sighing
weibo_username,0,2445,
g-string,0,2442,g_string
raincoat,0,2442,
blade,0,2441,
multiple_horns,0,2440,
embers,0,2439,ember
hatsuyuki_(kancolle),4,2439,hatsuyuki_(kantai_collection)
rebecca_(keinelove),1,2439,rebecca_(naononakukoroni)
skirt_around_one_leg,0,2438,
clothes_in_mouth,0,2437,
orange_choker,0,2436,
orange_gloves,0,2436,
final_fantasy_vi,3,2435,"ffvi,/ff6,ff6"
mismatched_footwear,0,2433,
two-footed_footjob,0,2433,
see-through_shirt,0,2431,transparent_shirt
sheep_girl,0,2430,
hishikawa_rikka,4,2429,
shirt_removed,0,2425,
flame-tipped_tail,0,2424,"fire-tipped_tail,flame_tipped_tail,flaming_tip_tail,tail-tip_fire"
anya_(spy_x_family),4,2423,
chef_hat,0,2421,
arm_held_back,0,2420,
shaved_ice,0,2419,"snow_cone,kakigoori,kakigori,shavedice"
ido_(teketeke),1,2418,
hayami_kanade,4,2417,
yellow_scrunchie,0,2417,
head-mounted_display,0,2416,"vr_goggles,vr_headset,head_mounted_display,vr_visor"
naoetsu_high_school_uniform,0,2416,
doll_hug,0,2415,
head_mounted_display,0,2415,
black_cardigan,0,2414,
holding_panties,0,2414,
orgy,0,2414,
giving,0,2413,
cold,0,2412,
walk-in,0,2412,walk_in
dizzy_(guilty_gear),4,2411,
sun_symbol,0,2410,sun_(symbol)
frilled_kimono,0,2407,frilled_yukata
magazine_(object),0,2407,"magazine,magazines"
nakano_nino,4,2407,
zero_suit,0,2407,
shiratsuyu_(kancolle),4,2406,shiratsuyu_(kantai_collection)
akitsu_maru_(kancolle),4,2405,akitsu_maru_(kantai_collection)
cigar,0,2405,
hisahiko,1,2405,
wa_maid,0,2405,japanese_maid
green_coat,0,2404,
striped_jacket,0,2404,
asakura_ryouko,4,2402,
mika_(girls_und_panzer),4,2402,
simon_(ttgl),4,2400,
calendar_(medium),0,2399,
horizontal_pupils,0,2399,"frog_eyes,goat_eyes"
kitauji_high_school_uniform,0,2399,
grey_coat,0,2397,
white_robe,0,2396,
spacesuit,0,2394,
sitting_on_face,0,2392,"sit_on_face,facesitting,face_sitting"
mouth_drool,0,2392,
skull_and_crossbones,0,2392,
ooarai_military_uniform,0,2391,
scar_on_nose,0,2390,nose_scar
houjou_satoko,4,2389,
oshiro_project,3,2389,
white_theme,0,2389,
taigei_(kancolle),4,2388,taigei_(kantai_collection)
tokyo_ghoul,3,2387,
arm_around_neck,0,2386,
frilled_hair_tubes,0,2386,
scar_on_arm,0,2386,arm_scar
typo,0,2385,
project_diva_(series),3,2384,
checkered_scarf,0,2383,
ram_(re:zero),4,2383,
holding_person,0,2382,
bow_(bhp),1,2380,
cum_on_boy,0,2380,
holding_flag,0,2378,
hand_grab,0,2377,holding_hand
clip_studio_paint_(medium),5,2375,"illust_studio_(medium),comic_studio_(medium),manga_studio_(medium)"
ribbed_shirt,0,2375,
undersized_clothes,0,2375,"clothes_too_small,undersized_clothing,too_small"
bloom,0,2374,
gertrud_barkhorn,4,2373,
pink_bodysuit,0,2373,pink_bikesuit
nervous_smile,0,2372,
green_sweater,0,2370,
oda_nobunaga_(fate),4,2370,oda_nobunaga_(fate)_(all)
aoki_reika,4,2369,
prone_bone,0,2367,
look-alike,0,2363,"look_alike,appearance_connection,lookalike"
swirl_lollipop,0,2363,
alice_(alice_in_wonderland),4,2362,alice_(wonderland)
text-only_page,0,2361,text_only_page
uneven_sleeves,0,2361,asymmetrical_sleeves
updo,0,2361,
asymmetrical_sleeves,0,2360,
rice_bowl,0,2360,"rice_bowls,ricebowl"
puckered_lips,0,2358,
kirisawa_juuzou,1,2357,
suspender_shorts,0,2357,
sword_girls,3,2355,
red_pupils,0,2353,
o3o,0,2351,.3.
dragon_quest_iii,3,2348,"/dq3,dragon_quest_3"
sakamata_chloe,4,2348,
dog_boy,0,2347,dogboy
toothbrush,0,2347,
futami_mami,4,2346,
princess,0,2346,
hand_on_another's_back,0,2345,
atelier_ryza,3,2342,
bit_gag,0,2341,bitgag
tombstone,0,2341,"grave_stone,headstone,gravestone"
bitgag,0,2340,
open_shorts,0,2339,
rubbing_eyes,0,2338,"wiping_eyes,rubbing_eye,eye_rub"
plastic_bag,0,2338,
super_saiyan,0,2337,
yoshida_yuuko_(machikado_mazoku),4,2333,
nakano_miku,4,2331,
screaming,0,2331,scream
louise_francoise_le_blanc_de_la_valliere,4,2330,"louise_francoise,/lv"
white_feathers,0,2330,
d-pad,0,2328,
thigh_sex,0,2328,"thighjob,thigh_job,intercrural_sex,straddle_penis,sumata,intercrural"
millipen_(medium),5,2327,millipen
mohawk,0,2326,mohican_(hairstyle)
multiple_belts,0,2326,
bird_girl,0,2325,
convenient_arm,0,2325,
orc,0,2325,ork
spotlight,0,2325,
club_(weapon),0,2323,club
jackal_ears,0,2323,
bomber_jacket,0,2322,flight_jacket
nape,0,2322,kubisuji
hand_on_another's_arm,0,2321,
dark_magician_girl,4,2320,black_magician_girl
flower_pot,0,2320,"flowerpot,pot_(plant),plant_pot"
shouji,0,2320,"japanese_sliding_door,screen_door"
animal_penis,0,2319,
orange_theme,0,2319,
accelerator_(toaru_majutsu_no_index),4,2318,accelerator
nichijou,3,2316,my_ordinary_life
patterned_background,0,2316,
beach_towel,0,2314,
on_lap,0,2314,
room,0,2314,roomba
female_pov,0,2313,
hair_spread_out,0,2313,
still_life,0,2312,
santa_bikini,0,2311,
power_symbol,0,2310,
rug,0,2309,
harusame_(kancolle),4,2308,harusame_(kantai_collection)
carrot_necklace,0,2307,
creator_connection,0,2306,artist_connection
dusk,0,2305,
black_headband,0,2303,
small_penis,0,2303,little_penis
tied_up_(nonsexual),0,2303,"tied_up,tied"
asphyxiation,0,2302,suffocation
flask,0,2302,
saratoga_(kancolle),4,2302,saratoga_(kantai_collection)
egyptian_clothes,0,2301,
yellow_legwear,0,2301,
heart_tattoo,0,2300,
tally,0,2300,"tally_marks,tallies"
brown_ribbon,0,2299,
hatsuzuki_(kancolle),4,2299,hatsuzuki_(kantai_collection)
red_sash,0,2296,
cameo,0,2295,
phimosis,0,2293,
iesupa,1,2291,"helpyourselfish,mojojoj27827860"
golden_kamuy,3,2289,
path,0,2289,
evening_gown,0,2288,evening_dress
talisman,0,2288,
evening_dress,0,2287,
holding_smoking_pipe,0,2287,"holding_kiseru,holding_pipe"
disembodied_head,0,2286,detached_head
hexagram,0,2286,
linea_alba,0,2286,
makinami_mari_illustrious,4,2286,mari_(evangelion)
pokemon_(classic_anime),3,2285,
hamu_koutarou,1,2283,
:i,0,2283,
number_tattoo,0,2281,
tachibana_kanade,4,2281,"tenshi_(angel_beats!),angel_(angel_beats!),tenshi_(angel_beats)"
kamijou_touma,4,2280,kamijo_touma
saenai_heroine_no_sodatekata,3,2279,"how_to_raise_a_boring_girlfriend,saekano"
holding_pom_poms,0,2277,
bow_bikini,0,2276,
brave_witches,3,2276,
side_cutout,0,2276,
diagonal-striped_bow,0,2274,
multiple_earrings,0,2274,
red_pantyhose,0,2274,
sunrise,0,2272,
chihuri,1,2271,4sakana5
kani_biimu,1,2270,"peko,pepepe"
kou_hiyoyo,1,2270,kouu_hiyoyo
triangle,0,2269,
merlin_prismriver,4,2268,
smell,0,2266,"stink,body_odor"
faux_traditional_media,0,2265,/ftrad
shana,4,2265,
takao_(azur_lane),4,2265,
futa_with_male,0,2264,"male_on_futa,futa_on_male"
roman_numeral,0,2264,"roman_numerals,roman_number,roman_numbers"
steam_censor,0,2263,"censor_steam,convenient_bath_steam"
shimakaze_(kancolle)_(cosplay),0,2261,
condom_on_penis,0,2260,
hill,0,2260,hills
police_hat,0,2260,
broken_glass,0,2259,shattered_glass
re-class_battleship,4,2259,
curry,0,2257,
katsushika_hokusai_(fate),4,2256,katsushika_hokusai_(fate/grand_order)
michishio_(kancolle),4,2256,michishio_(kantai_collection)
cover_image,0,2255,
monkey_tail,0,2255,
mouse_(computer),0,2254,
drumsticks,0,2253,drumstick
russian_text,0,2253,russian
diving_mask,0,2251,
hamster,0,2251,
ichimi,1,2251,
shinrabanshou,3,2247,shinrabansho
cyclops,0,2246,mono-eye
purple_sleeves,0,2245,
ushiromiya_battler,4,2245,
multicolored_legwear,0,2244,
tree_shade,0,2243,
retrofit_(azur_lane),0,2242,
covered_abs,0,2241,
shinryaku!_ikamusume,3,2240,"squid_girl_(series),shinryaku!_ika_musume"
yura_(kancolle),4,2240,yura_(kantai_collection)
pink-framed_eyewear,0,2238,pink-framed_glasses
sink,0,2238,
marie_(splatoon),4,2237,hotaru_(splatoon)
ranka_lee,4,2237,
fourth_wall,0,2235,4th_wall
the_legend_of_zelda:_ocarina_of_time,3,2235,ocarina_of_time
bandaid_on_cheek,0,2234,
desert,0,2233,
blue_lips,0,2230,"light_blue_lipstick,blue_lipstick"
surtr_(arknights),4,2230,
tri_tails,0,2230,triple-tails
hino_akane_(smile_precure!),4,2229,
shuuchiin_academy_school_uniform,0,2228,shuuchiin_academy_uniform
chainsaw,0,2226,
green_choker,0,2226,
new_game!,3,2226,
short_sword,0,2226,
karin_(blue_archive),4,2224,kakudate_karin
lyrica_prismriver,4,2224,
big_belly,0,2223,large_belly
trick_or_treat,0,2222,
bad_hands,0,2221,
kiana_kaslana,4,2221,
ice_cube,0,2219,ice_cubes
quill,0,2219,feather_pen
shared_scarf,0,2218,scarf_sharing
aqua_bikini,0,2217,
cyberpunk,0,2215,
striped_socks,0,2214,striped_kneehighs
breast_bondage,0,2213,
fur_coat,0,2213,
houtengeki,1,2213,
eraser,0,2212,
kashiwazaki_sena,4,2212,
cinderella_girls_gekijou,3,2211,
anal_fingering,0,2210,"fingering_ass,fingering_asshole"
kanna_kamui,4,2210,
black_scrunchie,0,2209,
string_of_flags,0,2209,bunting
tennis_uniform,0,2208,
scratches,0,2205,scratch
strangling,0,2204,"choking_another,strangle"
microdress,0,2203,
kantoku,1,2201,afterschool_of_the_5th_year
downscaled,5,2200,
beak,0,2199,
cervix,0,2199,
spider_web_print,0,2199,web_print
grey_sky,0,2198,gray_sky
kaenbyou_rin_(cat),4,2198,
melting,0,2198,
street_fighter_iv_(series),3,2198,"ultra_street_fighter_iv,street_fighter_iv,super_street_fighter_iv"
spatula,0,2197,
isuzu_hana,4,2196,
mutsuki_(kancolle),4,2196,mutsuki_(kantai_collection)
large_tail,0,2195,big_tail
kyonko,4,2193,
driving,0,2192,
yes!_precure_5,3,2192,"yes!_pretty_cure_5,pretty_cure_5"
ankle_cuffs,0,2191,
finger_in_another's_mouth,0,2190,
jellyfish,0,2190,
phone_screen,0,2189,
chitanda_eru,4,2186,
lana_(pokemon),4,2185,suiren_(pokemon)
tail_through_clothes,0,2185,"tail_slit_clothes,tail_cutout"
ethan_(pokemon),4,2181,"hibiki_(pokemon),gold_(pokemon),hibiki_(pokemon)"
yahagi_(kancolle),4,2181,yahagi_(kantai_collection)
hikarizaka_private_high_school_uniform,0,2179,
holding_arrow,0,2179,
cliff,0,2178,
studded_belt,0,2178,"stud_belt,studbelt"
tribadism,0,2177,scissoring
yua_(checkmate),1,2177,
d-pad_hair_ornament,0,2176,
green_cape,0,2176,
praying,0,2176,pray
holding_sheath,0,2175,holding_scabbard
rectangular_eyewear,0,2175,rectangular_glasses
shoulder_spikes,0,2175,spiked_shoulders
torn_cape,0,2175,tattered_cape
feather-trimmed_sleeves,0,2174,
ribbed_legwear,0,2174,
yukine_chris,4,2172,
black_fur,0,2171,
sideless_outfit,0,2170,
hand_on_hilt,0,2169,
laffey_(azur_lane),4,2168,
purple_pants,0,2168,
ritual_baton,0,2168,
samurai,0,2168,
gimp_(medium),5,2166,
oni_mask,0,2166,
yuuki_makoto,4,2166,
enterprise_(azur_lane),4,2165,
prayer_beads,0,2165,
toshinou_kyouko,4,2165,tashinou_kyouko
restaurant,0,2164,
feather_hair,0,2161,head_feathers
red_umbrella,0,2161,
keyboard_(instrument),0,2160,electric_keyboard
shading_eyes,0,2160,
calendar_(object),0,2159,
t-head_admiral,4,2159,
crossed_bandaids,0,2158,x_bandaids
haguro_(kancolle),4,2158,haguro_(kantai_collection)
matching_outfit,0,2157,
dirty_face,0,2156,dirt_on_face
sitting_on_table,0,2155,
yelan_(genshin_impact),4,2155,
magical_musket,0,2153,
open_collar,0,2152,
creature_and_personification,0,2151,
final_fantasy_iv,3,2151,"ffiv,/ff4,ff4,finalfantasyiv"
fine_art_parody,0,2151,
amamiya_ren,4,2150,"joker_(persona_5),protagonist_(persona_5),kurusu_akira"
masao,1,2150,
clothed_pokemon,0,2148,hatted_pokemon
sleeping_upright,0,2148,
open_skirt,0,2147,
yaegashi_nan,1,2147,charinko_fox
dynamax_band,0,2146,
caught,0,2144,
cave,0,2144,caves
plum_blossoms,0,2143,plum_blossom
riding,0,2142,
mechanical_parts,0,2142,
crotchless_panties,0,2140,
dessert,0,2140,
kabedon,0,2140,wall_slam
drawing_tablet,0,2139,
napoleon_bonaparte_(fate),4,2139,napoleon_bonaparte_(fate/grand_order)
puyopuyo,3,2139,puyo_puyo
starter_pokemon_trio,0,2138,
tamamo_cat_(fate),4,2138,tamamo_cat_(fate/grand_order)
curtain_grab,0,2133,"pulling_curtains,holding_curtain"
ear_tag,0,2133,
final_fantasy_tactics,3,2133,"/fft,fft,fftactics"
strapless_bra,0,2132,
cooperative_fellatio,0,2131,multiple_fellatio
clitoral_hood,0,2130,
hands_on_own_head,0,2130,
doki_doki_literature_club,3,2129,"doki_doki_literature_club_plus,ddlc"
final_fantasy_ix,3,2129,"ffix,/ff9,ff9"
no_eyewear,0,2129,no_glasses
racket,0,2129,
black_bag,0,2125,black_backpack
abukuma_(kancolle),4,2124,abukuma_(kantai_collection)
fur-trimmed_legwear,0,2124,
broken_horn,0,2123,
liquid,0,2122,
shinku,4,2122,
hanekawa_tsubasa,4,2121,
hungry_clicker,1,2120,"hncl,click_burgundy,hncl,hankuri"
sweater_around_waist,0,2120,
houjou_hibiki,4,2117,
spoken_anger_vein,0,2117,
akizuki_(kancolle),4,2115,akizuki_(kantai_collection)
flower_(symbol),0,2115,
kousaka_tamaki,4,2115,
anzio_school_uniform,0,2114,
tone_(kancolle),4,2114,tone_(kantai_collection)
black_camisole,0,2112,
durarara!!,3,2112,"drrr,drrr!!,durarara"
when_you_see_it,0,2111,
butterfly_print,0,2110,
smelling,0,2110,sniffing
;3,0,2110,
amber_(genshin_impact),4,2108,
seiken_densetsu,3,2108,mana_(series)
black_tail,0,2106,
town,0,2103,
blue_ascot,0,2102,blue_jabot
futami_ami,4,2102,
shark_hair_ornament,0,2102,
white_nails,0,2101,white_fingernails
wire,0,2101,wires
st._gloriana's_military_uniform,0,2100,
colored_tongue,0,2099,
kemono_friends_3,3,2099,
abubu,1,2098,nounanka
dreadlocks,0,2097,"hairlocs,hair_loc,hair_locs"
abstract_background,0,2096,/abstractbg
bare_hips,0,2096,
enpera,0,2096,hair_in_scarf
festival,0,2096,
lace-trimmed_dress,0,2094,
light_bulb,0,2094,lightbulb
arabian_clothes,0,2093,
carrying_over_shoulder,0,2093,
uchiha_sasuke,4,2093,
attack,0,2092,
reisalin_stout,4,2092,ryza
naked_jacket,0,2091,"naked_gakuran,naked_track_jacket"
tankini,0,2091,
cat_ear_headphones,0,2090,
gundam_build_fighters_try,3,2089,
constellation,0,2087,constellations
chain_necklace,0,2082,
graffiti,0,2081,
hooded_cape,0,2081,
hair_horns,0,2080,horn-shaped_hair
akagi_(azur_lane),4,2079,
atlanta_(kancolle),4,2079,atlanta_(kantai_collection)
single_vertical_stripe,0,2079,
pulled_by_another,0,2077,
whistle_around_neck,0,2077,
white_headband,0,2077,
impossible_leotard,0,2076,
pulling,0,2076,
aida_mana,4,2075,
white_cat,0,2075,
mega_pokemon,0,2074,
blue_cardigan,0,2073,
blue_oak,4,2073,"green_oak,ookido_green,green_oak,green_(pokemon)"
jeanne_d'arc_alter_(swimsuit_berserker)_(fate),4,2073,"jeanne_d'arc_(alter_swimsuit_berserker)_(fate),jeanne_d'arc_(alter_swimsuit_berserker)"
strappy_heels,0,2073,
mini-hakkero,0,2072,mini_hakkero
neck_tattoo,0,2071,
surfboard,0,2071,
video_camera,0,2071,
enoshima_junko,4,2070,
purple_cape,0,2070,
rocket_launcher,0,2070,"recoilless_rifle,missile_launcher"
black_rose,0,2069,black_rose_(flower)
budget_sarashi,0,2068,
church,0,2068,
hews,1,2068,hews_hack
plaid_bikini,0,2068,"plaid_bikini_bottom,plaid_bikini_top"
striped_pants,0,2068,
two-tone_bikini,0,2068,
patterned_clothing,0,2067,
tie_clip,0,2067,"necktie_clip,necktie_pin,tie_tack,tie_pin"
chinese_knot,0,2066,
jet,0,2066,
spread_wings,0,2066,
takanashi_rikka,4,2066,
two-tone_jacket,0,2065,
black_apron,0,2063,
yoga_pants,0,2063,
arch,0,2062,
minecraft,3,2061,
sweatband,0,2060,"sweat_band,sweat_bands,sweatbands"
bolt_action,0,2059,bolt-action
gran_(granblue_fantasy),4,2059,
hammer_and_sickle,0,2058,
green_lips,0,2057,green_lipstick
omelet,0,2057,omelette
kisaragi_(kancolle),4,2056,kisaragi_(kantai_collection)
product_placement,0,2055,brand_name
shokuhou_misaki,4,2054,
standing_on_liquid,0,2054,standing_on_water
french_fries,0,2052,
matsuura_kanan,4,2051,matsuura_kana
vial,0,2051,vials
evolutionary_line,0,2050,
screencap_redraw,5,2050,
holding_condom,0,2048,
twitching_penis,0,2048,trembling_penis
youkai_watch,3,2048,"yo-kai_watch,yokai_watch"
holding_sign,0,2046,
briefs,0,2045,
egg_(food),0,2045,
moss,0,2045,
kurosawa_dia,4,2043,
amagi_yukiko,4,2042,
single_hair_intake,0,2041,single_hair_vent
glowstick,0,2039,"light_stick,glow_stick"
god_eater,3,2039,gods_eater
fleeing,0,2038,"escaping,escape,running_away,run_away"
belly_chain,0,2037,waist_chain
overlord_(maruyama),3,2037,
instant_loss,0,2036,instant_loss_2koma
gold_chain,0,2035,
qiqi_(genshin_impact),4,2034,"qiqi,nana_(genshin_impact)"
yang_xiao_long,4,2034,
denim_skirt,0,2033,jean_skirt
mudrock_(arknights),4,2032,
nishikigi_chisato,4,2032,
wild_arms,3,2032,
street_fighter_zero_(series),3,2031,"street_fighter_alpha_3,street_fighter_alpha_2,street_fighter_alpha_1,street_fighter_zero_3,street_fighter_zero_2,street_fighter_zero_i,street_fighter_zero,street_fighter_zero_iii,street_fighter_zero_ii"
akari_(pokemon),4,2030,"shou_(pokemon),akari_(pokemon_legends:_arceus),female_protagonist_(pokemon_legends:_arceus)"
manga_(object),0,2030,"doujinshi_(object),doujin_(object)"
guilty_crown,3,2029,
covering_nipples,0,2028,
tegaki,0,2026,
thigh_ribbon,0,2026,thigh_lace-up
darker_than_black,3,2025,/dtb
bb_(fate/extra),4,2024,
mayuzumi_fuyuko,4,2024,
monocle_hair_ornament,0,2023,
nero_claudius_(swimsuit_caster)_(fate),4,2023,
pokemon_gsc,3,2023,"pokemon_crystal,pokemon_silver,pokemon_gold,pokemon_g&s,pokemon_gs,pokemon_gold_and_silver"
stage_lights,0,2022,
azumanga_daioh,3,2021,"azumanga_daiou,azumanga"
eren_yeager,4,2021,eren_jaeger
hilbert_(pokemon),4,2021,"black_(pokemon),touya_(pokemon),male_protagonist_(pokemon_b&w),male_protagonist_(pokemon_b&w)"
action,0,2020,
gown,0,2020,ball_gown
clothes_hanger,0,2019,coat_hanger
cat_hat,0,2018,cathat
nail,0,2018,
white_cardigan,0,2018,
cat_print,0,2017,
downblouse,0,2017,down_blouse
spiked_armlet,0,2017,
tail_bell,0,2017,"tail_bells,tailbells,tailbell"
battleship_princess,4,2016,"battleship_hime,battleship-symbiotic_hime"
nib_pen_(medium),5,2015,"fountain_pen_(medium),tsukepen,nib_pen"
spread_fingers,0,2015,
naked_sheet,0,2014,nude_sheet
idolmaster_dearly_stars,3,2013,idolmaster_ds
black_lips,0,2010,black_lipstick
energy_wings,0,2009,
ankle_socks,0,2008,"short_socks,anklehighs"
nonna_(girls_und_panzer),4,2008,nonna
slugbox,1,2008,
akuma_homura,4,2008,
finger_in_own_mouth,0,2007,"finger_in_mouth,fingers_inside_mouth,finger_inside_mouth,fingers_in_mouth"
grey_bow,0,2007,
kal'tsit_(arknights),4,2007,
rowlet,4,2007,
scissor_blade,0,2007,
mechanical_legs,0,2006,"robot_legs,robotic_legs"
mop,0,2006,
winged_hat,0,2006,
holding_doll,0,2004,
kappougi,0,2004,
perrine_h._clostermann,4,2004,perrine_h_clostermann
pool_ladder,0,2004,
aqua_skirt,0,2003,
bowl_hat,0,2003,
ueyama_michirou,1,2003,
kunikida_hanamaru,4,2002,
purple_shorts,0,2002,
hands_on_headwear,0,1999,hands_on_hat
dreaming,0,1998,dream
multicolored_wings,0,1998,
potato_chips,0,1998,potato_chip
penis_grab,0,1997,
whale,0,1997,
minaba_hideo,1,1996,
oversized_animal,0,1996,giant_animal
dust,0,1995,
vertical-striped_skirt,0,1995,
reverse_upright_straddle,0,1994,
charlotte_e._yeager,4,1993,charlotte_e_yeager
head_grab,0,1993,
star_wars,3,1993,
spanked,0,1992,"slap_mark_on_ass,red_butt"
vector_trace,5,1991,"vector,vectortrace,trace"
laurel_crown,0,1990,
shikinami_(kancolle),4,1990,shikinami_(kantai_collection)
see-through_legwear,0,1989,sheer_legwear
pill,0,1988,pills
tusks,0,1988,tusk
boris_(noborhys),1,1986,"shoushin_(shoushin04),shoushin_(shoushin04)"
kamikaze_(kancolle),4,1984,kamikaze_(kantai_collection)
setsubun,0,1984,
fire_emblem_echoes:_shadows_of_valentia,3,1983,fire_emblem_echoes:_mou_hitori_no_eiyuuou
hand_on_another's_thigh,0,1983,
false_smile,0,1982,fake_smile
bloodborne,3,1980,
tongue_piercing,0,1980,
sleep_molestation,0,1979,somnophilia
vocaloid_append,0,1979,
akaza_akari,4,1978,
ise_(kancolle),4,1977,ise_(kantai_collection)
dyed_bangs,0,1976,
impossible_bodysuit,0,1975,
ishiyumi,1,1975,
shiroko_(blue_archive),4,1974,sunaookami_shiroko
shuriken,0,1974,"ninja_star,throwing_stars"
sketchbook,0,1974,sketchpad
crotch_rub,0,1973,
gusset,0,1973,
long_pointy_ears,0,1973,
raising_heart,4,1973,raging_heart
three-dimensional_maneuver_gear,0,1973,3dmg
hoshizora_miyuki,4,1972,
tamamo_no_mae_(swimsuit_lancer)_(fate),4,1972,
bandaged_head,0,1971,
tales_of_xillia,3,1971,
team_rocket,0,1971,
fur_scarf,0,1970,
ribbon-trimmed_skirt,0,1970,
senjougahara_hitagi,4,1970,
kid_icarus,3,1969,
fire_emblem:_the_sacred_stones,3,1967,"fire_emblem:_seima_no_kouseki,/fe8,fe8,fire_emblem_seima_no_kouseki,fire_emblem_sacred_stones"
yu-gi-oh!_gx,3,1967,"yuu-gi-ou_gx,yugioh_gx"
boxing_gloves,0,1966,boxing_glove
blur_censor,0,1965,
jun'you_(kancolle),4,1963,jun'you_(kantai_collection)
gambier_bay_(kancolle),4,1962,gambier_bay_(kantai_collection)
two-tone_swimsuit,0,1962,
han_juri,4,1961,juri_han
turtle,0,1961,
wind_chime,0,1961,windchime
nakano_yotsuba,4,1960,
car_interior,0,1959,inside_car
nose_bubble,0,1959,snot_bubble
bad_proportions,0,1958,
bronya_zaychik,4,1958,
hands_on_lap,0,1957,hands_in_lap
feather_earrings,0,1953,feather_earring
miyuki_(kancolle),4,1953,miyuki_(kantai_collection)
plunging_neckline,0,1953,
teen,0,1953,teenage
child_on_child,0,1951,
kujikawa_rise,4,1950,
diluc_(genshin_impact),4,1949,diluc_ragnvindr
inflatable_toy,0,1949,
beamed_sixteenth_notes,0,1947,beamed_semiquavers
mechanical_horns,0,1947,
afro,0,1946,
ankle_lace-up,0,1946,ankle_lace_up
devil_may_cry_(series),3,1946,devil_may_cry
gangut_(kancolle),4,1946,gangut_(kantai_collection)
tsukudani_(coke-buta),1,1946,
flower_earrings,0,1944,"rose_earrings,flower_earring"
anastasia_(fate),4,1943,
baseball,0,1941,
glowing_sword,0,1941,
wife_and_wife,0,1940,
rariatto_(ganguri),1,1939,ganguri
taiyaki,0,1939,bungeoppang
pink_sleeves,0,1938,
two-tone_gloves,0,1938,
wooden_bucket,0,1938,
grimace,0,1937,
in_bucket,0,1935,girl_in_bucket
looking_at_object,0,1934,
wreath,0,1934,
scepter,0,1933,sceptre
dragon's_crown,3,1932,
symmetry,0,1932,symmetrical
symmetrical,0,1931,
black_feathers,0,1930,
clothed_masturbation,0,1930,
final_fantasy_v,3,1929,"ffv,/ff5,ff5"
have_to_pee,0,1929,need_to_pee
median_furrow,0,1929,
crepe,0,1928,
shinki_(touhou),4,1928,shinki
fire_emblem_cipher,3,1927,
shared_umbrella,0,1927,sharing_umbrella
warship,0,1927,
comb,0,1925,hair_comb
school_hat,0,1925,kindergarten_hat
ariados,4,1923,
kaga_(azur_lane),4,1923,
kizuna_akari,4,1923,
lynette_bishop,4,1923,
birthday_cake,0,1922,
cube,0,1922,cubes
hassan_of_serenity_(fate),4,1922,
high_contrast,0,1922,
panty_(psg),4,1922,anarchy_panty
picture_(object),0,1921,
saten_ruiko,4,1921,
clothing_request,5,1920,
on_table,0,1918,
skewer,0,1918,
suiseiseki,4,1918,
wide_image,5,1918,
raiden_mei,4,1917,
tsuda_nanafushi,1,1917,"fukitamari,rozenweapon"
tanuki,0,1916,
boxers,0,1915,boxer_shorts
ohtsuki_yui,4,1914,ootsuki_yui
swim_trunks,0,1914,"swimtrunks,swimming_trunks"
transparent_umbrella,0,1914,
pola_(kancolle),4,1913,pola_(kantai_collection)
shark_hood,0,1911,
ryougi_shiki,4,1910,
octoling,0,1909,
annotated,5,1907,
drawer,0,1906,drawers
purple_jacket,0,1906,
tripping,0,1906,"tripped,trip"
spinning,0,1904,"twirling,spin"
lawson,3,1903,
cheek_pinching,0,1902,"pinching_cheeks,cheek_pinch,pinching_cheek"
shino_(ponjiyuusu),1,1902,
bb_(swimsuit_mooncancer)_(fate),4,1901,
blue_serafuku,0,1901,
borrowed_garments,0,1901,
piplup,4,1901,
ribbon-trimmed_clothes,0,1900,
hair_through_headwear,0,1899,
between_thighs,0,1898,
flute,0,1897,
drawfag,1,1896,"drawfriend,drawfriend"
bucket,0,1893,pail
union_jack,0,1893,"united_kingdom_flag,uk_flag,british_flag"
sangonomiya_kokomi,4,1892,kokomi_(genshin_impact)
bunny_pose,0,1890,
corpse,0,1890,
stray_pubic_hair,0,1890,
yu_mei-ren_(fate),4,1890,"yu_miaoyi_(fate),consort_yu_(fate)"
squid,0,1889,
tsunako,1,1888,
orange_kimono,0,1887,orange_yukata
red_sky,0,1887,
sports_bikini,0,1887,
clover_hair_ornament,0,1886,
counter,0,1886,countertop
back_tattoo,0,1884,
galaxy_angel,3,1884,"/ga,galaxyangel"
la+_darknesss,4,1883,laplus_darknesss
sayori_(neko_works),1,1883,"sayori,amanita"
slime_(creature),0,1882,
tokkuri,0,1882,sake_pottery_bottle
covered_face,0,1881,face_covered
hex_maniac_(pokemon),4,1880,occult_maniac_(pokemon)
katsuki_yuuri,4,1880,
lyra_(pokemon),4,1880,kotone_(pokemon)
aoki_hagane_no_arpeggio,3,1879,arpeggio_of_blue_steel
sonozaki_mion,4,1879,
lion,0,1878,
irisviel_von_einzbern,4,1877,
mating_press,0,1875,
harvin,0,1874,harbin
spider_girl,0,1874,
cheek_poking,0,1873,"poking_cheek,poking_cheeks,cheek_poke"
ikkitousen,3,1873,
juice_box,0,1873,juicebox
white_male_underwear,0,1872,white_underwear_(male)
soap,0,1870,
avogado6,1,1869,
holding_cat,0,1867,
playing_with_own_hair,0,1867,
two-tone_bowtie,0,1866,
face_to_breasts,0,1865,
caustics,0,1864,caustic_lighting
caustic_lighting,0,1863,
hanfu,0,1863,
chaps,0,1859,
cocktail_glass,0,1859,martini_glass
black_hakama,0,1858,
nude_filter,5,1858,nudefilter
bite_mark,0,1857,bitemark
kurosawa_ruby,4,1857,
kanikama,1,1856,"kanihamiso,okkisita"
shoebill_(kemono_friends),4,1856,
yuugumo_(kancolle),4,1856,yuugumo_(kantai_collection)
gate,0,1855,
head_bump,0,1855,"bump,headbump"
viktor_nikiforov,4,1854,
fu_hua,4,1853,
spear_the_gungnir,0,1853,
low_twin_braids,0,1851,
safety_pin,0,1851,
spider-man_(series),3,1851,
porkpie_hat,0,1850,
stone,0,1850,
heart_hands_duo,0,1848,
balcony,0,1847,
mallow_(pokemon),4,1847,mao_(pokemon)
touhou_tag_dream,3,1847,
vending_machine,0,1847,
column_lineup,0,1846,
holding_basket,0,1846,
black_sports_bra,0,1844,
mushoku_tensei,3,1844,
polka_dot_bra,0,1842,polka-dot_bra
holding_controller,0,1840,
christa_renz,4,1839,
hand_in_another's_hair,0,1839,
akeome,0,1838,
light_trail,0,1838,
springfield_(girls'_frontline),4,1838,"m1903_springfield_(girls'_frontline),m1903_springfield_(girls_frontline)"
tatsumaki,4,1838,terrible_tornado
warcraft,3,1838,
alarm_clock,0,1837,
licking_nipple,0,1837,"nipple_licking,licking_nipples,nipple_lick"
nose_piercing,0,1837,
shadowverse,3,1837,
energy_ball,0,1834,
pocky_day,0,1834,pepero_day
volleyball_uniform,0,1834,
chart,0,1833,
daisy_(flower),0,1832,"daisy,aster_(flower),daisies"
grey-framed_eyewear,0,1831,silver-framed_eyewear
torn_shorts,0,1831,ripped_shorts
burning,0,1829,on_fire
makigumo_(kancolle),4,1829,makigumo_(kantai_collection)
yellow_choker,0,1829,
blood_stain,0,1828,"bloodstain,bloodstains,blood_stains"
sleeveless_sweater,0,1828,
bisexual_female,0,1827,bisexual_(female)
naked_cape,0,1827,nude_cape
brown_cape,0,1826,
fried_egg,0,1826,sunny_side_up_egg
charizard,4,1825,
final_fantasy_x,3,1825,"/ff10,ff10,final_fantasy_10,ffx,finalfantasy10"
lolita_channel,1,1825,
nachi_(kancolle),4,1825,nachi_(kantai_collection)
neptune_(neptune_series),4,1825,
hyur,0,1824,
under_table,0,1824,"under_the_table,under_desk"
head_back,0,1823,
macross_delta,3,1823,
squirrel,0,1823,
dominatrix,0,1822,
tissue,0,1822,tissues
w_(arknights),4,1822,
shoujo_kageki_revue_starlight,3,1821,
koyama_shigeru,1,1820,
breath_of_fire,3,1819,"/bof,bof"
meltryllis_(swimsuit_lancer)_(fate),4,1819,
diamond-shaped_pupils,0,1818,
p-head_producer,4,1818,
ibaraki_douji_(fate),4,1817,ibaraki_douji_(fate/grand_order)
orange_shorts,0,1817,
multicolored_gloves,0,1816,
ok_sign,0,1816,"okay,ok"
industrial_pipe,0,1815,"water_pipe,pipe_(plumbing),pipe_(industrial),pipes"
mash_kyrielight_(dangerous_beast),4,1814,dangerous_beast
rainbow_order,0,1814,
strawberry_shortcake,0,1814,
tsukino_mito,4,1814,
bow-shaped_hair,0,1813,"bow_hair,bow_by_hair"
hakos_baelz,4,1813,
kochou_shinobu,4,1813,
prostitution,0,1813,prostitute
koihime_musou,3,1812,
if_they_mated,0,1811,fanchild
keychain,0,1811,
aqua_dress,0,1810,
holding_paintbrush,0,1810,
large_hat,0,1810,big_hat
noumi_kudryavka,4,1810,
impregnation,0,1809,impregnate
miyamoto_frederica,4,1809,
pointer,0,1809,
idolmaster_2,3,1808,
censored_nipples,0,1807,nipple_censor
jack-o'_challenge,0,1807,
pangya,3,1807,
suzuran_(arknights),4,1807,
elizabeth_bathory_(fate/extra_ccc),4,1806,
mochi_au_lait,1,1806,
orange_pekoe_(girls_und_panzer),4,1805,orange_pekoe
circle_cut,0,1804,
snake_tail,0,1804,
striped_sleeves,0,1804,
train_station,0,1804,
bound_ankles,0,1803,
lace_bra,0,1803,
purple_sweater,0,1801,
watering_can,0,1801,"watering_pail,watering_pot"
lemon_slice,0,1800,
nintendo,3,1800,
silence_suzuka_(umamusume),4,1800,silence_suzuka
checkered_kimono,0,1798,checkered_yukata
homurahara_academy_school_uniform,0,1798,
nico_robin,4,1798,
shrimp,0,1798,prawn
ujimatsu_chiya,4,1798,
pokemon_journeys,3,1797,pokemon_swsh_(anime)
traffic_light,0,1795,"traffic_signal,stoplight,traffic_lights"
tsukishiro_saika,1,1794,"kaede_nagisa,s-syogo"
whisk,0,1794,eggbeater
rabbit_house_uniform,0,1793,
choukai_(kancolle),4,1792,choukai_(kantai_collection)
earpiece,0,1792,
pearl_(gemstone),0,1792,
sakura_miku,4,1792,
against_tree,0,1790,
kitsunerider,1,1790,
senran_kagura_shoujo-tachi_no_shin'ei,3,1788,senran_kagura_shoujo-tachi_no_shinei
looking_over_eyewear,0,1787,"looking_over_sunglasses,looking_over_glasses"
hairdressing,0,1786,hair_dressing
looking_over_glasses,0,1786,
shared_food,0,1786,"mouth-to-mouth_feeding,mouth_to_mouth_feeding"
to_love-ru_darkness,3,1786,toloveru_darkness
tedeza_rize,4,1784,
magatama_necklace,0,1783,
finger_to_own_chin,0,1782,finger_to_chin
mirko,4,1782,"miruko_(boku_no_hero_academia),usagiyama_rumi"
scar_on_forehead,0,1782,forehead_scar
clover_print,0,1781,
drill,0,1781,
flower_wreath,0,1781,
fluffy,0,1781,
akagi_miria,4,1780,
mysterious_heroine_xx_(fate),4,1780,mysterious_heroine_xx_(foreigner)
amagi_brilliant_park,3,1779,
harem_outfit,0,1779,harem_clothes
nice_nature_(umamusume),4,1779,
skull_earrings,0,1779,skull_earring
lyn_(fire_emblem),4,1777,lyndis_(fire_emblem)
two-tone_ribbon,0,1777,
harem,0,1776,
yellow_bra,0,1776,
:x,0,1776,
hara_(harayutaka),1,1774,hera_(hara0742)
parted_hair,0,1774,center_part
tape_gag,0,1774,"tapegag,tape_gagged"
blake_belladonna,4,1773,
johnny_joestar,4,1773,
multicolored_bodysuit,0,1772,multicolored_bikesuit
tapegag,0,1772,
board_game,0,1771,
brendan_(pokemon),4,1771,"ruby_(pokemon),yuuki_(pokemon)"
happy_tears,0,1771,
in_food,0,1770,girl_in_food
sesshouin_kiara,4,1770,
sleeping_on_person,0,1770,sleeping_on_another
chasing,0,1769,chase
dixie_cup_hat,0,1769,
footprints,0,1768,footprint
mostima_(arknights),4,1768,
phantom_blood,3,1767,
sidesaddle,0,1767,
star_choker,0,1767,
you're_doing_it_wrong,0,1766,
ceiling_light,0,1764,
lysithea_von_ordelia,4,1764,lysithea_von_cordelia
maru-yu_(kancolle),4,1764,"maru-yu_(kantai_collection),maruyu_(kantai_collection)"
refrigerator,0,1764,fridge
capcom,3,1762,
multicolored_swimsuit,0,1761,
bandaid_on_arm,0,1760,bandaid_on_elbow
nagatsuki_(kancolle),4,1760,nagatsuki_(kantai_collection)
pale_color,0,1760,pale_colors
love_plus,3,1757,
akamatsu_kaede,4,1754,
monkey,0,1754,
nero_claudius_(bride)_(fate),4,1754,saber_bride
color_guide,0,1753,"color_swatch,palette_(guide),color_palette"
identity_censor,0,1753,
melonbooks,3,1753,
eye_censor,0,1752,identity_censor
fewer_digits,0,1752,3finger_hand
soul_eater,3,1752,
android_18,4,1751,
gatling_gun,0,1751,gatling
muvluv_alternative,3,1751,
green_gemstone,0,1749,
railroad_tracks,0,1749,"railway_tracks,railroad,train_tracks"
strawberry_print,0,1749,
tennis_racket,0,1748,
destruction,0,1747,
katsuragi_(kancolle),4,1747,katsuragi_(kantai_collection)
faucet,0,1746,
on_grass,0,1746,
cloud_print,0,1745,
beltbra,0,1744,
crossbow,0,1744,
stripper_pole,0,1744,
belt_bra,0,1743,beltbra
shinjou_akane,4,1743,
hitachi_magic_wand,0,1742,wand_vibrator
cafe,0,1739,coffee_shop
air,3,1738,
condom_packet_strip,0,1738,
minami_(colorful_palette),1,1735,minami_(artist)
spoken_sweatdrop,0,1735,
cockpit,0,1734,
lilith_aensland,4,1734,
pond,0,1734,
cracked_skin,0,1733,
takara_miyuki,4,1733,
dirty_clothes,0,1732,
kin-iro_mosaic,3,1731,"kinmoza!,kiniro_mosaic,kin'iro_mosaic"
gloved_handjob,0,1730,
nia_(xenoblade),4,1730,niyah
butler,0,1728,
dragon_quest_iv,3,1728,"dragon_quest_4,/dq4"
aqua_bowtie,0,1727,
haikyuu!!,3,1726,
anti-materiel_rifle,0,1725,"anti-tank_rifle,anti-material_rifle,anti_materiel_rifle,anti_material_rifle"
bardiche,4,1725,
grey_socks,0,1725,"gray_socks,grey_kneehighs"
ginhaha,1,1723,
tomose_shunsaku,1,1723,mugenkidou
urusei_yatsura,3,1723,uruseiyatsura
alternate_form,0,1722,alternative_form
doyagao,0,1722,doya-gao
hina_(blue_archive),4,1722,sorasaki_hina
akatsuki_kirika,4,1721,
holding_syringe,0,1721,
mima_(touhou),4,1721,mima
index_(toaru_majutsu_no_index),4,1720,index
taisa_(kari),1,1720,teitoku1980
hiro_(darling_in_the_franxx),4,1719,
sakamoto_mio,4,1719,
senpai_ga_uzai_kouhai_no_hanashi,3,1719,my_senpai_is_annoying
dove,0,1718,"white_dove,doves"
spitting,0,1718,
birdcage,0,1717,bird_cage
looking_at_phone,0,1717,
cheating_(relationship),0,1716,cheating
yowane_haku,4,1715,
bandage_on_face,0,1714,
gojou_satoru,4,1714,
drone,0,1713,
full_nelson,0,1711,
mabinogi,3,1711,
champagne_flute,0,1710,
koizumi_itsuki,4,1710,
love_live!_superstar!!,3,1710,"love_live!_superstar,hello!!!_love_live!"
sinon,4,1710,shinon_(sao)
deviantart_username,0,1708,
rosalina,4,1708,"rosetta_(mario),rosalina_(mario),princess_rosalina"
after_kiss,0,1707,
shima_rin,4,1707,
aigis_(persona),4,1706,aegis_(persona)
aqua_ribbon,0,1706,
tama_(kancolle),4,1706,tama_(kantai_collection)
multicolored_bikini,0,1705,
alley,0,1704,
no_wings,0,1704,
saiguchi_otoufu,1,1704,"otoufu,fuufu_(dha)"
nanashi_(nlo),1,1702,"nanashi_(nlo74593630),nanashi_(user_hagu2878)"
phosphophyllite,4,1702,
thick_arms,0,1702,
javelin_(azur_lane),4,1701,
pepperoni_(girls_und_panzer),4,1701,
futanari_masturbation,0,1700,newhalf_masturbation
lucky_beast_(kemono_friends),4,1700,
mace,0,1700,
ink,0,1699,
selfcest,0,1699,
winged_helmet,0,1699,wing_helmet
morpeko,4,1698,
wing_helmet,0,1698,
holding_hammer,0,1697,
last_order_(toaru_majutsu_no_index),4,1697,last_order
purple_sky,0,1697,
noshiro_(kancolle),4,1696,noshiro_(kantai_collection)
brown_sailor_collar,0,1695,
mixed_media,5,1692,
impossible_dress,0,1691,
mask_pull,0,1690,
belko,1,1689,"zuriffin,lolicept,lolicept,lolicept"
teruzuki_(kancolle),4,1689,teruzuki_(kantai_collection)
holding_drink,0,1688,
hilda_valentine_goneril,4,1687,
sonia_(pokemon),4,1687,
surprise_kiss,0,1687,
enkyo_yuuichirou,1,1684,nagisa_kurousagi
yayoi_(kancolle),4,1684,yayoi_(kantai_collection)
frilled_capelet,0,1683,
purple_sailor_collar,0,1683,
tickling,0,1682,tickle
briefcase,0,1681,
freediving,0,1681,
cowboy_western,0,1680,western
artificial_vagina,0,1679,"pocket_pussy,fleshlight,onahole"
dolphin,0,1679,dolphins
mimikaki,0,1679,"japanese_ear_pick,ear_cleaner"
suzukaze_(kancolle),4,1679,suzukaze_(kantai_collection)
western,0,1679,
pussy_juice_puddle,0,1678,
variations,0,1678,
hands_on_own_thighs,0,1677,
pain,0,1677,ouch
roller_skates,0,1677,
sticker,0,1677,stickers
plectrum,0,1676,guitar_pick
white_horns,0,1676,
on_person,0,1675,on_another
fellatio_gesture,0,1673,blowjob_gesture
mizuno_ami,4,1673,
open_bra,0,1673,"untied_bra,unfastened_bra,unhooked_bra"
alice_gear_aegis,3,1672,
circle_name,0,1672,
pole_dancing,0,1672,
brushing_hair,0,1671,"combing,hair_brushing,combing_hair,hairbrushing"
gorget,0,1671,
tube,0,1671,tubes
hooves,0,1670,hoof
milkpanda,1,1670,
missile,0,1670,
voyakiloid,0,1669,
shin_megami_tensei,3,1668,
blue_apron,0,1667,
character_print,0,1667,
crescent_facial_mark,0,1667,
eastern_dragon,0,1667,chinese_dragon
eye_focus,0,1667,eyes_focus
rotom,4,1667,
black_lagoon,3,1666,
yume_nikki,3,1666,"yumenikki,dream_diary"
barcode_tattoo,0,1665,
breast_curtains,0,1665,
rubble,0,1665,
torpedo_tubes,0,1665,
agawa_ryou,1,1664,
sitting_in_tree,0,1664,"sitting_on_tree,tree_sitting"
frilled_ribbon,0,1663,
kaedehara_kazuha,4,1663,kazuha_(genshin_impact)
bird_on_hand,0,1662,"bird_on_finger,bird_in_hand"
deer_ears,0,1661,reindeer_ears
kannagi,3,1661,
light_areolae,0,1660,
sen_no_kiseki,3,1660,
the_legend_of_luo_xiaohei,3,1660,luo_xiaohei_zhanji
yellow-framed_eyewear,0,1660,"gold-framed_eyewear,yellow-framed_glasses"
skull_print,0,1659,
buck_teeth,0,1658,
fine_fabric_emphasis,0,1658,
hanamura_yousuke,4,1658,hanamura_yosuke
pocky_kiss,0,1658,pocky_game
gotland_(kancolle),4,1657,gotland_(kantai_collection)
shinsengumi,0,1657,
kirino_ranmaru,4,1655,
kuromorimine_school_uniform,0,1655,
signum,4,1654,
holly,0,1653,
implied_futanari,0,1653,
makoto_nanaya,4,1653,nanaya_makoto
patch,0,1653,patches
confession,0,1652,
kuroshio_(kancolle),4,1652,kuroshio_(kantai_collection)
avatar_(series),3,1651,
beam_rifle,0,1651,
breasts_on_head,0,1651,headboob
andou_(girls_und_panzer),4,1650,andou_rena
shirayuki_(kancolle),4,1650,shirayuki_(kantai_collection)
yuuji_(and),1,1650,
dark_souls_i,3,1649,dark_souls
adjusting_gloves,0,1648,
asashio_kai_ni_(kancolle),4,1648,
breast_smother,0,1647,
pokemon_go,3,1647,
song_name,0,1647,song_title
high-waist_pants,0,1646,
pokemon_xy_(anime),3,1646,
cabinet,0,1645,
hanasaki_tsubomi,4,1645,
wooden_sword,0,1645,
pink_hoodie,0,1644,
legwear_garter,0,1643,"thighhigh_garter,sock_garters"
my_little_pony,3,1643,/mlp
thighhighs_pull,0,1643,thighhigh_pull
yasogami_school_uniform,0,1643,
helm,0,1642,
noel_vermillion,4,1642,
chiyoda_momo,4,1641,
brown_capelet,0,1640,
free!,3,1639,
puffy_shorts,0,1639,
see-through_leotard,0,1639,sheer_leotard
super_robot,0,1639,
nail_art,0,1638,
swing,0,1638,"tree_swing,swings"
coral,0,1637,corals
red_socks,0,1637,red_kneehighs
through_clothes,0,1637,
yellow_thighhighs,0,1636,
tales_of_graces,3,1635,
cousins,0,1633,
dragon_ball_(classic),3,1633,
inuyasha,3,1632,
dress_tug,0,1631,
red_armor,0,1631,
scarlet_devil_mansion,0,1630,
holostars,3,1629,
reflective_floor,0,1629,
confused,0,1628,
holding_pencil,0,1628,
matou_kariya,4,1628,
m-da_s-tarou,1,1627,
seiken_densetsu_3,3,1627,"trials_of_mana,seikendensetsu3,sd3"
shiomi_syuko,4,1627,shiomi_shuuko
tangzhuang,0,1627,
producer_(idolmaster_cinderella_girls_anime),4,1626,"takeuchi-p,producer_(idolmaster_cinderella_girls)"
aerial_fireworks,0,1625,
kill_me_baby,3,1625,
star_halo,0,1624,
toga_himiko,4,1624,
worried,0,1624,concerned
panther_ears,0,1622,
oda_nobunaga_(koha-ace),4,1622,oda_nobunaga_(koha/ace)
very_long_fingernails,0,1622,
world_of_warcraft,3,1621,
see-through_dress,0,1620,transparent_dress
spring_(season),0,1620,
tracer_(overwatch),4,1620,lena_oxton
baseball_uniform,0,1619,
matsuno_karamatsu,4,1618,karamatsu
saber_lily,4,1618,
st._louis_(azur_lane),4,1618,
\||/,0,1618,"middle_and_ring_fingers_together,open_\m/"
biker_clothes,0,1617,
pokemon_on_head,0,1617,
seigaiha,0,1616,
polka_dot_dress,0,1615,polka-dot_dress
radio_antenna,0,1614,
cross_scar,0,1613,x_scar
menu,0,1613,
upscaled,5,1613,upscale
flexing,0,1612,flex
insect_wings,0,1612,
kasumi_(doa),4,1612,
luigi's_mansion,3,1611,
starry_sky_print,0,1611,
white_suit,0,1611,
after_paizuri,0,1610,
tokyo_7th_sisters,3,1610,
n_(pokemon),4,1609,
german_clothes,0,1607,
hair_in_mouth,0,1607,
shiomi_kotone,4,1607,"female_protagonist_(persona_3),/fpp3"
tarot,0,1607,"tarot_card,tarot_cards"
aino_minako,4,1606,
asashimo_(kancolle),4,1606,asashimo_(kantai_collection)
grabbing_another's_chin,0,1606,"chin_lift,chin_hold,chin_grab"
palms,0,1606,
chin_grab,0,1605,
incoming_gift,0,1605,"offering_to_viewer,giving_to_viewer"
kalashnikov_rifle,0,1605,kalashinkov_rifle
lucario,4,1604,
patchwork_skin,0,1604,
beni_shake,1,1603,crimson_shake
plaid_background,0,1603,/plaidbg
sugar_lyric,0,1603,
breasts_on_glass,0,1602,breasts_against_glass
hair_brush,0,1602,hairbrush
in_the_face,0,1602,
otonashi_kotori,4,1602,
darkness_(konosuba),4,1601,
fortissimo,0,1601,
lio_fotia,4,1601,
ofuda_on_clothes,0,1601,
leaning_on_object,0,1600,
ribbon_bondage,0,1600,
autobot,0,1599,
black_robe,0,1599,
cyberpunk_edgerunners,3,1599,
lip_piercing,0,1599,
naginata,0,1599,
seiran_(touhou),4,1599,
kizuna_ai,4,1598,
monsterification,0,1598,
lord_el-melloi_ii_case_files,3,1597,
cucumber,0,1596,cucumbers
ningguang_(genshin_impact),4,1596,"ningguang,gyoukou_(genshin_impact)"
xenoblade_chronicles_3,3,1596,
dowsing_rod,0,1595,dowsing_rods
matsuno_jyushimatsu,4,1595,"matsuno_juushimatsu,jyushimatsu"
minamino_kanade,4,1595,
shimazaki_mujirushi,1,1595,shimazaki_kazumi
o-ring_choker,0,1594,
magatama_earrings,0,1592,magatama_earring
my-hime,3,1592,"my_hime,mai-hime,mai_hime,maihime"
green-framed_eyewear,0,1591,green-framed_glasses
horikawa_raiko,4,1591,
yae_sakura,4,1591,
messy,0,1590,
moroboshi_kirari,4,1590,
taut_dress,0,1590,
sword_art_online:_code_register,3,1590,
untucked_shirt,0,1589,
skin_fangs,0,1588,lip_fangs
stuck,0,1588,
dodoco_(genshin_impact),4,1587,
matsuno_ichimatsu,4,1587,ichimatsu
moon_(ornament),0,1587,
star_twinkle_precure,3,1587,star_twinkle_pretty_cure
cherry_blossom_print,0,1586,
high-waist_shorts,0,1586,
matsuno_osomatsu,4,1586,osomatsu_(osomatsu-kun)
drill_locks,0,1585,
tokusatsu,0,1585,sentai
barbell_piercing,0,1584,
inoue_takina,4,1584,
greatsword,0,1583,
milk_carton,0,1583,
red_hoodie,0,1583,
leaf_(pokemon),4,1582,
poke_ball_symbol,0,1581,
chocolate_bar,0,1580,
kamiya_nao,4,1580,
tales_of_the_abyss,3,1580,
hanyuu,4,1578,
suzumiya_haruhi_no_shoushitsu,3,1578,"the_disappearance_of_suzumiya_haruhi,suzumiya_haruhi_(shoushitsu),nagato_yuki_(shoushitsu),/shns"
horned_helmet,0,1577,
role_reversal,0,1576,
claw_(weapon),0,1575,
crotch_plate,0,1575,
mimura_kanako,4,1575,
other_focus,0,1575,
teasing,0,1575,tease
bondage_outfit,0,1574,
dragon_quest_v,3,1573,"dragon_quest_5,/dq5"
oumae_kumiko,4,1573,
unconscious,0,1573,
lum,4,1572,
projected_inset,0,1572,
hachimiya_meguru,4,1571,
arashio_(kancolle),4,1570,arashio_(kantai_collection)
shutter_shades,0,1570,
tactical_clothes,0,1570,tactical_clothing
embellished_costume,0,1569,
fish_girl,0,1569,
gabriel_dropout,3,1569,
hugtto!_precure,3,1569,"hug_it_pretty_cure,hug_it!_pretty_cure,hugtto_pretty_cure,hugtto!_pretty_cure,hug_it!_precure,hug_it_precure,hugtto_precure"
lounge_chair,0,1569,sun_lounger
mechanical_pencil,0,1568,
white_sash,0,1568,
sendai_kai_ni_(kancolle),4,1567,
faux_figurine,0,1566,
hand_on_thigh,0,1566,
heckler_&_koch,0,1566,
chandelier,0,1565,
jinx_(league_of_legends),4,1565,
rensouhou-kun,4,1565,
frozen_(disney),3,1564,
holstered_weapon,0,1563,
ayanami_(kancolle),4,1562,ayanami_(kantai_collection)
senjou_no_valkyria_(series),3,1562,"valkyria_chronicles_(series),senjou_no_valkyria"
tamako_market,3,1561,
wooden_wall,0,1561,
color_connection,0,1560,
hakurei_reimu_(cosplay),0,1560,
leotard_pull,0,1560,
felicia_(vampire),4,1559,
sorcerer's_sutra_scroll,0,1559,
peeking,0,1558,"peeping,spying,peek"
single_pauldron,0,1558,single_spaulder
suzutsuki_(kancolle),4,1558,suzutsuki_(kantai_collection)
gem_(symbol),0,1557,"diamond_(emoji),diamond_(symbol)"
polo_shirt,0,1557,
crease,5,1556,
bad_drawr_id,5,1555,
bikini_top_removed,0,1555,
health_bar,0,1555,"hp_bar,lifebar"
hand_on_own_leg,0,1554,
neocoill,1,1554,
isuzu_(kancolle),4,1553,isuzu_(kantai_collection)
latex_bodysuit,0,1553,
sakata_gintoki,4,1553,
souseiseki,4,1553,
two-handed,0,1553,two_handed
ensemble_stars!,3,1552,
hikimayu,0,1552,
park_bench,0,1552,
shikigami,0,1552,paper_ghost
bamboo_broom,0,1551,bamboo-shafted_broom
elite_ii_(arknights),0,1551,
stiletto_heels,0,1551,
toosaka_asagi,1,1551,
yoimiya_(genshin_impact),4,1551,naganohara_yoimiya
misumi_nagisa,4,1550,
robin_(fire_emblem)_(female),4,1550,
leg_hold,0,1548,
lusamine_(pokemon),4,1548,
kinugasa_(kancolle),4,1547,kinugasa_(kantai_collection)
old_woman,0,1547,
sakurai_momoka,4,1547,
german_text,0,1546,german
nishizumi_shiho,4,1546,
agano_(kancolle),4,1545,agano_(kantai_collection)
sunburst_background,0,1544,macedonian_flag
ushiwakamaru_(fate),4,1544,ushiwakamaru_(fate/grand_order)
yamamoto_souichirou,1,1544,kijouyu_udon
bishamonten's_pagoda,0,1543,jeweled_pagoda
dagashi_kashi,3,1543,
i-class_destroyer,4,1542,
japanese_crested_ibis_(kemono_friends),4,1542,crested_ibis_(kemono_friends)
cupless_bra,0,1541,"nippleless_bra,breastless_bra"
groin_tendon,0,1541,
holding_leash,0,1541,
princess_king_boo,4,1540,"queen_boo,booette,boosette"
striped_gloves,0,1540,
fireflies,0,1539,
holding_whip,0,1538,
icho_private_high_school_uniform,0,1538,
large_insertion,0,1537,"huge_insertion,extreme_insertion"
green_hoodie,0,1537,
video_game,0,1537,"videogame,videogames,video_games"
hug,0,1536,"embrace,hugging"
rappa_(rappaya),1,1535,"rapattu,rappa_(pixiv130037)"
suppressor,0,1535,"sound_suppressor,silencer"
bowing,0,1534,
gold_earrings,0,1534,
red_cross,0,1534,
viera,0,1534,
spiked_tail,0,1533,
yellow_cardigan,0,1533,
futa_with_futa,0,1532,futa_on_futa
gold_hairband,0,1531,
spine,0,1531,
ushanka,0,1531,
checkerboard_cookie,0,1530,
graveyard,0,1529,cemetery
mars_symbol,0,1528,"iron_sign,iron_symbol,male_symbol,mars_sign,male_sign"
staff_(music),0,1528,
circled_9,0,1527,"(9),⑨"
different_reflection,0,1527,
has_censored_revision,5,1527,
manhattan_cafe_(umamusume),4,1527,
orange_legwear,0,1525,
choko_(cup),0,1524,sake_cup
lipstick_tube,0,1524,red_lipstick_tube
northern_white-faced_owl_(kemono_friends),4,1524,
rosehip_(girls_und_panzer),4,1524,rosehip
special_week_(umamusume),4,1524,special_week
fingers,0,1522,
shallow_water,0,1522,
instrument_case,0,1521,
little_red_riding_hood,3,1521,
bear_hair_ornament,0,1520,
handsfree_ejaculation,0,1520,untouched_ejaculation
pentagram,0,1520,
holding_sack,0,1519,
hojo_karen,4,1518,"houjou_karen,houjou_karen"
cowlick,0,1517,
reach-around,0,1515,"handjob_from_behind,reach_around,reacharound"
eagle,0,1514,
fff_threesome,0,1514,
hexagon,0,1514,
mei_(overwatch),4,1514,"zhou_mei-ling,mei-ling_zhou"
visible_air,0,1514,
cosplay_photo,5,1513,
naked_hoodie,0,1513,nude_hoodie
ohara_mari,4,1513,
twitter,3,1513,x_(website)
head_between_breasts,0,1512,head_in_breasts
fox_boy,0,1511,
strap-on,0,1511,"strapon,strap_on"
gensou_suikoden,3,1510,suikoden
ribbon-trimmed_collar,0,1510,
crazy_smile,0,1509,
libeccio_(kancolle),4,1509,libeccio_(kantai_collection)
neon_lights,0,1509,
notepad,0,1509,
ramune,0,1509,
hirasawa_ui,4,1508,
kusazuri,0,1508,
mahjong,0,1508,mahjongg
power_suit,0,1507,powersuit
aqua_theme,0,1506,
harukawa_maki,4,1506,
wisteria,0,1506,
nontraditional_playboy_bunny,0,1505,
puffy_detached_sleeves,0,1505,
whipped_cream,0,1505,
wing_hair_ornament,0,1505,
tulip_hat,0,1504,
ghost_in_the_shell,3,1503,"koukaku_kidoutai,gits"
pageratta,1,1503,
itadori_yuuji,4,1502,
office,0,1502,
funami_yui,4,1500,
wolf_boy,0,1500,
pacifier,0,1499,binky
saren_(princess_connect!),4,1499,sasaki_saren
angelina_(arknights),4,1498,
mikazuki_munechika,4,1498,
musashi_kai_ni_(kancolle),4,1498,
painting_(action),0,1498,painting
perineum,0,1498,taint
xenosaga,3,1497,
ayu_(mog),1,1495,
edward_elric,4,1495,
eternity_larva,4,1495,
sakugawa_school_uniform,0,1495,
bayonetta_(series),3,1494,bayonetta
beach_chair,0,1494,
collared_cape,0,1494,
hatsune_miku_(append),4,1494,miku_append
japanese_flag,0,1494,
kirigaya_suguha,4,1494,
matsuryuu,1,1493,matsuryu
fallen_down,0,1492,fell_down
love_letter,0,1492,loveletter
sword_over_shoulder,0,1492,
tokisaki_kurumi,4,1492,
medium_dress,0,1490,
morpeko_(full),4,1490,morpeko_(full_belly)
pussy_piercing,0,1490,
green_scarf,0,1489,
kissing_forehead,0,1489,"forehead_kiss,kiss_on_forehead"
levi_(shingeki_no_kyojin),4,1489,rivaille
kawakaze_(kancolle),4,1488,kawakaze_(kantai_collection)
mega_man_x_(series),3,1488,"rockman_x,mega_man_x,megaman_x"
oshida_(girls_und_panzer),4,1488,oshida_ruka
simplified_chinese_text,0,1488,simplified_chinese
ceres_fauna,4,1487,
artoria_pendragon_(alter_swimsuit_rider)_(fate),4,1485,
kagura_(gintama),4,1485,
pawpads,0,1485,toe_beans
monkey_d._luffy,4,1484,monkey_d_luffy
animal_feet,0,1483,
dinosaur,0,1483,
earth_(ornament),0,1483,
power_(chainsaw_man),4,1483,
blueberry,0,1482,"blue_berry,blueberries"
fate/unlimited_codes,3,1482,
kujou_sara,4,1481,kujou_sara_(genshin_impact)
rotational_symmetry,0,1481,
skyla_(pokemon),4,1481,fuuro_(pokemon)
bremerton_(scorching-hot_training)_(azur_lane),4,1480,
satou_kazuma,4,1480,
stationary_restraints,0,1480,
gengar,4,1479,
nilou_(genshin_impact),4,1479,
sincos,1,1479,trg-_(sain)
air_conditioner,0,1478,"a/c,aircon"
arm_between_breasts,0,1478,hand_between_breasts
hand_between_breasts,0,1477,
honolulu_(azur_lane),4,1477,
tonda,1,1476,
truth,0,1475,
mascot,0,1474,style_of_a_mascot
mismatched_pupils,0,1474,asymmetrical_pupils
morgan_le_fay_(fate),4,1474,
kibito_high_school_uniform,0,1473,
ribbon_in_mouth,0,1473,
mother_(game),3,1472,
spiked_shell,0,1472,
tall_female,0,1472,
centaur,0,1471,
widowmaker_(overwatch),4,1471,amelie_lacroix
convenient_tail,0,1469,tail_censor
has_downscaled_revision,5,1468,
sakura_taisen,3,1468,"sakurataisen,sakura_wars"
caution_tape,0,1467,"warning_tape,police_tape"
frilled_cuffs,0,1467,
ramlethal_valentine,4,1467,ramletherl_valentine
green_apron,0,1466,
holding_needle,0,1466,
age_progression,0,1465,
caressing_testicles,0,1465,"fondling_testicles,ball_caress"
clothed_female_nude_female,0,1465,"nude_female_clothed_female,/cfnf,clothed_female_naked_female,cfnf"
kamui_gakupo,4,1465,
thigh_cutout,0,1465,
playstation_portable,0,1464,psp
tera_online,3,1464,
petting,0,1463,
tiger_boy,0,1463,
francesca_lucchini,4,1462,
white-framed_eyewear,0,1462,white-framed_glasses
boned_meat,0,1461,manga_meat
camilla_(fire_emblem),4,1460,camilla_(fire_emblem_if)
cotton_candy,0,1460,"fairy_floss,candy_floss"
dengeki_moeou,3,1460,
purple_heart,4,1460,
stuffed_shark,0,1460,
onmyoji,3,1459,
reindeer_costume,0,1459,
truck,0,1459,lorry
yd_(orange_maru),1,1459,"yang-do,liquify,ydh2101"
kasugano_sakura,4,1458,
presenting_armpit,0,1458,
bendy_straw,0,1457,
cure_peace,4,1457,
isonami_(kancolle),4,1457,isonami_(kantai_collection)
kiyosumi_school_uniform,0,1457,
blood_from_eyes,0,1456,"bloody_tears,crying_blood,blood_tears"
heart_tail,0,1456,"tail_heart,heart_tails"
leonardo_da_vinci_(fate),4,1456,leonardo_da_vinci_(fate/grand_order)
overgrown,0,1455,
dog_days,3,1454,
garden,0,1454,
kishibe_rohan,4,1454,
holding_lantern,0,1453,
fish_hair_ornament,0,1452,
kashuu_kiyomitsu,4,1452,
aqua_shirt,0,1451,aqua_blouse
hand_on_another's_ass,0,1451,
karin_(bunny)_(blue_archive),4,1451,"kakudate_karin_(bunny),karin_(bunny_girl)_(blue_archive)"
kemono_friends_v_project,3,1451,
chibi_usa,4,1450,
shirase_sakuya,4,1450,
yellow_skin,0,1450,
ashiya_douman_(fate),4,1449,
grey_necktie,0,1449,
hand_puppet,0,1449,"handpuppet,hand_puppets"
diamond_button,0,1448,diamond_shaped_buttons
matsuno_choromatsu,4,1448,choromatsu
yagasuri,0,1448,
berserk,3,1447,
fushiguro_megumi,4,1447,
palette_(object),0,1446,
flame_print,0,1445,fire_print
plant_girl,0,1445,plantgirl
vegetable,0,1445,vegetables
scene_reference,0,1444,
toranoana,3,1444,comic_toranoana
arm_wrap,0,1443,arm_wraps
santa_dress,0,1443,
buzz_cut,0,1442,
halberd,0,1442,"poleaxe,pollaxe,pole_axe"
null_(nyanpyoun),1,1442,
spiked_club,0,1442,
sports_car,0,1442,supercar
head_chain,0,1441,
camcorder,0,1440,
drying,0,1440,toweling_off
eureka_seven_(series),3,1440,
katahira_masashi,1,1440,
magnifying_glass,0,1440,magnifying_glasses
palutena,4,1440,
viewer_holding_leash,0,1440,pov_leash
pink_blood,0,1439,
tukiwani,1,1438,tsuki_wani
chocolate_on_body,0,1437,
helicopter,0,1437,
martha_(fate),4,1437,saint_martha
puffy_pants,0,1437,
hanging,0,1436,
reference_inset,0,1436,
ilya_kuvshinov,1,1435,"madartist,kr0npr1nz"
katori_(kancolle),4,1435,katori_(kantai_collection)
agahari,1,1434,
black_sash,0,1434,
fiery_hair,0,1433,"flaming_hair,fire_hair"
mouth_veil,0,1433,
nijigasaki_academy_school_uniform,0,1433,
poke_ball_print,0,1433,
xenoblade_chronicles_1,3,1433,"xenoblade_chronicles,xenoblade_1"
the_moon_studio,3,1432,"pinky_pop_hepburn_official,kaguya_luna_(character)"
artoria_pendragon_(swimsuit_ruler)_(fate),4,1431,
buttjob,0,1431,"assjob,shirikoki,hotdogging"
holding_shoes,0,1430,"holding_shoe,shoes_on_hands"
omaru_polka,4,1430,
penis_outside,0,1430,
tina_branford,4,1430,
uiharu_kazari,4,1430,
used_tissue,0,1430,"tissue_wad,tissue_wads"
asakura_toru,4,1429,asakura_tooru
morning,0,1429,
wiping_tears,0,1429,
invisible_penis,0,1428,invisicock
fujibayashi_kyou,4,1427,
sitting_on_object,0,1427,
horns_through_headwear,0,1426,antlers_through_headwear
my_little_pony:_friendship_is_magic,3,1426,my_little_pony_friendship_is_magic
striped_kimono,0,1425,striped_yukata
vibrator_under_panties,0,1425,
holding_innertube,0,1424,
oral_invitation,0,1424,
silver_fox_(kemono_friends),4,1424,
donation_box,0,1423,saisen-bako
enemy_aircraft_(kancolle),4,1423,enemy_aircraft_(kantai_collection)
mechanization,0,1423,"robotization,robotification"
ringo_(touhou),4,1423,
santa_boots,0,1423,
back-seamed_legwear,0,1422,back_seamed_legwear
makizushi,0,1422,sushi_roll
myoukou_(kancolle),4,1421,myoukou_(kantai_collection)
multiple_condoms,0,1420,
weibo_logo,0,1419,
butcha-u,1,1418,"eroquis,butcha_u"
handkerchief,0,1418,
ovum,0,1418,
final_fantasy_xv,3,1417,"ffxv,/ff15,ff15,final_fantasy_versus_xiii"
kaeya_(genshin_impact),4,1417,kaeya_alberich
mikage_takashi,1,1417,"ashita_wa_docchi_da!,mikage_kishi"
shirt_in_mouth,0,1417,
alternate_skin_color,0,1416,
ass_cutout,0,1416,heart_ass_cutout
bowl_cut,0,1416,
timestamp,0,1416,time_stamp
ar_tonelico,3,1415,
batman_(series),3,1415,
column,0,1415,columns
holding_clipboard,0,1415,
nyantcha,1,1415,"thiccwithaq,thiccwithaq,thiccwithaq,sly-8"
skadi_the_corrupting_heart_(arknights),4,1414,
tree_stump,0,1414,
side-tie_leotard,0,1413,
cropped_vest,0,1412,
dirndl,0,1412,
crane_(machine),0,1411,
open_window,0,1411,
ruffling_hair,0,1409,"hair_tousle,hair_tussle"
inazuma_eleven_go_chrono_stone,3,1408,
bear_girl,0,1407,
expressive_hair,0,1407,
jeanne_d'arc_(swimsuit_archer)_(fate),4,1406,
inflation,0,1405,
lipstick_mark,0,1405,
mole_on_neck,0,1405,
narrowed_eyes,0,1405,
non-humanoid_robot,0,1405,
tashkent_(kancolle),4,1405,tashkent_(kantai_collection)
elsa_(frozen),4,1404,
thigh_pouch,0,1404,
helena_blavatsky_(fate),4,1402,helena_blavatsky_(fate/grand_order)
molestation,0,1402,"molester,molesting"
neck,0,1402,
shiba_inu,0,1402,
hino_rei,4,1401,
jersey,0,1401,"official_jersey,sports_jersey"
party_hat,0,1401,"birthday_hat,party_hats"
spread_toes,0,1401,toe-spread
jessie_(pokemon),4,1400,musashi_(pokemon)
show_by_rock!!,3,1400,
noire_(neptune_series),4,1399,
pectoral_grab,0,1399,
midna,4,1398,
ragna_the_bloodedge,4,1398,
yotsubato!,3,1398,"yotsubato,yotsuba&!"
curtsey,0,1397,"curtsy,curtsie"
raised_fist,0,1397,air_punch
sonozaki_shion,4,1397,
harem_pants,0,1396,
twilight_(spy_x_family),4,1396,loid_forger
yuri_lowell,4,1396,
hand_on_another's_stomach,0,1395,
marie_antoinette_(fate),4,1395,marie_antoinette_(fate/grand_order)
black_mask,0,1394,
gamepad,0,1394,
gym_storeroom,0,1394,"gym_storage_room,gym_equipment_shed"
panda_ears,0,1394,
pavement,0,1394,
after_ejaculation,0,1393,
le_malin_(azur_lane),4,1393,
popuko,4,1393,
tsukikage_yuri,4,1393,
goblin_slayer!,3,1392,
pet_play,0,1392,petboy
utility_belt,0,1392,
skyline,0,1391,city_skyline
fujima_takuya,1,1391,takuya_fujima
kamio_misuzu,4,1391,
yu-gi-oh!_arc-v,3,1391,"yugioh_arc-v,yuu-gi-ou_arc-v"
doughnut_hair_bun,0,1390,
grey_fur,0,1390,
grey_wolf_(kemono_friends),4,1390,
donut_hair_bun,0,1389,doughnut_hair_bun
ribbed_bodysuit,0,1389,
excessive_pubic_hair,0,1388,
fukumaru_koito,4,1388,
takafumi,1,1388,
takeuchi_takashi,1,1388,
higashi_setsuna,4,1387,
ito_noizi,1,1386,"itou_noiji,noizi_ito"
satono_diamond_(umamusume),4,1386,satono_diamond
expressive_clothes,0,1385,
mysterious_heroine_x_alter_(fate),4,1385,"mysterious_heroine_x_(alter)_(fate),mysterious_heroine_x_(alter),heroine_x_(alter)"
baguette,0,1384,french_bread
mizumoto_tadashi,1,1384,mizutataki
nian_(arknights),4,1384,
triforce,0,1384,
monkey_ears,0,1383,
niwatazumi,1,1383,
omurice,0,1383,rice_omelet
suzuhira_hiro,1,1383,hiro_suzuhira
french_bread,0,1383,
symboli_rudolf_(umamusume),4,1382,
haruhisky,1,1381,
spell_card,0,1381,spellcard
brown_kimono,0,1380,brown_yukata
ezo_red_fox_(kemono_friends),4,1380,
index_fingers_together,0,1380,
yuffie_kisaragi,4,1380,
beige_sweater,0,1379,
charlotte_dunois,4,1379,
endeavor_(boku_no_hero_academia),4,1379,todoroki_enji
jervis_(kancolle),4,1379,jervis_(kantai_collection)
matsuno_todomatsu,4,1379,todomatsu
sitting_on_stairs,0,1379,
alternate_weapon,0,1378,"alternative_weapon,/awe"
stone_lantern,0,1377,
treasure_chest,0,1377,
claw_ring,0,1376,finger_armor_ring
failure_penguin,4,1376,
furukawa_nagisa,4,1376,okazaki_nagisa
madotsuki,4,1376,
mcdonald's,3,1376,mcdonalds
radio,0,1376,
pointless_condom,0,1375,
polka_dot_swimsuit,0,1375,polka-dot_swimsuit
summon_night,3,1375,
furutaka_(kancolle),4,1374,furutaka_(kantai_collection)
oguri_cap_(umamusume),4,1372,
orange_thighhighs,0,1372,
elesa_(pokemon),4,1371,kamitsure_(pokemon)
jean_pierre_polnareff,4,1371,
micro_panties,0,1371,
konno_junko,4,1370,
eyewear_on_headwear,0,1369,
hayashimo_(kancolle),4,1369,hayashimo_(kantai_collection)
hidden_eyes,0,1369,
ishikei,1,1368,"nise_midi_doronokai,nise_midi_doro_no_kai,nisemididoronokai,nisemidi,nise"
coca-cola,3,1367,coca_cola
mega_man_legends,3,1367,
redesign,0,1367,
excessive_cum,0,1365,
tatsumi_kanji,4,1364,
natsume_rin,4,1362,
pink_sailor_collar,0,1362,
takoyaki,0,1362,octopus_balls
dakimakura_(object),0,1361,
mahou_girls_precure!,3,1361,"witchy_precure,witchy_pretty_cure,witchy_precure!,witchy_pretty_cure!,mahou_tsukai_pretty_cure,mahou_tsukai_pretty_cure!,mahoutsukai_pretty_cure,mahoutsukai_pretty_cure!,maho_girls_pretty_cure,mahou_girls_pretty_cure,maho_girls_pretty_cure!,mahou_girls_pretty_cure!,mahoutsukai_precure!,mahoutsukai_precure,mahou_tsukai_precure!,mahou_tsukai_precure,mahou_girls_precure,maho_girls_precure!,maho_girls_precure"
nishi_kinuyo,4,1361,
open_pants,0,1361,
eromame,1,1360,saya26
holding_helmet,0,1360,
orange_sailor_collar,0,1360,
carrying_under_arm,0,1359,
cardfight!!_vanguard,3,1358,
looking_at_animal,0,1358,
propeller,0,1358,
tapir_tail,0,1358,
alpha_transparency,5,1357,
di_gi_charat,3,1357,"digi_charat,digicharat"
holding_brush,0,1357,
hoshi_syoko,4,1357,hoshi_shouko
kamina_(ttgl),4,1357,
kanji,0,1357,
lisa_(genshin_impact),4,1357,lisa_minci
mamiya_(kancolle),4,1357,mamiya_(kantai_collection)
yellow_wings,0,1357,
palm_leaf,0,1356,
red-tinted_eyewear,0,1356,
black_buruma,0,1355,
countdown,0,1355,
fujiwara_chika,4,1355,
bear_print,0,1354,
tiki_(fire_emblem),4,1354,chiki
imu_sanjo,1,1353,
male_playboy_bunny,0,1353,"playboy_bunny_(male),bunny_suit_(male),bunnysuit_(male)"
nanasaki_ai,4,1353,
turtleneck_dress,0,1353,
bulma,4,1352,
cow_boy,0,1352,ox_boy
oversized_shirt,0,1352,
arcana_heart,3,1351,
sakura_futaba,4,1351,
short_jumpsuit,0,1351,
baseball_mitt,0,1350,baseball_glove
eureka_seven,3,1350,"koukyoushihen_eureka_seven,koukyoushihen_eureka_7,eureka_7"
goat_horns,0,1350,
finger_to_face,0,1349,
glomp,0,1349,
globe,0,1348,
yoshikawa_chinatsu,4,1348,
cupping_hands,0,1347,cupped_hands
halloween_bucket,0,1346,"halloween_basket,pumpkin_bucket,pumpkin_basket"
happi,0,1346,
gundam_zz,3,1345,
saria_(arknights),4,1345,
byleth_(fire_emblem)_(male),4,1344,
fighter_jet,0,1344,jet_fighter
priest,0,1344,
sidepec,0,1344,
takamaki_anne,4,1344,"takamaki_ann,takamaki_anzu"
forehead-to-forehead,0,1343,forehead_to_forehead
kawashina_(momen_silicon),1,1342,kahasina
kris_(pokemon),4,1342,crystal_(pokemon)
momosuzu_nene,4,1342,
yuno_(hidamari_sketch),4,1342,yuno
elin,4,1341,elin_(tera)
murakumo_kai_ni_(kancolle),4,1341,
albedo_(genshin_impact),4,1340,
shantae_(series),3,1340,
cat_teaser,0,1339,cat_toy
masturbation_through_clothes,0,1338,"masturbation_over_clothes,masturbation_through_clothing"
leg_between_thighs,0,1337,
little_red_riding_hood_(grimm),4,1337,
stomach_cutout,0,1337,midriff_cutout
venus_symbol,0,1337,"copper_symbol,copper_sign,female_symbol,venus_sign,female_sign"
ark_royal_(kancolle),4,1336,ark_royal_(kantai_collection)
kamoi_(kancolle),4,1336,kamoi_(kantai_collection)
blue_headband,0,1335,
glitch,0,1335,
mahou_shoujo_lyrical_nanoha_vivid,3,1335,/mslnv
no_testicles,0,1335,
spread_pussy_under_clothes,0,1335,
blonde_pubic_hair,0,1334,
hauchiwa,0,1334,
lotion_bottle,0,1334,
idol_clothes,0,1333,
mizuhara_aki,1,1333,
pink_pants,0,1333,
ultra_series,3,1333,
brown_necktie,0,1332,
hand_on_eyewear,0,1332,hand_on_glasses
oshawott,4,1332,
overcoat,0,1332,greatcoat
quiz_magic_academy,3,1332,/qma
sakuma_mayu,4,1331,
aldehyde,1,1330,arudehido
hand_on_breast,0,1330,
italian_flag,0,1330,
alice_margatroid_(pc-98),4,1330,alice_margatroid_(young)
debt,0,1328,
mixing_bowl,0,1328,
naked_kimono,0,1328,
saga,3,1328,
screen,0,1327,
novel_cover,0,1326,
vividred_operation,3,1326,/vivipan
diving_mask_on_head,0,1324,
holding_handheld_game_console,0,1324,
lucifer_(helltaker),4,1324,
roll_(mega_man),4,1323,roll_(rockman)
sheet_music,0,1323,"musical_sheet,musical_sheets,music_sheet,music_sheets"
specter_(arknights),4,1323,
tales_of_symphonia,3,1323,
tsukioka_kogane,4,1323,
ichikawa_feesu,1,1322,feesu_(rinc7600)
twins,0,1322,
snorkel,0,1321,
pillbox_hat,0,1320,
reiuji_utsuho_(bird),4,1320,
death_note,3,1319,deathnote
yes-no_pillow,0,1319,
gyee,3,1318,
incoming_food,0,1318,feeding_viewer
kimono_skirt,0,1318,
holding_leaf,0,1317,
prosthetic_leg,0,1317,artificial_leg
stadium,0,1317,
u.a._school_uniform,0,1317,
pantyhose_under_shorts,0,1316,legwear_under_shorts
stone_floor,0,1316,
katekyo_hitman_reborn!,3,1315,"reborn!,katekyo_hitman_reborn"
black_theme,0,1314,
nike,0,1314,
production_art,5,1314,
red_hood,0,1314,
april_fools,0,1313,
incoming_attack,0,1313,attacking_viewer
squirrel_girl,0,1313,
twitching,0,1313,
cloth_gag,0,1312,otm_gag
pokemon_dppt_(anime),3,1312,
ribbed_sleeves,0,1312,
tropical_drink,0,1312,
tsukumo_benben,4,1312,
._.,0,1312,
haiyore!_nyaruko-san,3,1311,nyaruko:_crawling_with_love
asanagi,1,1310,"fatalpulse,fatalpulse"
flip_phone,0,1310,
nekotoufu,1,1310,
fertilization,0,1309,
silver_(pokemon),4,1309,"heart_(pokemon),soul_(pokemon)"
abigail_williams_(swimsuit_foreigner)_(fate),4,1308,
flower_request,5,1308,
jaguar_ears,0,1308,
mishima_kurone,1,1308,
pokemon_platinum,3,1308,
rainbow_gradient,0,1308,
ryu_(street_fighter),4,1308,
saku_usako_(rabbit),1,1307,ususa70
dei_shirou,1,1306,orenji_zerii
imizu_(nitro_unknown),1,1306,fumei
potion,0,1306,
dido_(azur_lane),4,1305,
school_briefcase,0,1305,
bodice,0,1304,
crosswalk,0,1304,"pedestrian_crossing,zebra_crossing"
pokemoa,1,1304,soara
umikaze_(kancolle),4,1304,umikaze_(kantai_collection)
drawing_bow,0,1303,
lube,0,1303,
myoudouin_itsuki,4,1303,
okita_souji_alter_(fate),4,1303,okita_souji_(alter)_(fate)
shirosato,1,1303,
humiliation,0,1302,"shame_(humiliated),degradation"
kaguya_luna,4,1301,
slapping,0,1301,slap
hoshiguma_(arknights),4,1300,
sailor_moon_redraw_challenge_(meme),0,1300,sailor_moon_redraw_challenge
grey_bra,0,1299,gray_bra
plaid_panties,0,1299,
shining_(series),3,1299,shining_force
under_night_in-birth,3,1299,"/uniel,/unib"
cato_(monocatienus),1,1298,
intravenous_drip,0,1298,"iv_drip,iv"
thrusters,0,1298,
frapowa,1,1297,
hagikaze_(kancolle),4,1297,hagikaze_(kantai_collection)
orange_slice,0,1297,
morino_rinze,4,1296,
cheering,0,1295,"cheered,cheer"
food-themed_clothes,0,1295,food_themed_clothes
grey_border,0,1295,gray_border
joseph_joestar_(old),4,1294,joseph_joestar
lize_helesta,4,1294,
log,0,1294,
elio_(pokemon),4,1293,"sun_(pokemon),you_(pokemon)"
jojo_pose,0,1293,
joseph_joestar,4,1293,
orange_ascot,0,1293,
princess_principal,3,1293,
blowing_kiss,0,1292,"blown_kiss,thrown_kiss,air_kiss,flying_kiss"
cagliostro_(granblue_fantasy),4,1292,
full-body_tattoo,0,1292,full_body_tattoo
godzilla_(series),3,1292,
multicolored_bow,0,1292,
broken_chain,0,1291,broken_chains
bruno_buccellati,4,1291,
nori_tamago,1,1291,
homare_(fool's_art),1,1290,homare_(artist)
plaid_pants,0,1290,
print_bra,0,1290,
sekina,1,1290,
breathing_fire,0,1289,"fire_spit,spitting_fire"
kuwayama_chiyuki,4,1289,
stone_wall,0,1289,
7th_dragon_(series),3,1288,
brown-framed_eyewear,0,1288,brown-framed_glasses
karaagetarou,1,1288,
k-suwabe,1,1287,kei-suwabe
komano_aunn,4,1287,komano_aun
oouso,1,1287,
origami,0,1287,
leather_gloves,0,1286,
lily_of_the_valley,0,1286,suzuran
little_boy_admiral_(kancolle),4,1286,"little_boy_admiral_(kantai_collection),shota_admiral_(kantai_collection)"
haramura_nodoka,4,1285,
murakami_suigun,1,1285,
negom,1,1284,panmi
nippleless_clothes,0,1284,nippleless_clothing
gilles_de_rais_(caster)_(fate),4,1283,caster_(fate/zero)
nishi_koutarou,1,1283,
oomuro_sakurako,4,1283,
wooden_table,0,1283,
alchemy_stars,3,1282,
cleaning,0,1282,
soccer_ball,0,1282,football_(object)
kino_makoto,4,1281,
poker_chip,0,1281,"chip_(poker),poker_chips"
scooter,0,1281,
tamura_yuri,4,1281,
blanc_(neptune_series),4,1280,
marina_(splatoon),4,1280,iida_(splatoon)
ranma-chan,4,1280,
tail_grab,0,1280,
totoki_airi,4,1280,
tsurumaru_kuninaga,4,1280,
yuuka_(blue_archive),4,1280,hayase_yuuka
cow,0,1279,
sengoku_nadeko,4,1279,
blue_eyeshadow,0,1277,
track_pants,0,1277,jogging_pants
horosuke,1,1276,horosuke_(toot08)
platform_heels,0,1276,
stream,0,1276,creek
tail_between_legs,0,1276,
full-package_futanari,0,1275,full_package_futanari
makuwauri,1,1275,
my-otome,3,1275,"my_otome,my-zhime,my_zhime,mai-otome,mai_otome,maiotome"
theresa_apocalypse,4,1275,
unitard,0,1275,
goblin,0,1274,
fumihiko_(fu_mihi_ko),1,1273,fumihiko_(pixiv2658856)
steampunk,0,1273,steam_punk
bianca_(pokemon),4,1272,"bel_(pokemon),bell_(pokemon),bell_(pokemon)"
ike_(fire_emblem),4,1272,ike
wakabayashi_toshiya,1,1272,
harry_potter_(series),3,1271,"harry_potter,harrypotter"
onee-loli,0,1271,
riesz,4,1270,
shouhou_(kancolle),4,1270,shouhou_(kantai_collection)
bird_on_shoulder,0,1269,
hatsune_miku_(cosplay),0,1269,
natsuki_subaru,4,1268,
sleeveless_hoodie,0,1267,
tohno_akiha,4,1267,toono_akiha
twisted_wonderland,3,1267,
blue_fur,0,1266,
dr_rex,1,1266,
gloves_removed,0,1265,
mechanical_tail,0,1265,
multiple_sources,5,1265,
ninomiya_asuka,4,1265,
panty_straps,0,1265,
reflective_water,0,1265,
striped_shorts,0,1265,
dragon_quest_xi,3,1264,
glove_removed,0,1264,gloves_removed
ootsuki_wataru,1,1264,
torn_panties,0,1264,ripped_panties
world_flipper,3,1264,
clitoris_piercing,0,1263,clit_piercing
etorofu_(kancolle),4,1263,etorofu_(kantai_collection)
hand_net,0,1263,
pokedex_number,0,1263,pokemon_number
prisma_illya,4,1263,
torn_pantyhose,0,1263,
altera_(fate),4,1262,attila_(fate/grand_order)
camellia,0,1262,camellia_(flower)
android_21,4,1261,
bad_perspective,0,1260,
respirator,0,1260,
single_strap,0,1260,
kilye_kairi,1,1259,"kirie_kairi,kilye_4421"
pom_pom_hair_ornament,0,1259,hair_pom_pom
tokiko_(touhou),4,1259,
hamaya,0,1258,
hands_on_feet,0,1258,
higuchi_kaede,4,1258,
partially_underwater_shot,0,1258,
mimikyu,4,1257,
purple_tail,0,1257,
su-san,4,1257,
wooden_fence,0,1256,
bridget_(guilty_gear),4,1255,
cat_on_head,0,1255,
alphes_(style),0,1254,
balancing,0,1254,balance
hakama_pants,0,1254,hakama_shorts
kurokoma_saki,4,1254,
doraemon,3,1253,
happoubi_jin,1,1253,happo
oreki_houtarou,4,1252,
street_fighter_iii_(series),3,1252,"street_fighter_iii:_3rd_strike,street_fighter_iii:_2nd_impact,street_fighter_iii,3rd_strike,street_fighter_3"
yokochou,1,1252,
green_flower,0,1251,
yano_toshinori,1,1251,
kasumi_kai_ni_(kancolle),4,1250,
new_school_swimsuit,0,1250,
akizuki_ryo,4,1249,akizuki_ryou
scorbunny,4,1249,
tail_wrap,0,1249,hugging_with_tail
ankle_strap,0,1248,
arashi_(kancolle),4,1248,arashi_(kantai_collection)
aru_(blue_archive),4,1248,rikuhachima_aru
nishida_satono,4,1248,
sponge,0,1248,
eggplant,0,1247,aubergine
noelle_(genshin_impact),4,1247,
shinda_sekai_sensen_uniform,0,1247,
veiny_breasts,0,1247,
polka_dot_legwear,0,1246,
yordle,0,1246,
pink_collar,0,1245,
werewolf,0,1245,
bad_end,0,1244,
black_pubic_hair,0,1243,
cooperative_paizuri,0,1243,multiple_paizuri
phonograph,0,1243,"victrola,gramophone,record_machine,record_player"
sobu_high_school_uniform,0,1243,
atalanta_(fate),4,1242,
hana_kazari,1,1242,
multiple_paizuri,0,1242,
traditional_clothes,0,1242,
beatmania,3,1241,
fletcher_(kancolle),4,1241,fletcher_(kantai_collection)
lossy-lossless,5,1241,
roronoa_zoro,4,1241,
the_legend_of_zelda:_skyward_sword,3,1241,skyward_sword
black_male_underwear,0,1240,black_underwear_(male)
blue_sash,0,1240,
lace-trimmed_sleeves,0,1240,
pink_bag,0,1240,"pink_handbag,pink_backpack"
arch_bishop_(ragnarok_online),4,1239,archbishop_(ragnarok_online)
desk_lamp,0,1239,
imminent_fellatio,0,1239,
latex_gloves,0,1239,
tales_of_zestiria,3,1239,
brown_hairband,0,1238,
electrokinesis,0,1238,electricity_manipulation
honma_meiko,4,1238,
miyamoto_musashi_(swimsuit_berserker)_(fate),4,1238,
bolo_tie,0,1237,
bookmark,0,1237,
wattson_(apex_legends),4,1237,
animal_ear_legwear,0,1236,animal_band_legwear
diagonal-striped_necktie,0,1236,
diana_cavendish,4,1236,
red_bandana,0,1236,
alisa_ilinichina_amiella,4,1235,arisa_iriinchina_amieera
fur-trimmed_skirt,0,1235,
head_on_another's_shoulder,0,1235,head_on_shoulder
severed_head,0,1235,
shower_(place),0,1235,
kujou_karasuma,1,1234,
panties_on_head,0,1234,
super_mario_galaxy,3,1234,
himemori_luna,4,1233,
lord_camelot_(fate),0,1233,
nanase_nao,1,1233,
sana_channel,3,1233,
hourai_doll,4,1232,
kirin_(armor),0,1232,
cure_marine,4,1231,
kadotani_anzu,4,1230,
dangle_earrings,0,1229,
mole_on_ass,0,1229,
single_pantsleg,0,1229,one_pantsleg
skateboard,0,1229,
kourindou_tengu_costume,0,1228,
saint_seiya,3,1228,
yellow_hoodie,0,1228,
breast_conscious,0,1227,
german_flag,0,1227,
gold_armor,0,1227,
murasaki_shikibu_(fate),4,1227,
natori_sana,4,1227,
boots_removed,0,1226,
bandaid_on_hand,0,1225,bandaid_on_finger
blue_horns,0,1225,
maikaze_(kancolle),4,1225,maikaze_(kantai_collection)
bandaid_on_finger,0,1224,
pokemon_on_shoulder,0,1224,
enemy_lifebuoy_(kancolle),4,1223,enemy_lifebuoy_(kantai_collection)
gyro_zeppeli,4,1223,
minna-dietlinde_wilcke,4,1223,
high_kick,0,1222,
multicolored_shirt,0,1222,multicolored_blouse
sunazuka_akira,4,1222,
undone_necktie,0,1222,untied_necktie
frilled_socks,0,1221,
marianne_von_edmund,4,1220,
picnic_basket,0,1220,
schwarz_(arknights),4,1220,
todoroki_shouto,4,1220,
paper_airplane,0,1219,paper_plane
eyebrow_piercing,0,1218,
katawa_shoujo,3,1218,
blue_poison_(arknights),4,1217,
jacket_partially_removed,0,1217,
tablecloth,0,1217,
clearite,1,1216,
frederica_bernkastel,4,1216,
hand_on_own_shoulder,0,1216,
pote_(ptkan),1,1216,ptkan
ivan_karelin,4,1215,
keroro_gunsou,3,1215,"sergeant_frog,sgt._frog,kerorogunsou"
grey_kimono,0,1214,
piers_(pokemon),4,1214,nezu_(pokemon)
siege_(arknights),4,1214,
age_regression,0,1213,de-aging
chainmail,0,1213,mail_armor
koharu_(blue_archive),4,1213,shimoe_koharu
lapel,0,1213,
hat_tip,0,1212,tipping_hat
shin_jigen_game_neptune_vii,3,1212,megadimension_neptunia_vii
shinai,0,1212,bamboo_sword
animal_bag,0,1211,animal_backpack
engiyoshi,1,1211,t_tuzuri
high_school_fleet,3,1211,"hai-furi,haifuri"
runes,0,1211,rune
whispering,0,1211,whisper
friends,0,1210,
ijiranaide_nagatoro-san,3,1210,"please_don't_bully_me_nagatoro,don't_toy_with_me_miss_nagatoro,don't_toy_with_me,_miss_nagatoro,please_don't_bully_me,_nagatoro"
perpendicular_paizuri,0,1210,
club_(shape),0,1209,clubs_(card_suit)
doctor,0,1209,
sunscreen,0,1209,"sunblock,suncream,suntan_lotion"
cocktail_dress,0,1208,
kigurumi,0,1208,masker
ooshio_(kancolle),4,1208,ooshio_(kantai_collection)
tokitarou_(fate),4,1208,
beidou_(genshin_impact),4,1207,hokuto_(genshin_impact)
kimono_pull,0,1207,
nearly_naked_apron,0,1207,nearly_nude_apron
no_gloves,0,1207,
sasaki_chie,4,1207,
soup,0,1207,
yellow_pupils,0,1207,
shokugeki_no_souma,3,1206,"food_wars!,shokugeki_no_soma"
teamwork,0,1206,
aqua_panties,0,1205,
curry_rice,0,1205,
orange_neckerchief,0,1205,
sailor_mercury,4,1205,
sex_machine,0,1205,dildo_machine
shortstack,0,1205,short_stack
skull_mask,0,1205,
kagamihara_nadeshiko,4,1204,
mitsumoto_jouji,1,1204,mitsumoto
playstation_controller,0,1204,
colorado_(kancolle),4,1203,colorado_(kantai_collection)
glitter,0,1203,
flashback,0,1203,
hoshino_fumina,4,1203,
kasumi_(skchkko),1,1203,
kimi_kiss,3,1203,kimikiss
koruri,1,1203,
lace-trimmed_skirt,0,1203,
sheya,1,1203,
slap_mark,0,1202,spank_mark
gofu,1,1201,
kirijou_mitsuru,4,1201,"mitsuru_kirijou,mitsuru_kirijyo"
misaki_kurehito,1,1201,
pants_rolled_up,0,1201,"rolled_pants_legs,rolled-up_pants"
dark_penis,0,1200,black_cock
duffel_coat,0,1200,
hop_(pokemon),4,1200,
metal_gear_solid,3,1200,
odd_one_out,0,1200,
gweda,1,1199,gwegwe
no_game_no_life,3,1199,
pravda_school_uniform,0,1198,
stroking_own_chin,0,1198,"stroking_chin,chin_stroking"
chin_stroking,0,1197,stroking_chin
impossible_swimsuit,0,1197,
richelieu_(kancolle),4,1197,richelieu_(kantai_collection)
sonya_(kill_me_baby),4,1197,
stepped_on,0,1197,stepping_on_person
green_bodysuit,0,1196,green_bikesuit
kousaka_reina,4,1196,
silica,4,1196,
unya,1,1195,
decensored,5,1194,descensored
dust_cloud,0,1194,
goma_(gomasamune),1,1194,gomasamune
pokemon_sv,3,1194,"pokemon_violet,pokemon_scarlet"
shiny_legwear,0,1194,
teireida_mai,4,1194,
tohsaka_tokiomi,4,1193,toosaka_tokiomi
caren_hortensia,4,1192,"caren_ortensia,karen_ortensia"
peeping,0,1192,spying
real_world_location,0,1192,
robin_(fire_emblem)_(male),4,1192,
bulbasaur,4,1191,
grey_bikini,0,1191,"grey_bikini_top,grey_bikini_bottom,gray_bikini"
sausage,0,1191,
koto_inari,1,1190,inari_(flandoll-scarlet-devil)
maebara_keiichi,4,1190,
molten_rock,0,1190,
papakha,0,1190,
sona_(league_of_legends),4,1190,sona_buvelle
plaid_neckwear,0,1190,
bad_nijie_id,5,1189,
brown_bikini,0,1189,
burnt_clothes,0,1189,burned_clothes
girlfriend_(kari),3,1189,
nagi_(kannagi),4,1189,nagi
plaid_bowtie,0,1189,
kero,4,1188,
ranni_the_witch,4,1188,
sobble,4,1188,
utano,1,1188,
furutani_himawari,4,1187,furuya_himawari
gathers,0,1187,
tomoeda_elementary_school_uniform,0,1187,
alpaca_suri_(kemono_friends),4,1186,alpaca_suri
daidouji_tomoyo,4,1186,
fingering_through_clothes,0,1185,
harp,0,1185,
purple_capelet,0,1185,
shirobako,3,1185,white_box
sick,0,1185,
wiping_face,0,1185,
christmas_lights,0,1184,
deerstalker,0,1184,
wading_pool,0,1184,"kiddie_pool,inflatable_pool,wadingpool"
busou_shinki,3,1183,
dead_or_alive_5,3,1183,
short_sidetail,0,1183,
yukata,0,1182,
cellphone_picture,0,1182,
flustered,0,1182,shame_(flustered)
meito_(maze),1,1182,mayooooon
slime_(genshin_impact),4,1182,
amanogawa_kirara,4,1181,
sunflower_hair_ornament,0,1181,
watermelon_bar,0,1181,"watermelon_popsicle,suika_bar"
kanabou,0,1180,kanabo
mismatched_pubic_hair,0,1180,
tent,0,1180,
acrylic_paint_(medium),5,1179,acrylic_paint
carrying_person,0,1179,person_carrying
eurasian_eagle_owl_(kemono_friends),4,1179,
angel_and_devil,0,1178,angel_and_demon
excalibur_morgan_(fate),0,1178,"excalibur_morgan,dark_excalibur"
hand_on_lap,0,1178,
sensei_(blue_archive),4,1178,
fake_mustache,0,1177,"fake_moustache,mustached_girl"
futaba_channel,3,1177,"futaba,2chan"
ikuchan_kaoru,1,1177,"iku_(ikuchan_kaoru),shiroinuchikusyo"
two-tone_legwear,0,1177,
ladybug,0,1176,
striped_sweater,0,1176,
yopparai_oni,1,1176,
naegi_makoto,4,1175,
split_screen,0,1174,
ta-class_battleship,4,1174,ta-class_(kantai_collection)
twitter_logo,0,1173,
zen_(kamuro),1,1172,"zen,suezen"
asymmetrical_horns,0,1171,
da_capo,3,1171,
dot_mouth,0,1171,
holographic_interface,0,1171,
suspended_congress,0,1171,stand_and_carry
wheelchair,0,1171,
naked_bandage,0,1170,nude_bandage
wig,0,1170,
milking_machine,0,1169,
hawaiian_shirt,0,1168,aloha_shirt
medea_(fate),4,1168,
sandals_removed,0,1168,
blue_collar,0,1167,
butterfly_on_hand,0,1167,butterfly_on_finger
ciel_(tsukihime),4,1167,
fireplace,0,1167,
inset,0,1167,
magical_mirai_(vocaloid),3,1167,
oikawa_shizuku,4,1167,
oyashio_(kancolle),4,1167,oyashio_(kantai_collection)
super_robot_wars_original_generation,3,1167,"/srwog,/swrog"
yabuki_kentarou,1,1167,
year_of_the_rat,0,1167,
cheek_bulge,0,1166,bulging_cheeks
shimada_fumikane,1,1166,shimada_humikane
two-sided_cape,0,1166,
winged_footwear,0,1166,
pyrokinesis,0,1165,"pyromancy,fire_manipulation,fire_magic"
ribbed_leotard,0,1165,leotard_sweater
blender_(medium),5,1163,
karukan_(monjya),1,1163,
emoji,0,1162,
leg_armor,0,1162,
living_clothes,0,1162,
pink_pupils,0,1162,
tiered_tray,0,1162,
animal_hug,0,1161,hugging_animal
fake_wings,0,1161,faux_wings
machine,0,1161,machines
on_bench,0,1161,
pipimi,4,1161,
rook_(chess),0,1161,
spoken_character,0,1161,spoken_person
tulip,0,1161,tulips
turning_head,0,1161,
native_american,0,1160,
on_vehicle,0,1160,
ankh,0,1159,egyptian_cross
cheek_squash,0,1159,
chitose_(kancolle),4,1159,chitose_(kantai_collection)
digimon_adventure,3,1159,digimon_adventures
open_robe,0,1159,
ru-class_battleship,4,1159,
tempura,0,1159,
final_fantasy_xii,3,1158,"/ff12,ff12,ffxii"
pasta,0,1158,
sidelighting,0,1158,
yunamaro,1,1157,
yellow_bodysuit,0,1156,yellow_bikesuit
crate,0,1155,crates
kamiyama_high_school_uniform,0,1155,
uvula,0,1155,
bruise_on_face,0,1154,
igarashi_futaba_(shiromanta),4,1154,
tengu,0,1154,
asamura_hiori,1,1153,asamura_hio
denji_(chainsaw_man),4,1153,
ferris_wheel,0,1153,
monika_(doki_doki_literature_club),4,1153,
anila_(granblue_fantasy),4,1152,anira_(granblue_fantasy)
irys_(hololive),4,1152,
jjune,1,1152,
single_fingerless_glove,0,1152,
baltimore_(azur_lane),4,1151,
cum_on_self,0,1151,
large_testicles,0,1151,
sento_isuzu,4,1151,
torn_scarf,0,1151,ripped_scarf
fake_antlers,0,1150,
belt_boots,0,1149,buckled_boots
dairi,1,1149,
kanroji_mitsuri,4,1149,kanroji_matsuri
potato,0,1149,potatoes
black_leggings,0,1148,
constellation_print,0,1148,
hooded_track_jacket,0,1148,
kururugi_suzaku,4,1148,
iphone,0,1147,
kesa,0,1147,
fountain,0,1146,
full-length_zipper,0,1146,full_length_zipper
pink_jacket,0,1146,
art_brush,0,1145,
assam_(girls_und_panzer),4,1145,assam
champion_uniform,0,1145,
laser,0,1145,"lasers,laser_beam"
open_belt,0,1145,"unbuckled_belt,undone_belt"
sword_art_online:_alicization,3,1145,sword_art_online_alicization
abe_nana,4,1144,
aqua_headwear,0,1144,
black_wristband,0,1144,
leather_boots,0,1144,
penis_size_difference,0,1144,
ramchi,1,1144,
snail,0,1144,
two-tone_hairband,0,1144,
chest_of_drawers,0,1143,dresser
large_wings,0,1143,
nanatsu_no_taizai,3,1143,the_seven_deadly_sins_(series)
see-through_skirt,0,1143,transparent_skirt
through_wall,0,1143,"stuck_in_wall,wall_stuck"
alpaca_ears,0,1142,
arm_blade,0,1142,
hitting,0,1142,
stitched_face,0,1142,
kagami_hirotaka,1,1141,"kagami,utility_pole_spirit"
load_bearing_vest,0,1141,
nisekoi,3,1141,
crystal_hair,0,1140,
saniwa_(touken_ranbu),4,1140,
asutora,1,1139,
shantae,4,1139,shantae_(character)
tensei_shitara_slime_datta_ken,3,1139,that_time_i_got_reincarnated_as_a_slime
zeta_(granblue_fantasy),4,1139,
bubukka,1,1138,
candy_hair_ornament,0,1138,
shidare_hotaru,4,1138,
wraith_(apex_legends),4,1138,
honeycomb_(pattern),0,1137,
neckwear_grab,0,1137,
behind_another,0,1136,
modeus_(helltaker),4,1136,
tropical-rouge!_precure,3,1136,"tropical_rouge_pretty_cure,tropical_rouge_precure,tropical-rouge_precure,tropical-rouge_pretty_cure,tropical-rouge!_pretty_cure"
breast_expansion,0,1135,growing_breasts
brown_panties,0,1135,
bus_stop,0,1135,busstop
kusanagi_motoko,4,1135,
ballerina,0,1134,
gladion_(pokemon),4,1134,gladio_(pokemon)
white_mage,4,1134,
bishop_(chess),0,1133,
bow_earrings,0,1133,
cum_on_penis,0,1133,
hooded_cardigan,0,1133,
tanaka_kusao,1,1133,
voyeurism,0,1133,voyeur
boruto:_naruto_next_generations,3,1132,
headwear_request,5,1132,headwear
nagatoro_hayase,4,1132,nagatoro
tima,1,1132,
green_(pokemon),4,1131,blue_(pokemon_special)
hand_on_shoulder,0,1131,
they_had_lots_of_sex_afterwards_(meme),0,1131,they_had_lots_of_sex_afterwards
fairy_knight_tristan_(fate),4,1130,
james_(pokemon),4,1130,kojirou_(pokemon)
kid_icarus_uprising,3,1130,
panther_tail,0,1130,
park,0,1130,
plate_armor,0,1130,
chalk,0,1129,
theft,0,1129,stealing
anilingus,0,1128,"analingus,annilingus,rimjob"
artoria_pendragon_(alter_swimsuit_rider)_(second_ascension)_(fate),4,1128,
world_trigger,3,1128,
check_copyright,5,1127,
marie_(girls_und_panzer),4,1127,
mikuma_(kancolle),4,1127,mikuma_(kantai_collection)
optionaltypo,1,1127,"typo_(requiemdusk),optional_typo"
super_sentai,3,1127,
urushihara_satoshi,1,1127,"/us,/su"
wrestling_ring,0,1127,
dream_c_club_(series),3,1126,
gym,0,1126,gymnasium
utensil_in_mouth,0,1126,"spoon_in_mouth,fork_in_mouth"
hands_on_ass,0,1126,
battle_axe,0,1125,war_axe
lizard_tail,0,1125,salamander_tail
bikesuit,0,1124,"bike_suit,biker_suit,bike_suit"
grey_ribbon,0,1124,
newhalf,0,1124,
ready_to_draw,0,1124,
waero,1,1124,
bike_suit,0,1123,biker_suit
emperor_penguin_(kemono_friends),4,1123,
flashlight,0,1123,electric_torch
kohaku_(tsukihime),4,1123,
kuromiya,1,1123,
meow_(nekodenki),1,1123,
silver_trim,0,1123,
vibrator_in_thighhighs,0,1123,
yukinoshita_yukino,4,1123,
chikuma_(kancolle),4,1122,chikuma_(kantai_collection)
heartbeat,0,1122,
island,0,1122,
laundry,0,1122,
monster_hunter_rise,3,1122,
orange_panties,0,1122,
yuigahama_yui,4,1122,
bow_(music),0,1121,"bow_(instrument),violin_bow,bow_(musical)"
dandon_fuga,1,1121,
suzuki_toto,1,1121,
hair_ears,0,1120,
kamado_tanjirou,4,1120,
lettuce,0,1120,
ammunition_belt,0,1119,ammo_belt
dark_aura,0,1119,
ketchup,0,1119,
kitasan_black_(umamusume),4,1119,
minami-ke,3,1119,minamike
touhoku_kiritan,4,1119,
victor_(pokemon),4,1119,"henry_sword,male_protagonist_(pokemon_swsh),masaru_(pokemon),male_protagonist_(pokemon_swsh)"
archery,0,1118,
hoshino_(blue_archive),4,1118,takanashi_hoshino
uchikake,0,1118,wedding_kimono
zara_(azur_lane),4,1118,
aoshima,1,1117,
asagumo_(kancolle),4,1117,asagumo_(kantai_collection)
fumizuki_(kancolle),4,1117,fumizuki_(kantai_collection)
tsuruya,4,1117,
final_fantasy_xiii,3,1116,"ffxiii,/ff13,ff13"
hatsukaze_(kancolle),4,1116,hatsukaze_(kantai_collection)
yui_(angel_beats!),4,1116,yoshioka_yui
disgust,0,1115,disgusted
dorohedoro,3,1115,
jaguar_(kemono_friends),4,1115,
petals_on_liquid,0,1115,"rose_petal_bath,petals_on_water"
bai_lao_shu,1,1114,
fuuin_no_tsue,0,1114,
hatsushimo_(kancolle),4,1114,hatsushimo_(kantai_collection)
minamoto_sakura,4,1114,
sideways,0,1114,
ikeuchi_tanuma,1,1113,
mismatched_sleeves,0,1113,
bat_ears,0,1112,
digitigrade,0,1112,
huang_baoling,4,1112,
motherly,0,1111,
red_oni,0,1111,
selen_tatsuki,4,1111,
weapon_request,5,1111,
sakuramon,0,1110,
satin,0,1110,
cropped_shoulders,0,1109,
ruler,0,1109,
shuffle!,3,1109,shuffle
triangle_print,0,1109,
konohagakure_symbol,0,1108,
boo_(mario),4,1107,boo
greyscale_with_colored_background,0,1107,
marvel_cinematic_universe,3,1107,
hickey,0,1106,
hidefu_kitayan,1,1106,hidehukitayan
lace-trimmed_gloves,0,1106,
orange_fur,0,1106,
akitsuki_karasu,1,1105,"shuugetsu_karasu,karasu_(karasu1919)"
kazenokaze,1,1105,
momozono_love,4,1105,
namori,1,1105,
orange_pantyhose,0,1105,
commander_(girls'_frontline),4,1104,"commander_(girls_frontline),shikikan_(girls_frontline)"
fiery_horns,0,1104,"burning_horns,fiery_horn,fire_horns"
gift_bag,0,1104,
pod_(nier_automata),4,1104,
riding_pokemon,0,1104,
soda_bottle,0,1104,coke_bottle
queen_(chess),0,1103,
boudica_(fate),4,1102,boudica_(fate/grand_order)
hakui_koyori,4,1102,
mizuno_ai,4,1102,
french_text,0,1101,french
ootachi,0,1101,"oodachi,nodachi"
sailor_venus,4,1101,
yin_(darker_than_black),4,1101,
drum_(container),0,1100,"oil_barrel,metal_drum,oil_drum"
green_sleeves,0,1100,
off-shoulder_bikini,0,1100,
gradient_legwear,0,1099,"gradient_pantyhose,gradient_leggings,gradient_thighhighs,gradient_kneehighs,gradient_socks"
iizuki_tasuku,1,1099,tasuku_iizuki
implied_yuri,0,1099,
oven_mitts,0,1099,"oven_mitt,oven_mittens"
spacezin,1,1099,space_jin
eyewear_strap,0,1097,"glasses_chain,eyewear_chain"
grey_sleeves,0,1097,
izumi-no-kami_kanesada,4,1097,
lalafell,0,1097,
blue_armor,0,1096,
closers,3,1096,
kawashima_momo,4,1096,
satou_kibi,1,1096,satoukibi
torpedo_launcher,0,1096,
legs_over_head,0,1095,
round_window,0,1095,
blend_s,3,1094,
cat_day,0,1094,
ribbon-trimmed_dress,0,1094,
shirt_grab,0,1094,
bad_food,0,1093,"disgusting_food,food_of_doom"
archived_source,5,1092,
littorio_(kancolle),4,1092,littorio_(kantai_collection)
back_focus,0,1091,
battle_rifle,0,1091,
luggage,0,1091,
vaulting_horse,0,1091,tobibako
vodka_(umamusume),4,1091,
adjusting_legwear,0,1090,"adjusting_pantyhose,adjusting_thighhigh,adjusting_thighhighs"
eyebrow_cut,0,1090,scar_through_eyebrow
ichigo_mashimaro,3,1090,"strawberry_marshmallow,ichigomashimaro"
mechanical_ears,0,1090,
pink_pantyhose,0,1090,
rising_sun,0,1090,
torn_jeans,0,1090,ripped_jeans
enkidu_(fate),4,1089,enkidu_(fate/strange_fake)
holding_water_gun,0,1089,
moisture_(chichi),1,1089,
niijima_makoto,4,1089,
test_plugsuit,0,1089,
yanfei_(genshin_impact),4,1089,
abuse,0,1088,
akairiot,1,1088,
high_priest_(ragnarok_online),4,1088,
low_neckline,0,1088,low-cut_neckline
rance_(series),3,1088,
yoshi_tama,1,1088,
coffin,0,1087,funerary_casket
rias_gremory,4,1087,
shared_bathing,0,1087,"shared_bathtub,2girls1tub"
sundae,0,1087,
yamashita_shun'ya,1,1087,"shunya_yamashita,yamashita_shunya"
consensual_tentacles,0,1086,consentacles
dream_c_club,3,1086,dream_club
multiple_monochrome,0,1086,
toilet_use,0,1086,using_toilet
upshorts,0,1086,
flock,0,1085,
minamoto_no_raikou_(swimsuit_lancer)_(fate),4,1085,
soap_censor,0,1085,censor_soap
berserker_(fate/zero),4,1084,
chat_log,0,1084,
title_parody,0,1084,
tsukuyomi_shirabe,4,1084,
weight_conscious,0,1084,
bird_mask,0,1083,
boar,0,1083,boars
knees_apart_feet_together,0,1083,
tharja_(fire_emblem),4,1083,"tharja,sarja"
honey,0,1083,
armin_arlert,4,1082,armin_arelet
strap_lift,0,1082,
climbing,0,1081,
fubuki_(one-punch_man),4,1081,"hellish_blizzard,fubuki_(onepunch_man)"
patterned,0,1081,pattern
salaryman,0,1081,"salary_man,office_man,businessman"
shiina_yuika,4,1081,
buruma_pull,0,1080,burumapull
dumbbell,0,1080,
kako_(kancolle),4,1080,kako_(kantai_collection)
non_non_biyori,3,1080,
passionlip_(fate),4,1080,"passionlip,passion_lip"
yamashiro_(azur_lane),4,1080,
smokestack,0,1079,ship_funnel
guido_mista,4,1079,
holding_balloon,0,1079,
liquid_hair,0,1079,water_hair
shell_bikini,0,1079,"seashell_bra,shell_bra,seashell_bikini"
covering_ass,0,1078,
heart-shaped_lock,0,1078,
leona_heidern,4,1078,
shihouin_yoruichi,4,1078,shihoin_yoruichi
ammunition,0,1077,ammo
collared_coat,0,1077,
fubuki_kai_ni_(kancolle),4,1077,
hawks_(boku_no_hero_academia),4,1077,takami_keigo
sailor_mars,4,1077,
clog_sandals,0,1076,
doitsuken,1,1076,
pennant,0,1076,
split_ponytail,0,1076,
tamaki_iroha,4,1076,
tokimeki_memorial,3,1076,
butterfly_net,0,1075,bug_net
keizoku_military_uniform,0,1075,
lucas_(pokemon),4,1075,"diamond_(pokemon),kouki_(pokemon)"
mask_around_neck,0,1075,
nowaki_(kancolle),4,1075,nowaki_(kantai_collection)
red_neckwear,0,1075,
user_interface,0,1075,game_interface
watatsuki_no_toyohime,4,1075,
chocolate_on_breasts,0,1074,
hayasui_(kancolle),4,1074,hayasui_(kantai_collection)
low_tied_hair,0,1074,
red_ascot,0,1074,red_jabot
wall_of_text,0,1074,
drawing_sword,0,1073,
mouth_pull,0,1073,
odin_sphere,3,1073,
red_bowtie,0,1073,
rita_rossweisse,4,1073,
weighing_scale,0,1073,"weight_scale,weighing_scales"
anchor_print,0,1072,
gradient_clothes,0,1072,
red_neckerchief,0,1072,
steering_wheel,0,1072,
kitchen_knife,0,1071,
red_necktie,0,1071,
b-ginga,1,1070,"body_mahattaya_ginga,bodimahattayaougaki"
glowing_wings,0,1070,
looking_at_breasts,0,1070,staring_at_breasts
luigi,4,1070,
mechanical_hands,0,1070,robot_hands
saunders_military_uniform,0,1070,
swim_cap,0,1070,"swimcap,swimming_cap"
birthmark,0,1069,
hoshizuki_(seigetsu),1,1069,"hoshizuki_(seigetu),seigetu"
pharah_(overwatch),4,1069,fareeha_amari
spoken_object,0,1069,
zara_(kancolle),4,1069,zara_(kantai_collection)
ashford_academy_uniform,0,1068,
ass_support,0,1068,
back-print_panties,0,1068,
champagne,0,1068,
cooler,0,1068,"ice_box,cool_box"
dark_green_hair,0,1068,
ginkgo_leaf,0,1068,gingko_leaf
torn_swimsuit,0,1068,ripped_swimsuit
xuangzang_sanzang_(fate),4,1068,xuanzang_(fate/grand_order)
c:,0,1068,
cait_aron,1,1067,cait
castlevania,3,1067,style_of_castlevania
hoshimiya_ichigo,4,1067,
screwdriver,0,1067,screw_driver
uncommon_stimulation,0,1067,fantastic_arousal
washing,0,1067,
dice_hair_ornament,0,1066,
karna_(fate),4,1066,"lancer_of_red,launcher_(fate/extra_ccc),karna_(fate/extra_ccc)"
spreader_bar,0,1066,spread_bar
cum_on_pussy,0,1065,
iris_(pokemon),4,1065,
legs_folded,0,1064,
pinching_sleeves,0,1064,sleeve_hold
reindeer,0,1064,
hanetsuki,0,1063,
light_censor,0,1063,
bow_choker,0,1062,
decepticon,0,1062,
striped_horns,0,1062,
anal_hair,0,1061,
button_eyes,0,1061,
irida_(pokemon),4,1061,
jimiko,0,1061,
no_lineart,0,1061,"lineless,no_line-art"
princess_daisy,4,1060,
fish_print,0,1059,
fukuzawa_yumi,4,1059,
horse_penis,0,1059,"horsecock,horse_cock"
master_sword,0,1059,
violet_evergarden_(series),3,1059,violet_evergarden
mahou_shoujo_ikusei_keikaku,3,1058,"magical_girl_raising_project,mahoiku"
nakamura_yuri,4,1058,yuri_(angel_beats!)
uryuu_ryuunosuke,4,1058,
candy_wrapper,0,1056,
carpaccio_(girls_und_panzer),4,1056,carpaccio
cure_beauty,4,1056,
haro,4,1056,
nata_(tool),0,1056,"hatchet_(oriental),oriental_hatchet"
torn_leotard,0,1056,ripped_leotard
borrowed_design,0,1055,borrowed_costume
bow_legwear,0,1055,"bow_socks,sock_bow,thighhigh_bow,bow_thighhighs"
drum_set,0,1055,drum_kit
k/da_(league_of_legends),0,1055,kda
oribe_yasuna,4,1055,
phallic_symbol,0,1055,phallic_object
tearing_clothes,0,1055,
alternate_language,5,1054,
mikeou,1,1054,
pink_wings,0,1054,
kyouka_(princess_connect!),4,1053,
morning_glory,0,1053,
angel_(kof),4,1052,angel_(king_of_fighters)
ashido_mina,4,1052,pinky_(boku_no_hero_academia)
holding_game_controller,0,1052,
arrow_through_heart,0,1051,
lighter,0,1051,
orange-tinted_eyewear,0,1051,
picnic,0,1051,
beans,0,1051,bean
falling,0,1050,
eu03,1,1050,ouendan_(artist)
sabrina_(pokemon),4,1050,natsume_(pokemon)
aria_company_uniform,0,1048,
arisu_(blue_archive),4,1048,
blade_&_soul,3,1048,blade_and_soul
blue_tongue,0,1048,
smoke,0,1048,
hizaka,1,1048,
katou_asuka,4,1048,
sky-freedom,1,1048,sky_(freedom)
bede_(pokemon),4,1047,beet_(pokemon)
clothes,0,1047,
purple_fire,0,1047,purple_flame
america_(hetalia),4,1046,alfred_f._jones
puppet_strings,0,1046,puppet_string
sword_behind_back,0,1046,
wrinkled_skin,0,1046,wrinkles
ange_katrina,4,1045,
breastfeeding,0,1045,"breast_feeding,breast_feed,suckle"
cum_in_clothes,0,1045,"cum_inside_thighhigh,cum_inside_clothes,cum_under_clothes"
fake_cover,0,1045,
johnston_(kancolle),4,1045,johnston_(kantai_collection)
kuavera,1,1045,
azura_(fire_emblem),4,1044,"aqua_(fire_emblem_if),azura_(fire_emblem_fates)"
brown_bodysuit,0,1044,brown_bikesuit
chi-chi_(dragon_ball),4,1044,chichi
cum_on_feet,0,1044,
eve_(elsword),4,1044,
galaxy_expedition_team_survey_corps_uniform,0,1044,
uchuu_senkan_yamato,3,1044,"star_blazers,space_battleship_yamato"
wakizashi,0,1044,
artificial_eye,0,1043,
breast_feeding,0,1043,suckle
doily,0,1043,
kashino_(azur_lane),4,1043,
ama_mitsuki,1,1042,
bicorne,0,1042,bicorne_hat
cutting_board,0,1042,chopping_board
umbreon,4,1042,
cyndaquil,4,1041,
angora_rabbit,0,1040,
guitar_case,0,1040,
yuuki_mikan,4,1040,
brown_bowtie,0,1039,
rachel_alucard,4,1039,
tomoe_hotaru,4,1039,
tricorne,0,1039,tricorne_hat
yuzuki_choco,4,1039,
bus,0,1038,
dusk_(arknights),4,1038,
fishnet_top,0,1038,fishnet_shirt
heart_button,0,1038,heart-shaped_buttons
loungewear,0,1038,
reze_(chainsaw_man),4,1038,
comforting,0,1037,consoling
hairjob,0,1037,
hooded_robe,0,1037,
mole_above_mouth,0,1037,
pill_earrings,0,1037,
strawberry_hair_ornament,0,1037,
suzuhara_lulu,4,1037,
brown_socks,0,1036,brown_kneehighs
detexted,5,1036,
duster,0,1036,
fishnet_gloves,0,1036,
pearl_bracelet,0,1036,
colonel_aki,1,1035,
cure_blossom,4,1035,
hisakawa_hayate,4,1035,
rex_(xenoblade),4,1035,
very_long_sleeves,0,1035,
hand_to_forehead,0,1034,
mochizuki_(kancolle),4,1034,mochizuki_(kantai_collection)
newtype,3,1034,
sylveon,4,1034,
thai_text,0,1034,thai
awa,1,1033,
combat_boots,0,1033,
key_visual,5,1033,
party_popper,0,1033,confetti_popper
aquarion_(series),3,1032,
shopping_bag,0,1032,shopping_bags
shironeko_project,3,1032,
training_bra,0,1032,
yellow_apron,0,1032,
cheek_press,0,1031,cheek_rub
forked_tongue,0,1031,"split_tongue,snake_tongue"
pink_hakama,0,1031,
puckered_anus,0,1031,puffy_anus
survey_corps_(emblem),0,1031,
elira_pendora,4,1030,
hand_to_head,0,1030,
holding_baseball_bat,0,1030,holding_bat_(baseball)
millia_rage,4,1030,
plaid_jacket,0,1030,
after_rape,0,1029,broken_rape_victim
ban!_(bansankan),1,1029,ban
licking_another's_face,0,1029,"licking_face,face_licking,face_lick"
scaramouche_(genshin_impact),4,1029,
subaru_nakajima,4,1029,nakajima_subaru
imminent_anal,0,1028,
katou_megumi,4,1028,
smokestack_hair_ornament,0,1028,
tsunade_(naruto),4,1028,tsunade
jumpy_dumpty,4,1027,
shichimenchou,1,1027,"shitimentyou,sitimenchou"
detective,0,1026,
headless,0,1026,
summer_festival,0,1026,
asteroid_ill,1,1025,asuteroid
bored,0,1025,
healin'_good_precure,3,1025,"healing_good_pretty_cure,healin_good_pretty_cure,healin'_good_pretty_cure,healin_good_precure,healing_good_precure"
inuyama_aoi,4,1025,
miyamizu_mitsuha,4,1025,
eroe,1,1024,
grey_neckerchief,0,1024,
chongyun_(genshin_impact),4,1023,chouun_(genshin_impact)
round_image,0,1023,
soda,0,1023,"soft_drink,soft_drink"
sharp_toenails,0,1022,pointy_toenails
arjuna_(fate),4,1021,arjuna_(fate/grand_order)
blue_sclera,0,1021,
erect_clitoris,0,1021,erect_clit
head_down,0,1021,
hisakawa_nagi,4,1021,
scathach_(swimsuit_assassin)_(fate),4,1021,
spit_take,0,1021,
camouflage_jacket,0,1020,
denim_jacket,0,1020,
kazanari_tsubasa,4,1020,
messenger_bag,0,1019,
seo_tatsuya,1,1019,"illinois_tabako,teddy-plaza"
vore,0,1019,
cross_print,0,1018,
eiri_(eirri),1,1018,haipa_okara
holding_jacket,0,1018,
oohashi_high_school_uniform,0,1018,
poke_ball_theme,0,1018,
tonee,1,1018,
kazama_iroha,4,1017,
tooth_necklace,0,1017,"teeth_necklace,fang_necklace"
winry_rockbell,4,1017,
hospital_bed,0,1016,
inui_toko,4,1016,
katsuragi_misato,4,1016,
lute_(instrument),0,1016,
stealth_sex,0,1016,hidden_sex
tepig,4,1016,
xingqiu_(genshin_impact),4,1016,yukuaki_(genshin_impact)
yarn,0,1016,
egg_hair_ornament,0,1015,
fate/strange_fake,3,1015,
grey_nails,0,1015,grey_fingernails
guided_breast_grab,0,1015,
kars_(jojo),4,1015,cars_(jojo)
snack,0,1015,snacks
horikawa_kunihiro,4,1014,
loose_bowtie,0,1014,
necktie_grab,0,1014,"necktie_pull,tie_grab,tiegrab"
tsurumaki_maki,4,1014,
campfire,0,1013,
grey_belt,0,1013,gray_belt
hokuto_no_ken,3,1013,fist_of_the_north_star
kos-mos,4,1013,
prehensile_tail,0,1013,
radiation_symbol,0,1013,"nuclear_symbol,nuclear"
upshirt,0,1013,
assassin's_creed_(series),3,1012,
outstretched_leg,0,1012,leg_outstretched
pink_socks,0,1012,pink_kneehighs
tada_riina,4,1012,
yin_yang_orb,0,1012,
kongou_kai_ni_(kancolle),4,1011,
basketball_uniform,0,1010,
liz_to_aoi_tori,3,1010,liz_and_the_blue_bird
tokino_sora,4,1010,
vertical-striped_pantyhose,0,1010,
bunny-shaped_pupils,0,1009,
mirai_nikki,3,1009,future_diary
extra_mouth,0,1008,multiple_mouths
kaneki_ken,4,1008,
motorcycle_helmet,0,1008,
paw_print_background,0,1008,paw_background
clapping,0,1007,clap
nintendo_ds,0,1007,"nds,ds"
shuujin_academy_uniform,0,1007,
jokanhiyou,1,1006,shangguan_feiying
kamikita_komari,4,1006,
otokuyou,1,1006,"tsunekichi,haegiwa,toku_0012"
thermometer,0,1006,
tonfa,0,1006,
torn_gloves,0,1006,ripped_gloves
cis_(carcharias),1,1005,"makura-ko_(nacoll),cercis,carcharias!"
komaki_manaka,4,1005,
mauve,1,1005,
kishinami_hakuno_(female),4,1004,"hakunon_(fate/extra),female_protagonist_(fate/extra)"
noh_mask,0,1004,
popplio,4,1004,
rocket,0,1004,rockets
roma_(kancolle),4,1004,roma_(kantai_collection)
sorceress_(dragon's_crown),4,1004,
tantou,0,1004,
the_legend_of_zelda:_a_link_between_worlds,3,1004,a_link_between_worlds
diaper,0,1003,
skates,0,1003,
poster_(medium),0,1003,
rabbit_yukine,4,1003,yukine_(vocaloid)
accidental_exposure,0,1002,
dragalia_lost,3,1002,
hair_flip,0,1002,
kaijuu,0,1002,
sakiyamama,1,1002,
single_horizontal_stripe,0,1002,
choufu_shimin,1,1001,
multiple_braids,0,1001,
mutsuki_(blue_archive),4,1001,asagi_mutsuki
nursery_rhyme_(fate),4,1001,nursery_rhyme_(fate/extra)
player_2,0,1001,
body_freckles,0,1000,
charmander,4,1000,
kotonoha_akane,4,1000,
nanachi_(made_in_abyss),4,1000,
niconico,3,1000,"nicovideo,nico_nico_douga"
st._gloriana's_(emblem),0,1000,
walkie-talkie,0,1000,walkie_talkie
red_apron,0,999,
asa_no_ha_(pattern),0,998,
belly_grab,0,998,tummy_grab
canvas_(object),0,998,
holding_stylus,0,998,
niichi_(komorebi-palette),1,998,mikkii
prinz_eugen_(unfading_smile)_(azur_lane),4,998,
hot_dog,0,997,hotdog
maruki_(punchiki),1,997,punchiki
brown_leotard,0,996,
clarisse_(granblue_fantasy),4,996,
crocodilian_tail,0,996,"crocodile_tail,alligator_tail"
cure_black,4,996,
bombergirl,3,995,
elezen,0,995,
frisk_(undertale),4,995,
soul_worker,3,995,
ushiromiya_maria,4,995,
white_tail,0,995,
fantia_reward,5,994,
kitashirakawa_tamako,4,994,
under_kotatsu,0,994,
abigail_williams_(traveling_outfit)_(fate),4,993,
pearl_(splatoon),4,993,hime_(splatoon)
rosaria_(genshin_impact),4,993,
akali,4,992,
albedo_(overlord),4,992,albedo
cocktail,0,992,
star_of_david,0,992,
yellow_leotard,0,992,
cowboy_boots,0,991,
kashiwamochi_yomogi,1,991,yomogi
king_hassan_(fate),4,991,king_hassan_(fate/grand_order)
sand_sculpture,0,991,
mizunashi_akari,4,990,
akkijin,1,989,
covering_one_eye,0,989,covering_eye
frog_print,0,989,
multiple_straps,0,989,
tokyo_ghoul:re,3,989,
catstudioinc_(punepuni),1,988,catstudio_(artist)
breast_focus,0,987,
chan_co,1,987,
holding_scissors,0,987,
marth_(fire_emblem),4,987,marth
snake_hair,0,987,"gorgon,medusa"
takagi-san,4,987,
applying_makeup,0,986,putting_on_makeup
broken_weapon,0,986,
bulletproof_vest,0,986,"plate_carrier,kevlar_vest"
glowing_horns,0,986,
ib_(ib),4,986,eve_(ib)
in_cup,0,986,girl_in_a_cup
rectangular_mouth,0,986,"square_mouth,:[]"
tamamo_cross_(umamusume),4,986,
asaya_minoru,1,985,
:[],0,985,
asian,0,984,
ferry_(granblue_fantasy),4,984,ferri_(granblue_fantasy)
kugisaki_nobara,4,984,
looking_at_mirror,0,984,
naked_overalls,0,984,nude_overalls
ryoji_(nomura_ryouji),1,984,"ryoji_(09541085),nomura_ryouji"
ugly_man,0,984,
crayon,0,983,crayons
embodiment_of_scarlet_devil,3,983,the_embodiment_of_scarlet_devil
eyjafjalla_(arknights),4,983,
good_end,0,983,
kazagumo_(kancolle),4,983,kazagumo_(kantai_collection)
rokuwata_tomoe,1,983,
serizawa_asahi,4,983,
voice_actor,0,983,"seiyuu,voice_actress"
choujigen_game_neptune,3,982,hyperdimension_neptunia
disney,3,982,
goat_girl,0,982,
kooh,4,982,
sora_(kingdom_hearts),4,982,
violet_evergarden,4,982,violet_evergarden_(character)
arisugawa_natsuha,4,981,
colored_shadow,0,981,
furigana,0,981,
mitake_ran,4,981,
berry,0,980,berries
corn,0,980,maize
heart_balloon,0,980,heart-shaped_balloon
maoyuu_maou_yuusha,3,980,"archenemy_and_hero,/maoyuu,maoyuu"
vampire_costume,0,980,dracula_costume
blue_overalls,0,979,
cure_march,4,979,
troll_face,0,979,trollface
king_(chess),0,978,
lasterk,1,978,
red_bag,0,978,red_backpack
yuri_plisetsky,4,978,
bc_freedom_military_uniform,0,977,
hibiki_(blue_archive),4,977,nekozuka_hibiki
moogle,4,977,
off-shoulder_jacket,0,977,
tools,0,977,tool
trash_bag,0,977,"trash_bags,garbage_bags,garbage_bag,rubbish_bags,rubbish_bag,waste_bags,waste_bag"
shorts_under_dress,0,975,
taneshima_popura,4,975,taneshima_poplar
tsukumo_yatsuhashi,4,975,
bowser,4,974,
dildo_riding,0,974,
kuchiki_rukia,4,974,
saiyan_armor,0,974,
annin_musou,1,973,
ninja_mask,0,973,
osaki_amana,4,973,oosaki_amana
torn_jacket,0,973,ripped_jacket
tsushima_(kancolle),4,973,tsushima_(kantai_collection)
aikatsu_stars!,3,972,
reiner_braun,4,972,
espeon,4,971,
kitazawa_shiho,4,971,
lactation_through_clothes,0,971,
rotom_phone,4,971,
cure_happy,4,970,
kuroko_no_basuke,3,970,"kuroko's_basketball,kuroko_no_basket"
scarf_over_mouth,0,970,
takeba_yukari,4,970,yukari_takeba
thighhighs_over_pantyhose,0,970,
uzaki_hana,4,970,
akitsushima_(kancolle),4,969,akitsushima_(kantai_collection)
easel,0,969,
human_scabbard,0,969,sword_out_of_chest
intrepid_(kancolle),4,969,intrepid_(kantai_collection)
odawara_hakone,1,969,
sailor_senshi,0,969,
thread,0,969,threads
vanishing_point,0,969,
war,0,969,
dudou,0,968,du_dou
haruna_kai_ni_(kancolle),4,968,
telstar,0,968,
facepalm,0,967,
bandaged_neck,0,966,
cd,0,966,
hoshikawa_sara,4,966,
anzio_military_uniform,0,965,
frogtie,0,965,
uccow,1,965,
calico,0,964,
duel_academy_uniform_(yu-gi-oh!_gx),0,964,
hoop,0,964,
ink_tank_(splatoon),0,964,
toast_in_mouth,0,964,
green_hakama,0,963,
hina_ichigo,4,963,
penises_touching,0,963,penis_touching
raphtalia,4,963,
vikala_(granblue_fantasy),4,963,
zabuton,0,963,seiza_pillow
wood,0,962,
corded_phone,0,961,
ear_biting,0,961,
hat_over_one_eye,0,961,
heart_o-ring,0,961,heart_ring
takanami_(kancolle),4,961,takanami_(kantai_collection)
tateyama_ayano,4,961,
traditional_chinese_text,0,961,traditional_chinese
ark_order,3,960,
bosshi,1,960,"jyuri,askray"
drying_hair,0,960,
jill_valentine,4,960,
saotome_alto,4,960,
million_arthur_(series),3,959,
print_headwear,0,959,print_hat
pursed_lips,0,959,
red_eyeliner,0,959,
source_image_text,5,959,
yellow_sash,0,959,
blank_stare,0,958,
eye_of_horus,0,958,"eye_of_wedjat,eye_of_wadjet,eye_of_wdjat"
frilled_shorts,0,958,
counter:side,3,957,counter_side
gomennasai,1,957,
mo_(kireinamo),1,957,
momo_velia_deviluke,4,957,
overall_shorts,0,957,
pet_bowl,0,957,"food_bowl,dog_bowl"
ririko_(zhuoyandesailaer),1,957,zhuoyandesailaer
yotsuba_alice,4,957,
cevio,3,956,
cum_on_pectorals,0,956,semen_on_pecs
griffin_&_kryuger_military_uniform,0,956,griffin_and_kryuger_military_uniform
karina_lyle,4,956,
kino_no_tabi,3,956,kino's_journey
misumi_(macaroni),1,956,sinsihukunokonaka
multicolored_cape,0,956,
pornography,0,956,
sakazaki_freddy,1,956,
socks_removed,0,956,
toilet_paper,0,956,
white_tiger,0,956,
live2d,5,956,
cure_melody,4,955,
kujou_karen,4,955,
screw,0,955,
snowball,0,955,
team_rocket_uniform,0,955,
x-men,3,955,
among_us,3,954,
backless_leotard,0,954,
red_apple,0,954,
araragi_karen,4,953,
jin_(mugenjin),1,953,jin_(artist)
shirayuki_hime,4,953,
tentacles_under_clothes,0,953,
under_tree,0,953,
benghuai_xueyuan,3,952,
folding_chair,0,952,
huge_bow,0,952,
kemachiku,1,952,
pier,0,952,
raimon_soccer_uniform,0,952,
the_legend_of_zelda:_the_wind_waker,3,952,"the_wind_waker,wind_waker"
blind,0,951,
bubble_tea_challenge,0,951,tapioca_challenge
dark_areolae,0,951,
double_vertical_stripe,0,951,
mechanical_eye,0,951,
meltryllis_(swimsuit_lancer)_(first_ascension)_(fate),4,951,
miss_cloud,4,951,
nate_(pokemon),4,951,"blake_(pokemon),lack-two_(pokemon),male_protagonist_(pokemon_bw2),kyouhei_(pokemon),male_protagonist_(pokemon_bw2)"
rice_on_face,0,951,rice_on_cheek
white_snake,0,951,
chef_uniform,0,950,
eto_(ikumika),1,950,eto
from_outside,0,950,
hand_on_another's_leg,0,950,
sakurazawa_izumi,1,950,chronolog
afrobull,1,949,
key_necklace,0,949,
wiping_sweat,0,949,
alice_(alice_in_wonderland)_(cosplay),0,948,
daruma_doll,0,948,
no_tail,0,948,
purple_eyeshadow,0,948,
shirow_masamune,1,948,shirou_masamune
sucy_manbavaran,4,948,sucy_manbabalan
kayneth_el-melloi_archibald,4,946,kayneth_archibald_el-melloi
obiwan,1,946,
purple_belt,0,946,
toudou_shimako,4,946,
transparent_wings,0,946,see-through_wings
shoelaces,0,945,
tsuruse,1,945,
xenogears,3,945,
keystone,0,944,
setz,1,944,
sonoda_chiyoko,4,944,
tanaka_mamimi,4,944,
airfield_princess,4,943,airfield_hime
cat_ear_legwear,0,943,cat_band_legwear
danua,4,942,
ichigo_(darling_in_the_franxx),4,942,
japan_(hetalia),4,942,honda_kiku
white_serafuku,0,942,
fleur_de_lapin_uniform,0,941,
non_(z-art),1,941,
sailor_jupiter,4,941,
shopping,0,941,
alphonse_elric,4,940,
chrono_trigger,3,940,
purple_scrunchie,0,940,
rtil,1,940,
shirabi,1,940,
voile,0,940,
eyewear_hang,0,939,eyewear_on_clothing
hanten_(clothes),0,939,
katsura_hinagiku,4,939,
musou_isshin_(genshin_impact),0,939,
nanodesu_(phrase),0,939,
pixiv_fantasia_5,3,939,
pokemon_lgpe,3,939,"pokemon:_let's_go_eevee!,pokemon:_let's_go_pikachu!"
popcorn,0,939,
samneco,1,939,
hand_on_another's_waist,0,938,
mega_man_zero,3,938,
multiple_riders,0,938,riding_double
aono3,1,937,
chewing,0,937,
single_boot,0,937,
telekinesis,0,937,object_manipulation
grookey,4,936,
saitama_(one-punch_man),4,936,saitama_(onepunch_man)
shark_costume,0,936,
skirt_basket,0,936,"dress_basket,dress_carry,skirt_carry"
triangle_earrings,0,936,
>o<,0,936,
hands_on_own_ass,0,935,
nanao_naru,1,935,kokonobi
wet_dress,0,935,
floating_island,0,934,
head_on_pillow,0,934,
holding_fishing_rod,0,934,
okazaki_yumemi,4,934,
animal_on_lap,0,933,
aztodio,1,933,azto_dio
tail_piercing,0,933,
yellow_pants,0,933,
flying_kick,0,932,jump_kick
instagram_username,0,932,
pas_(paxiti),1,932,pas1990
purple-framed_eyewear,0,932,purple-framed_glasses
saber_(weapon),0,932,
coin_hair_ornament,0,931,
dotted_line,0,931,"dotted_outline,dashed_outline"
geewhy,1,931,"ghettoyouth,ghettoyouth"
himouto!_umaru-chan,3,931,
naked_scarf,0,931,nude_scarf
sister_princess,3,931,"sispri,sisterprincess"
anjou_naruko,4,930,
kissing_hand,0,930,hand_kiss
tales_of_berseria,3,930,
tentacle_pit,0,930,
gonzarez,1,929,
kula_diamond,4,929,
otter_ears,0,929,
boxer_briefs,0,928,
cleaver,0,928,
mandarin_collar,0,928,
pencil_case,0,928,
shoujo_kakumei_utena,3,928,revolutionary_girl_utena
star_brooch,0,928,
swimsuit_cover-up,0,928,cover-up
takato_kurosuke,1,928,takatoo_kurosuke
cheshire_(azur_lane),4,927,
team_9,0,927,
vertical-striped_bikini,0,927,
amagi_(kancolle),4,926,amagi_(kantai_collection)
baiken,4,926,
barbed_wire,0,926,razor_wire
beige_jacket,0,926,
bokken,0,926,wooden_katana
kara_(color),1,926,color_(artist)
omori,3,926,
pink_capelet,0,926,
character_censor,0,925,
kino_(kino_no_tabi),4,925,
komiya_kaho,4,925,
lowleg_pants,0,925,low-rise_pants
may_(guilty_gear),4,925,
okabe_rintarou,4,925,hououin_kyouma
otohime_(youngest_princess),1,925,
pixiv_fantasia_last_saga,3,925,
rainbow_hair,0,925,
ballet,0,924,
black_corset,0,924,
fur-trimmed_kimono,0,924,
kaisen_chuui,1,924,kaisenn
nagian,1,924,
texture,0,924,
dandelion,0,923,dandelions
palms_together,0,923,
red_border,0,923,
astolfo_(sailor_paladin)_(fate),4,922,
dark_souls_iii,3,922,dark_souls_3
dvd_cover,0,922,
hisui_(tsukihime),4,922,
japari_bun,0,922,
looking_outside,0,922,looking_out_window
united_kingdom_(hetalia),4,922,"arthur_kirkland,england_(hetalia)"
adapted_turret,0,921,
arthur_pendragon_(fate),4,921,saber_(fate/prototype)
foam,0,921,
ibuki_fuuko,4,921,
mota,1,921,
orange_pants,0,921,
sousouman,1,921,ken2325
the_legend_of_korra,3,921,legend_of_korra
yorha_type_a_no._2,4,921,
amulet,0,920,
assassin_(fate/zero),4,920,hassan_of_the_hundred_faces
brick,0,920,bricks
falchion_(fire_emblem),0,920,
nakano_itsuki,4,920,
pushing,0,920,push
school_rumble,3,920,"sukuran,schoolrumble"
barefoot_sandals,0,919,
bee_(deadflow),1,919,noconol
mash_kyrielight_(dangerous_beast)_(cosplay),0,919,
oyama_mahiro,4,919,
phoenix_crown,0,919,
tokisadame_school_uniform,0,919,
aragaki_ayase,4,918,
multicolored_horns,0,918,
porch,0,918,
single_stripe,0,918,
sleeve_garter,0,918,
scar_on_stomach,0,917,
stain,0,917,
streamers,0,917,
oktavia_von_seckendorff,4,916,oktavia_von_seckendorff_(madoka_magica)
sakino_shingetsu,1,916,
sieg_(fate),4,916,sieg_(fate/apocrypha)
blank_censor,0,915,full_censor
hand_on_leg,0,915,hands_on_legs
iizunamaru_megumu,4,915,
sig_sauer,0,915,
triple_penetration,0,915,
analog_clock,0,914,
henshin,0,914,"transformation_sequence,transformationsequence"
lord_of_the_mysteries,3,914,
multiple_swords,0,914,
print_jacket,0,914,
youkan,1,914,
diamond_(gemstone),0,913,
korean_clothes,0,913,
sawa_azusa,4,913,
sidewalk,0,913,
son_gohan,4,913,gohan_(dragon_ball)
aquarium,0,912,
industrial_piercing,0,912,
keith_goodman,4,912,
pointy_breasts,0,912,"torpedo_breasts,very_perky_breasts"
between_pectorals,0,911,between_pecs
commandant_teste_(kancolle),4,911,commandant_teste_(kantai_collection)
florence_nightingale_(trick_or_treatment)_(fate),4,911,trick_or_treatment
shibasaki_shouji,1,911,shiba_murashouji
studio_ghibli,3,911,ghibli
brown_wings,0,910,
isabelle_(animal_crossing),4,910,shizue_(doubutsu_no_mori)
hellsing,3,909,
kinu_(kancolle),4,909,kinu_(kantai_collection)
fujisaki_chihiro,4,908,
len_(tsukihime),4,908,
bilingual,0,907,
hifumi_(blue_archive),4,907,ajitani_hifumi
houndstooth,0,907,
no_eyebrows,0,907,
peace_symbol,0,907,
untue,1,907,untsue
boobplate,0,906,
frilled_ascot,0,906,
ichihara_nina,4,906,
portrait_(object),0,906,
searchlight,0,906,searchlights
studded_bracelet,0,906,
backpack_removed,0,905,
child_drawing,0,905,
elf_(stroll_in_the_woods),1,905,
flower_ornament,0,905,
noose,0,905,
papers,0,905,
bamboo_steamer,0,904,
bird_legs,0,904,
crystal_ball,0,904,
fur-trimmed_shorts,0,904,
haniwa_(statue),0,904,
hourglass,0,904,
polka_dot_headwear,0,904,polka_dot_hat
suomi_(girls'_frontline),4,904,"suomi_kp31_(girls'_frontline),suomi_kp31_(girls_frontline)"
hydrokinesis,0,903,"water_manipulation,water_magic"
kiriya_aoi,4,903,
seaweed,0,903,
third-party_watermark,5,903,
white_umbrella,0,903,
yu_yu_hakusho,3,903,yuu_yuu_hakusho
holding_vegetable,0,902,
icing,0,902,frosting
tohno_shiki,4,902,toono_shiki
akanbe,0,901,eyelid_pull
merlin_(fate),4,901,
sono_hanabira_ni_kuchizuke_wo,3,901,"a_kiss_for_the_petals,a_kiss_for_the_petals,/shnkw,sono_hanabira_ni_kuchiduke_o,sonohana"
strawberry_panties,0,901,ichigo_pantsu
witches_of_africa,3,901,
anglerfish,0,900,
eyelid_pull,0,900,
miia_(monster_musume),4,900,meer_(monster_musume)
puffy_cheeks,0,900,"puffed_cheeks,puffing_cheek"
striped_hoodie,0,900,
yarn_ball,0,900,yarnball
cute_&_girly_(idolmaster),0,899,"cute_and_girly_(idolmaster),cute_&_girly(idolmaster)"
drugs,0,899,
hase_yu,1,899,
okina_ika,1,899,
sparse_pubic_hair,0,899,
ears_visible_through_hair,0,898,
highschool_of_the_dead,3,898,
komatsu_eiji,1,898,co2a
nekomonogatari,3,898,
purple_hakama,0,898,
drinking_straw_in_mouth,0,897,straw_in_mouth_(drinking)
jaguar_print,0,897,
pendant_choker,0,897,
rabbit_boy,0,897,
ankle_wrap,0,896,ankle_wraps
ass_shake,0,896,"twerk,twerking,shaking_ass"
bandaid_on_forehead,0,895,
crystal_earrings,0,895,
print_shorts,0,895,
sano_toshihide,1,895,toshihide_sano
santa_gloves,0,895,
spooning,0,895,
tenkyuu_chimata,4,895,
antique_firearm,0,894,
bayonetta,4,894,bayonetta_(character)
brown_collar,0,894,
hotarumaru,4,894,
kurokawa_eren,4,894,kurokawa_ellen
monster_hunter:_world,3,894,
oda_uri,0,894,
yume_shokunin,1,894,
zidane_tribal,4,894,
aquila_(kancolle),4,893,aquila_(kantai_collection)
flaming_weapon,0,893,"fiery_weapon,flame_weapon,fire_weapon,burning_weapon"
kousaka_kyousuke,4,893,
lion_(kemono_friends),4,893,
catholic,0,892,
cheren_(pokemon),4,892,
doujima_nanako,4,892,dojima_nanako
fur_boots,0,892,
len'en,3,892,
penguin_hood,0,892,
tieria_erde,4,892,
yellow_butterfly,0,892,
holding_pizza,0,891,
musaigen_no_phantom_world,3,891,myriad_colors_phantom_world
nier,3,891,"nier_gestalt,nier_replicant"
scar_on_neck,0,891,neck_scar
aisha_landar,4,890,aisha_(elsword)
end_card,5,890,endcard
guided_penetration,0,890,assisted_penetration
lace-trimmed_hairband,0,890,
micaiah_(fire_emblem),4,890,
twin_turbo_(umamusume),4,890,twin_turbo
ayamy,1,889,
chado,1,889,"chada_(tohosanhun),tohosanhun,tohonifun"
notched_ear,0,889,"broken_ear,chipped_ear,torn_ear"
owl_ears,0,889,
slime_(dragon_quest),4,889,
smoking_gun,0,889,
valkyrie,0,889,
vaporeon,4,889,
fur_cape,0,888,
lulu_(league_of_legends),4,888,
mitsumi_misato,1,888,mi_3
saddle,0,888,
sound_horizon,3,888,
arms_(game),3,887,
aviator_sunglasses,0,887,aviator_glasses
azasuke,1,887,azasuke_wind
blowing,0,887,
fuantei,1,887,
narancia_ghirga,4,886,
audience,0,885,
green_wings,0,885,
hikawa_hina,4,885,
personal_ami,1,885,
beige_shirt,0,884,
brown_hoodie,0,884,
credits,0,884,
hammann_(azur_lane),4,884,
kami_jigen_game_neptune_v,3,884,hyperdimension_neptunia_victory
tantei_opera_milky_holmes,3,884,milky_holmes
coconut,0,883,coconuts
godzilla,4,883,gojira
waiter,0,883,
cable_knit,0,882,
lion_boy,0,882,
mordred_(memories_at_trifas)_(fate),4,882,
star_platinum,4,882,
cleveland_(azur_lane),4,881,
convenience_store,0,881,konbini
side_drill,0,881,
concert,0,880,
metal_slug,3,880,
seiren_(suite_precure),4,880,
tassel_hair_ornament,0,880,hair_tassel
yellow_bag,0,880,yellow_backpack
hikawa_shou,1,879,
little_nuns_(diva),3,879,little_nun_(diva)
lyria_(granblue_fantasy),4,879,
public_use,0,879,
recorder,0,879,
sugiura_ayano,4,879,
tenchi_muyou!,3,879,"tenchi_muyou,tenchi_muyo"
white_bag,0,879,white_backpack
brown_apron,0,878,
check_character,5,878,
cum_on_legs,0,878,"cum_on_leg,cum_on_thighs"
kamogawa_tanuki,1,878,kamogawaya
linear_hatching,0,878,line_shading
dress_removed,0,877,
mother_2,3,877,earthbound
polka_dot_skirt,0,877,
dennou_coil,3,876,/dc
destiny_child,3,876,
final_fight,3,876,
grey_theme,0,876,gray_theme
hishaku,0,876,
miyamoto_musashi_(swimsuit_berserker)_(second_ascension)_(fate),4,876,
pinwheel,0,876,paper_windmill
tail_feathers,0,876,
bernadetta_von_varley,4,875,
camouflage_pants,0,875,
kouhaku_nawa,0,875,
nia_(blade)_(xenoblade),4,875,niyah_(blade)
nibutani_shinka,4,875,
nursing_handjob,0,875,
vira_(granblue_fantasy),4,875,vira_lilie
graf_zeppelin_(azur_lane),4,874,
inoue_orihime,4,874,orihime_inoue
kusaka_souji,1,874,
orange_sweater,0,874,
torinone,1,874,
xiangling_(genshin_impact),4,874,shanrin_(genshin_impact)
coke-bottle_glasses,0,873,"swirly_glasses,spiral_glasses"
goh_(pokemon),4,873,gou_(pokemon)
nakano_ichika,4,873,
tenken_(gotannda),1,873,
yama_no_susume,3,873,encouragement_of_climb
yamagumo_(kancolle),4,873,yamagumo_(kantai_collection)
loose_clothes,0,872,
goodsmile_racing,3,872,
hologram,0,872,
kenkou_cross,1,872,kenkou_kurosu
komaku_juushoku,1,872,
multicolored_fur,0,872,
oimanji,1,872,manji_(tenketsu)
space_helmet,0,872,astronaut_helmet
yellow_coat,0,872,
celestia_ludenberg,4,871,"celestia_ludenberck,celestia_rudenberk"
claude_von_riegan,4,871,claude_(fire_emblem:_three_houses)
loose_shirt,0,871,loose_blouse
sengoku_basara,3,871,
side_slit_shorts,0,871,
blood_on_knife,0,870,"bloody_knife,blood-stained_knife"
ikari_manatsu,1,870,
marie_rose,4,870,
meyoco,1,870,
miyu_(blue_archive),4,870,kasumizawa_miyu
objectification,0,870,
plaid_bra,0,870,
polka_dot_scrunchie,0,870,
striped_headwear,0,870,striped_hat
themed_object,0,870,
traffic_cone,0,870,"pylon_(traffic),road_cone,traffic_cones"
airship,0,869,"flying_ship,airships"
diva_(hyxpk),1,869,
kasaki_nozomi,4,869,
konbu_wakame,1,869,kombu_chan
line_(naver),3,869,
vibrator_cord,0,869,
fairy_knight_gawain_(fate),4,868,
food_stand,0,868,
hataraku_maou-sama!,3,868,the_devil_is_a_part-timer!
heads-up_display,0,868,"heads-up-display,heads_up_display,hud"
lei_lei,4,868,
mitsudomoe,3,868,
playing,0,868,
shiroko_(swimsuit)_(blue_archive),4,868,sunaookami_shiroko_(swimsuit)
araki_hirohiko_(style),0,867,
bass_clef,0,867,
checkered_obi,0,867,
crotch_cutout,0,867,heart_crotch_cutout
double_w,0,867,
nenohi_(kancolle),4,867,nenohi_(kantai_collection)
washing_machine,0,867,
<o>_<o>,0,867,<o><o>
bullet_hole,0,866,bullet_holes
checkered_flag,0,866,
jetto_komusou,1,866,
kohinata_miho,4,866,
okumura_haru,4,866,
pastel_colors,0,866,
multiple_piercings,0,865,
pink_camisole,0,865,
sakurajima_mai,4,865,
tenjouin_asuka,4,865,"alexis_rhodes,alexis_rhodes"
yellow_belt,0,865,
kamelie,1,864,
prison_clothes,0,864,"prisoner_uniform,prison_uniform"
puff_and_slash_sleeves,0,864,
st._chronica_academy_uniform,0,864,
strapless_swimsuit,0,864,
napkin,0,863,
ultra_ball,0,863,"hyper_ball,ultraball"
dress_flower,0,862,
hatsuharu_(kancolle),4,862,hatsuharu_(kantai_collection)
hole,0,862,
jeweled_branch_of_hourai,0,862,
lenna_charlotte_tycoon,4,862,reina_charlotte_tycoon
sakura_chiyo,4,862,
undressing_another,0,862,
chiyoda_(kancolle),4,861,chiyoda_(kantai_collection)
clothes_between_breasts,0,861,clothing_between_breasts
inverted_cross,0,861,"antichrist_cross,upside-down_cross,cross_of_saint_peter"
melon_bread,0,861,"meronpan,melonpan"
sleeveless_coat,0,861,
adventure_time,3,860,"adventure_time:_elements,adventure_time:_islands,adventure_time:_stakes"
annie_leonhardt,4,860,
kase_daiki,1,860,"kase_dai_teru,dksha19"
pouring_onto_self,0,860,
adidas,0,859,
aino_megumi,4,859,
maplestory,3,859,maple_story
two-tone_headwear,0,859,
chibi_miku,4,858,mini_miku
cropped_hoodie,0,858,
double_dildo,0,858,
hand_on_another's_neck,0,858,
nadia_la_arwall,4,858,nadia
ushiromiya_jessica,4,858,
visor_(armor),0,858,
bear_costume,0,857,
cross_choker,0,857,
hand_on_own_neck,0,857,hand_on_own_throat
hands_on_own_stomach,0,857,
nonomi_(blue_archive),4,857,izayoi_nonomi
pickaxe,0,857,"pickax,pick-axe,pick-ax,pick_axe"
steven_stone,4,857,"steven_(pokemon),tsuwabuki_daigo,daigo_(pokemon),steven_(pokemon),daigo_(pokemon)"
x3,0,857,
anna_(frozen),4,856,
minato_hitori,1,856,
round-bottom_flask,0,856,florence_flask
adapted_uniform,0,855,
black_umbrella,0,855,
dante_(devil_may_cry),4,855,
force_of_will,3,855,
garnet_til_alexandros_xvii,4,855,"dagger_(ff9),garnet_(ff9)"
moona_hoshinova,4,855,
shinama,1,855,bouaki
cure_sunshine,4,854,
ifrit_(arknights),4,854,
mahjong_tile,0,854,mahjong_tiles
sasaki_saku,4,854,
undead,0,854,
aozaki_aoko,4,853,
momoe_nagisa,4,853,
net,0,853,
painterly,0,853,
psychic,0,853,
wringing_clothes,0,853,
easter_egg,0,852,
furudo_erika,4,852,
hikawa_sayo,4,852,
yuuki_(princess_connect!),4,852,
spider,0,851,
cetacean_tail,0,851,"orca_tail,whale_tail_(animal_tail),dolphin_tail,narwhal_tail"
cursive,0,851,
kimono_lift,0,851,
miyanaga_saki,4,851,
tsukihime_(remake),3,851,
virgin_killer_outfit,0,851,
yagen_toushirou,4,851,
aika_(series),3,850,
brown_sweater_vest,0,850,
cutting_hair,0,850,haircut
facing_to_the_side,0,850,
hayasaka_ai,4,850,
hilichurl_(genshin_impact),4,850,hilichurl
lace_gloves,0,850,
queen's_blade_rebellion,3,850,queens_blade_rebellion
alisa_(girls_und_panzer),4,849,
ogata_chieri,4,849,
racing_miku,4,849,
redrawn,5,849,
cu_chulainn_(caster)_(fate),4,848,cu_chulainn_(fate/grand_order)
dirty_feet,0,848,
fate/requiem,3,848,
jeno,1,848,
laura_bodewig,4,848,
murata_range,1,848,"murata_renji,range_murata"
shizuka_rin,4,848,
silent_hill_(series),3,848,silent_hill
crazy,0,847,"insane,yangire"
green_bag,0,847,"green_handbag,green_backpack"
jingei_(kancolle),4,847,jingei_(kantai_collection)
lighthouse,0,847,
rider_belt,0,847,driver_(kamen_rider)
sperm_cell,0,847,
broken_heart,0,846,
grave,0,846,
monster_energy,0,846,
mummy_costume,0,846,
splatoon_3,3,846,
unusually_open_eyes,0,846,
ayane_(doa),4,845,
genshiken,3,845,
magical_ruby,4,845,
mega_man_(character),4,845,"rockman_(character),megaman_(character)"
sakuragi_mano,4,845,
wa_lolita,0,845,
allister_(pokemon),4,844,onion_(pokemon)
cardigan_vest,0,844,
faris_scherwiz,4,844,
heel_up,0,844,heel_raised
hiyou_(kancolle),4,844,hiyou_(kantai_collection)
kasumigaoka_utaha,4,844,
aki_(girls_und_panzer),4,843,
cecilia_alcott,4,843,
cropped_arms,0,843,
cure_white,4,843,
hat_with_ears,0,843,hat_ears
lux_(league_of_legends),4,843,luxanna_crownguard
romaji_commentary,5,843,
sleep_mask,0,843,sleeping_mask
sparrow,0,843,
tsab_ground_military_uniform,0,843,
accel_world,3,842,
art_nouveau,0,842,"alphonse_mucha_(style),mucha_style"
deadnooodles,1,842,
hair_cubes,0,842,
hinghoi,1,842,"freedomthai,freedomthai,kurohime_(princess_fresh_meat)"
lucy_heartfilia,4,842,lucy_heartphilia
project_moon,3,842,
screentones,0,842,
snap-fit_buckle,0,842,"side_release_buckle,quick_release_buckle"
ten'ou_haruka,4,842,"tennou_haruka,tenou_haruka,tenoh_haruka"
alastor_(shakugan_no_shana),4,842,
\n/,0,842,"sign_of_the_horns,rock_on_(gesture)"
kanbaru_suruga,4,841,
multicolored_kimono,0,841,multicolored_yukata
platinum_(arknights),4,841,
sugimura_tomokazu,1,841,"wave_ride,over_drive"
alphonse_mucha_(style),0,841,mucha_style
blue_bag,0,840,blue_backpack
futasub,0,840,
mole_on_stomach,0,840,
roy_(fire_emblem),4,840,
golf_club,0,839,
lamb-oic029,1,839,
owari_no_seraph,3,839,seraph_of_the_end
pantyhose,0,839,"tights,panty_hose"
satin_panties,0,839,
blew_andwhite,1,838,
ceobe_(arknights),4,838,
hacka_doll,3,838,
hizuki_yayoi,1,838,hiduki_yayoi
kazano_hiori,4,838,
maka_albarn,4,838,"maka_alban,maka_arubaan"
nagato_(azur_lane),4,838,
pine_tree,0,838,
yume_no_owari,1,838,
acoustic_guitar,0,837,
apron_lift,0,837,
bradamante_(fate),4,837,bradamante_(fate/grand_order)
looking_through_legs,0,837,
satou_daiji,1,837,"armadillo_daiji,sato_daiji"
arare_(kancolle),4,836,arare_(kantai_collection)
brown_nails,0,836,brown_fingernails
exhausted,0,836,tired_(fatigue)
kishida_mel,1,836,kishida_meru
lambda_(kusowarota),1,836,
alice_zuberg,4,835,alice_schuberg
ano_natsu_de_matteru,3,835,"waiting_in_the_summer,natsumachi"
breast_poke,0,835,
chalice,0,835,"grail,goblet"
cracked_wall,0,835,
denpa_onna_to_seishun_otoko,3,835,"ground_control_to_psychoelectric_girl,/dotso"
oversized_food,0,835,giant_food
star_pasties,0,835,
tanikaze_(kancolle),4,835,tanikaze_(kantai_collection)
yumehara_nozomi,4,835,
baton_(conducting),0,834,
holding_breath,0,834,
holding_saucer,0,834,
kotoyoro,0,834,
murata_himeko,4,834,
nudist,0,834,"nudism,naturism"
osaki_tenka,4,834,oosaki_tenka
bralines,0,833,
chikorita,4,833,
enty_reward,5,833,
fate/grand_order_arcade,3,833,
komeshiro_kasu,1,833,"kasu_(return),eikokudaisuki"
madou_monogatari,3,833,
matsumoto_rangiku,4,833,
photo_inset,0,833,
training_corps_(emblem),0,833,
trunks_(dragon_ball),4,833,trunks_(dragonball)
tube_dress,0,833,
zabaniyya_(housamo),4,833,"zabaniya_(housamo),zabaniya_(tokyo_houkago_summoners)"
cerberus_(helltaker),4,832,
heart_lock_(kantai_collection),0,832,
agnes_digital_(umamusume),4,831,
gaou_(umaiyo_puyoman),1,831,matsui_hiroaki
grill,0,831,"bbq_(object),barbecue_(object)"
ishii_hisao,1,831,
jack_dempa,1,831,"jaku_denpa,mujakuma"
tentacles_on_male,0,831,tentacles_with_male
tsurezure_children,3,831,
jirou_kyouka,4,830,
lack,1,830,
mikazuki_(kancolle),4,830,mikazuki_(kantai_collection)
yuzuhara_konomi,4,830,
alternate_wings,0,829,"/awi,alternative_wings"
blaze_(arknights),4,829,
jin_kisaragi,4,829,
lyrics,0,829,song_lyrics
naked_tabard,0,829,nude_tabard
storefront,0,829,
black_garter_straps,0,828,
eden_academy_uniform,0,828,
glowing_butterfly,0,828,
kusanagi_tonbo,1,828,
pravda_military_uniform,0,828,
tire,0,828,
tsurumaki_kokoro,4,828,
yamato_nadeshiko,1,828,
yokoyama_nao,4,828,
yukataro,1,828,
dragon_quest_viii,3,827,"dragon_quest_8,/dq8,dq8"
green_pantyhose,0,827,
ibuki_notsu,1,827,
lillian_girls'_academy_uniform,0,827,
pramanix_(arknights),4,827,
yellow_sleeves,0,827,
akashi_(azur_lane),4,826,
gymnastics,0,826,gymnast
konnyaku_(kk-monmon),1,826,
orange_hoodie,0,826,
rakuen_tsuihou,3,826,expelled_from_paradise
red_fur,0,826,
reinforce_zwei,4,826,reinforce_ii
struggling,0,826,struggle
chi-hatan_military_uniform,0,825,
matsuwa_(kancolle),4,825,matsuwa_(kantai_collection)
skirt_flip,0,825,
witch_(madoka_magica),0,825,
breast_padding,0,824,"fake_breasts,breast_pads,breast_pad,breast_stuffing,bra_padding,bra_stuffing"
dragging,0,824,drag
how_to,0,824,"tutorial,howto"
inumuta_houka,4,824,
kondou_taeko,4,824,
purple_gemstone,0,824,
shimazu_yoshino,4,824,
shoulder_holster,0,824,armpit_holster
urethral_insertion,0,824,urethral_object_push
crime_prevention_buzzer,0,823,personal_alarm
gills,0,823,
hidden_face,0,823,
jouga_maya,4,823,joukawa_maya
monomi_(danganronpa),4,823,monomi_(dangan_ronpa)
takoluka,4,823,
aqua_gloves,0,822,
glowing_hair,0,822,
himejima_akeno,4,822,
kou_mashiro,1,822,
nanao_yuriko,4,822,
penis_peek,0,822,
polar_bear,0,822,
shirabe_ako,4,822,
squinting,0,822,"squinted_eyes,squint"
teen_titans,3,822,
unamused,0,822,
dressing_another,0,821,
eva_02,4,821,
fairy_knight_lancelot_(fate),4,821,
kichihachi,1,821,kichi8
magukappu,1,821,umakatsuhai
moneti_(daifuku),1,821,
suou_momoko,4,821,
anchor_necklace,0,820,
kirishima_touka,4,820,
masochism,0,820,
miyako_(hidamari_sketch),4,820,miyako
mogudan,1,820,
pink_ascot,0,820,pink_jabot
amplifier,0,819,"amplifier_(instrument),amp"
group_picture,0,819,group_shot
ke-ta,1,819,
penis_in_panties,0,819,
sirius_(azure_horizons)_(azur_lane),4,819,
taihou_(enraptured_companion)_(azur_lane),4,819,
brown_bra,0,818,
circle_skirt,0,818,"spread_skirt,circle_dress,spread_dress"
color_trace,0,818,
dimitri_alexandre_blaiddyd,4,818,dimitri_alexandre_bladud
kisaragi_shintarou,4,818,
pokemon_rse_(anime),3,818,
priest_(ragnarok_online),4,818,
rosario+vampire,3,818,rosario_to_vampire
senran_kagura_shinovi_versus,3,818,
hand_under_shirt,0,817,"hand_in_shirt,hand_up_shirt"
samuel_b._roberts_(kancolle),4,817,samuel_b._roberts_(kantai_collection)
angela_balzac,4,816,
armpit_cutout,0,816,
catchphrase,0,816,
fire_emblem_warriors:_three_hopes,3,816,fire_emblem:_three_hopes
ichiba_youichi,1,816,
iroha_(samurai_spirits),4,816,
moomin,3,816,
parka,0,816,
riyo_(lyomsnpmp)_(style),0,816,
strike_witches:_kurenai_no_majo-tachi,3,816,
vibrator_on_nipple,0,816,nipple_vibrator
diego_brando,4,815,
grass_wonder_(umamusume),4,815,
guts_(berserk),4,815,
maria_cadenzavna_eve,4,815,maria_cadenzavuna_eve
revy_(black_lagoon),4,815,
scar_on_leg,0,815,leg_scar
tail_ring,0,815,
zero_(mega_man),4,815,zero_(rockman)
rimuru_tempest,4,814,
animal_skull,0,813,
grey_hairband,0,813,
hayashiya_zankurou,1,813,
yellow_(pokemon),4,813,
ghost_costume,0,812,
jaguar_tail,0,812,
robaato,1,812,robert_porter
canopy_bed,0,811,four-poster_bed
multicolored_scarf,0,811,
pectoral_press,0,811,
pink_belt,0,811,
thermos,0,811,
tutu,0,811,
uta_no_prince-sama,3,811,
lm_(legoman),1,810,"lmsketch,legoman"
rolling_suitcase,0,810,
corrin_(fire_emblem)_(male),4,809,
cosmic_break,3,809,
fake_nails,0,809,fake_fingernails
kiss-shot_acerola-orion_heart-under-blade,4,809,"kissshot_acerolaorion_heartunderblade,/kah"
pendant_watch,0,809,
rainbow_mika,4,809,nanakawa_mika
shoulder_cannon,0,809,
sling,0,809,
yellow_raincoat,0,809,
anchor_choker,0,808,
imperial_japanese_army,0,808,
mataro_(matarou),1,808,"matarou_(genkai_toppa),mataro"
multiple_legs,0,808,
season_connection,0,808,
warioware,3,808,"made_in_wario,wario_ware"
yamada_elf,4,808,
zara_(poolside_coincidence)_(azur_lane),4,808,
dungeon_meshi,3,807,delicious_in_dungeon
gold_bikini,0,807,golden_week_bikini
mamuru,1,807,
stained_panties,0,807,
suigetsu,3,807,
lattice,0,806,chinese_window
lord_el-melloi_ii,4,806,
pokemon_tcg,3,806,pokemon_trading_card_game
sagiri_(kancolle),4,806,sagiri_(kantai_collection)
watanabe_akio,1,806,"akio_watanabe,poyoyon_rock,poyoyonrock"
akagashi_hagane,1,805,
dota_(series),3,805,dota
multi-strapped_panties,0,805,
nardack,1,805,
neo_politan,4,805,
sciamano240,1,805,
diona_(genshin_impact),4,804,
ganguro,0,804,kuro_gyaru
grey_cape,0,804,
morino_hon,1,804,
pit_(kid_icarus),4,804,
ao_no_exorcist,3,803,blue_exorcist
eyepatch_removed,0,803,
karaoke,0,803,
leafeon,4,803,
miuku_(marine_sapphire),1,803,hazumi_miruku
mizumizuni,1,803,thing_(athing)
no_blindfold,0,803,
ojou-sama_pose,0,803,noblewoman's_laugh
umekichi,1,803,
bath_stool,0,802,
cosmog,4,802,
echo_(circa),1,802,"ekoo,cis05"
valentine,0,802,"valentines_day,valentine's_day,valentien,valentines"
furukawa_(yomawari),1,802,
german_flag_bikini,0,802,
leash_pull,0,802,
mohammed_avdol,4,802,
purple_hoodie,0,802,
silence_(arknights),4,802,silent_(arknights)
string_bra,0,802,
hands_on_hilt,0,801,
harada_takehito,1,801,
ookami_(game),3,801,okami
shin_sangoku_musou,3,801,dynasty_warriors
wall_clock,0,801,
brown_bear_(kemono_friends),4,800,
caffein,1,800,
kazama_asuka,4,800,
parsley-f,1,800,paseri
star_ocean_till_the_end_of_time,3,800,
ehoumaki,0,799,ehomaki
group_name,0,799,band_name
hatted_pokemon,0,799,
leg_wrap,0,799,leg_wraps
merunyaa,1,799,
rounded_corners,0,799,
sado_(kancolle),4,799,sado_(kantai_collection)
teana_lanster,4,799,tiana_lanster
unowen,1,799,"kyon_(fuuran),yukimi_dango"
araragi_tsukihi,4,798,
choujikuu_yousai_macross,3,798,the_super_dimension_fortress_macross
club3,1,798,nanaya_(daaijianglin)
coat_removed,0,798,
justice_(helltaker),4,798,
starbucks,3,798,
yamagishi_fuuka,4,798,
zanntetu,1,798,
baka_to_test_to_shoukanjuu,3,797,"baka_and_test_summon_the_beasts,bakatest,/bttts,baka_to_tesuto_to_shoukanjuu,baka_to_tesuto_to_syokanju"
cat_costume,0,797,cat_suit
inline_skates,0,797,"roller_blades,rollerblades"
onion,0,797,
sakawa_(kancolle),4,797,sakawa_(kantai_collection)
kotonoha_aoi,4,796,
sucrose_(genshin_impact),4,796,
blank_speech_bubble,0,795,"blank_thought_bubble,blank_word_balloon,blank_word_bubble,empty_word_bubble,empty_speech_bubble"
character_signature,0,795,
cure_moonlight,4,795,
mamaloni,1,795,chino_machiko
sitting_on_rock,0,795,
andira_(granblue_fantasy),4,794,anchira_(granblue_fantasy)
aqua_footwear,0,794,
avatar_(wow),4,794,
brown_choker,0,794,
cowboy_bebop,3,794,
danganronpa_another_episode:_ultra_despair_girls,3,794,zettai_zetsubou_shoujo
dumpling,0,794,dumplings
green_tea,0,794,
kira_yoshikage,4,794,
nipple_clamps,0,794,
ribbon_braid,0,794,
snowflake_background,0,794,
stole,0,794,
super_soaker,0,794,
7th_dragon,3,793,seventh_dragon
akina_tsukako,1,793,kurimomo
aozora_market,1,793,
asakaze_(kancolle),4,793,asakaze_(kantai_collection)
boa_hancock,4,793,
collared_vest,0,793,
dishwasher1910,1,793,bach_do
high_school_dxd_born,3,793,
kazuma_muramasa,1,793,
makoto_(street_fighter),4,793,
mattari_yufi,1,793,miraisen
murasame_kai_ni_(kancolle),4,793,
porurin,1,793,
wheat,0,793,
yui_(princess_connect!),4,793,kusano_yui
arcane:_league_of_legends,3,792,league_of_legends_arcane
izumi_mei,4,792,
maneki-neko,0,792,"beckoning_cat,maneki_neko"
ryouka_(suzuya),1,792,"ryohka,ryohka"
taimanin_suit,0,792,
takamori_aiko,4,792,
ulrich_(tagaragakuin),1,792,
yumi_(senran_kagura),4,792,
bib,0,791,
curtained_hair,0,791,ribbon_bangs
female_protagonist_(pokemon_go),4,791,
hetza_(hellshock),1,791,
kaiou_michiru,4,791,kaioh_michiru
luoxiaohei,4,791,
pichu,4,791,
super_mario_bros._1,3,791,"super_mario_bros.,super_mario_bros,mario_brothers,super_mario_brothers"
toon_link,4,791,
black_undershirt,0,790,
boy_sandwich,0,790,sandwich_(male)
brick_floor,0,790,
cum_in_nose,0,790,
female_saniwa_(touken_ranbu),4,790,
hornet_(kancolle),4,790,hornet_(kantai_collection)
kisaragi_(azur_lane),4,790,
no_mole,0,790,
energy_drink,0,789,
inflatable_raft,0,789,
lightsaber,0,789,
nironiro,1,789,niro_(pixiv194231)
street_fighter_ii_(series),3,789,"super_street_fighter_ii_x,super_street_fighter_ii_turbo_hd_remix,super_street_fighter_ii:_the_new_challengers,street_fighter_ii'_turbo:_hyper_fighting,street_fighter_ii"
vertical-striped_panties,0,789,
white_butterfly,0,789,
white_sports_bra,0,789,
yuuki_juudai,4,789,
astronaut,0,788,cosmonaut
beltskirt,0,788,
flag_background,0,788,
torch,0,788,
kousaka_kirino's_school_uniform,0,788,
bunching_hair,0,787,
flaming_sword,0,787,"fiery_sword,flame_sword,fire_sword,burning_sword"
frozen,0,787,
harukaze_(kancolle),4,787,harukaze_(kantai_collection)
hau_(pokemon),4,787,
jeanne_d'arc_(third_ascension)_(fate),4,787,
scathach_(piercing_bunny)_(fate),4,787,piercing_bunny
usada_hikaru,4,787,rabi_en_rose
excited,0,786,
holding_tail,0,786,
kamukura_izuru,4,786,
litten,4,786,
multicolored_headwear,0,786,
paper_crane,0,786,origami_crane
pokemon_move,0,786,
purple_scarf,0,786,
chicken_(food),0,785,
chinese_new_year,0,785,lunar_new_year
hanasakigawa_school_uniform,0,785,
shorts_around_one_leg,0,785,
arm_above_head,0,784,
bagged_fish,0,784,
handstand,0,784,standing_on_hands
nib_pen_(object),0,784,"fountain_pen,dip_pen"
orange_goggles,0,784,
sand_castle,0,784,sandcastle
spray_can,0,784,
wallet,0,784,
alpha_(yukai_na_nakamatachi),1,783,alpha_(artist)
card_parody,0,783,
garry_(ib),4,783,gary_(ib)
kobayakawa_sae,4,783,
riichu,1,783,
sawamura_spencer_eriri,4,783,sawamura_eriri_spencer
takeda_harumi_(shiromanta),4,783,
cutout_above_navel,0,782,
evillious_nendaiki,3,782,
kappa,0,782,
lopunny,4,782,
mundane_utility,0,782,
snow_bunny,0,782,
coffee-kizoku,1,781,
condom_belt,0,781,
dissolving,0,781,
gradient_dress,0,781,
grenade_launcher,0,781,
mutsuki_(moonknives),1,781,moonknives
natsu_megumi,4,781,
shinano_(azur_lane),4,781,
stats,0,781,
admiral_graf_spee_(azur_lane),4,780,
ball_and_chain_restraint,0,780,
hammock,0,780,
mudkip,4,780,
sideways_hat,0,780,
yamanaka_ino,4,780,
arinu,1,779,
beam_saber,0,779,
bean_bag_chair,0,779,beanbag_chair
char's_counterattack,3,779,
chita_(ketchup),1,779,
foliage,0,779,
honeycomb_background,0,779,"hexagonal_background,/honeycombbg"
melon,0,779,
official_alternate_hair_length,0,778,
print_necktie,0,778,
stakes_of_purgatory,0,778,
vert_(neptune_series),4,778,
bicycle_basket,0,777,
dota_2,3,777,defense_of_the_ancients_2
finger_biting,0,777,
koyorin,1,777,clockwork-cadaver
mikazuki_akira!,1,777,"mikazuki_akira,mikaduki_akira"
sanzen'in_nagi,4,777,sanzenin_nagi
star_guardian_(league_of_legends),0,777,
cartoon_bone,0,776,
koyama_yuzu,4,776,
kuro_kosyou,1,776,kuro-hero
lightning_farron,4,776,"lightning_(ff13),lightning_(ffxiii)"
senjou_no_valkyria_1,3,776,
super_real_mahjong,3,776,
edmond_dantes_(fate),4,775,edmond_dantes_(fate/grand_order)
hands_on_shoulders,0,775,
inaba_shiki,1,775,
takasaki_yuu,4,775,
takei_hisa,4,775,
teacher_and_student,0,775,master_and_padawan
hino_akane_(idolmaster),4,774,
kinchaku,0,774,
kohinata_miku,4,774,
multiple_heads,0,774,"two_heads,extra_heads"
orange_leotard,0,774,
twitter_sample,5,774,
watarui,1,774,
bar_stool,0,773,
colored_nipples,0,773,
credits_page,0,773,
electric_socket,0,773,
eureka,4,773,
nejiri_hachimaki,0,773,
nipple_bar,0,773,
saru,1,773,
shigino_sohuzi,1,773,souji
clothes_between_thighs,0,772,clothing_between_thighs
elephant,0,772,
multicolored_footwear,0,772,
type-moon,3,772,"typemoon,type_moon"
brynhildr_(fate),4,771,
cartridge,0,771,
orange_sleeves,0,771,
tail_hug,0,771,
yo-yo,0,771,yoyo
aoki_(fumomo),1,770,rou_bao
ass-to-ass,0,770,ass_to_ass
dokomon,1,770,
hair_flowing_over,0,770,
jack-o'_valentine,4,770,
luna_nova_school_uniform,0,770,
mummy,0,770,
onija_tarou,1,770,onija_taro
tsuchinoko_(kemono_friends),4,770,
aqua_jacket,0,769,
bullying,0,769,
cure_peach,4,769,
ichigo_hitofuri,4,769,
kamisato_ayato,4,769,
licking_armpit,0,769,armpit_licking
pannacotta_fugo,4,769,
uchuu_senkan_yamato_2199,3,769,
takakura_himari,4,768,
yamabuki_inori,4,768,
eldritch_abomination,0,767,
hinatsuru_ai,4,767,
holding_ribbon,0,767,
hololive_idol_uniform,0,767,
kikumon,0,767,
linked_piercing,0,767,linked_piercings
sephiroth,4,767,
swinging,0,767,
amagi_(azur_lane),4,766,
cursor,0,766,mouse_pointer
in_water,0,766,
oshiete!_galko-chan,3,766,"please_tell_me!_galko-chan,oshiete!_gyaru-ko-chan"
sextuplets,0,766,
yuni_(princess_connect!),4,766,shingyouji_yuni
guzma_(pokemon),4,765,guzuma_(pokemon)
joy-con,0,765,
kamitsubaki_studio,3,765,virtual_kaf
leaf_umbrella,0,765,
rosmontis_(arknights),4,765,
tanned_cirno,4,765,
two-handed_handjob,0,765,two_handed_handjob
umanosuke,1,765,
avatar:_the_last_airbender,3,764,
cephalopod_eyes,0,764,octopus_eyes
kabuto_(helmet),0,764,"kabuto,samurai_helmet"
moose_(kemono_friends),4,764,
nonco,1,764,
tengu_mask,0,764,
toon_(style),0,764,"toon,cartoon"
amazon_(taitaitaira),1,763,
elbows_on_table,0,763,
eva_01,4,763,
family_crest,0,763,
gotyou,1,763,"gochou_(atemonai_heya),gochou_(comedia80)"
kabuto,0,763,
saunders_school_uniform,0,763,
akame_ga_kill!,3,762,
boxcutter,0,762,"stationery_knife,utility_knife,box_cutter"
elizabeth_bathory_(brave)_(fate),4,762,
fantasy_earth_zero,3,762,
grey_capelet,0,762,
hairu,1,762,
post-apocalypse,0,762,post-apocalyptic
print_sarong,0,762,
speaking_tube_headset,0,762,
zora,0,762,
amasora_taichi,1,761,setsuna_samidare
dorothea_arnault,4,761,
pointy_nose,0,761,
tented_shirt,0,761,
yuuki_haru,4,761,
z-ring,0,761,
clothes_tug,0,760,
haimura_kiyotaka,1,760,kiyotaka_haimura
hakurei_shrine,0,760,
humboldt_penguin_(kemono_friends),4,760,
misunderstanding,0,760,
pet,0,760,
pink_cape,0,760,
ri-class_heavy_cruiser,4,760,
sneezing,0,760,sneeze
zooey_(granblue_fantasy),4,760,the_order_grande
band_uniform,0,759,
satchel,0,759,
konpaku_youki,4,759,
meka_(overwatch),0,759,
mon-musu_quest!,3,759,monster_girl_quest
abigail_williams_(third_ascension)_(fate),4,758,
atago_(stunning_speedster)_(azur_lane),4,758,
jacket_pull,0,758,
kouno_hikaru,1,758,hikarino_hikaru
milla_maxwell,4,758,
momoko_(momopoco),1,758,momoco_(momoco_haru)
petenshi_(dr._vermilion),1,758,"petenshi,dr.vermilion,dr_vermilion,dr._vermilion"
senji_muramasa_(fate),4,758,"sengo_muramasa_(fate),limited/zero_over"
sugar_cube,0,758,"sugar_cube_(object),sugar_cubes"
weightlifting,0,758,lifting_weights
blood_in_hair,0,757,"bloody_hair,blood_on_hair"
massage,0,757,
tumblr_username,0,757,
ara_haan,4,756,"ara_(elsword),ara_han"
ear_wiggle,0,756,"ears_wagging,ear_twitch"
group_hug,0,756,
ibuki_(street_fighter),4,756,
oomori_yuuko,4,756,
sakagami_tomoyo,4,756,
sakimori_dan,1,756,"danbo_(rock_clime),homeless_mk_ii"
seat,0,756,
super_saiyan_1,0,756,
aki_rosenthal,4,755,akirose
note,0,755,
personality_switch,0,755,"body_switch,body_swap,personality_swap"
pumpkin_hair_ornament,0,755,
yellow_cape,0,755,
clothes_theft,0,754,"clothing_thief,clothes_thief"
harime_nui,4,754,
hinata_hideki,4,754,hinata_(angel_beats!)
holding_bucket,0,754,
kiritto,1,754,
long_neck,0,754,
oekakizuki,1,754,
pink_border,0,754,
tea_set,0,754,
apple_inc.,3,753,
beatrix_(granblue_fantasy),4,753,
butter,0,753,
capcom_fighting_jam,3,753,capcom_fighting_evolution
chrom_(fire_emblem),4,753,"krom,chrom_(fire_emblem:_awakening)"
double_fox_shadow_puppet,0,753,double_fox_hand_sign
natalia_(idolmaster),4,753,
pizza_slice,0,753,slice_of_pizza
wisespeak,1,753,"rubbishfox,hikomaro610"
bishamonten's_spear,0,752,
clownpiece,4,752,
clumsy_nun_(diva),4,752,protagonist_nun_(diva)
hayabusa,1,752,
kiku_hitomoji,1,752,
kobuichi,1,752,
meer_campbell,4,752,meer
mole_on_body,0,752,
animal_on_arm,0,751,
aoba_moca,4,751,
aqua_bra,0,751,
hand_on_headphones,0,751,
lipgloss,0,751,
nagara_(kancolle),4,751,nagara_(kantai_collection)
redrop,1,751,otsumami
sakura_oriko,1,751,
senran_kagura_new_wave,3,751,
toaru_majutsu_no_index:_new_testament,3,751,to_aru_majutsu_no_index:_new_testament
caitlyn_(league_of_legends),4,750,
shopping_cart,0,750,"shopping_trolley,grocery_cart"
gawain_(fate),4,750,"gawain_(fate/grand_order),gawain_(fate/extra),gawain_(fate/stay_night)"
kagami_mochi,0,750,
panties_under_buruma,0,750,
shaking,0,750,
spiked_choker,0,750,
the_king_of_fighters_xv,3,750,
udon_(shiratama),1,750,
variable_fighter,0,750,
wardrobe_error,0,750,
galo_thymos,4,749,
hair_dryer,0,749,"blow_dryer,blowdryer,hairdryer"
keep_out,0,749,
omikuji,0,749,
oni-noboru,1,749,
upturned_eyes,0,749,
adjusting_panties,0,748,
blue_feathers,0,748,
ene_(kagerou_project),4,748,
fishing_line,0,748,fishing_lines
minamura_haruki,1,748,
takayaki,1,748,
tandohark,1,748,
trish_una,4,748,
year_of_the_dog,0,748,
argyle_sweater,0,747,
feater_(arknights),4,747,
full_metal_panic!,3,747,"full_metal_panic?_fumoffu,full_metal_panic!_invisible_victory,fullmetalpanic,full_metal_panic"
gokkun,0,747,cum_drinking
iori_rinko,4,747,
mismatched_eyebrows,0,747,
roon_(azur_lane),4,747,
senkawa_chihiro,4,747,
toe_ring,0,747,
yumeko_(touhou),4,747,yumeko
zeon,0,747,
american_flag_print,0,746,
buster_sword,0,746,
butterfly_brooch,0,746,
chin_strap,0,746,
dithering,0,746,
orange_skin,0,746,
saibou_shinkyoku,3,746,cell_of_empireo
sayagata,0,746,
sora_ginko,4,746,
tears_of_themis,3,746,
air_groove_(umamusume),4,745,
braixen,4,745,
cheek_pull,0,745,"stretching_cheeks,cheek_tug"
dragon_quest_ii,3,745,"dragon_quest_2,/dq2"
lap_pillow_invitation,0,745,
pinstripe_shirt,0,745,
pokemon_emerald,3,745,
pyra_(pro_swimmer)_(xenoblade),4,745,
rakugaki-biyori,1,745,hachimakirin
shoujo_kitou-chuu,0,745,girls_are_praying
calem_(pokemon),4,744,"x_(pokemon),calme_(pokemon),callum_(pokemon),male_protagonist_(pokemon_xy)"
crescent_print,0,744,
grand_piano,0,744,
latex_legwear,0,744,
lisbeth,4,744,
lizard,0,744,
pegasus,0,744,
pegasus_knight_uniform_(fire_emblem),0,744,
abigail_williams_(swimsuit_foreigner)_(third_ascension)_(fate),4,743,
bb_(swimsuit_mooncancer)_(second_ascension)_(fate),4,743,
blue_border,0,743,
holding_ladle,0,743,
kopaka_(karda_nui),1,743,
polka_dot_shirt,0,743,polka_dot_blouse
sol_badguy,4,743,
star_tattoo,0,743,
strike_the_blood,3,743,
thick_lips,0,743,
breast_cutout,0,742,
dialogue_box,0,742,text_box
dog_penis,0,742,
fatal_frame,3,742,
floating_cape,0,742,"floating_capelet,floating_cloak,cape_billowing"
halcon,1,742,harukon_(halcon)
juice,0,742,
mika_pikazo,1,742,
mossacannibalis,1,742,
beetle,0,741,
god_eater_burst,3,741,gods_eater_burst
hand_mirror,0,741,
holomyth,0,741,
live_a_hero,3,741,
naoe_riki,4,741,
nelson_(kancolle),4,741,nelson_(kantai_collection)
oversized_limbs,0,741,
pagoda,0,741,
purple_horns,0,741,
frilled_leotard,0,740,
log_horizon,3,740,
prostration,0,740,orz
rita_mordio,4,740,
ryusei_hashida,1,740,kawaikochan
shashaki,1,740,tdnd-96
jigoku_shoujo,3,739,"hell_girl,jigokushoujo"
kurou_(quadruple_zero),1,739,tamaran
platelet_(hataraku_saibou),4,739,
plume,0,739,
floating_scarf,0,738,flowing_scarf
flower_over_eye,0,738,
kanabun,1,738,
korra,4,738,
kuki_shinobu,4,738,
messy_room,0,738,
momiji_mao,1,738,
niliu_chahui,1,738,
takane_lui,4,738,
white_day,0,738,
futari_wa_precure_splash_star,3,737,futari_wa_pretty_cure_splash_star
japan,0,737,
kasuga_yukihito,1,737,
okobo,0,737,
taokaka,4,737,
yuudachi_(azur_lane),4,737,
dead_master,4,736,
kairi_(kingdom_hearts),4,736,
kawakami_rokkaku,1,736,rokkaku_(ajisaidenden)
kotoba_noriaki,1,736,
logo_parody,0,736,
photorealistic,0,736,
tomimi_(arknights),4,736,
flower_bracelet,0,735,
height_chart,0,735,
neck_tassel,0,735,
popped_button,0,735,"button_pop,popped_buttons"
sonia_nevermind,4,735,
sorimachi-doufu,1,735,merry_(168cm)
tofuubear,1,735,
wooden_chair,0,735,
yamu_(reverse_noise),1,735,reverse_noise
yuigaoka_school_uniform,0,735,
acerola_(pokemon),4,734,
forced_orgasm,0,734,
kawata_hisashi,1,734,
kido_tsubomi,4,734,
mifune_miyu,4,734,
rena_erindel,4,734,rena_(elsword)
sajo_yukimi,4,734,"sajou_yukimi,sajou_yukimi"
sitting_backwards,0,734,backwards_sitting
bazett_fraga_mcremitz,4,733,bazette_fraga_mcremitz
erubo,1,733,
ferret,0,733,
gerudo,0,733,
ichikawa_hinana,4,733,
implied_fellatio,0,733,
king_halo_(umamusume),4,733,
behind_back,0,732,
dock,0,732,
head_on_chest,0,732,head_on_another's_chest
iori_(blue_archive),4,732,shiromi_iori
mount_fuji,0,732,
pink_fur,0,732,
saki_chisuzu,1,732,sakichi_suzu
shokudaikiri_mitsutada,4,732,
shoukaku_(azur_lane),4,732,
winding_key,0,732,wind-up_key
crowbar,0,731,
game_boy,0,731,gameboy
hungry,0,731,
jeanne_d'arc_(swimsuit_archer)_(first_ascension)_(fate),4,731,
levitation,0,731,
narita_brian_(umamusume),4,731,
onsoku_inu,1,731,onsoku_maru
sauna,0,731,
soviet,0,731,soviet_union
subterranean_animism,3,731,
super_creek_(umamusume),4,731,
whoosaku,1,731,"hoosaku,angelo_(gomahangetsu)"
wizard,0,731,sorcerer
world_cup,3,731,
x-shaped_pupils,0,731,
ako_(blue_archive),4,730,amau_ako
ameyama_denshin,1,730,ameyamadenshin
drag-on_dragoon,3,730,drakengard
mami_mogu_mogu,0,730,
michael_f91,1,730,michael
minotaur,0,730,
rune_factory,3,730,
seki_(red_shine),1,730,aka_(red_shine)
cardigan_around_waist,0,729,
clock_eyes,0,729,clock_eyed
ivy,0,729,
miyase_mahiro,1,729,
sailor_saturn,4,729,
youjo_senki,3,729,saga_of_tanya_the_evil
beam,0,728,light_beam
eirika_(fire_emblem),4,728,
jetpack,0,728,
kimmy77,1,728,"kimmy77_art,alfred_cullado"
pneuma_(xenoblade),4,728,
ring_gag,0,728,
swire_(arknights),4,728,
torture,0,728,
dragon_ball_super_broly,3,727,
ear_protection,0,727,
huyumitsu,1,727,
infinity,0,727,
okazaki_tomoya,4,727,
sousou_(sousouworks),1,727,sawasawa
steak,0,727,
yamamura_sadako,4,727,
agent_aika,3,726,
cluseller,1,726,
diesel-turbo,1,726,
hirose_koichi,4,726,hirose_kouichi
ingrid_brandl_galatea,4,726,ingrid_brandol_galatea
okita_sougo,4,726,
pixiv_fantasia_t,3,726,
print_mug,0,726,
agrias_oaks,4,725,
berry_(pokemon),0,725,
book_hug,0,725,
dress_swimsuit,0,725,
hasumi_(blue_archive),4,725,hanekawa_hasumi
kaine_(nier),4,725,
knotted_penis,0,725,
nigou,1,725,"justice_fist,triple_break"
pov_across_table,0,725,
white_armor,0,725,
green_sclera,0,724,
gunblade,0,724,
mitya,1,724,miicha
pectoral_focus,0,724,
shinapuu,1,724,
adsouto,1,723,
body_armor,0,723,
carmilla_(fate),4,723,carmilla_(fate/grand_order)
extra_faces,0,723,
mary_(ib),4,723,
natori_(kancolle),4,723,natori_(kantai_collection)
sekaiju_no_meikyuu_1,3,723,etrian_odyssey_i
sparkle_print,0,723,
st._louis_(luxurious_wheels)_(azur_lane),4,723,
tennouji_rina,4,723,
ammunition_pouch,0,722,"magazine_pouch,ammo_pouch"
bear_tail,0,722,
kogitsunemaru,4,722,
matoba_risa,4,722,
mikko_(girls_und_panzer),4,722,
minato_ojitan,1,722,minato_(ojitan_gozaru)
nearl_(arknights),4,722,
pussy_juice_drip_through_clothes,0,722,
skull_necklace,0,722,
sleeve_grab,0,722,
animal_ear_headwear,0,721,
dragon_boy,0,721,
mast,0,721,
moyoron,1,721,nosuke_(pixiv)
small-clawed_otter_(kemono_friends),4,721,otter_(kemono_friends)
tsuji_santa,1,721,
wakan_tanka,4,721,
joy_ride,1,720,
meltryllis_(swimsuit_lancer)_(second_ascension)_(fate),4,720,
nitocris_(swimsuit_assassin)_(fate),4,720,
numbers_(nanoha),0,720,
solid_eyes,0,720,
taihou_(forbidden_feast)_(azur_lane),4,720,
tokyo_revengers,3,720,
en'en_no_shouboutai,3,719,"fire_force,enen_no_shoubotai"
kuzuryuu_kennosuke,1,719,
lina_inverse,4,719,
strapless_bottom,0,719,
akaboshi_koume,4,718,
cream_on_face,0,718,
french_flag,0,718,
hitodama_print,0,718,
kiwi_(fruit),0,718,kiwifruit
oonusa,0,718,
osiimi,1,718,
shin_(new),1,718,"cheeeeta,newhonpo"
white_sarong,0,718,
hori_(hori_no_su),1,717,
ingo_(pokemon),4,717,nobori_(pokemon)
pixiv_fantasia_fallen_kings,3,717,
seijun,1,717,
vane_(granblue_fantasy),4,717,
vsinger,3,717,
white_rabbit_(alice_in_wonderland),4,717,"white_rabbit_(wonderland),white_rabbit"
wrong_feet,0,717,
condom_box,0,716,
cure_heart,4,716,
eunectes_(arknights),4,716,
gate_-_jieitai_ka_no_chi_nite_kaku_tatakaeri,3,716,
helltaker_(character),4,716,
model_kit,0,716,plamo
nogi_takayoshi,1,716,
two-tone_bow,0,716,
yurigaoka_girls_academy_school_uniform,0,716,
battleship,0,715,
blue_sarong,0,715,
bouncing_ass,0,715,
fujisaki_hikari,1,715,
hanami,0,715,"flower_viewing,cherry_blossom_viewing,ohanami"
mitre,0,715,
noble_witches,3,715,
setsuna_f._seiei,4,715,setsuna_f_seiei
celes_chere,4,714,
charlotte_(anime),3,714,
enemy_naval_mine_(kancolle),4,714,enemy_naval_mine_(kantai_collection)
inami_mahiru,4,714,
isobe_noriko,4,714,
keizoku_school_uniform,0,714,
kuro_suto_sukii,1,714,
marumikan,1,714,marumikamo
yamato_(one_piece),4,714,
pink_eyeshadow,0,713,
silver_dress,0,713,
track_uniform,0,713,
cure_rhythm,4,712,
missarilicious,1,712,
finana_ryugu,4,712,
jill_stingray,4,712,julianne_stingray
merlin_(fate/prototype),4,712,
meta_knight,4,712,
oshino_ougi,4,712,
serial_experiments_lain,3,712,/sel
epic_seven,3,711,epic7
filia_(skullgirls),4,711,
food-themed_earrings,0,711,food_themed_earrings
green_socks,0,711,green_kneehighs
kinkymation,1,711,
mudou_eichi,1,711,
paul_bunyan_(fate),4,711,"berserker_(learning_with_manga!_fgo),paul_bunyan_(fate/grand_order)"
polka_dot_ribbon,0,711,
shell_necklace,0,711,seashell_necklace
solid_circle_pupils,0,711,(o)_(o)
curiosities_of_lotus_asia,3,710,
goldenglow_(arknights),4,710,
guard_rail,0,710,
himajin_noizu,1,710,himajin_no_izu
hospital_gown,0,710,
maid_day,0,710,
shared_object_insertion,0,710,"shared_dildo,shared_insertion"
sitting_on_bench,0,710,
yellow_sky,0,710,
arona_(blue_archive),4,709,
clothesline,0,709,
flower_tattoo,0,709,
kojima_saya,1,709,
naomi_(girls_und_panzer),4,709,
rou-kyuu-bu!,3,709,ro-kyu-bu!
testicle_grab,0,709,
ankle_grab,0,708,
bikini_shorts,0,708,
box_of_chocolates,0,708,chocolate_box
brown_tail,0,708,
butterfly_sitting,0,708,butterfly_pose
elesis_(elsword),4,708,
elizabeth_bathory_(first_ascension)_(fate),4,708,
green_scrunchie,0,708,
haruno_haruka,4,708,
kikuzuki_(kancolle),4,708,kikuzuki_(kantai_collection)
mmm_threesome,0,708,
onegai_my_melody,3,708,onegaimymelody
sirius_(scorching-hot_seirios)_(azur_lane),4,708,sirius_(midsummer_seirios)_(azur_lane)
yamper,4,708,
fujimaru_ritsuka_(male)_(polar_chaldea_uniform),4,707,
inazuma_eleven_go_galaxy,3,707,
me-tan,4,707,me
pomu_rainpuff,4,707,
projekt_red_(arknights),4,707,
boushi-ya,1,706,
cleave_gag,0,706,"cleavegag,cleave_gagged"
crewmate_(among_us),4,706,
cross-laced_legwear,0,706,
hair_between_breasts,0,706,
muririn,1,706,
rei_(rei's_room),1,706,
spanish_commentary,5,706,
throwing_knife,0,706,throwing_knives
belldandy,4,705,
chocobo,0,705,
hagoromo_lala,4,705,
hunter_(bloodborne),4,705,
mash_kyrielight_(swimsuit_of_perpetual_summer),4,705,swimsuit_of_perpetual_summer
mother_3,3,705,
nora_higuma,1,705,
army,0,704,
culter,1,704,
eye_black,0,704,
hoshino_ruri,4,704,
mat,0,704,
nikaidou_saki,4,704,
reisen_(touhou_bougetsushou),4,704,reisen
seal_(animal),0,704,seal
sewing,0,704,
swastika,0,704,
alolan_vulpix,4,703,
ancesra,1,703,
kotobuki_(tiny_life),1,703,
lowleg_skirt,0,703,low-rise_skirt
multicolored_stripes,0,703,
shiratama_(shiratamaco),1,703,sarico
team_fortress_2,3,703,
gundam_build_divers_re:rise,3,702,
hook,0,702,
isolated_island_oni,4,702,
licking_foot,0,702,"foot_licking,foot_lick"
possessed,0,702,
acorn,0,701,acorns
aoi_(annbi),1,701,
dark_sakura,4,701,black_sakura
dinergate_(girls'_frontline),4,701,dinergate_(girls_frontline)
dragonfly,0,701,
eretto,1,701,utsura_uraraka
leather_pants,0,701,
mokufuu,1,701,
muuran,1,701,
pumpkin_hat,0,701,
sainan_high_school_uniform,0,701,
sion_eltnam_atlasia,4,701,
sock_pull,0,701,
uneven_twintails,0,701,asymmetrical_twintails
abe_kanari,1,700,
box_art,0,700,boxart
character_hair_ornament,0,700,
expression_chart,0,700,
fat_rolls,0,700,fat_folds
heaven's_feel,3,700,
mae_(maesanpicture),1,700,
mosho,1,700,
on_motorcycle,0,700,
reinforce,4,700,
torriet,1,700,torieto
yellow_vest,0,700,
error_musume,4,699,
norasuko,1,699,
pink_sky,0,699,
salad,0,699,
above_clouds,0,698,
aqua_neckerchief,0,698,
between_toes,0,698,
cool-kyou_shinja,1,698,kuuru_kyou_shinja
heracles_(fate),4,698,berserker
holding_own_foot,0,698,
ichinose_kotomi,4,698,
iwashi_dorobou_-r-,1,698,iwasi-r
kuzuha_(nijisanji),4,698,
miracle_mallet,0,698,
no-kan,1,698,"ningen_(gtup8323),._(mdm_pk)"
perth_(kancolle),4,698,perth_(kantai_collection)
platinum_the_trinity,4,698,
sazaki_ichiri,1,698,
totokichi,1,698,fujimiya_yuu
touching,0,698,
touwa_erio,4,698,
year_of_the_pig,0,698,year_of_the_boar
absolutely_everyone,0,697,
breath_of_fire_ii,3,697,bof2
mashiro_yukiya,1,697,0yukiya0
shiina_mayuri,4,697,mayushi_(steins;gate)
takumi_(fire_emblem),4,697,takumi_(fire_emblem_if)
triplets,0,697,
zuikaku_(azur_lane),4,697,
at_classics,1,696,
buruma_aside,0,696,
crawling,0,696,
greek_clothes,0,696,
leonardo_da_vinci_(rider)_(fate),4,696,
mosha,1,696,
rabbit_costume,0,696,bunny_costume
soukou_akki_muramasa,3,696,full_metal_daemon_muramasa
time_bokan_(series),3,696,
vacuum_cleaner,0,696,vacuum
whiskey,0,696,
genyaky,1,695,kyouya_(mukuro238)
grey_bodysuit,0,695,"grey_bikesuit,gray_bikesuit,gray_bodysuit"
holding_letter,0,695,
hong_(white_spider),1,695,"shirospider,white_spider_(hong)"
okinami_(kancolle),4,695,okinami_(kantai_collection)
prototype,0,695,
suicide,0,695,
sussurro_(arknights),4,695,
tomioka_giyuu,4,695,
affectionate,0,694,
akita_neru,4,694,
cherry_hair_ornament,0,694,
kirisawa_juuzou_(character),4,694,
knight_(chess),0,694,
lace_choker,0,694,
martial_arts_belt,0,694,
sadism,0,694,
utsumi_erice,4,694,utsumi_erise
zucchini,1,694,
homu,0,693,
hoshino_(girls_und_panzer),4,693,hoshino_keiko
igarashi_kyou_(eroe),4,693,
kawashima_ami,4,693,
kyuudou,0,693,kyuudo
nakasu_kasumi,4,693,
ooarai_(emblem),0,693,
pixiv_username,0,693,
pool_of_blood,0,693,"puddle_of_blood,blood_pool"
titan_(shingeki_no_kyojin),4,693,
turn_a_gundam,3,693,
yusa_kozue,4,693,
kagematsuri,1,692,
long_earlobes,0,692,"stretched_earlobes,earlobes"
makai_senki_disgaea_2,3,692,disgaea_2
satou_shouji,1,692,"inazuma_(digital_accel_works),inazuma,digital_accel_works"
detached_hair,0,691,
kurosaki_ichigo,4,691,
nagasioo,1,691,
shared_speech_bubble,0,691,
tanya_degurechaff,4,691,
2k-tan,4,691,2k
fidgeting,0,690,fidget
foot_hold,0,690,
green_eyeshadow,0,690,
iwakura_lain,4,690,
kirlia,4,690,
nyan,0,690,
shinonome_nano,4,690,
yamada_aoi,4,690,
aurora,0,689,"northern_lights,aurora_borealis"
bunny_hat,0,689,
folded_hair,0,689,
fukuda_haru,4,689,fukuda_(girls_und_panzer)
gashi-gashi,1,689,
irako_(kancolle),4,689,irako_(kantai_collection)
italian_text,0,689,italian
rhodes_island_logo,0,689,
shishio_chris,4,689,shishiou_chris
deco_(geigeki_honey),1,688,
feldt_grace,4,688,felt_grace
kissing_penis,0,688,penis_kiss
raichu,4,688,
kurikara,1,687,
long_toenails,0,687,long_nails_(toes)
squall_leonhart,4,687,
enma_ai,4,686,
melon22,1,686,temmasa22
contrast,0,685,
crescent_rose,0,685,
erika_(pokemon),4,685,
grimoire_of_alice,0,685,
in_palm,0,685,
kisetsu,1,685,
modare,1,685,mossi
pants_tucked_in,0,685,pants_in_boots
parrot,0,685,
severed_limb,0,685,severed_limbs
takimoto_hifumi,4,685,
alternate_pectoral_size,0,684,
cola,0,684,
fishnet_bodysuit,0,684,
glove_biting,0,684,
isshi_pyuma,1,684,puma_(hyuma1219)
k_hiro,1,684,shuuji_rou
mononoke_hime,3,684,princess_mononoke
sen_to_chihiro_no_kamikakushi,3,684,spirited_away
socha,1,684,
stone_stairs,0,684,
sumeragi_kohaku,1,684,
vi_(league_of_legends),4,684,
yu-gi-oh!_zexal,3,684,"yugioh_zexal,yuu-gi-ou_zexal"
implied_yaoi,0,683,
mewtwo,4,683,
mimonel,1,683,
multicolored_hairband,0,683,
orange_cape,0,683,
black_hanekawa,4,682,
hair_on_horn,0,682,
hoshi_san_3,1,682,
kodomo_no_jikan,3,682,kojika
roxie_(pokemon),4,682,homika_(pokemon)
satake_minako,4,682,
seiru_(prairie),1,682,hijiri_ruka
semiramis_(fate),4,682,
sengoku_musou,3,682,samurai_warriors
shindan_maker,0,682,
shoujo_shuumatsu_ryokou,3,682,girls'_last_tour
yuri_sakazaki,4,682,sakazaki_yuri
plaid_shirt,0,681,plaid_blouse
zun_(style),0,681,oota_jun'ya_(style)
blue_vest,0,680,
holding_another's_hair,0,680,
kneesocks_(psg),4,680,
roke_(taikodon),1,680,
star_fox,3,680,starfox
bulletin_board,0,679,"corkboard,corkboard"
fujimaru_ritsuka_(female)_(polar_chaldea_uniform),4,679,
holding_jewelry,0,679,
jabara_tornado,1,679,jabara921
kickboard,0,679,wakeboard
sweaty_clothes,0,679,
tsukimiya_ayu,4,679,
black_heart,4,678,
facebook_username,0,678,
grandia,3,678,
heart-shaped_eyes,0,678,"heart_eyes,heart_eye,♥_♥"
lyre,0,678,
masu,0,678,
multiple_moles,0,678,
oil,0,678,
self_hug,0,678,
sophie_(tales),4,678,sophie_(tales_of_graces)
aragaki_shinjirou,4,677,shinjirou_aragaki
gasai_yuno,4,677,
kuradoberi_jam,4,677,
mole_on_cheek,0,677,
musical_note_print,0,677,
neko_majin,1,677,
raptor7,1,677,
ryugasaki_rene,4,677,ryuugasaki_rene
umishima_senbon,1,677,
watching_television,0,677,watching_tv
asbel_lhant,4,676,
fingersmile,0,676,finger_smile
hair_lift,0,676,
kaga3chi,1,676,
yappen,1,676,
yumeno_himiko,4,676,
heart_eyes,0,676,heart_eye
afterglow,0,675,
broken_window,0,675,
hibiki_(zerocodo),1,675,hibiki_zerocodo
kawakami_mai,4,675,
konno_tohiro,1,675,
mysterious_heroine_x_alter_(first_ascension)_(fate),4,675,
princess_of_moonbrook,4,675,
sand_cat_(kemono_friends),4,675,
single_epaulette,0,675,
tenjou_utena,4,675,
falling_feathers,0,674,
fumitan_(humitan),1,674,"yanagida_fumita,yanagida_shita"
mochizuki_anna,4,674,
no_mask,0,674,
the_king_of_fighters_xiv,3,674,
tying,0,674,
cum_in_container,0,673,
gomtang,1,673,
hentai_ouji_to_warawanai_neko.,3,673,"the_""hentai""_prince_and_the_stony_cat.,henneko,hentai_ouji_to_warawanai_neko"
hirano_katsuyuki,1,673,tairano_katsuyuki
implied_fingering,0,673,
joystick,0,673,
kanaria,4,673,
meta,0,673,
procreate_(medium),5,673,
shun_(blue_archive),4,673,sunohara_shun
adjusting_necktie,0,672,
donkey_kong_(series),3,672,
heart_on_chest,0,672,
kamen_rider_w,3,672,
roll_caskett_(mega_man),4,672,roll_caskett
solid_snake,4,672,
tendou_akane,4,672,tendo_akane
trafalgar_law,4,672,
two-sided_dress,0,672,
yasuyuki,1,672,
covering_one_breast,0,671,covering_breast
daiaru,1,671,
elysia_(honkai_impact),4,671,
grecale_(kancolle),4,671,grecale_(kantai_collection)
green_tail,0,671,
perfume_bottle,0,671,
pink-tinted_eyewear,0,671,
the_iron_of_yin_and_yang,3,671,iron_of_ying&yang
watercolor_pencil_(medium),5,671,"watercolour_pencil,watercolor_pencil"
yuri_(doki_doki_literature_club),4,671,
bag_of_chips,0,670,
bb_(swimsuit_mooncancer)_(third_ascension)_(fate),4,670,
candlelight,0,670,
cheria_barnes,4,670,
guardian_tales,3,670,
nakagawa_natsuki,4,670,
pendulum,0,670,
punishing:_gray_raven,3,670,
silence_girl,1,670,whgkdud_dd
syrup,0,670,
watercolor_pencil,0,670,watercolour_pencil
behind-the-head_headphones,0,669,
black_clothes,0,669,
cast,0,669,
digital_dissolve,0,669,
double_horizontal_stripe,0,669,
duel_disk,0,669,
hand_over_eye,0,669,
himekawa_yuki,4,669,
lance_(pokemon),4,669,
makuran,1,669,
natsuki_teru,1,669,
no_jacket,0,669,
perfect_cherry_blossom,3,669,
purple_ascot,0,669,purple_jabot
ribbon-trimmed_headwear,0,669,
shrimp_tempura,0,669,fried_shrimp
soap_bottle,0,669,
track_and_field,0,669,
arthropod_limbs,0,668,"spider_arms,insect_arms,arthropod_legs,spider_legs,insect_legs"
bikini_bottom_removed,0,668,
calligraphy_brush_(medium),5,668,
corrupted_metadata,5,668,corrupted_exif_data
curled_fingers,0,668,
kuroboshi_kouhaku,1,668,
lapras,4,668,
mogami_shizuka,4,668,
moose_ears,0,668,
mutual_masturbation,0,668,masturbating_each_other
propeller_hair_ornament,0,668,
sister_cleaire,4,668,
atdan,1,667,
hanasaku_iroha,3,667,
seishou_elementary_school_uniform,0,667,
sky_print,0,667,
yuzuna99,1,667,
alena_(dq4),4,667,
milk_bottle,0,666,
black_keys_(type-moon),0,666,"black_keys_(fate),black_keys,black_key"
blue-tinted_eyewear,0,666,
froggy_nun_(diva),4,666,hook-bang_nun_(diva)
fujimura_taiga,4,666,
itou_yuuji,1,666,bananang
moke_ro,1,666,mokerou
panicking,0,666,panic
pointing_at_another,0,666,
sekaiju_no_meikyuu_3,3,666,etrian_odyssey_iii
ao_dai,0,666,vietnamese_dress
world_is_mine_(vocaloid),3,666,world_is_mine
gun_to_head,0,665,
hardhat,0,665,
holding_skull,0,665,
le_malin_(listless_lapin)_(azur_lane),4,665,
ryuzaki_kaoru,4,665,ryuuzaki_kaoru
shinshuu_maru_(kancolle),4,665,shinshuu_maru_(kantai_collection)
abmayo,1,664,
bike_shorts_under_shorts,0,664,
joestar_birthmark,0,664,
military_helmet,0,664,
mordred_(swimsuit_rider)_(fate),4,664,
nose_ring,0,664,septum_piercing
rhea_(fire_emblem),4,664,
sakata_kintoki_(fate),4,664,sakata_kintoki_(fate/grand_order)
shotgun_shell,0,664,shotgun_shells
takana_shinno,1,664,gp-kids
tokyo-3_middle_school_uniform,0,664,tokyo-3_middle_school_uniform_(evangelion)
warrior,0,664,
baffu,1,663,
cure_sword,4,663,
golden_snub-nosed_monkey_(kemono_friends),4,663,
hasegawa_kobato,4,663,
hinata_channel,3,663,
hoshimiya_kate,4,663,
jason_(kaiten_kussaku_kikou),1,663,jiei_son
jirachi,4,663,
matsuda_(matsukichi),1,663,matsukichiii
nanashiro_gorou,1,663,
satou_kuuki,1,663,
scylla,0,663,octopus_girl
sling_bikini_top,0,663,
team_skull,0,663,
fukuji_mihoko,4,662,
juurouta,1,662,
kishinami_(kancolle),4,662,kishinami_(kantai_collection)
milky_way,0,662,
new_jersey_(azur_lane),4,662,
qp:flapper,1,662,
qr_code,0,662,
rikatan,1,662,
shikushiku_(amamori_weekly),1,662,sisikuku
studded_collar,0,662,
yanagi_(nurikoboshi),1,662,yanagi_(artist)
breaking,0,661,shattering
crumbs,0,661,
electric_plug,0,661,
first_aid_kit,0,661,"medical_kit,medkit,medikit"
igote,0,661,
kaiga,1,661,
kasuga_maru_(kancolle),4,661,kasuga_maru_(kantai_collection)
kumiko_shiba,1,661,"kumiko_(aleron),aleron"
thoma_(genshin_impact),4,661,
arc_the_lad,3,660,
boota_(ttgl),4,660,
breast_milk,0,660,
dopey_(dopq),1,660,jang_ju_hyeon
getou_suguru,4,660,
groom,0,660,
hospital,0,660,
kobayashi_chisato,1,660,
muzzle_flash,0,660,
nahaki,1,660,
nekomiya_hinata,4,660,
otonashi_yuzuru,4,660,otonashi_(angel_beats!)
selvaria_bles,4,660,
suisei_no_gargantia,3,660,gargantia_on_the_verdurous_planet
very_wide_shot,0,660,
walking_on_liquid,0,660,walking_on_water
cat_bag,0,659,cat_backpack
floating_book,0,659,
hitotsuki_nebura,1,659,
armpit_sex,0,658,
dekomori_sanae,4,658,
fist_bump,0,658,"fistbump,brofist"
hashitsuki_nata,0,658,nose_hatchet
ilulu_(maidragon),4,658,"ilulu,iruru"
koi,0,658,koi_(fish)
male_hand,0,658,
mega_man_battle_network,3,658,
natsu_(anta_tte_hitoha),1,658,
riza_hawkeye,4,658,
shinshin,1,658,tigene
easter,0,657,
flapping,0,657,
jacket_over_swimsuit,0,657,
kotegawa_yui,4,657,
pink_umbrella,0,657,
school_days,3,657,schooldays
akuma_no_riddle,3,656,riddle_story_of_devil
blob,0,656,
grey_wings,0,656,gray_wings
pokemon_usum,3,656,"pokemon_ultra_sun,pokemon_ultra_moon,pokemon_ultra_sm"
sako_(bosscoffee),1,656,bbsacon
single_ear_cover,0,656,
yuel_(granblue_fantasy),4,656,
yukoku_kiriko,4,656,yuukoku_kiriko
age_comparison,0,655,
bison_cangshu,1,655,bisonbison
bust_cup,0,655,"alcohol_between_breasts,breasts_cup,breast_cup"
crane_(animal),0,655,crane_(bird)
cyrillic,0,655,
goat,0,655,
pineapple,0,655,
poronegi,1,655,asatsuki
ruffle_compatible,5,655,
whip_marks,0,655,whipmarks
aono_miki,4,654,
blood_bag,0,654,blood_pack
claymore,3,654,
crazy_straw,0,654,
gesugao,0,654,
new_horizon,3,654,
skeleton_print,0,654,
spade_hair_ornament,0,654,
amestris_military_uniform,0,653,
barbariank,1,653,
camouflage_headwear,0,653,"camouflage_helmet,camouflage_hat"
chikan,0,653,
just_the_tip,0,653,
ryuusei_(mark_ii),1,653,
taimanin_yukikaze,3,653,
teeth_hold,0,653,
testicle_sucking,0,653,"sucking_testicles,ball_sucking"
wu_zetian_(fate),4,653,wu_zetian_(fate/grand_order)
doraemon_(character),4,652,
fennekin,4,652,
golden_arms,0,652,
groceries,0,652,
holding_money,0,652,holding_banknote
jungle,0,652,
medallion,0,652,
orihara_izaya,4,652,
scheherazade_(fate),4,652,scheherazade_(fate/grand_order)
slim_legs,0,652,
suletta_mercury,4,652,protagonist_(gundam_suisei_no_majo)
unconventional_media,5,652,
bathrobe,0,651,
bound_together,0,651,tied_together
copy_ability,0,651,
erza_scarlet,4,651,
guin_guin,1,651,
implied_masturbation,0,651,
kobayashi_(maidragon),4,651,
mew,4,651,
blood_on_arm,0,650,bloody_arm
bowler_hat,0,650,
chikuwa.,1,650,
craft_essence_(fate),0,650,craft_essence
finger_sucking,0,650,"sucking_finger,finger_suck"
ingrid_(capcom),4,650,ingrid
kano_shuuya,4,650,
nakajima_yuka,1,650,digital_lover
sheffield_(azur_lane),4,650,
shimokirin,1,650,
shinoasa,1,650,
white_bird,0,650,
fiery_wings,0,649,fire_wings
food_art,0,649,
fuuzasa,1,649,
ganondorf,4,649,
higashikata_josuke_(jojolion),4,649,higashikata_jousuke_(jojolion)
jude_mathis,4,649,
pokemon_bw_(anime),3,649,
ryuuichi_(f_dragon),1,649,falconet_dragon
uehara_himari,4,649,
afuro_terumi,4,649,"byron_love,aphrodite_(inazuma_eleven)"
blue_poison_(shoal_beat)_(arknights),4,648,blue_poison_(rhythm_on_the_beach)_(arknights)
cat_mask,0,648,
gold_necklace,0,648,
happiness!,3,648,happiness
igarashi_kyoko,4,648,"igarashi_kyouko,igarashi_kyouko"
ink_(medium),0,648,
kiyama_satoshi,1,648,ore_p_1-gou
misumi_(niku-kyu),1,648,
neru_(blue_archive),4,648,mikamo_neru
pop-up_story,3,648,
amami_rantarou,4,647,
dissolving_clothes,0,647,dissolving_clothing
exposed_pocket,0,647,pockets_visible
gorou_(genshin_impact),4,647,
lili_(tekken),4,647,emilie_de_rochefort
ar_tonelico_ii,3,646,"/at2,ar_tonelico_2"
checkered_dress,0,646,
chen_(cat),4,646,
iruma_miu,4,646,
jean_bart_(azur_lane),4,646,
maya_kai_ni_(kancolle),4,646,
mizuryu_kei,1,646,"mizuryuu_kei,tolkemada"
queen_elizabeth_(azur_lane),4,646,
sugimoto_saichi,4,646,
two-sided_skirt,0,646,
wakamezake,0,646,"liquid_between_thighs,lap_cup,lapcup,thigh_cup"
arle_nadja,4,645,
ballpoint_pen_(medium),5,645,ballpoint_pen
biwa_lute,0,645,
chocola_(nekopara),4,645,"chocola_(sayori),chocolat_(sayori)"
honey_strap,0,645,
jessica_albert,4,645,
ma_rukan,1,645,
tamagoyaki,0,645,egg_roll
uchi_emiri,4,645,
veiny_arms,0,645,
volcano,0,645,
yamashichi_(mtseven),1,645,yamashiki_(orca_buteo)
yatadera_narumi,4,645,
mefomefo,1,644,
nakoruru,4,644,
no_legs,0,644,
rifyu,1,644,
sheikah,0,644,
sitting_on_shoulder,0,644,
spider-man,4,644,"spider_man,spiderman"
star_ocean_anamnesis,3,644,
suzuki_jun,4,644,
through_screen,0,644,coming_out_of_screen
tomoe_gozen_(swimsuit_saber)_(fate),4,644,
weasel_ears,0,644,stoat_ears
ballpoint_pen,0,644,
animal_slippers,0,643,
jeanne_d'arc_(granblue_fantasy),4,643,
love_hina,3,643,lovehina
mermaid_melody_pichi_pichi_pitch,3,643,"pichi_pichi_pitch,mmppp"
nunnally_lamperouge,4,643,
potara_earrings,0,643,
tumblr_sample,5,643,
blue_bandana,0,642,
fukawa_touko,4,642,
galko,4,642,gyaru-ko
ghost_pose,0,642,
kuro_chairo_no_neko,1,642,
mei_(maysroom),1,642,
ogata_hyakunosuke,4,642,
platform_boots,0,642,
power_connection,0,642,element_connection
print_sleeves,0,642,
sanada_akihiko,4,642,
suminagashi,1,642,"suminaga_(altil777),kasuka_(kusuki),bei_mochi"
wrist_bow,0,642,
gwen_stacy,4,641,
kamizono_(spookyhouse),1,641,
klan_klein,4,641,klein_klan
lielos,1,641,
necktie_removed,0,641,necktie_off
simoun,3,641,
usekh_collar,0,641,egyptian_collar
webbed_hands,0,641,
bad_yandere_id,5,640,
bococho,1,640,
brown_flower,0,640,
hogwarts_school_uniform,0,640,
shrugging,0,640,
sonohara_anri,4,640,
takiki,1,640,
toe-point,0,640,
torisan,1,640,
utage_(arknights),4,640,
zyugoya,1,640,"juugoya_(zyugoya),thukimidanngo"
bc_freedom_school_uniform,0,639,
cellphone_charm,0,639,phone_charm
chef,0,639,chef_uniform
hand_wraps,0,639,handwraps
kuga_natsuki,4,639,
patchwork_clothes,0,639,
protecting,0,639,protect
ray_gun,0,639,raygun
stile_uniform,0,639,
single_hair_ring,0,639,
azusa_(blue_archive),4,638,shirasu_azusa
kiyohime_(swimsuit_lancer)_(fate),4,638,
koutaro,1,638,"koutaro_(pixiv160924),nijiiro_zakura"
luma_(mario),4,638,"chiko_(mario),luma"
pixelated,0,638,
poison_(final_fight),4,638,
pubic_stubble,0,638,shaved
rewrite,3,638,
shell_hair_ornament,0,638,seashell_hair_ornament
uni_(neptune_series),4,638,
wing_ears,0,638,
checkered_legwear,0,637,
clownfish,0,637,
cutlass_(girls_und_panzer),4,637,
dirt,0,637,
exercise_ball,0,637,"yoga_ball,gym_ball,balance_ball"
hei_(darker_than_black),4,637,
kamen_rider_revice,3,637,
licking_ear,0,637,"ear_licking,ear_lick"
re:creators,3,637,
tama_(tamago),1,637,tama_(seiga46239239)
wild_arms_2,3,637,
amazon_(dragon's_crown),4,636,
avengers_(series),3,636,avengers
character_age,0,636,age
eldridge_(azur_lane),4,636,
floating_weapon,0,636,
flying_teardrops,0,636,
gentsuki,1,636,
head,0,636,
holding_beachball,0,636,
nanoless,1,636,
optimus_prime,4,636,
uni8,1,636,
varia_suit,0,636,
yamabukiiro,1,636,
yozora_mel,4,636,
yuzu_momo,1,636,
dennou_shoujo_youtuber_siro,3,635,
flat_chest_grab,0,635,flat_grab
formation_girls,3,635,
frilled_sailor_collar,0,635,
isshiki_iroha,4,635,
mibu_natsuki,1,635,
midway_princess,4,635,midway_hime
morgiana,4,635,
one-piece_thong,0,635,
out_of_character,0,635,
senomoto_hisashi,1,635,
nihonga,0,635,
aikawa_ryou,1,634,
capriccio,1,634,
darkmaya,1,634,
eel,0,634,eels
givuchoko,1,634,gibuchoko
mel_(melty_pot),1,634,
nail_bat,0,634,nailbat
soft_serve,0,634,
stitched_mouth,0,634,
caryo,1,633,
gravity_daze,3,633,gravity_rush
greenteaneko,1,633,ricky_ka_pang
kamio_reiji_(yua),4,633,
necro_(nekurodayo),1,633,ne_kuro
otter_tail,0,633,
rape_face,0,633,rapeface
roy_mustang,4,633,
converse,0,632,
izuna_(blue_archive),4,632,kuda_izuna
kirisame_marisa_(cosplay),0,632,
multiple_torii,0,632,
nakatani_nio,1,632,
shimaidon_(sex),0,632,
t-head_trainer,4,632,
cracked_floor,0,631,
eris_greyrat,4,631,
hair_color_connection,0,631,
kaizuka_inaho,4,631,
maki_(seventh_heaven_maxion),1,631,
minazuki_karen,4,631,
mizuumi_(bb),1,631,evuoaniramu
negev_(girls'_frontline),4,631,negev_(girls_frontline)
object_on_breast,0,631,
red_tail,0,631,
saijo_juri,4,631,saijou_juri
shogi,0,631,shougi
takasu_ryuuji,4,631,
two-finger_salute,0,631,
barry_(pokemon),4,630,"pearl_(pokemon),jun_(pokemon)"
bee,0,630,
blue_pupils,0,630,
hyakumantenbara_salome,4,630,
little_red_riding_hood_(grimm)_(cosplay),0,630,
negative_space,0,630,
queen's_gate,3,630,queens_gate
single_wrist_cuff,0,630,single_wristcuff
starlight_academy_uniform,0,630,
xiujia_yihuizi,1,630,meguminashi
cattail,0,629,"bulrush,cattail_(plant)"
hatake_kakashi,4,629,
licking_breast,0,629,"breast_licking,breast_lick"
restroom,0,629,
riven_(league_of_legends),4,629,
braiding_hair,0,628,
chara_(undertale),4,628,
chi-class_torpedo_cruiser,4,628,
erere,1,628,
harano,1,628,cheat-nu
mishaguji,4,628,
missile_pod,0,628,rocket_pod
nagase_haruhito,1,628,
seatbelt,0,628,
sonson_(eleven),1,628,
welt_(kinsei_koutenkyoku),1,628,u-eruto
before_and_after,0,627,
beretta_92,0,627,"beretta_92fs,beretta_m9"
cura,1,627,
flail,0,627,
gensoukoumuten,1,627,gensokoumuten
komone_ushio,1,627,
medusa_(lancer)_(fate),4,627,
okita_j._souji_(fate),4,627,okita_souji_(swimsuit_assassin)_(fate)
originium_arts_(arknights),0,627,
rengoku_kyoujurou,4,627,
tail_around_leg,0,627,
tambourine,0,627,
used_condom_on_penis,0,627,condom_filling
wakaba_(kancolle),4,627,wakaba_(kantai_collection)
year_of_the_rooster,0,627,
yellow-tinted_eyewear,0,627,
lunamaria_hawke,4,626,lunamaria
matsukaze_tenma,4,626,
nipple_pull,0,626,
pizza_box,0,626,
single_head_wing,0,626,
stuffed_penguin,0,626,
alternate_hair_ornament,0,625,
bunny_day,0,625,
hayashi_custom,1,625,hayashi_kasutamu
horseshoe,0,625,
ken_masters,4,625,
kyouda_suzuka,1,625,suzuka_sario
mayo_riyo,1,625,
oboro_muramasa,3,625,"muramasa_the_demon_blade,oboro_muramasa_youtouden"
person_on_head,0,625,
renkin_san-kyuu_magical_pokaan,3,625,"majipoka,magipoka"
sailor_chibi_moon,4,625,
whislash_(arknights),4,625,
yuuno_scrya,4,625,yuno_scrya
akashio_(loli_ace),1,624,shonyou
flcl,3,624,"fooly_cooly,furi_kuri"
kaname_madoka_(cosplay),0,624,
leone_abbacchio,4,624,leone_abbachio
midriff_sarashi,0,624,sarashi_(midriff)
purple-tinted_eyewear,0,624,
sixteenth_note,0,624,semiquaver
bacius,1,623,samerupa
blue_umbrella,0,623,
bolt,0,623,
front_zipper_swimsuit,0,623,
male_underwear_pull,0,623,"briefs_pull,boxers_pull,underwear_pull_(male)"
masayo_(gin_no_ame),1,623,
mega_man_zx,3,623,"rockman_zx,megaman_zx"
mikoyan,1,623,
misu_kasumi,1,623,
nijiura_maids,3,623,
ohta_yuichi,1,623,oota_yuuichi
purple_socks,0,623,purple_kneehighs
ui_(blue_archive),4,623,kozeki_ui
dragon_ball_gt,3,622,"/dbgt,dragonball_gt"
fu-ta,1,622,
jeanne_d'arc_(swimsuit_archer)_(second_ascension)_(fate),4,622,
liang_xing,1,622,liangxing
lolibaba,0,622,paleololi
magallan_(arknights),4,622,
nekobungi_sumire,1,622,
silva_(granblue_fantasy),4,622,
toyokawa_fuka,4,622,toyokawa_fuuka
uni_mate,1,622,lob-ster
compass,0,621,compasses
crotch_grab,0,621,bulge_grab
decapitation,0,621,beheading
hoodie_lift,0,621,
keebo,4,621,
military_operator,0,621,operator
rough_sex,0,621,
soraka_(league_of_legends),4,621,soraka
super_pochaco,4,621,
table_sex,0,621,
vahn_yourdoom,1,621,
aegir_(azur_lane),4,620,agir_(azur_lane)
fine_motion_(umamusume),4,620,
john_doe,1,620,
knives_between_fingers,0,620,
mikozin,1,620,"huhuuhusab,mikojin"
pig_ears,0,620,
raven_(dc),4,620,
rioshi,1,620,
scoop_neck,0,620,
side-tie_peek,0,620,
spider-man:_into_the_spider-verse,3,620,
tekken_7,3,620,
ushizaki_urumi,4,620,
drugged,0,619,
fanning_self,0,619,
germany,0,619,
greninja,4,619,
invisible_man,0,619,
kurokote,0,619,
udagawa_tomoe,4,619,
bamboo_blade,3,618,
bat_girl,0,618,
black_clover,3,618,
erwin_(girls_und_panzer),4,618,matsumoto_riko
gao,0,618,rawr
micro_bra,0,618,
multitasking,0,618,
nagami_yuu,1,618,"gogatsu_unagi,pinata_party"
nishimata_aoi,1,618,
pinstripe_suit,0,618,
plaid_ribbon,0,618,
roxy_migurdia,4,618,
shugo_chara!,3,618,"shugo_kyara!,shugo_chara,shugo_kyara"
split_theme,0,618,
bridal_legwear,0,617,
camonome,1,617,
frog_girl,0,617,
hyrule_warriors,3,617,zelda_musou
loaded_interior,0,617,
miwa_shirow,1,617,"miwa_shirou,epo_kishi"
otter,0,617,
paw_print_pattern,0,617,
rabbit_on_head,0,617,bunny_on_head
small_nipples,0,617,
warning_sign,0,617,caution_sign
weapon_bag,0,617,"sword_bag,weapon_cover_bag,shinai_bag"
against_railing,0,616,leaning_on_rail
flats,0,616,
bigrbear,1,616,
grey_leotard,0,616,gray_leotard
identity_v,3,616,
michii_yuuki,1,616,
sen_(astronomy),1,616,
tracen_swimsuit,0,616,
vanilla_(nekopara),4,616,vanilla_(sayori)
alice_cartelet,4,615,"alice_carteret,alice_cartalet"
butz_klauser,4,615,
flonne,4,615,
homura_subaru,1,615,
macross_7,3,615,
meimaru_inuchiyo,1,615,meitei
midori_(blue_archive),4,615,saiba_midori
samson_(skullgirls),4,615,
wokada,1,615,
carapace,0,614,
energy_beam,0,614,
hyuuga_azuri,1,614,
i-no,4,614,
karory,1,614,karoryyyyy
saigusa_haruka,4,614,
shamal,4,614,
atelier_totori,3,613,
bismarck_(azur_lane),4,613,
breasts_on_table,0,613,
brown_corset,0,613,
colored_stripes,0,613,
destroyer_princess,4,613,destroyer_hime
emoticon,0,613,
front-print_panties,0,613,
half-skirt,0,613,
hand_tattoo,0,613,
kotatsu_(g-rough),1,613,
kumadano,1,613,
lifebuoy_ornament,0,613,
listening_to_music,0,613,
momoi_(blue_archive),4,613,saiba_momoi
nakamura_regura,1,613,
orange_jumpsuit,0,613,
stuffed_dog,0,613,
brand_new_animal,3,612,
food_on_breasts,0,612,
mizutani_eri,4,612,
white_mask,0,612,
bathhouse,0,611,"sento,public_bath"
casing_ejection,0,611,
cum_on_glasses,0,611,
fingering_through_panties,0,611,
hollow_eyes,0,611,
ishuzoku_reviewers,3,611,interspecies_reviewers
melia_antiqua,4,611,
minase_nayuki,4,611,
piyokichi,1,611,
runny_makeup,0,611,"mascara_smear,ruined_makeup"
shirasagi_chisato,4,611,
sora_no_kiseki,3,611,trails_in_the_sky
tsurui,1,611,
vyrn_(granblue_fantasy),4,611,"vee_(granblue_fantasy),bii_(granblue_fantasy)"
wide_face,0,611,wideface
african_wild_dog_(kemono_friends),4,610,
aster_crowley,1,610,
caro_ru_lushe,4,610,kyaro_lo_loussier
censored_text,0,610,
ditto,4,610,
haoni,1,610,
hayasaka_mirei,4,610,
saint_quartz_(fate),0,610,saint_quartz
shibuya_kanon,4,610,
tribal_tattoo,0,610,
u_u_zan,1,610,uu_uu_zan
aile_(crossroads),1,609,
elise_(fire_emblem),4,609,elise_(fire_emblem_if)
imperishable_night,3,609,
magic_knight_rayearth,3,609,
penis_to_breast,0,609,penis_to_nipple
sayo_samonji,4,609,
takaharu,1,609,
valkyrie_profile,3,609,
cian_yo,1,608,"cianyo,qaz2365643"
emotionless_sex,0,608,expressionless_sex
gray_(fate),4,608,gray_(lord_el-melloi_ii)
mikazuki_yozora,4,608,
pancake_stack,0,608,stack_of_pancakes
sato_shin,4,608,satou_shin
broken_armor,0,607,torn_armor
kawayabug,1,607,
matsubara_kanon,4,607,
natsuki_(doki_doki_literature_club),4,607,
paizuri_invitation,0,607,
uzuki_sayaka,4,607,
amane_hasuhito,1,606,hasu_(hk_works)
animal_on_hand,0,606,
announcement_celebration,0,606,
asahina_aoi,4,606,asahina_aoi_(dangan-ronpa)
astolfo_(saber)_(fate),4,606,
asuna_(sao-alo),4,606,
black_survival,3,606,
chloe_(princess_connect!),4,606,"kuroe_hanako,hanako_kuroe"
floating_clothes,0,606,blowing_clothes
green_belt,0,606,
irene_(arknights),4,606,
kittysuit,0,606,
pastry_bag,0,606,"piping_bag,frosting_bag"
razor_(genshin_impact),4,606,
spider-gwen,4,606,
temple,0,606,
arrancar,0,605,
fanbox_username,0,605,
gilgamesh_(caster)_(fate),4,605,
graf_eisen,4,605,
hacka_doll_3,4,605,
hanzou,1,605,
high_tops,0,605,
hima,1,605,"toto_(ajisio9),himapo"
hisasi,1,605,hisashi_(nekoman)
honoka_(doa),4,605,
milotic,4,605,
paper_stack,0,605,
clothes_pin,0,604,"clothing_pin,clothespins,clothespin,clothes_pins"
crane_game,0,604,"claw_crane,claw_machine,ufo_catcher"
isometric,0,604,
kashino_(hot_springs_relaxation)_(azur_lane),4,604,kashino_(after-bath_pleasure)_(azur_lane)
kurona,1,604,
majin_android_21,4,604,
musket,0,604,
pearl_earrings,0,604,
wet_towel,0,604,
cauldron,0,603,
chomusuke,4,603,
cinderace,4,603,
determined,0,603,
dr.p,1,603,p&p
goutokuji_mike,4,603,
implied_kiss,0,603,
mazinger_(series),3,603,
paint_splatter_on_face,0,603,paint_on_face
pov_doorway,0,603,
powerpuff_girls_z,3,603,"demashita_powerpuff_girls_z,demashita!_powerpuff_girls_z,ppgz"
rinne_no_lagrange,3,603,lagrange:_the_flower_of_rin-ne
sankuma,1,603,
embroidery,0,602,embroidered
genzoman,1,602,
hanna-justina_marseille,4,602,
ittokyu,1,602,
matilda_fiship,1,602,matilda_vin
sakura_(fire_emblem),4,602,sakura_(fire_emblem_if)
takamiya_rion,4,602,
brown_scarf,0,601,
chocolate_cake,0,601,
iggy_(jojo),4,601,
infirmary,0,601,"nurse's_office,nurse_office"
kamisimo_90,1,601,yuya
kotobuki_(momoko_factory),1,601,
livestream,0,601,"streaming,twitch_stream"
prison,0,601,jail
rin_yuu,1,601,nikkunemu
roots,0,601,
yoshizawa_kasumi,4,601,
gladiator_sandals,0,600,gladiator_boots
graduation,0,600,
kokudou_juunigou,1,600,route_12
kumada_masaru,4,600,
metroid_(creature),4,600,
saigado,1,600,saigadou
selection_university_military_uniform,0,600,
wallpaper_(object),0,600,
yuuri_(shoujo_shuumatsu_ryokou),4,600,
bear_panties,0,599,"kuma_pantsu,kumapantsu"
crypto_(apex_legends),4,599,
fuuma_nagi,1,599,
iwbitu,1,599,iwbitu-sa
prosciutto,4,599,
saw,0,599,
shirotsumekusa,1,599,crazy_clover_club
syuri22,1,599,
two-tone_leotard,0,599,
walther,0,599,
greatmosu,1,598,5240mosu
grisaia_(series),3,598,
jolteon,4,598,
mia_(fire_emblem),4,598,wayu_(fire_emblem)
nedia_(nedia_region),1,598,nedia_r
oda_ken'ichi,1,598,oda_kenichi
pavolia_reine,4,598,
phosphophyllite_(ll),4,598,
rainbow_background,0,598,/rainbowbg
throat_microphone,0,598,
travel_attendant,0,598,stewardess
triangle_hair_ornament,0,598,
velvet_crowe,4,598,velvet_(tales)
yoshitomi_akihito,1,598,
assassin_cross_(ragnarok_online),4,597,
devil_survivor,3,597,
freyja_wion,4,597,
hooded_dress,0,597,
la_pluma_(arknights),4,597,
nippon_professional_baseball,3,597,
rui_shi_(rayze_ray),1,597,ray83222
sairenji_haruna,4,597,
saya_no_uta,3,597,the_song_of_saya
tsukiyo_(skymint),1,597,
wrestle_angels,3,597,
yumizuka_satsuki,4,597,sacchin
atago_(summer_march)_(azur_lane),4,596,atago_(midsummer_march)_(azur_lane)
caracal_(kemono_friends),4,596,
energy_cannon,0,596,
half_mask,0,596,
katarina_(league_of_legends),4,596,katarina_du_couteau
magician,0,596,
naganami_kai_ni_(kancolle),4,596,
scalpel,0,596,
simulated_fellatio,0,596,oral_object_insertion
smart_falcon_(umamusume),4,596,
admire_vega_(umamusume),4,595,
beijuu,1,595,juz
chameleon_(ryokucha_combo),1,595,"kamere,kamereon"
clawed_gauntlets,0,595,
eas,4,595,
gastly,4,595,
jibril_(no_game_no_life),4,595,
noctis_lucis_caelum,4,595,
omaru_gyuunyuu,1,595,"kulumi_e,omaru09"
shannon_(umineko),4,595,
shippou_(pattern),0,595,
stick_poster,0,595,
alina_gray,4,594,
arnest,1,594,
blemishine_(arknights),4,594,
bottle_miku,4,594,
cropped_sweater,0,594,
fuukadia_(narcolepsy),1,594,"manobo,govurin"
hiten_(hitenkei),1,594,
holding_swimsuit,0,594,"holding_bikini_bottom,holding_bikini_top,holding_bikini"
kirishima_satoshi,1,594,
latias,4,594,
musouzuki,1,594,
panties_over_pantyhose,0,594,
quick_waipa,1,594,quick_makanaha
raven_(tales),4,594,raven_(tov)
shimada_chiyo,4,594,
silverash_(arknights),4,594,
spaceship_hair_ornament,0,594,
tori_(minamopa),1,594,kanaria_(artist)
tron_bonne_(mega_man),4,594,tron_bonne
ashiomi_masato,1,593,tokihara_masato
cure_lovely,4,593,
hounori,1,593,
kotoyama,1,593,
long_labia,0,593,
malenia_blade_of_miquella,4,593,
muppo,4,593,
pacific_rim,3,593,
polearm_behind_back,0,593,
raccoon,0,593,
ricegnat,1,593,"eric_tang,kerasu"
suzuka_gozen_(fate),4,593,
temari_(naruto),4,593,temari
tennis_ball,0,593,
trolling,0,593,
yokosuka_girls_marine_high_school_uniform,0,593,
congratulations,0,592,
implied_anal,0,592,
kalina_(girls'_frontline),4,592,kalina_(girls_frontline)
minegumo_(kancolle),4,592,minegumo_(kantai_collection)
munakata_(sekimizu_kazuki),1,592,
pochincoff,1,592,
sega,3,592,
tolkien's_legendarium,3,592,"tolkiens_legendarium,legendarium"
chacharan,1,591,
cookie_run,3,591,
fading,0,591,
four-leaf_clover_hair_ornament,0,591,
gold_footwear,0,591,
hair_over_one_breast,0,591,
high_school_dxd_infinity,3,591,
judith_(tales),4,591,judith
keqing_(opulent_splendor)_(genshin_impact),4,591,
kitashirakawa_chiyuri,4,591,
leaf_background,0,591,/leafbg
morinaka_kazaki,4,591,
proposal,0,591,
rukuriri_(girls_und_panzer),4,591,rukuriri
sanrio,3,591,
surfing,0,591,
yadokari_genpachirou,1,591,
chocolate_making,0,590,
himesaka_noa,4,590,
legwear_removed,0,590,
nagioka,1,590,"sblack,sblack"
narumi_arata,1,590,
sekiro:_shadows_die_twice,3,590,
ainu,0,589,
masakichi_(crossroad),1,589,
nyong_nyong,1,589,pigeoncrow
perseus_(azur_lane),4,589,
sasha_braus,4,589,
spicy_nun_(diva),4,589,half-bang_nun_(diva)
tokyo_(city),0,589,
akchu,1,588,
ayatsuji_tsukasa,4,588,
f-ism,3,588,fism
hiradaira_chisaki,4,588,
kazemaru_ichirouta,4,588,nathan_swift
lisa_lisa,4,588,
penguin_costume,0,588,penguin_suit
resident_evil_village,3,588,resident_evil_8
super_masara,1,588,masara
argyle_cutout,0,587,
bekkankou,1,587,
ett,1,587,ett01024
fast_food,0,587,
holding_chocolate,0,587,
huge_dildo,0,587,large_dildo
keyblade,0,587,
m.m,1,587,
nagishiro_mito,1,587,
pyrrha_nikos,4,587,
red_tank_top,0,587,
self_exposure,0,587,
toggles,0,587,
volleyball_net,0,587,
vrchat,3,587,
flailing,0,586,
gradient_skin,0,586,
kariyushi_shirt,0,586,
laundry_basket,0,586,
metal_boots,0,586,
poi,0,586,
side-tie_skirt,0,586,
symbol,0,586,
ai_ai_gasa,0,585,love_umbrella
bravely_default_(series),3,585,
combat_knife,0,585,
deutschland_(azur_lane),4,585,
drum_magazine,0,585,
ellen_baker,4,585,
frame_arms_girl,3,585,
morishima_haruka,4,585,
sailor_collar_lift,0,585,
tashkent_(azur_lane),4,585,
tony_tony_chopper,4,585,
tsubaki_yayoi,4,585,
anmi,1,584,
boa_(brianoa),1,584,
broken_sword,0,584,
dashed_eyes,0,584,"line_in_eye,dash_eyes"
glock,0,584,"glock_18c,glock_19,glock_17"
glowing_hand,0,584,
grey_vest,0,584,gray_vest
lily_black,4,584,
mari_(blue_archive),4,584,iochi_mari
namamo_nanase,1,584,tomoeda
o-ring_swimsuit,0,584,
sam_browne_belt,0,584,
seeu,4,584,
triangular_eyewear,0,584,
walzrj,1,584,
wii_fit,3,584,
yuusha_series,3,584,brave_series
aurahack,1,583,erica_june_lahaie
dairoku_ryouhei,3,583,"jaeger_six,dairoku_youhei"
fate/extra_ccc_fox_tail,3,583,
kama_(first_ascension)_(fate),4,583,
panda_hood,0,583,
police_car,0,583,
transparent_censoring,0,583,
wind_turbine,0,583,
zero_no_kiseki,3,583,trails_from_zero
ange_(princess_principal),4,582,
artstation_sample,5,582,
asamiya_athena,4,582,
black_coat_(kingdom_hearts),0,582,organization_xiii_uniform
brown_sleeves,0,582,
crow_(siranui),1,582,kuro_(shiranui)
goggles_removed,0,582,
honma_himawari,4,582,
jewelry_removed,0,582,
mukyuu,0,582,
nanami_yachiyo,4,582,
purple_tongue,0,582,
soccer_spirits,3,582,
tony_guisado,1,582,
yatterman,3,582,
yuuki_yuuna,4,582,
flying_paper,0,581,
ghost_in_the_shell_stand_alone_complex,3,581,
holding_own_tail,0,581,
isaki_(gomi),1,581,gomi_(gomitin)
janus_(kancolle),4,581,janus_(kantai_collection)
kanzuki_karin,4,581,
karutamo,1,581,
kitten_(gravity_daze),4,581,kat_(gravity_rush)
neoartcore,1,581,"nudtawut_thongmai,gotgituey"
otoi_rekomaru,1,581,"toire_komoru,filtration"
ping_hai_(azur_lane),4,581,
sayu_(genshin_impact),4,581,
teardrop_tattoo,0,581,
cabbage,0,580,
doyouwantto,1,580,
folder,0,580,folders
key_(company),3,580,
kfc,3,580,"kentucky_fried_chicken,kfc_(company)"
multiple_weapons,0,580,
pantyhose_under_swimsuit,0,580,
rope_belt,0,580,rope_sash
saga_(arknights),4,580,
saitou_masatsugu,1,580,"saitom,saitom"
sakaguchi_karina,4,580,
shirosaki_hana,4,580,
tanamachi_kaoru,4,580,
unfairr,1,580,ecchi_pantsu
village,0,580,
firelock,0,579,
kuroyukihime,4,579,kuro_yuki_hime
leo_(fire_emblem),4,579,
lifting,0,579,
megurigaoka_high_school_uniform,0,579,
natsuya_(kuttuki),1,579,
print_swimsuit,0,579,
scouter,0,579,
sexual_coaching,0,579,coaching_(sexual)
bc_freedom_(emblem),0,578,
cash_register,0,578,
game_boy_(original),0,578,
gold_bracelet,0,578,
hina_(swimsuit)_(blue_archive),4,578,sorasaki_hina_(swimsuit)
invisible,0,578,
korie_riko,1,578,
lane_line,0,578,
leaning_on_rail,0,578,
litwick,4,578,
totodile,4,578,
twintails_day,0,578,
akasaai,1,577,yui_2021_x
clarent_(fate),0,577,clarent
fitting_room,0,577,
ginga_nakajima,4,577,nakajima_ginga
kedama_milk,1,577,kedama_(pixiv16731)
kyogoku_shin,1,577,kyougoku_shin
lord_knight_(ragnarok_online),4,577,
natsume_kyousuke,4,577,
purple_cardigan,0,577,
zima_(arknights),4,577,
entangled,0,576,tangled_up
inuinui,1,576,
kurot,1,576,
popsicle_stick,0,576,
royal_penguin_(kemono_friends),4,576,
shining_(arknights),4,576,
tajima_yuuki,1,576,
undefined_fantastic_object,3,576,
apple_caramel,1,575,
cumulonimbus_cloud,0,575,
flower_on_head,0,575,
greem_bang,1,575,
ice_cream_float,0,575,cream_soda_(ice_cream)
jintsuu_kai_ni_(kancolle),4,575,
lansane,1,575,
ribbon-trimmed_bra,0,575,
stomping,0,575,stomp
temari_ball,0,575,
whip_sword,0,575,
justice_gakuen,3,574,rival_schools
meadow,0,574,
mercedes_von_martritz,4,574,mercedes_von_marltritz
mizuho_(kancolle),4,574,mizuho_(kantai_collection)
morikura_en,1,574,
octopath_traveler,3,574,
ogasawara_sachiko,4,574,
orca,0,574,"orca_whale,killer_whale"
yellow_socks,0,574,yellow_kneehighs
alp,1,573,
aoi_kumiko,1,573,
bucket_hat,0,573,
dodging,0,573,
friend_(nanashi_mumei),4,573,
hitsukuya,1,573,
kama_(swimsuit_avenger)_(fate),4,573,
kitahara_tomoe_(kitahara_koubou),1,573,
narration,0,573,
railroad_crossing,0,573,"train_crossing,railway_crossing"
senbei,0,573,"rice_cracker,senbei_(food)"
cowering,0,572,
cum_inflation,0,572,cumflation
ganesagi,1,572,"shirogane_usagi,shiroganeusagi"
male_on_futa,0,572,
menu_board,0,572,
nostrils,0,572,nostril
pastel_(medium),5,572,
taut_swimsuit,0,572,
yamanaka_sawako,4,572,
aegis_sword_(xenoblade),0,571,
beige_cardigan,0,571,
hanging_plant,0,571,
kamina_shades,0,571,kamina_glasses
mamemaki,0,571,
phoenix_wright,4,571,naruhodou_ryuuichi
rosa_(arknights),4,571,
sankakusui,1,571,
toshishikisai,1,571,
van,0,571,
wafer_stick,0,571,cookie_straw
agatsuma_zenitsu,4,570,
amano_kouki,1,570,amano_(els573)
amasawa_yuuko,4,570,"isako_(dennou_coil),isako"
captain_(kemono_friends),4,570,
kibina_high_school_uniform,0,570,
koizumi_mahiru,4,570,
storm,0,570,
wool_(miwol),1,570,
anya_alstreim,4,569,anya_earlstreim
female_service_cap,0,569,
glowing_tattoo,0,569,
han_(jackpot),1,569,han64
holding_branch,0,569,
liya,1,569,
mocha_(cotton),1,569,
red_mittens,0,569,
rossweisse,4,569,
sazanami_mio,1,569,
against_fourth_wall,0,568,
alpha_signature,0,568,
chaesu,1,568,
hamanami_(kancolle),4,568,hamanami_(kantai_collection)
inverted_bob,0,568,
kisaragi_nana,1,568,
light_blue_background,0,568,
mannequin,0,568,
massachusetts_(azur_lane),4,568,
nonomi_(swimsuit)_(blue_archive),4,568,izayoi_nonomi_(swimsuit)
romani_archaman,4,568,
tokoro_megumi,4,568,
chrysanthemum,0,568,
delinquent,0,567,yankee
diamond_(houseki_no_kuni),4,567,
emily_(pure_dream),1,567,"pure_dream,emily_(sstomomi)"
fallout_(series),3,567,
himemushi_momoyo,4,567,
incoming_hug,0,567,
kanzakietc,1,567,
miyagoe_yoshitsuki,1,567,
ru_zhai,1,567,
stalk_in_mouth,0,567,"straw_in_mouth,wheat_in_mouth,twig_in_mouth,grass_in_mouth"
tank_focus,0,567,
bubba_(watson_amelia),4,566,
chili_pepper,0,566,chili
flower_in_mouth,0,566,
fur-trimmed_footwear,0,566,
gekitotsu!_joshikousei_oiroke_sensha_gundan,3,566,
gingham,0,566,
grima_(fire_emblem),4,566,
mikazuki_neko,1,566,mikaduki_neko
pallad,1,566,
ruukii_drift,1,566,
tenmaso,1,566,
tsukui_kachou,1,566,
asseylum_vers_allusia,4,565,
chakram,0,565,
dollar_sign,0,565,$
hibari_(senran_kagura),4,565,
kisaragi_momo,4,565,
nekoya_(liu),1,565,dyolf
orange_rose,0,565,
removing_jacket,0,565,
sailor_uranus,4,565,
tajima_ryuushi,1,565,tajima_ryoushi
tamamo_cat_(third_ascension)_(fate),4,565,
azusa_(hws),1,564,
bull,0,564,"bulls,oxen,ox"
chained_wrists,0,564,
drowning,0,564,
frilled_camisole,0,564,
fruit_on_head,0,564,
hakuryuu_(inazuma_eleven),4,564,
homu_(honkai_impact),4,564,
kafuu_chino's_school_uniform,0,564,
sequential,0,564,
spoken_food,0,564,spoken_meat
strawberry_panic!,3,564,strawberry_panic
chihiro_(kemonomichi),1,563,kemonomichi
guweiz,1,563,
hair_wings,0,563,wing-shaped_hair
mai_natsume,4,563,
math,0,563,
naganohara_mio,4,563,
rebe11,1,563,"re-bell,rebell"
redcomet,1,563,
russia_(hetalia),4,563,ivan_braginsky
sky_lantern,0,563,
sweater_pull,0,563,
takase_muh,1,563,takase_muu
valorant,3,563,
vampire_(azur_lane),4,563,
white_blood_cell_(hataraku_saibou),4,563,
afterword,0,562,
arcanine,4,562,
arm_across_waist,0,562,
cow_costume,0,562,
eye_trail,0,562,
handshake,0,562,shaking_hands
hi_you_(flying_bear),1,562,"hiyuu_(flying_bear),hikuma"
hypnosis,0,562,hypnotism
kuroka_(high_school_dxd),4,562,
microwave,0,562,
minazuki_(kancolle),4,562,minazuki_(kantai_collection)
pretty_rhythm,3,562,
scar_on_mouth,0,562,mouth_scar
spanish_text,0,562,spanish
striped_hairband,0,562,
tamago_(yotsumi_works),1,562,
wooden_horse,0,562,
fukai_ryosuke,1,561,fukai_ryousuke
h_kasei,1,561,
ichihaya,1,561,
kouda_suzu,1,561,
mignon,1,561,
missing_limb,0,561,
ophelia_(fire_emblem),4,561,ophelia_(fire_emblem_if)
raspberry,0,561,raspberries
rokugou_daisuke,1,561,
seraziel,1,561,
torn_bike_shorts,0,561,ripped_bike_shorts
two-tone_coat,0,561,
arm_around_back,0,560,
bald_eagle,0,560,
beatrice_(re:zero),4,560,
buront,4,560,
covering_ears,0,560,hands_over_ears
frostnova_(arknights),4,560,
minase_akiko,4,560,
mutual_hug,0,560,
rooster,0,560,
shorts_removed,0,560,
super_robot_wars_og_saga_mugen_no_frontier,3,560,endless_frontier
taishi_(picchiridou),1,560,
anchor_earrings,0,559,
bayonetta_2,3,559,
bunbun,1,559,abec
ky_kiske,4,559,
moth,0,559,
muvluv_total_eclipse,3,559,
peony_(flower),0,559,
sora_(arknights),4,559,
tales_of_xillia_2,3,559,
tarnished_(elden_ring),4,559,
yamagou_ayumi,4,559,
ace_of_hearts,0,558,
box_tie,0,558,
dora_ita,1,558,dora_e
kenshin187,1,558,"lonerurouni187,kentaro1087"
kuena,1,558,
martha_(swimsuit_ruler)_(fate),4,558,saint_martha_(swimsuit_ruler)_(fate)
melony_(pokemon),4,558,melon_(pokemon)
pigeon666,1,558,
red_mask,0,558,
shun_(small)_(blue_archive),4,558,"sunohara_shun_(small),shun_(kid)_(blue_archive)"
wuxian_(the_legend_of_luoxiaohei),4,558,
aviator_cap,0,557,
body_switch,0,557,body_swap
casino_(casinoep),1,557,casino_(pixiv468133)
getter_robo,3,557,
hand_on_wall,0,557,hands_on_wall
ore_twintail_ni_narimasu,3,557,gonna_be_the_twin-tail!!
orizen,1,557,
ouno_(nounai_disintegration),1,557,
poke_ball_(legends),0,557,
rhine_lab_logo,0,557,
seikan_hikou,0,557,
vertical-striped_kimono,0,557,vertical-striped_yukata
ashtray,0,556,
gesture,0,556,gesturing
kadomatsu,0,556,
kutan,1,556,
mega_man_x_(character),4,556,
mountain_(arknights),4,556,
purple_fur,0,556,
sawao,1,556,
sengoku_bushouki_muramasa,3,556,
suke_(singekijyosei),1,556,
tanabe_(fueisei),1,556,
ai_takurou,1,555,
anal_fluid,0,555,
circle_formation,0,555,"radial_layout,circular_formation"
hinamatsuri,0,555,
hirschgeweih_antennas,0,555,
holding_megaphone,0,555,
imai_lisa,4,555,
layered_kimono,0,555,multilayer_kimono
okada_izou_(fate),4,555,
pitcher,0,555,
short_bangs,0,555,
sombra_(overwatch),4,555,
wii_fit_trainer_(female),4,555,"wii_fit_trainer,trainer_(wii_fit)"
qingxin_flower,0,555,
azumanga_daioh's_school_uniform,0,554,
canned_coffee,0,554,
dhole_(kemono_friends),4,554,
disguise,0,554,
flower_in_eye,0,554,
forehead_tattoo,0,554,
fun_bo,1,554,
hiiragi_yuzu,4,554,zuzu_boyle
koku,1,554,errors
mob_psycho_100,3,554,
na-ga,1,554,
orange_bra,0,554,
psycho-pass,3,554,
raiden_mei_(herrscher_of_thunder),4,554,
rice_paddy,0,554,rice_field
smelling_clothes,0,554,clothes_sniffing
stance,0,554,
bindi,0,553,
blood_in_mouth,0,553,
cumdump,0,553,
cure_princess,4,553,
floating_rock,0,553,
fujinami_(kancolle),4,553,fujinami_(kantai_collection)
holding_surfboard,0,553,
hoshino_hinata,4,553,
lavender_background,0,553,
reverse_translation,5,553,
sothis_(fire_emblem),4,553,sothis
wii_fit_trainer,4,553,
yorumi_rena,4,553,
aether_foundation_employee,4,552,
asuka_(senran_kagura),4,552,
clara_(girls_und_panzer),4,552,
clefairy,4,552,
daizu_(melon-lemon),1,552,
damao_yu,1,552,
dirigible,0,552,"zeppelin,blimp"
ginko_(silver_fox),1,552,
hands_on_own_breasts,0,552,
hard_translated_(non-english),5,552,
hidaka_ai,4,552,
kei_jiei,1,552,"momoego,keijiei,momokan"
kurugaya_yuiko,4,552,
trumpet,0,552,
mutou_yuugi,4,552,
surio,1,552,toy_box-r
sweep_tosho_(umamusume),4,552,
team_magma,0,552,
tsuji_renta,4,552,
crotch_zipper,0,551,
dragonite,4,551,
evelynn_(league_of_legends),4,551,
flattop,0,551,flat_top
iwamoto_eiri,1,551,"s_tanly,iwamoto_hidetoshi,pizaya"
rei_(pokemon),4,551,"teru_(pokemon),rei_(pokemon_legends:_arceus),male_protagonist_(pokemon_legends:_arceus)"
sasaki_chiho,4,551,
see-through_jacket,0,551,
side-tie_swimsuit,0,551,
superman_(series),3,551,
yandere_trance,0,551,
adjusting_buruma,0,550,
fu_hua_(herrscher_of_sentience),4,550,
hm_(hmongt),1,550,phandit_thirathon
kayoko_(blue_archive),4,550,onikata_kayoko
koizumi_itsuki_(female),4,550,koizumi_itsuko
less,1,550,
lightning_bolt_print,0,550,
mikisugi_aikurou,4,550,
ryuuhou_(kancolle),4,550,ryuuhou_(kantai_collection)
blunt_tresses,0,549,
ergot,1,549,
lexington_(warship_girls_r),4,549,
luo_tianyi,4,549,yayin_gongyu
ozymandias_(fate),4,549,
pachirisu,4,549,
petra_gurin,4,549,
saotome_ranma,4,549,
taketora_suzume,1,549,taketora
tri_braids,0,549,
twrlare,1,549,
yumiya,1,549,
bruce_lee's_jumpsuit,0,548,
caesar_(girls_und_panzer),4,548,suzuki_takako_(girls_und_panzer)
celebi,4,548,
char_aznable,4,548,
chibi_on_head,0,548,
eva_beatrice,4,548,
hooded_vest,0,548,hoodie_vest
huang_lingyin,4,548,fang_lin_yin
materia,0,548,
niina_ryou,1,548,
sin_sack,4,548,
bertolt_hoover,4,547,bertholt_fubar
bobblehat,0,547,
chess,0,547,
cuff_links,0,547,"cuff-links,cuff-link,cuff_link"
egg_laying,0,547,"oviposition,egglaying"
fist_pump,0,547,
hiememiko,1,547,
hori_yuko,4,547,hori_yuuko
karate_gi,0,547,
lancelot_(fate/grand_order),4,547,
munmu-san,1,547,
murder,0,547,
namauni,1,547,
okazaki_ushio,4,547,
pokemon_ears,0,547,
segami_daisuke,1,547,
admiral_hipper_(azur_lane),4,546,
aiba_yumi,4,546,
arezu_(pokemon),4,546,"arezu,hinatsu_(pokemon)"
battle_spirits,3,546,
casino,0,546,
charlotta_(granblue_fantasy),4,546,"charlotta_fenia,charlotte_(granblue_fantasy)"
furoshiki,0,546,
hand_over_face,0,546,
high_five,0,546,highfive
makeup_brush,0,546,
po-ju,1,546,poju
race_vehicle,0,546,
sunhyun,1,546,
bagpipe_(arknights),4,545,
coffee_pot,0,545,
cross_tie,0,545,x-shaped_choker
crutch,0,545,crutches
dragon_print,0,545,
green-tinted_eyewear,0,545,
holographic_monitor,0,545,"holographic_display,holographic_screen"
mini_witch_hat,0,545,
ouma_tokiichi,1,545,"shimoyakedou,ouma_toki-ichi"
shinozuka_jouji,1,545,shinozuka_jyouji
summon_night_3,3,545,summonnight3
suou_pavlichenko,4,545,
tear_grants,4,545,
yakihebi,1,545,
ahoge_wag,0,544,
akagi_kurage,1,544,mizuki_eiru_(akagi_kurage)
asaka_karin,4,544,
checkered_bow,0,544,
cure_pine,4,544,
frilled_umbrella,0,544,
fruit_cup,0,544,
gwendolyn_(odin_sphere),4,544,
kuroi_mimei,1,544,"reimei_nordlingen,kishi_yuutokuroi"
phantom_of_the_kill,3,544,
princess_serenity,4,544,
sakata_nemuno,4,544,
sobbing,0,544,
taikyokuturugi,1,544,
terrajin,1,544,terajin
uzaki_tsuki,4,544,
colored_shoe_soles,0,543,
fanning_face,0,543,
kushieda_minori,4,543,
long_nose,0,543,
lying_on_lap,0,543,
mikumikudance_(medium),5,543,mmd_(medium)
mio_(xenoblade),4,543,
mitha,1,543,
namie-kun,1,543,
ononoki_yotsugi,4,543,
penis_on_ass,0,543,
timbougami,1,543,"hks_(timbougami),tim_loechner"
tsukudani_norio,1,543,norio_kkk
young_link,4,543,
accident,0,542,
banana_peel,0,542,
bokukawauso,4,542,
cigarette_pack,0,542,cigarette_box
guoba_(genshin_impact),4,542,
high_wizard_(ragnarok_online),4,542,
holding_shirt,0,542,
kettle,0,542,
kirito_(sao-ggo),4,542,
madoka_runes,0,542,
mukaido_manaka,4,542,
panties_under_shorts,0,542,
seto_kousuke,4,542,
shone,1,542,
special_feeling_(meme),0,542,
villager_(animal_crossing),4,542,villager_(doubutsu_no_mori)
ace_combat,3,541,
altaria,4,541,
annotation_request,5,541,
dungeon,0,541,
finger_to_another's_mouth,0,541,finger_on_another's_lips
holding_hose,0,541,
midorikawa_you,1,541,
poptepipic,3,541,pop_team_epic
punk,0,541,
rust,0,541,
scratching_head,0,541,
standard_bearer,0,541,
wet_skirt,0,541,
creeper,4,540,
dualshock,0,540,
elly_(touhou),4,540,
fire_emblem:_thracia_776,3,540,"/fe5,fe5,fire_emblem_thracia_776"
heshikiri_hasebe,4,540,
konishi_(koconatu),1,540,
mika_(blue_archive),4,540,misono_mika
nekobaka,1,540,
shared_earphones,0,540,
shirt_overhang,0,540,
single_knee_pad,0,540,
sinking,0,540,
takanashi_kei_(hitsujikan),1,540,
zenon_(for_achieve),1,540,
amaterasu_(ookami),4,539,amaterasu
atelier_ryza_2,3,539,
edogawa_conan,4,539,
fish_bone,0,539,"fishbones,fish_bones,fishbone"
greek_toe,0,539,
hasumi_souji_(eroe),4,539,
ittla,1,539,
jump_rope,0,539,skipping_rope
lockheart,1,539,
mutsuki_kai_ni_(kancolle),4,539,
onesie,0,539,
paint_can,0,539,paint_bucket
scratching_cheek,0,539,
sidecut,0,539,
sugimoto_reimi,4,539,
voms,3,539,
washing_hair,0,539,
delicious_party_precure,3,538,delicious_party_pretty_cure
extraction,5,538,
holding_toy,0,538,
inuyasha_(character),4,538,
koi_(koisan),1,538,
mythra_(massive_melee)_(xenoblade),4,538,
nico_nico_nii,0,538,
norman_maggot,1,538,
shirt_around_waist,0,538,
starfish_hair_ornament,0,538,
taka_(takahirokun),1,538,takahirokun
two-tone_cape,0,538,
belarus_(hetalia),4,537,natalya_arlovskaya
cross_pasties,0,537,x_pasties
cutting,0,537,
mudra,0,537,
ichigaya_arisa,4,537,
kakegurui,3,537,
kiso_kai_ni_(kancolle),4,537,
kokonoe_rin,4,537,
masami_chie,1,537,
pointing_forward,0,537,
saionji_hiyoko,4,537,
takanashi_ringo,1,537,ringo78
too_many_cats,0,537,
bipod,0,536,
heiwajima_shizuo,4,536,
kagemori_michiru,4,536,
mega_gardevoir,4,536,
nami_junior_high_school_uniform,0,536,
pixiv_fantasia_sword_regalia,3,536,
toujou_koneko,4,536,
valentine_(skullgirls),4,536,
yamada_rei_(rou),1,536,
beach_mat,0,535,
cervical_penetration,0,535,
cure_diamond,4,535,
fur-trimmed_collar,0,535,
ichii_yui,4,535,
jacket_girl_(dipp),4,535,jacketko
mitarashi_kousei,1,535,
mitsumomo_mamu,1,535,
thumbs_down,0,535,
yonaga_angie,4,535,
detached_leggings,0,534,
emolga,4,534,
foot_worship,0,534,
holding_legs,0,534,
holding_torpedo,0,534,
kurashima_tomoyasu,1,534,kurashima_takeyasu
mismatched_sclera,0,534,
neon-tetora,1,534,
rei_(sanbonzakura),1,534,sanbonzakura
rosa_farrell,4,534,
sakaki_imasato,1,534,
saury,0,534,
stripper,0,534,
tang_keke,4,534,
tokarev_(girls'_frontline),4,534,tokarev_(girls_frontline)
too_literal,0,534,
yoshi,4,534,
covered_penis,0,533,
feet_on_chair,0,533,foot_on_chair
finalcake,1,533,"jrainbow,ura_cake"
jabot,0,533,
lime_(fruit),0,533,
mahjong_soul,3,533,
miss_fortune_(league_of_legends),4,533,sarah_fortune
naked_capelet,0,533,
naso4,1,533,dummy04
piccolo,4,533,
plasma-chan_(kancolle),4,533,plasma-chan_(kantai_collection)
print_hoodie,0,533,
schwertkreuz,4,533,
silly_(marinkomoe),1,533,
yellow_horns,0,533,
akane_(blue_archive),4,532,murokasa_akane
akimoto_komachi,4,532,
annette_fantine_dominic,4,532,annette_fantine_dominique
bache_(azur_lane),4,532,
cellien_(kemono_friends),4,532,cerulean_(kemono_friends)
cross-eyed,0,532,"cross_eyed,crossed_eyes"
eye_reflection,0,532,reflective_eyes
hayakawa_aki,4,532,hayakawa_aki_(chainsaw_man)
kobayakawa_yutaka,4,532,
okiraku_nikku,1,532,okirakunikku
planet_hair_ornament,0,532,
shirakiin_ririchiyo,4,532,
stocks,0,532,
tape_bondage,0,532,
tenryuu_kai_ni_(kancolle),4,532,
walker,0,532,
battery_indicator,0,531,low_battery_(symbol)
beer_bottle,0,531,
endou_mamoru,4,531,mark_evans
eunie_(xenoblade),4,531,
fireball,0,531,"fireballs,fireball_(fire),fire_ball"
green_rose,0,531,
hades_(game),3,531,
hatakaze_(kancolle),4,531,hatakaze_(kantai_collection)
ibara_mayaka,4,531,
konshin,1,531,
nannacy7,1,531,nanacy7
night_sparrow_love,3,531,
noya_makoto,1,531,"ura_macoto,noya"
shinmai_maou_no_testament,3,531,the_testament_of_sister_new_devil
valkyrie_(fate),4,531,valkyrie_(fate/grand_order)
venera-sama,4,531,
vergil_(devil_may_cry),4,531,vergil
zannen_na_hito,1,531,
abyssal_admiral_(kancolle),4,530,abyssal_admiral_(kantai_collection)
brain,0,530,
chocolate_banana,0,530,"choco_banana,chocobanana"
crow_(la+_darknesss),4,530,
felutiahime,1,530,
glands_of_montgomery,0,530,
harimoji,1,530,
holding_teapot,0,530,
kyo_(kuroichigo),1,530,
portal_(object),0,530,dimensional_hole
rento_(rukeai),1,530,
samip,1,530,3leafs
shulk_(xenoblade),4,530,
uranami_(kancolle),4,530,uranami_(kantai_collection)
ajishio,1,529,
drag-on_dragoon_3,3,529,drakengard_3
dullahan,0,529,
gabriel_tenma_white,4,529,tenma_gabriel_white
heart_pendant,0,529,
hoshino_miyako_(wataten),4,529,
inoue_sora,1,529,
kimura_takahiro,1,529,
kuriyama_mirai,4,529,
nazi,0,529,
quadruple_amputee,0,529,
resident_evil_4,3,529,biohazard_4
ring_fit_adventure,3,529,
underpec,0,529,
welrod_mkii_(girls'_frontline),4,529,"welrod_mk2_(girls'_frontline),welrod_mk2_(girls_frontline)"
covered_clitoris,0,528,
genji_(overwatch),4,528,"genji_shimada,shimada_genji"
hidden_star_in_four_seasons,3,528,
kusakabe_misao,4,528,
mahou_shoujo_ikusei_keikaku_unmarked,3,528,
ms._fortune_(skullgirls),4,528,nadia_fortune
psyduck,4,528,
toutenkou,1,528,
yuano,1,528,
bird_on_arm,0,527,
celica_(fire_emblem),4,527,
haneoka_school_uniform,0,527,
head_only,0,527,
high-waist_pantyhose,0,527,
is_that_so,0,527,so-nanoka
kaetzchen,1,527,
kaleidostick,0,527,
luke_(dydansgur),1,527,
souryu,1,527,
venusaur,4,527,
war_hammer,0,527,warhammer
yamanbagiri_kunihiro,4,527,
arm_over_head,0,526,
check_artist,5,526,
christmas_stocking,0,526,stocking_stuffer
oversized_forearms,0,526,
prussia_(hetalia),4,526,gilbert_beilschmidt
single_thigh_boot,0,526,
utaite_(singer),0,526,
blue_camisole,0,525,
cheshire_cat_(alice_in_wonderland),4,525,"cheshire_cat_(wonderland),cheshire_cat"
claw_foot_bathtub,0,525,
fast_food_uniform,0,525,
hand_on_another's_hand,0,525,
lugia,4,525,
randomboobguy,1,525,
robin_hood_(fate),4,525,
rubber_gloves,0,525,
suikawari,0,525,watermelon_splitting_game
surprised_arms,0,525,
suzunone_rena,1,525,suzune_rena
tusia,1,525,"nekonomlcon,nusumenaihxseki,orta_(artist),ladymarta"
aircraft_carrier_oni,4,525,
binary,0,524,
blue_tunic,0,524,
fold-over_boots,0,524,
foot_dangle,0,524,
gosick,3,524,
listen!!,0,524,
lonely,0,524,
nero_claudius_(olympian_bloomers)_(fate),4,524,olympian_bloomers
rozaliya_olenyeva,4,524,
tamamo_no_mae_(swimsuit_lancer)_(second_ascension)_(fate),4,524,
adult_neptune,4,523,
dwarf,0,523,"dwarves,dwarfs"
green_vest,0,523,
kobeya_uniform,0,523,
okitakung,1,523,okita_(pixiv1267809)
overall_skirt,0,523,
ribbon-trimmed_panties,0,523,
sayori_(doki_doki_literature_club),4,523,
sesshouin_kiara_(swimsuit_mooncancer),4,523,
soranamae,1,523,
synecdoche,1,523,
the_legend_of_zelda:_majora's_mask,3,523,"majoras_mask,majora's_mask"
ticket,0,523,
two-tone_footwear,0,523,
baking,0,522,
iori_junpei,4,522,junpei_iori
kagurazaka_asuna,4,522,
kozaki_yuusuke,1,522,kozaki_yusuke
ninian_(fire_emblem),4,522,
russian_commentary,5,522,
torn_wings,0,522,
virgilia_(umineko),4,522,
yakushiji_saaya,4,522,
yuuki_tatsuya,1,522,
carousel,0,521,"merry-go-round,merry_go_round"
fiammetta_(arknights),4,521,suffering_(arknights)
hazama,4,521,
hinata_kaho,4,521,
ikaruga_(senran_kagura),4,521,
kamukamu_(ars),1,521,
pants_around_one_leg,0,521,
puyopuyo_fever,3,521,
senri_gan,1,521,gan_(shanimuni)
submarine,0,521,
teardrop_facial_mark,0,521,
yan_qing_(fate),4,521,"yan_qing_(fate/grand_order),assassin_of_shinjuku"
bkub_(style),0,520,
broccoli,0,520,
fi-san,1,520,
glansjob,0,520,
green_fire,0,520,
heart_(organ),0,520,
isshiki_akane,4,520,
janong,1,520,
kurasuke,1,520,
matanonki,1,520,"kinnotama_(erokosei),erokosei"
mouth,0,520,
natsume_eri,1,520,
singlet,0,520,
sukoya_kana,4,520,
super_heroine_boy,3,520,
sword_on_back,0,520,
yun_jin_(genshin_impact),4,520,yunjin_(genshin_impact)
backless_swimsuit,0,519,
batta_(ijigen_debris),1,519,
blending,0,519,
chris_redfield,4,519,
holding_with_tail,0,519,tail_hold
horn_grab,0,519,
hoshino_(swimsuit)_(blue_archive),4,519,takanashi_hoshino_(swimsuit)
kamiya_tomoe,1,519,
nakiri_erina,4,519,
princess_of_the_crystal,4,519,
rag,0,519,
shitty_admiral_(phrase),0,519,shitty_admiral
urinal,0,519,
wingull,4,519,
donburi_(donburikazoku),1,518,donburikazoku
elevator,0,518,
li_xiaolang,4,518,
no_feet,0,518,
notched_lapels,0,518,
purple_sash,0,518,purple_obi
sailor_neptune,4,518,
shintarou,1,518,shintaro
shuten_douji_(first_ascension)_(fate),4,518,
shuu_(inazuma_eleven),4,518,
tanaka_gandamu,4,518,
tatebayashi_sakurako,4,518,
zoids_genesis,3,518,
busujima_saeko,4,517,
emmet_(pokemon),4,517,kudari_(pokemon)
funeral_dress,0,517,mourning_dress
interview,0,517,
lapel_pin,0,517,
nana_asta_deviluke,4,517,
nowi_(fire_emblem),4,517,"nono_(fire_emblem),nowi"
pocari_sweat,0,517,
qurare_magic_library,3,517,
rural,0,517,countryside
stacking,0,517,
starshadowmagician,1,517,
tamamo_cat_(first_ascension)_(fate),4,517,
yumi_(bow),0,517,
compound_eyes,0,516,insect_eyes
crushing,0,516,crush
face_punch,0,516,"punch_to_face,face_punching"
hair_ornament_removed,0,516,headwear_removed
risotto_nero,4,516,
side-tie_bottom,0,516,
strength_(black_rock_shooter),4,516,"/str,strength_(brs)"
suzi_q,4,516,suzi_quatro
terry_bogard,4,516,
tsubaki_(blue_archive),4,516,kasuga_tsubaki_(blue_archive)
whiteboard,0,516,markerboard
yano_mitsuki,1,516,
abigail_williams_(second_ascension)_(fate),4,515,
bear_hood,0,515,
cat_on_shoulder,0,515,
cork,0,515,
evangeline_a.k._mcdowell,4,515,evangeline_a_k_mcdowell
face_down,0,515,"face_on_floor,face_on_ground"
madoka_aguri,4,515,
stuffed_winged_unicorn,0,515,stuffed_alicorn
aqua_(kingdom_hearts),4,514,
bamboo_shoot,0,514,bamboo_sprout
camera_phone,0,514,
dogeza,0,514,
giant_male,0,514,
higashiyama_kobeni,4,514,
konoe_kanata,4,514,
kuririn,4,514,krillin
limiter_(tsukumo_sana),0,514,
malina_(helltaker),4,514,
meth_(emethmeth),1,514,
mondi_hl,1,514,mondi
tucked_penis,0,514,"penis_tucking,cock-tail"
yagami_hikari,4,514,
yuyushiki's_school_uniform,0,514,
bee_girl,0,513,
cure_dream,4,513,
giratina,4,513,
hummy_(suite_precure),4,513,
kanno_takanori,1,513,
kiira,1,513,
lacus_clyne,4,513,lacus
oono_aya,4,513,
soy_sauce,0,513,
tsukumiya_amane,1,513,
vajra_(granblue_fantasy),4,513,
aioi_yuuko,4,512,
arima_senne,4,512,yomogis_red_eyed_megane
asia_argento,4,512,
at_computer,0,512,"using_laptop,using_computer"
closet,0,512,
da_capo_ii,3,512,da_capo_2
frankenstein's_monster_(swimsuit_saber)_(fate),4,512,
instagram_logo,0,512,
kemono_friends_2,3,512,
kousaki_rui,1,512,
long_shirt,0,512,t-shirt_dress
mochi,0,512,
red_feathers,0,512,
ryuu.,1,512,
shiroshi_(denpa_eshidan),1,512,shirofox
side-tie_shirt,0,512,
tanaka_ryou,1,512,
thong_aside,0,512,
vertical-striped_bra,0,512,
vodka,0,512,
aquaegg,1,511,
blue_oath,3,511,
brown_serafuku,0,511,
butter-t,1,511,
dorsal_fin,0,511,
kirishima_eijirou,4,511,
reverse_spitroast,0,511,
watanon_(gakushokutei),1,511,watanohara
akagi_(fmttps),1,510,chimaki_(u9works)
chessboard,0,510,
cockroach,0,510,"roach,cockroaches,roaches"
dantewontdie,1,510,yinan_cui
depressed,0,510,
flippers,0,510,swimfins
gallade,4,510,
lilina_(fire_emblem),4,510,lilina
manaka_lala,4,510,
mismatched_eyelashes,0,510,
otosama,1,510,
south_park,3,510,
amazon_(company),3,509,"amazon.com,amazon_(copyright)"
azur_lane:_slow_ahead,3,509,
bird_print,0,509,
dotted_background,0,509,
gigantamax,0,509,
holding_wrench,0,509,
implied_pantyshot,0,509,
kindergarten,0,509,preschool
market_stall,0,509,"stall_(market),stall"
mashima_hiro,1,509,
national_shin_ooshima_school_uniform,0,509,
sakura_trick,3,509,
shinkai_shoujo_(vocaloid),3,509,deep-sea_girl_(vocaloid)
shouji_nigou,1,509,shouji_2
sticky_note,0,509,post-it
wada_kazu,1,509,wadakazu
ame.,1,508,
brass_knuckles,0,508,
c-string,0,508,
depth_charge,0,508,
handjob_gesture,0,508,
harley_quinn,4,508,
isabella_valentine,4,508,"ivy_valentine,ivy_(soul_calibur)"
jjanda,1,508,kimjunho
judgement_(helltaker),4,508,
komakoma_(magicaltale),1,508,lilywhite_lilyblack
no_sclera,0,508,
occultic;nine,3,508,
san_(mononoke_hime),4,508,san
shirley_fenette,4,508,
stuffed_panda,0,508,
uchiha_sarada,4,508,
yae_sakura_(gyakushinn_miko),4,508,
coin_purse,0,507,
devil_may_cry_5,3,507,
finger_frame,0,507,finger_camera
frilled_jacket,0,507,
gentoo_penguin_(kemono_friends),4,507,
glass_bottle,0,507,
kataginu,0,507,
king's_raid,3,507,
lindaroze,1,507,alina_pegova
nanashino,1,507,
narue,1,507,naruwe
pushing_away,0,507,
shiny_swimsuit,0,507,
tonpuu,1,507,tongpoo
toraishi_666,1,507,ishii666
toujou_sakana,1,507,"diabolism66,diabolism"
u.n._spacy,0,507,
achiga_school_uniform,0,506,
aqua_kimono,0,506,
benikurage_(cookie),4,506,
carried_breast_rest,0,506,
doom_(series),3,506,doom
futatsuiwa_mamizou_(human),4,506,
genderswap_(otf),0,506,
headphones_removed,0,506,
hoshi_no_tsue,0,506,
kawakami_sadayo,4,506,
mechanic,0,506,
mole_on_arm,0,506,
okuda_yasuhiro,1,506,
olga_marie_animusphere,4,506,olga_marie
sauce,0,506,
squeezing,0,506,squeeze
stained_clothes,0,506,
tomokichi,1,506,
yorita_yoshino,4,506,
bandolier,0,505,
duke_(inu_daimyou),1,505,deyuuku
final_fantasy_x-2,3,505,
hawk,0,505,
headlight,0,505,
holding_heart,0,505,
makacoon,1,505,
miyashita_ai,4,505,
oversized_breast_cup,0,505,
presenting_panties,0,505,
sazaki_kaoruko,4,505,
abandon_ranka,1,504,ranka224
bloodshot_eyes,0,504,bloodshot_eye
jewelpet_(series),3,504,
jolly_roger,0,504,pirate_flag
matsuda_yuusuke,1,504,
omachi_(slabco),1,504,
pelvic_curtain_lift,0,504,
persona_2,3,504,
scorpion_tail,0,504,
softmode,1,504,"doomfest,saimon_ma,saimon_ma,doomfest"
stanley_lau,1,504,artgerm
white_hood,0,504,
xenosaga_episode_iii,3,504,xenosaga_iii
yukimura_aoi,4,504,
cum_through_clothes,0,503,
grey_bowtie,0,503,
hakuo_school_uniform,0,503,
hieroglyphics,0,503,
hierophant_green,4,503,
island_fox_(kemono_friends),4,503,
kamen_rider_ooo_(series),3,503,
luciela_r._sourcream,4,503,lu_(elsword)
phantom_ix_row,1,503,
satou_atsuki,1,503,"as-special,as_special"
siirakannu,1,503,
stomach_growling,0,503,stomach_growl
wavy_eyes,0,503,
calligraphy,0,502,
cargo_pants,0,502,
fern,0,502,
in_mouth,0,502,
kawachi_koorogi,1,502,kawauchi_kirigirisu
mawile,4,502,
mg42,0,502,
treecko,4,502,
zentradi,0,502,
aroused,0,501,horny
black_vs_white,0,501,white_vs_black
fighter_(granblue_fantasy),4,501,
hanadera_nodoka,4,501,
hand_on_floor,0,501,
hello_kitty,3,501,
horn_ring,0,501,
hoshina_hikaru,4,501,
ideolo,1,501,
ishikei_(style),0,501,
marill,4,501,
maya_fey,4,501,ayasato_mayoi
pipe_in_mouth,0,501,
sakuramori_kaori,4,501,
tiger_costume,0,501,tiger_suit
xander_(fire_emblem),4,501,marks_(fire_emblem_if)
ai-chan_(tawawa),4,500,ai_(himura_kiseki)
broken_eyewear,0,500,broken_glasses
chabashira_tenko,4,500,
cheekbones,0,500,
holding_footwear,0,500,
nerv,0,500,
seraph,0,500,seraphim
shigatake,1,500,
sprinkles,0,500,
vignetting,0,500,
animal_head,0,499,
beach_volleyball,0,499,
gemu555,1,499,
gladiia_(arknights),4,499,
harada_(sansei_rain),1,499,"sansei_rain,haradaiko_(arata_himeko)"
lily_(vocaloid),4,499,
resident_evil_2,3,499,biohazard_2
sekaiju_no_meikyuu_5,3,499,etrian_odyssey_v
seramikku,1,499,
takayama_toshinori,1,499,teriyaki
tokiha_mai,4,499,
tokyo_(great_akuta),1,499,
victorica_de_blois,4,499,"victorica_de_broix,victorique_de_blois,victorique_de_broix"
blame!,3,498,blame
female_assassin_(fate/zero),4,498,
hands_in_pocket,0,498,
kirero,1,498,
komori_kuzuyu,1,498,
kuroi_moyamoya,1,498,
moth_girl,0,498,
nipple_cutout,0,498,
shaking_head,0,498,
after_masturbation,0,497,
aoi_nagisa_(metalder),1,497,"aoi_nagisa_(artist),akai_migiwa"
ayakura_juu,1,497,
shipping_container,0,497,
radish,0,497,
ejaculation_under_clothes,0,497,
food_request,5,497,
fumo_(doll),0,497,
mansion,0,497,
nu_carnival,3,497,
rotary_phone,0,497,
shaymin,4,497,
tokyo_mew_mew,3,497,
tsab_air_military_uniform,0,497,
yonu_(yonurime),1,497,
chrome_dokuro,4,496,
dango_daikazoku,3,496,
ebiblue,1,496,ao_ebi
forced_smile,0,496,
kantele,0,496,
kore_wa_zombie_desu_ka?,3,496,"is_this_a_zombie,is_this_a_zombie?,kore_wa_zombie_desu_ka,/kwzdk,korezom"
kurapika,4,496,
lace_border,0,496,
miyama-zero,1,496,
mizumoto_yukari,4,496,
planted_umbrella,0,496,
print_scarf,0,496,
reshiram,4,496,
ryouma_(galley),1,496,amaneko
siegfried_(fate),4,496,
tachibana_makoto,4,496,
tantrum,0,496,
tatsumi_ray,1,496,tatsumi_rei
ao_banana,1,495,
arms_between_legs,0,495,
cure_rosetta,4,495,
cure_twinkle,4,495,
eichi_yuu,1,495,
face_in_pillow,0,495,
fudou_yuusei,4,495,
hand_on_glass,0,495,hands_on_glass
horiguchi_yukiko,1,495,shiromizakana
infukun,1,495,
kadose_ara,1,495,
muku_(muku-coffee),1,495,muku-coffee
puru_two,4,495,ple_2
shuga_(soranote),1,495,
studded_choker,0,495,
wild_tiger,4,495,
adam's_apple,0,494,
alcremie,4,494,
ao_usagi,1,494,
arcade_cabinet,0,494,
barasuishou,4,494,
blastoise,4,494,
carrying_bag,0,494,
cure_beat,4,494,
desert_eagle,0,494,
hanasaka_houcha,1,494,"hanasaki_houcha,fafas68"
idolmaster_live_for_you!,3,494,
iroyopon,1,494,
kiran_(fire_emblem),4,494,summoner_(fire_emblem_heroes)
saiste,1,494,
senkou_hanabi,0,494,senko_hanabi
ushiromiya_lion,4,494,ushiromiya_leon
victorian,0,494,
akino_shuu,1,493,
amusement_park,0,493,
anti-aircraft,0,493,
dumbbell_nan_kilo_moteru?,3,493,"how_heavy_are_the_dumbbells_you_lift?,danberu_nan_kiro_moteru?"
evoker,0,493,
forked_tail,0,493,split_tail
gumroad_reward,5,493,
hidari_(left_side),1,493,
hijiri_rei,1,493,hidiri_rei
hoshikawa_lily,4,493,
kiryu_manzoku,1,493,
pawn,0,493,
sadamoto_yoshiyuki,1,493,
senki_zesshou_symphogear_xd_unlimited,3,493,
shepherd0821,1,493,
tsurugi_kyousuke,4,493,
wada_arco,1,493,"wada_aruko,rco_wada,wada_rco"
white_heart,4,493,
yakiimo,0,493,
delmogeny_uniform,0,492,
e-hentai_sample,5,492,ehentai_sample
enema,0,492,
liliruca_arde,4,492,liliruka_aede
holding_chain,0,492,
holding_microphone_stand,0,492,
min_min_(arms),4,492,
monk,0,492,
mordred_(swimsuit_rider)_(first_ascension)_(fate),4,492,
nakabayashi_zun,1,492,
pixiv_fantasia_3,3,492,
read_or_die,3,492,readordie
saraki,1,492,
takatsuki_ichi,1,492,
wiping,0,492,
yuran,1,492,
zettai_karen_children,3,492,/zkc
adachi_tooru,4,491,adachi_tohru
antonio_lopez,4,491,
blazblue:_central_fiction,3,491,
blue_rose_(tiger_&_bunny),4,491,
crayon_shin-chan,3,491,
food_bite,0,491,
geshumaro,1,491,
grid_background,0,491,tile_background
hangar,0,491,
holding_notebook,0,491,
jack_frost,4,491,
kawai_(purplrpouni),1,491,kawai
mint_blancmanche,4,491,
monori_rogue,1,491,
nipple-to-nipple,0,491,nipple_to_nipple
noses_touching,0,491,"eskimo_kiss,nose-to-nose,nose_touching,nose_to_nose"
pan_(mimi),1,491,
street_fighter_6,3,491,
trigger_(company),3,491,studio_trigger
yoshioka_yoshiko,1,491,zuta
arashio_kai_ni_(kancolle),4,490,
demonbane,3,490,
enna_alouette,4,490,
hinata_yukari,4,490,
hinoa,4,490,
koiwai_yotsuba,4,490,
kousei_(public_planet),1,490,
pamiat_merkuria_(azur_lane),4,490,
priestess_(goblin_slayer!),4,490,
undone_neck_ribbon,0,490,
zorua,4,490,
bayonetta_1,3,489,
reins,0,489,
cobblestone,0,489,
coconut_tree,0,489,
glory_wall,0,489,
grey_apron,0,489,
hanafuda,0,489,
hat_belt,0,489,
hikage_eiji,1,489,
holding_another's_leg,0,489,
holding_cross,0,489,
huge_testicles,0,489,
kallen_kaslana,4,489,
kyon,4,489,
make_up_in_halloween!_(umamusume),0,489,
tail_lift,0,489,
two-tone_hoodie,0,489,
ushiromiya_rosa,4,489,
alex_ahad,1,488,
alice_carroll,4,488,
asirpa,4,488,
fabulous,0,488,
imazon,1,488,
izumi_sai,1,488,
keuma,1,488,
magatama_hair_ornament,0,488,
mononobe_alice,4,488,
mountain_of_faith,3,488,
nakahira_guy,1,488,
satsuki_kai_ni_(kancolle),4,488,
scanty_(psg),4,488,
shizuki_hitomi,4,488,
stopwatch,0,488,
suzushiro_kurumi,1,488,
thighhighs_removed,0,488,
weno,1,488,
aikatsu_friends!,3,487,
cream_(nipakupa),1,487,cream_(artist)
cure_muse_(yellow),4,487,
luicent,1,487,
lying_on_water,0,487,
myrtenaster,0,487,
onigirikun,1,487,
sound_voltex,3,487,sdvx
south_dakota_(kancolle),4,487,south_dakota_(kantai_collection)
subaru_duck,4,487,
tsukasawa_takamatsu,1,487,
wang_liu_mei,4,487,wang_liu_mi
beaker,0,486,beakers
elbow_sleeve,0,486,
kasugano_sora,4,486,
lockon_stratos,4,486,
mochizuki_shiina,1,486,marimo_moka
nathan_seymour,4,486,nathan_seymore
nudist_beach_uniform,0,486,
oda_non,1,486,
playing_with_another's_hair,0,486,
resident_evil_5,3,486,biohazard_5
sei_shoujo,1,486,
shiratsuyu_kai_ni_(kancolle),4,486,
son_goten,4,486,goten_(dragon_ball)
takitarou,1,486,
alphonse_(white_datura),1,485,
amezawa_koma,1,485,toire_amesawa
crotchless_pants,0,485,
da_capo_i,3,485,
ear_grab,0,485,
indomitable_(azur_lane),4,485,
intestines,0,485,
kissing_neck,0,485,neck_kiss
kuromiya_raika,4,485,
minarai,1,485,
portgas_d._ace,4,485,"ace_(one_piece),portgas_d_ace"
puppet_rings,0,485,
raw_egg_lent,1,485,
rubbing,0,485,
shokuyou_mogura,1,485,
ssalbulre,1,485,
sw_(taco),1,485,
yamada_tae,4,485,
amisu,1,484,
covered_testicles,0,484,testicles_under_clothes
diploma,0,484,
dusk_ball,0,484,dark_ball
elizabeth_liones,4,484,
falling_card,0,484,
four_goddesses_online:_cyber_dimension_neptune,3,484,cyberdimension_neptunia:_4_goddesses_online
gazing_eye,1,484,
hand_on_own_forehead,0,484,
holding_bra,0,484,
laserflip,1,484,
making-of,5,484,"making_of,work_in_progress,wip"
male_doctor_(arknights),4,484,
naizuri,0,484,
oda_nobukatsu_(fate),4,484,oda_nobukatsu_(fate/grand_order)
poring,4,484,
ruton-niki,1,484,"naturalton,nachuraruton"
sasaki_akebi,4,484,
sheep_costume,0,484,
shermie_(kof),4,484,
side-seamed_legwear,0,484,
smartphone_case,0,484,
stapler,0,484,
suspenders_slip,0,484,
yuuki_rika,1,484,
zuikaku_kai_ni_(kancolle),4,484,
bedivere_(fate),4,483,bedivere
buried,0,483,
efukei,1,483,
gradient_wings,0,483,
hakusai_(tiahszld),1,483,tiahszld
komori_kiri,4,483,
maple_leaf_print,0,483,
mdr_(girls'_frontline),4,483,mdr_(girls_frontline)
medieval,0,483,
merman,0,483,
mtu_virus,0,483,
naka_kai_ni_(kancolle),4,483,
nonohara_yuzuko,4,483,
pairan,1,483,
party,0,483,
pravda_(emblem),0,483,
rice_hat,0,483,
shaman_king,3,483,shamanking
sugoi_dekai,0,483,
yami_yuugi,4,483,
aliasing,5,482,"resizing_artifacts,resampling_artifacts"
american_beaver_(kemono_friends),4,482,north_american_beaver_(kemono_friends)
daive,1,482,
deer_girl,0,482,
heart_maebari,0,482,
hedgehog,0,482,
hiburi_(kancolle),4,482,hiburi_(kantai_collection)
iwasaki_minami,4,482,
izumi_tsubasu,1,482,hisuitei
kutsuki_kai,1,482,
nina_(fire_emblem),4,482,
robert_e._o._speedwagon,4,482,robert_eo_speedwagon
rory_mercury,4,482,
soejima_shigenori,1,482,shigenori_soejima
sophia_(fire_emblem),4,482,sofiya
syhan,1,482,
watching,0,482,
ayato,1,481,
baccano!,3,481,baccano
billboard,0,481,
blocking,0,481,
brock_(pokemon),4,481,"takeshi_(pokemon),brock,brock"
elma_(maidragon),4,481,
flying_button,0,481,
fujibayashi_ryou,4,481,
kanno_naoe,4,481,
ken_(koala),1,481,
konoha_(kagerou_project),4,481,
kujou_ichiso,1,481,kisaichi_jin
living_hair,0,481,
purple_collar,0,481,
shibuki_ran,4,481,
winged_hair_ornament,0,481,
yakisobapan_tarou_&_negitoro-ko,1,481,mabo-udon
zekkyon,1,481,
achilles_(fate),4,480,
adaman_(pokemon),4,480,seki_(pokemon)
amane_suzuha,4,480,
american_flag_shirt,0,480,
bacon,0,480,
clear_sky,0,480,
dark_clouds,0,480,
enlightened_byleth_(female),4,480,
gustav_(telomere_na),1,480,gusutafu
kawanishi_shinobu,4,480,
kekkai_sensen,3,480,blood_blockcade_battlefront
kinugasa_kai_ni_(kancolle),4,480,
kirisaki_chitoge,4,480,
luke_fon_fabre,4,480,
nipple_chain,0,480,
red_nose,0,480,
runny_nose,0,480,"nose_drip,nosedrip"
saipaco,1,480,
seele_(alter_ego),4,480,veliona
star_driver,3,480,
tobi_(one),1,480,
torn_coat,0,480,ripped_coat
trophy,0,480,
wedge_heels,0,480,
alvin_(tales),4,479,alvin_(tales_of_xillia)
arm_on_head,0,479,
armored_core,3,479,
ayanepuna,1,479,
disco_brando,1,479,
english_audio,5,479,
ikeda_jun_(mizutamari),1,479,
ikezawa_hanako,4,479,
metal_gear_solid_v,3,479,
reptile_girl,0,479,lizard_girl
shuzi,1,479,
takafuji_kako,4,479,
wakura_(gcdan),1,479,
windsock,0,479,
echidna_(re:zero),4,478,
fever,0,478,
gunslinger_girl,3,478,"/gsg,gunslingergirl"
hope's_peak_academy_school_uniform,0,478,kibougamine_gakuen_school_uniform
matsudaira_touko,4,478,
nero_claudius_(bride)_(second_ascension)_(fate),4,478,
nono_hana,4,478,
orange_headband,0,478,
record_of_lodoss_war,3,478,lodoss-tou_senki
rex_k,1,478,
shibacha,1,478,
stiletto_(weapon),0,478,
uncle_and_niece,0,478,
usopp,4,478,
yu_yu,1,478,
ashley_(warioware),4,477,ashley_(wario_ware)
cross-body_stretch,0,477,
elizabeth_(persona),4,477,
gunp,1,477,
jasmine_(pokemon),4,477,mikan_(pokemon)
kitten,0,477,kittens
misaka_worst,4,477,
miyamori_aoi,4,477,
playground,0,477,
stitched_arm,0,477,
ayakashi_(monkeypanch),1,476,"ayakashi_(monkeypunch),ayakashi_(pixiv)"
bad_leg,0,476,
bilibili_douga,3,476,
blue_oni,0,476,
circe_(fate),4,476,circe_(fate/grand_order)
cure_passion,4,476,
curled_up,0,476,
gensou_suikoden_v,3,476,suikoden_v
hanekoto,1,476,
inconvenient_breasts,0,476,
itou_chika,4,476,
judo_fuu,1,476,"jyudofu,jyudo_fu"
monikano,1,476,
nucomas,1,476,nukomasu
rosuuri,1,476,
sasamori_tomoe,1,476,
table_tennis_paddle,0,476,"table_tennis_racket,ping_pong_paddle,ping_pong_racket,ping-pong_paddle,ping-pong_racket"
barbara_(summertime_sparkle)_(genshin_impact),4,475,
choke_hold,0,475,
croissant,0,475,
dan_(kumadan),1,475,
garou:_mark_of_the_wolves,3,475,"fatal_fury:_mark_of_the_wolves,mark_of_the_wolves"
hood_(azur_lane),4,475,
low-cut_armhole,0,475,
naruko_(naruto),4,475,naruko
natsuki_rin,4,475,
scp_foundation,3,475,
seneto,1,475,
shirayuki_chiyo,4,475,
sitting_on_water,0,475,
tsumami_kanzashi,0,475,
uu~,0,475,
ace_of_spades,0,474,
akino_sora,1,474,
anato_finnstark,1,474,anatofinnstark
anti-aircraft_gun,0,474,aa_gun
caramelldansen,0,474,caramel_dansen
cherry_print,0,474,
courtney_(pokemon),4,474,kagari_(pokemon)
fathom,1,474,
fish_tank,0,474,fishtank
gundam_0083,3,474,
hanauna,1,474,
happy_facial,0,474,
hitec,1,474,
holding_another's_foot,0,474,
kasuga_mirai,4,474,
toilet_stall,0,474,"stall_(toilet),restroom_stall"
valkyrie_drive,3,474,
yoshizawa_tsubaki,1,474,haik
black-tailed_prairie_dog_(kemono_friends),4,473,
flip_flappers,3,473,
killer_queen,4,473,
miyasu_risa,1,473,
mud,0,473,
noshiro_(azur_lane),4,473,
roxas,4,473,
snake_print,0,473,snakeskin_print
tsurukame,1,473,
tweyen_(granblue_fantasy),4,473,song_(granblue_fantasy)
udon,0,473,
yellow_border,0,473,
chocolat_(momoiro_piano),1,472,hina_hina
cozy,1,472,
dungeons_and_dragons,3,472,
exoskeleton,0,472,
hange_zoe,4,472,hanji_zoe
kunreishiki,0,472,
makoto_(princess_connect!),4,472,aki_makoto
northern_italy_(hetalia),4,472,feliciano_vargas
paddle,0,472,
pdf_available,5,472,
rockhopper_penguin_(kemono_friends),4,472,
shimushu_(kancolle),4,472,shimushu_(kantai_collection)
time_stop,0,472,
tripod,0,472,
yamagishi_yukako,4,472,
yukikaze_panettone,4,472,
airi_(queen's_blade),4,471,airi_(queens_blade)
arisa_bannings,4,471,
choujigen_game_neptune_mk2,3,471,hyperdimension_neptunia_mk2
gengetsu_(touhou),4,471,gengetsu
glitchedpuppet,1,471,purplekecleon
heart_panties,0,471,
hugh_(pokemon),4,471,"hue_(pokemon),rival_(pokemon_bw2),rival_(pokemon_bw2)"
impossible_sweater,0,471,
kiana_kaslana_(herrscher_of_the_void),4,471,
kinta_(distortion),1,471,
matsumae_ohana,4,471,
ookuma_nekosuke,1,471,"ookuma_(nitroplus),panda_(automata)"
wanaata,1,471,
yuugiri_(zombie_land_saga),4,471,
baron_bunny_(genshin_impact),4,470,baron_bunny
buriki,1,470,
chuunibyou,0,470,
elena_(street_fighter),4,470,
fake_magazine_cover,0,470,
jessica_(arknights),4,470,
mazaki_anzu,4,470,tea_gardner
pokachu,1,470,
pregnancy_test,0,470,
scroll,0,470,
rouge_the_bat,4,470,
shellvi,1,470,
striped_scarf,0,470,
tanaka_asuka,4,470,
tanaka_kotoha,4,470,
tighnari_(genshin_impact),4,470,
yellow_sailor_collar,0,470,
blaziken,4,469,
changing_room,0,469,
flagpole,0,469,
ho-oh,4,469,
holding_remote_control,0,469,holding_remote
hyuuga_saki,4,469,
jacket_lift,0,469,
komori_kei,1,469,
massakasama,1,469,ma_sakasama
mdf_an,1,469,
octane_(apex_legends),4,469,
shichigatsu,1,469,july_(shichigatsu)
surrounded,0,469,
the_world,4,469,
yamasaki_wataru,1,469,
aircraft_carrier_princess,4,468,aircraft_carrier_hime
anbe_yoshirou,1,468,
atelier_sophie,3,468,
breath_of_fire_v,3,468,
darjeeling_(reley),1,468,
henshako,1,468,byeontae_jagga
hitomaru,1,468,
kazuma_(kazumav),1,468,ichi_makoto
mai_(touhou),4,468,
master_(vocaloid),4,468,
nabeshima_tetsuhiro,1,468,lunade_luna
tank_helmet,0,468,
toothpick,0,468,
a_channel,3,467,
blue_pubic_hair,0,467,
cinnabar_(houseki_no_kuni),4,467,shinsha_(houseki_no_kuni)
flower_(vocaloid),4,467,v_flower
girl_holding_a_cat_(kancolle),4,467,girl_holding_a_cat_(kantai_collection)
heidimarie_w._schnaufer,4,467,heidimarie_w_schnaufer
hisen_kaede,1,467,hisenkaede
kanpani_girls,3,467,
lyn_(blade_&_soul),4,467,
oryou_(girls_und_panzer),4,467,nogami_takeko
padlocked_collar,0,467,
unbuttoned_shorts,0,467,
weapon_case,0,467,gun_case
amagai_tarou,1,466,orda
aurora_(arknights),4,466,
brown_horns,0,466,
commentary_typo,5,466,
kaburagi_kaede,4,466,
lain_paterson,4,466,
measuring,0,466,
medaka_box,3,466,
metal_gear_rising:_revengeance,3,466,
miura-n315,1,466,naoko_(naoko00)
o-ring_belt,0,466,
ookurikara,4,466,
ousama_ranking,3,466,ranking_of_kings
pola_(azur_lane),4,466,
russian_flag,0,466,
torichamaru,1,466,torinitea
two-sided_jacket,0,466,
arin,4,465,
bravely_default:_flying_fairy,3,465,"bravely_default_flying_fairy,bravely_default"
catura_(granblue_fantasy),4,465,shatola_(granblue_fantasy)
cure_berry,4,465,
ewa_(seraphhuiyu),1,465,"seraph_huiyu,seraphmiyou"
grimsley_(pokemon),4,465,giima_(pokemon)
hairstyle_switch,0,465,
hijikata_toushirou,4,465,hijikata_toshiro
iron_saga,3,465,jidong_zhandui
kojo_anna,4,465,kojou_anna
makai_senki_disgaea_3,3,465,disgaea_3
plaid_legwear,0,465,
shadow_the_hedgehog,4,465,
tsukemon,1,465,
wanted,0,465,
anna_miller,0,464,
aqua_hairband,0,464,
chobits,3,464,
emma_verde,4,464,
eugeo,4,464,
fakepucco,1,464,
grizzly_mkv_(girls'_frontline),4,464,"grizzly_(girls'_frontline),grizzly_mkv_(girls_frontline)"
heanna_sumire,4,464,
heart-shaped_boob_challenge,0,464,heart-shaped_breast_challenge
kishiyo,1,464,
nero_claudius_(swimsuit_caster)_(third_ascension)_(fate),4,464,
nilitsu,1,464,
queen_of_sheba_(fate),4,464,queen_of_sheba_(fate/grand_order)
regu_(made_in_abyss),4,464,
saburou_(hgmg),1,464,
tateha_(marvelous_grace),1,464,tateha_(artist)
thick_eyelashes,0,464,
warfarin_(arknights),4,464,
zakusi,1,464,
damda,1,463,
front-tie_bra,0,463,
heart_facial_mark,0,463,
omamori_himari,3,463,
peach_(momozen),1,463,
red_cardigan,0,463,
sewing_needle,0,463,sewing_needles
shirokami_project,3,463,
square,0,463,
talulah_(arknights),4,463,
texas_(winter_messenger)_(arknights),4,463,
toe_cleavage,0,463,
tokiani,1,463,
dragon_ball_(object),0,462,dragonball_(object)
errant,1,462,
flintlock,0,462,
fur-trimmed_shirt,0,462,
hunched_over,0,462,
kuronuko_neero,1,462,kuronekonero
ormille,1,462,dotentity
piano_keys,0,462,
reaper_(overwatch),4,462,gabriel_reyes
sixten,1,462,adrian_ferrer
ume_(plumblossom),1,462,ume_spla4
watarase_jun,4,462,
widow's_peak,0,462,
xion_(kingdom_hearts),4,462,
yetworldview_kaze,1,462,
zack_fair,4,462,
aburaage,0,461,aburage
ayasugi_tsubaki,1,461,
clamp_(circle),1,461,clamp
dog_hair_ornament,0,461,
hakika,1,461,
haman_karn,4,461,haman
kl,1,461,
ning_hai_(azur_lane),4,461,
pink_vest,0,461,
rachnera_arachnera,4,461,
sasayuki,1,461,
uzumaki_boruto,4,461,
weapon_focus,0,461,weapon_sheet
ana_(overwatch),4,460,ana_amari
beifeng_han,1,460,
charisma_break,0,460,
einhart_stratos,4,460,
eiwa,1,460,
furyou_michi_~gang_road~,3,460,furyou_michi_~_gang_lord
hiiragi_yuuichi,1,460,tetsuo_(tetuo1129)
iino_miko,4,460,
jeanne_d'arc_(girl_from_orleans)_(fate),4,460,
kamen_rider_fourze_(series),3,460,
kedamono_kangoku-tou,1,460,rasenkiryuu
pink_tail,0,460,
poop,0,460,
radish_p,1,460,
saber_(cosplay),0,460,
shin'ya_(nanp),1,460,shinya_(nanpp)
tinnies,1,460,lightingsaber
too_many_frills,0,460,
twig,0,460,
wacchi,1,460,
yasume_yukito,1,460,
akeyama_kitsune,1,459,
brown_lips,0,459,brown_lipstick
cut-in,0,459,
deviantart_sample,5,459,
drop_earrings,0,459,
food_insertion,0,459,food_in_pussy
gabiran,1,459,
gummy_(arknights),4,459,
higurashi_kagome,4,459,
hikigaya_hachiman,4,459,
hinata_yuu,1,459,
hu_dako,1,459,dako6995
kingdom_hearts_birth_by_sleep,3,459,birth_by_sleep
mega_man_star_force,3,459,
metal_skin,0,459,metallic_skin
multicolored_neckwear,0,459,
okama,1,459,
oven,0,459,
pirate_costume,0,459,"pirate,pirates"
takaman_(gaffe),1,459,nikonikosiro
witchblade,3,459,
yuugen,1,459,
a_(phrase),0,458,a
kneeless_mermaid,0,458,
mutsuki_(azur_lane),4,458,
red_pubic_hair,0,458,
shampoo_bottle,0,458,
sora_wo_kakeru_shoujo,3,458,"the_girl_who_leapt_through_space,sora_o_kakeru_shoujo,sora_kake_girl,sorakake_girl"
whale_hair_ornament,0,458,
baba_konomi,4,457,
goomy,4,457,
kaname_buccaneer,4,457,
komasan,4,457,koma-san
refraction,0,457,
shakujou,0,457,"priest_staff_(buddhist),sounding_staff,khakkhara,shakujo"
shorts_tan,0,457,
swallowing,0,457,
warspite_(azur_lane),4,457,
waterring,1,457,waterringart
white_pubic_hair,0,457,
wreckage,0,457,
anemone_(eureka_seven),4,456,
azumi_kazuki,1,456,
big_eyes,0,456,
gavial_(arknights),4,456,
hijikata_toshizou_(fate),4,456,hijikata_toshizou_(fate/grand_order)
hikami_sumire,4,456,
innerboob,0,456,
love_laika_(idolmaster),0,456,
movie_poster,0,456,
nekoguruma,1,456,
serika_(blue_archive),4,456,kuromi_serika
space_print,0,456,
urban_legend_in_limbo,3,456,
wamuu,4,456,"wham_(jojo),wammu,wham"
yoshizaki_mine,1,456,
akatsuki_akane,1,455,"akatsuki_(ownpace),akatsuki_matsumoto"
akemi_homura_(cosplay),0,455,
akira,3,455,
capura_lin,1,455,capura.l
case,0,455,
crest,0,455,
cyan_(show_by_rock!!),4,455,
eriko_(princess_connect!),4,455,kuraishi_eriko
erina_pendleton,4,455,
food_on_hand,0,455,food_on_finger
fried_rice,0,455,
front-seamed_legwear,0,455,
gia,1,455,
girls'_frontline_neural_cloud,3,455,"project_neural_cloud,neural_cloud,girls_frontline_neural_cloud"
jema,1,455,
kiyama_hiroto,4,455,
madjian,1,455,
school_girl_strikers,3,455,
shiraishi_tsumugi,4,455,
soulcalibur_iv,3,455,soul_calibur_iv
spiral,0,455,
viral_(ttgl),4,455,
wild_arms_1,3,455,wild_arms_alter_code_f
beaver_ears,0,454,
dark_magician,4,454,black_magician
blue_robe,0,454,
born-to-die,1,454,
breast_pillow,0,454,
bubble_background,0,454,
c-button,1,454,
covering_another's_eyes,0,454,
digital_clock,0,454,
dirty_pair,3,454,
feguimel,1,454,
inteleon,4,454,
kawase_seiki,1,454,
kurata_rine,1,454,
license_plate,0,454,
ling_(arknights),4,454,
maze_(gochama_ze_gohan),1,454,
minakami_mai,4,454,
mr._c.b._(umamusume),4,454,
murata_tefu,1,454,
red_curtains,0,454,
silver_(chenwen),1,454,
spread_navel,0,454,
squigly_(skullgirls),4,454,sienna_contiello
sui-feng,4,454,"soi_fon,soifon"
tappa_(esperanza),1,454,
torn_bikini,0,454,ripped_bikini
touhoku_zunko,4,454,
tsurusaki_takahiro,1,454,takadai
video,5,454,"videos,mp4,webm"
vincent_valentine,4,454,
amuro_tooru,4,453,
byleth_(summer)_(fire_emblem)_(female),4,453,
deer_tail,0,453,reindeer_tail
fortified_suit,0,453,
gantz,3,453,
himejoshi,0,453,
hiro_(hidamari_sketch),4,453,hiro
ina_(gokihoihoi),1,453,ina_(pixiv6911)
jacket_over_shoulder,0,453,
kalmahul,1,453,omer_tunc
low-braided_long_hair,0,453,
mel/a,1,453,
mipha,4,453,
rei_(cookie),4,453,
seiran_(mousouchiku),1,453,ao_arashi
shirogane_(platinum),1,453,
shirogane_tsumugi,4,453,
source_filmmaker_(medium),5,453,
tadano_kagekichi,1,453,kagekichirou
yagami_taichi,4,453,
yamada_(gotyui),1,453,
ayagi_daifuku,1,452,"daifuku_(clan),daihuku_(pixiv106903)"
azuma_yuki,1,452,
bident,0,452,
blue_tail,0,452,
holed_coin,0,452,"cash_(chinese),50_yen_coin,5_yen_coin"
indian_clothes,0,452,
japan_self-defense_force,0,452,
jibanyan,4,452,
kamishima_kanon,1,452,
magic:_the_gathering,3,452,"/mtg,magic_the_gathering"
minoto,4,452,
morrigan_aensland_(cosplay),0,452,
mousepad_(medium),5,452,
okota_mikan,1,452,
pikachu_(cosplay),0,452,
price_tag,0,452,
tenga,3,452,
texas_(willpower)_(arknights),4,452,
water_yoyo,0,452,
august_von_parseval_(azur_lane),4,451,
banchou,0,451,
damian_desmond,4,451,
kugimiya_atsuki,1,451,alabaster_(artist)
loose_thighhigh,0,451,
mishou_mai,4,451,
missile228,1,451,apple228
naruse_mai,1,451,naruse_mahi
pet_food,0,451,"cat_food,dog_food"
piranha_plant,4,451,
rhythmic_gymnastics,0,451,
soma_peries,4,451,soma_phelles
yuzu_(blue_archive),4,451,hanaoka_yuzu
another,3,450,another_(novel)
atelier_meruru,3,450,
blood_on_leg,0,450,bloody_leg
brown_pubic_hair,0,450,
caidychen,1,450,
drain_(object),0,450,
tape,0,450,
elf_(dragon's_crown),4,450,
floating_skull,0,450,flying_skull
gokotai's_tigers,4,450,
hannya,0,450,
jiji_(aardvark),1,450,jiji
jingasa,0,450,
kouyouen_academy_school_uniform,0,450,kouyouen_academy_uniform
latios,4,450,
laura_la_mer,4,450,laura_(precure)
merchandise,0,450,
mikagami_sou,1,450,
miko_(royal_milk),1,450,miko_92
oil_painting_(medium),5,450,oil_painting
red_armband,0,450,
rororina_fryxell,4,450,
saku_(kudrove),1,450,kudrove
saku_(osake_love),1,450,
shingyouji_tatsuya,1,450,d-2girls
shoujo_kageki_revue_starlight_-re_live-,3,450,
starraisins,1,450,
walpurgisnacht_(madoka_magica),4,450,"walpurgis_night_(madoka_magica),walpurgis_no_yoru_(madoka_magica)"
yaranaika,0,450,
;<,0,450,
arcade,0,449,
birii,1,449,
candy_(smile_precure!),4,449,
chikado,1,449,
confrontation,0,449,
double_amputee,0,449,
gorgeous_mushroom,1,449,
green_headband,0,449,
hadou_nejire,4,449,
ikusaba_daisuke,4,449,
oil_painting,0,449,
star_facial_mark,0,449,
tokumi_yuiko,1,449,
allelujah_haptism,4,448,
ange_vierge,3,448,
child_carry,0,448,
half_note,0,448,minim
hayashi_kewi,1,448,
honjou_raita,1,448,raita
koinobori,0,448,"carp_streamer,koi_streamer"
metroid_dread,3,448,
minami_kana,4,448,
myon_(phrase),0,448,
quetzalcoatl_(fate),4,448,quetzalcoatl_(fate/grand_order)
takao_(beach_rhapsody)_(azur_lane),4,448,
tank_shell,0,448,
tokunou_shoutarou,1,448,
yandere_sample,5,448,
ar_tonelico_iii,3,447,"ar_tonelico_3,/at3"
blowhole,0,447,
ebisuzawa_kurumi,4,447,
edna_(tales),4,447,
francis_drake_(fate),4,447,
high_elf_archer_(goblin_slayer!),4,447,
kafu,1,447,
narusawa_ryouka,4,447,
onsen_tamago_(hs_egg),1,447,
papi_(monster_musume),4,447,
rfb_(girls'_frontline),4,447,"amrfb_(girls'_frontline),rfb_(girls_frontline)"
takemori_shintarou,1,447,"combat_bizen_osafune,abeshi_shoushou"
tone_kai_ni_(kancolle),4,447,
yutazou,1,447,
biplane,0,446,
blood_on_breasts,0,446,bloody_breasts
drifters,3,446,
green_serafuku,0,446,
illyasviel_von_einzbern_(beast_style),4,446,
iris_heart,4,446,
kelvin_hiu,1,446,
matou_shinji,4,446,
purple_butterfly,0,446,
sakamoto_(nichijou),4,446,
scale_armor,0,446,
sengoku_rance,3,446,
skeptycally,1,446,sketchy
tabigarasu,1,446,
tachimi_(basue),1,446,
ubanis,1,446,
yagate_kimi_ni_naru,3,446,"yagakimi,bloom_into_you"
amazuki_jou,1,445,amatsuki_jou
bemani,3,445,
centorea_shianus,4,445,centaurea_shianus
doushimasho,1,445,apon
elize_lutus,4,445,elise_lutus
female_commander_(girls'_frontline),4,445,female_commander_(girls_frontline)
field_of_blades,0,445,
grandia_i,3,445,
guilty_gear_xx,3,445,guilty_gear_xx_accent_core
gwen_(league_of_legends),4,445,
heattech_leotard,0,445,turtleneck_leotard
kazekoshi_school_uniform,0,445,
kishinami_hakuno_(male),4,445,"kishinami_(fate/extra),male_protagonist_(fate/extra)"
looking_at_hand,0,445,
miyaura_sanshio,4,445,
mizuki_yukikaze,4,445,
muryotaro,1,445,muryou
ookami-san,3,445,"ookami-san_to_shichinin_no_nakamatachi,/ookami-san,/otsnn"
ponytail_korosuke,1,445,gorua_(youce01)
russia,0,445,
sakurazaki_setsuna,4,445,
star-shaped_eyewear,0,445,
synthesizer_v,3,445,
takane_manaka,4,445,
tsunashi_hajime,4,445,
watermelon_slice,0,445,
yudepii,1,445,
amy_rose,4,444,
arm_over_shoulder,0,444,
cinnamoroll,4,444,
cross-laced_sleeves,0,444,lace-up_sleeves
cygnet_(azur_lane),4,444,
doudanuki_masakuni,4,444,doutanuki_masakuni
gachou,1,444,
gaming_chair,0,444,gamer_chair
hinamori_amu,4,444,
implied_extra_ears,0,444,pointless_headphones
kazenoko,1,444,
kuji-in,0,444,"ninja_hand_gesture,hand_seal"
lace_background,0,444,
mousetrap,0,444,mouse_trap
nijou_noriko,4,444,
onegai_teacher,3,444,"please_teacher!,onegaiteacher"
orange_planet_uniform,0,444,
pikmin_(series),3,444,
takaya_n,1,444,"kakkii,kakki_(pixiv4742)"
turtleneck_leotard,0,444,
white_flag,0,444,
astolfo_(memories_at_trifas)_(fate),4,443,
baby_princess,3,443,
bandaged_fingers,0,443,
bridal_lingerie,0,443,
cure_miracle,4,443,
figure,0,443,figurine
fried_chicken,0,443,
gendou_pose,0,443,
goyain,1,443,jewriel
hans_christian_andersen_(fate),4,443,
iroha_(blue_archive),4,443,natsume_iroha_(blue_archive)
mataichi_mataro,1,443,mataichi_matarou
megahiyo,1,443,hiyoko_(nikuyakidaijinn)
mizuki_(flowerlanguage),1,443,
nanase_haruka_(free!),4,443,
orange_socks,0,443,orange_kneehighs
sharing_food,0,443,
tachitsu_teto,1,443,tatetsu_teto
taiki_shuttle_(umamusume),4,443,
tiger_i,0,443,"pzkpfw_vi_tiger_i,panzer_vi_tiger_i"
tsunashi_kaoru,4,443,
ahenn,1,442,
aomushi_(mushamusha),1,442,
black-haired_demon_girl_(shimmer),4,442,
china_(hetalia),4,442,wang_yao
daitou_(kancolle),4,442,daitou_(kantai_collection)
formidable_(the_lady_of_the_beach)_(azur_lane),4,442,
halo_(series),3,442,halo_(game)
hotate-chan,1,442,fujitsubo_(hujitubo0731)
hume,0,442,
matsuoka_rin,4,442,
mickey_mouse,4,442,
naked_chocolate,0,442,nude_chocolate
nena_trinity,4,442,
oddish,4,442,
shin_godzilla,3,442,
sugiyuu,1,442,
welsh_corgi,0,442,corgi
armored_leotard,0,441,
dodai_shouji,1,441,sho~taro
holding_frying_pan,0,441,
katsura_kotonoha,4,441,
misogi_(princess_connect!),4,441,hodaka_misogi
nipple_penetration,0,441,nipple_fuck
suruga_(xsurugax),1,441,"matsunoki_(unknown_751),makiya_1919"
todoroki_yachiyo,4,441,
torn_hat,0,441,
yoshida_hideyuki,1,441,chankodining_waka
ainy,1,440,ainy77
akagi_towa,4,440,towa_(go!_princess_precure)
annie_(league_of_legends),4,440,annie_hastur
darumoon,1,440,
doukutsu_monogatari,3,440,
huke,1,440,
jagaimo_(kkamja),1,440,"kkamja,jagaimo_sfw,potato_(sksnabi)"
kaiji,3,440,
kippu,1,440,
korwa,4,440,
neru_(bunny)_(blue_archive),4,440,"mikamo_neru_(bunny),neru_(bunny_girl)_(blue_archive)"
pettan_p,1,440,
poppi_(xenoblade),4,440,hana_(xenoblade)
rouman_academy_uniform,0,440,
sen_(sansui),1,440,anzu_(onelelee)
tokkyu,1,440,tokkyu_(user_mwwe3558)
abazu-red,1,439,
akatsuki_uniform,0,439,
cat_on_lap,0,439,
cheese-kun,4,439,
chipa_(arutana),1,439,arutana
cleavage_reach,0,439,
flaming_eyes,0,439,"fiery_eyes,burning_eyes,fiery_eyes"
fujishima_shinnosuke,1,439,
fur_jacket,0,439,
helena_(azur_lane),4,439,
inanaki_shiki,1,439,
kuso_miso_technique,3,439,
marota,1,439,
morgan_(fire_emblem),4,439,
niwatori_kokezou,1,439,
noumen,1,439,
ogino_chihiro,4,439,
professor_shinonome,4,439,"professor_(nichijou),hakase_(nichijou)"
rebecca_miyamoto,4,439,
takano_miyo,4,439,
tanigawa_kanna,4,439,
uchiha_itachi,4,439,
worm,0,439,worms
yellow_pantyhose,0,439,
yukie_(peach_candy),1,439,hakuto_yuki
amae_koromo,4,438,
amamiya_hibiya,4,438,
amashiro_natsuki,1,438,
aqua_shorts,0,438,
asada_hachi,1,438,sayshownen
beige_skirt,0,438,
gate_of_babylon_(fate),0,438,"gate_of_babylon,gates_of_babylon"
houshin_engi,3,438,
karamoneeze,1,438,karamone-ze
knitting,0,438,
kouda_tomohiro,1,438,
large_hands,0,438,yaoi_hands
mole_on_pussy,0,438,
naruko_hanaharu,1,438,
negresco,1,438,
nyama,1,438,
pizza_hut,3,438,
rattle,0,438,
red_carpet,0,438,
sakuragi_ren,1,438,
tea_(nakenashi),1,438,tea_(artist)
vest_lift,0,438,
branch_(blackrabbits),1,437,"konishi_hiroshi,branch_(artist)"
chinomaron,1,437,kagayannu
eclipse,0,437,
flying_fish,0,437,
kagura_suzu,0,437,
meandros,0,437,greek_key
mirai_akari_project,3,437,
penis_shadow,0,437,
pochita_(chainsaw_man),4,437,
red_male_underwear,0,437,red_underwear_(male)
shiina_excel,1,437,excel_(shena)
shimakaze-kun,4,437,
shin_megami_tensei_v,3,437,
spray_bottle,0,437,
star_ornament,0,437,
wolf_costume,0,437,
yashajin_ai,4,437,
broken_halo,0,436,
broly_(dragon_ball_super),4,436,
clothed_male_nude_male,0,436,"nude_male_clothed_male,/cmnm,clothed_male_naked_male,cmnm"
comet,0,436,
endou_saya,4,436,
european_clothes,0,436,
mochizuki_kei,1,436,
piapro,3,436,
suzunari_shizuku,4,436,
wactor_production,3,436,"miraizu,miu_channel"
azuuru,1,435,
batman,4,435,
captain_america,4,435,
cock_ring,0,435,penis_ring
concrete,0,435,
death_(entity),4,435,
grass_root_youkai_network,0,435,
haganef,1,435,
himiko_(fate),4,435,
k_mugura,1,435,
kawagishi_keitarou,1,435,
leopard_girl,0,435,
mahora_academy_middle_school_uniform,0,435,
massala,1,435,
mirai_akari,4,435,
misteor,1,435,
nishizono_mio,4,435,
obese,0,435,
police_badge,0,435,
resident_evil_3,3,435,
saga_frontier_2,3,435,
sakura_yuki_(clochette),1,435,
amamiya_kokoro,4,434,
aoki_shizumi,1,434,"shokushu_ura,yashu"
atelier_rorona,3,434,
azazel_(helltaker),4,434,
burnt,0,434,burned
chamaruku,1,434,
crustacean,0,434,
enjaku_izuku,1,434,
gilgamesh_(immoral_biker_jacket)_(fate),4,434,
hand_on_table,0,434,
kinoshita_ichi,1,434,
mahou_senki_lyrical_nanoha_force,3,434,"/mslnf,mahou_shoujo_lyrical_nanoha_force"
mappaninatta,1,434,
mizunashi_(second_run),1,434,
moriya's_iron_rings,0,434,"moriya's_ring,moriya's_rings,moriyas_iron_rings,moriyas_iron_ring,moriya's_iron_ring"
nichika_(nitikapo),1,434,tegakifuni
panties_(pantsu-pirate),1,434,"pan!ies,pantsu-pirate"
rosa_(tears_of_themis),4,434,
shimura_shinpachi,4,434,
so_moe_i'm_gonna_die!,0,434,
sports_festival,0,434,
square_mouth,0,434,
wrapper,0,434,
yellow_camisole,0,434,
bubble_bath,0,433,
crystalfly_(genshin_impact),4,433,
emotional_engine_-_full_drive,0,433,
froslass,4,433,yukimenoko
fujino_shizuru,4,433,
hanging_scroll,0,433,wall_scroll
kawashima_mizuki,4,433,
koishi_day,0,433,
kojima_takeshi,1,433,
kriss_vector,0,433,"kriss_super_v,tdi_vector"
kumbhira_(granblue_fantasy),4,433,kuvira_(granblue_fantasy)
large_syringe,0,433,giant_syringe
magnet,0,433,magnets
minimap,0,433,
mole_on_armpit,0,433,mole_on_armpits
ogipote,1,433,black_buraku
oowada_mondo,4,433,
princess_(princess_principal),4,433,
roman_clothes,0,433,
seed,0,433,seeds
sesshoumaru,4,433,
tamamo_no_mae_(swimsuit_lancer)_(third_ascension)_(fate),4,433,
tiffania_westwood,4,433,
weasel_tail,0,433,stoat_tail
yumekui_merry,3,433,dream_eater_merry
coat_dress,0,432,
cure_honey,4,432,
diamond_hairband,0,432,
dragonslayer_(sword),0,432,
eyecatch,5,432,eye_catch
fiery_tail,0,432,"flaming_tail,fire_tail"
haramaki,0,432,
kanden_sky,1,432,"kanden_suki,buriberu"
kuuchuu_yousai,1,432,
luna_(sailor_moon),4,432,
paper_mario,3,432,
siraha,1,432,
ama_usa_an_uniform,0,431,
camouflage_bikini,0,431,
chimchar,4,431,
deltarune,3,431,
huanxiang_heitu,1,431,gensou_kuro_usagi
in_bowl,0,431,
inner_senshi,0,431,
ishimaru_kiyotaka,4,431,
kimura_natsuki,4,431,
kupaa,0,431,
laboratory,0,431,
manta_ray,0,431,
mimi_(princess_connect!),4,431,akane_mimi
moe_moe_kyun!,0,431,moe_moe_kyun
namonashi,1,431,
newo_(shinra-p),1,431,popokuri
oda_takayuki,1,431,jumping_giraffe
ryogo,1,431,
school_swimsuit_flap,0,431,sukumizu_flap
yuumei,1,431,wenqing_yan
ohisashiburi,1,430,"nuae5elll,wntame"
cable_tail,0,430,
cecil_harvey,4,430,
cerebella_(skullgirls),4,430,
d-m_(dii_emu),1,430,
female_butler,0,430,
hachi_(chihagura),1,430,hachi_(tihagura)
jonylaser,1,430,
kobayashi_yuuji,1,430,"nagko,kobayashi_yuji"
learning_with_manga!_fgo,3,430,
magnemite,4,430,
master_spark,0,430,
nausicaa,4,430,
nuezou,1,430,
on_roof,0,430,
pina_(sao),4,430,
pov_across_bed,0,430,
tachibana_roku,1,430,
the_golden_smurf,1,430,
utsusumi_kio,1,430,kio_(yumekuikio)
virtuareal,3,430,
whimsicott,4,430,
amasawa_natsuhisa,1,429,
ameto_yuki,1,429,ametoyuki
baton_(weapon),0,429,"truncheon,nightstick,police_baton"
blue_innertube,0,429,
faceplant,0,429,
honda,0,429,
jiroo,1,429,
mario_kart,3,429,
matsuda_chiyohiko,4,429,
miwabe_sakura,1,429,sakura_m
pants_removed,0,429,
porforever,1,429,
ryou-san,1,429,
shochuumimai,0,429,
sukemyon,1,429,suke
zange,4,429,
adjusting_scarf,0,428,
bikini_removed,0,428,
blood_on_bandages,0,428,bloody_bandages
coronavirus_pandemic,0,428,covid-19_pandemic
ear_cleaning,0,428,
elbow_on_knee,0,428,
floating_card,0,428,falling_card
futaki_kanata,4,428,
heater,0,428,
kayari_buta,0,428,katori_buta
morii_shizuki,1,428,"mori_shizuki,paint_madness"
saijou_claudine,4,428,
screen_light,0,428,monitor_light
sharingan,0,428,
shin'yashiki,1,428,shinyashiki
torn_thighhighs,0,428,
wiping_mouth,0,428,
zessica_wong,4,428,
ankle_bow,0,427,
asyura_kumo,1,427,kumo_(atm)
centipede,0,427,
fly,0,427,flies
idolish_7,3,427,
kite,0,427,
konngara_(touhou),4,427,konngara
leon_(mikiri_hassha),1,427,leon_7
maou_alba,1,427,
martial_arts,0,427,
penis_over_one_eye,0,427,
plain_doll,4,427,
spray_paint,0,427,
swiss_roll,0,427,roll_cake
takeda_hiromitsu,1,427,
tendou_maya,4,427,
ugatsu_matsuki,1,427,asatsuki_dou
villetta_nu,4,427,viletta_nu
woofycakes,1,427,eric_muentes
dinosaur_tail,0,426,
dying,0,426,
for_adoption,0,426,
fubuki_shirou,4,426,
hat_over_eyes,0,426,
human_furniture,0,426,
kamezaemon,1,426,
kebab,0,426,
komainu,0,426,
miyamoto_issa,1,426,
nanaponi,1,426,
ninimo_nimo,1,426,
okumura_rin,4,426,
ooiwa_wataru,4,426,
symmetrical_hand_pose,0,426,
tales_of_symphonia_knight_of_ratatosk,3,426,
tonbokiri_(touken_ranbu),4,426,
tsutsukakushi_tsukiko,4,426,
zepher_(makegumi_club),1,426,
ana_coppola,4,425,ana_copolla
familiar,0,425,
hakama_shorts,0,425,
heart_straw,0,425,
himegi,1,425,
ikeda_chitose,4,425,
iori_(swimsuit)_(blue_archive),4,425,shiromi_iori_(swimsuit)
lana's_mother_(pokemon),4,425,suiren's_mother_(pokemon)
lowleg_shorts,0,425,low-rise_shorts
makai_senki_disgaea_4,3,425,disgaea_4
muk_(monsieur),1,425,kagamine-ikka
multicolored_leotard,0,425,
nagayori,1,425,chou_yoriyuki
sailor_moon_(cosplay),0,425,
shinonome_ena,4,425,
sono_midoriko,4,425,
waltrud_krupinski,4,425,
yoko_juusuke,1,425,yoko_jyusuke
akou_roushi,1,424,
alpaca_tail,0,424,
black_male_swimwear,0,424,
bonsai,0,424,
dorei_to_no_seikatsu_~teaching_feeling~,3,424,teaching_feeling
holding_shovel,0,424,
ikeshita_moyuko,1,424,
monika_weisswind,4,424,
movie_theater,0,424,cinema
necomi,1,424,gugugunogu
oogaki_chiaki,4,424,
pine_(bombergirl),4,424,
the_witcher_(series),3,424,the_witcher
toudori,1,424,
white_wrist_cuffs,0,424,
winning_ticket_(umamusume),4,424,
xiaoxi0619,1,424,konishi_(565112307)
animal_ear_headphones,0,423,
boomerang,0,423,
buran_buta,1,423,blancpig_yryr
green_cardigan,0,423,
hachune_miku,4,423,
ikegami_akane,1,423,"akane_ikegami,akane_makes_revolution"
kaiba_seto,4,423,seto_kaiba
kanna_(plum),1,423,plum_(artist)
kuro_yuzu,1,423,
leonie_pinelli,4,423,
lilith_(machikado_mazoku),4,423,
maeda_toushirou,4,423,
marui_mitsuba,4,423,
naruto:_the_last,3,423,
ooarai_naval_school_uniform,0,423,
pokemon_tail,0,423,
sakayama_shinta,1,423,chaka_yama
top_wo_nerae!,3,423,"top_o_nerae!,top_o_nerae,top_wo_nerae,gunbuster_(series)"
zanshomimai,0,423,
accio,1,422,
aircraft_carrier,0,422,
arm_on_knee,0,422,
bed_frame,0,422,
danshi_koukousei_no_nichijou,3,422,"nichibros,daily_lives_of_high_school_boys"
edobox,1,422,
five-seven_(girls'_frontline),4,422,five-seven_(girls_frontline)
gunbuster_pose,0,422,gainax_pose
haibane_renmei,3,422,
ichijou_hotaru,4,422,
kamiyoshi_rika,1,422,
machamp,4,422,
mana_(remana),1,422,remana
mao_lian_(nekokao),1,422,nekoze_(s22834712)
nakamura_takeshi,1,422,
naked_suspenders,0,422,nude_suspenders
neko_(minato_aqua),4,422,
pan_(dragon_ball),4,422,
ponponmaru,1,422,ponpo
powering_up,0,422,charging_energy
quanxi_(chainsaw_man),4,422,
red_track_suit,0,422,
royal_robe,0,422,
saturday_night_fever,3,422,disco_pose
shaft_look,0,422,
single_mechanical_hand,0,422,mechanical_hand
stained_sheets,0,422,
super_sailor_moon,4,422,
to_be_continued,0,422,
trunks_(future)_(dragon_ball),4,422,future_trunks
vinegar_doppio,4,422,
ars_almal,4,421,
artoria_pendragon_(swimsuit_archer)_(fate),4,421,artoria_pendragon_(swimsuit_archer)
butterfly_tattoo,0,421,
cham_cham,4,421,chamcham
cinderella_girls_card_parody,0,421,
crosshatching,0,421,
curious,0,421,curiosity
dedenne,4,421,
hugging_own_tail,0,421,
jingai_modoki,1,421,ningai_modoki
kousaka_umi,4,421,
loliconder,1,421,chikuishi
lotte_jansson,4,421,lotte_yanson
pandora_hearts,3,421,
sword_art_online_alternative:_gun_gale_online,3,421,
white_len_(tsukihime),4,421,
witch's_labyrinth,0,421,
yuu_(higashi_no_penguin),1,421,
tupet,0,421,chuupetto
brown_border,0,420,
craft_lawrence,4,420,lawrence_craft
finger_heart,0,420,
holding_test_tube,0,420,
klara_(pokemon),4,420,kurara_(pokemon)
mauser_98,0,420,"karabiner_98,kar98,kar_98,wz.29,type_24_(chiang_kai-shek_rifle),gewehr_98"
myrtle_(arknights),4,420,
nekomata_naomi,1,420,
ninja_slayer,3,420,
souda_kazuichi,4,420,
yuasan,1,420,
alcina_dimitrescu,4,419,"dimitrescu,lady_dimitrescu"
arm_sling,0,419,sling_(medical)
atsushi_toushirou,4,419,atsu_toushirou
child_gilgamesh_(fate),4,419,child_gilgamesh
ex-rumia,4,419,"ex_rumia,exrumia"
gift_art,5,419,
hexagon_hair_ornament,0,419,
holding_tablet_pc,0,419,
incineroar,4,419,
kotonomiya_yuki,4,419,
mr._squeaks_(hakos_baelz),4,419,
mukka,1,419,
naoi_ayato,4,419,
op_na_yarou,1,419,op_na_dayo
otomachi_una,4,419,
piledriver_(sex),0,419,
prison_school,3,419,kangoku_gakuen
riolu,4,419,
saigyouji_yuyuko's_fan_design,0,419,"charisma_fan,charismatic_fan,yuyuko's_fan_pattern,yuyuko's_fan_design"
sola-ui_nuada-re_sophia-ri,4,419,
whistling,0,419,
white_mittens,0,419,
atoki,1,418,
choco_chip,1,418,
deetamu,1,418,
film_strip,0,418,filmstrip
gold_city_(umamusume),4,418,
kannko_bokujou,1,418,"paintcan,fou_zi"
kusano_(torisukerabasu),1,418,torisukerabasu
mage_(dungeon_and_fighter),4,418,
mazinger_z,3,418,
mihoyo_technology_(shanghai)_co._ltd.,3,418,
miyanaga_teru,4,418,
monochrome_background,0,418,colored_with_greyscale_background
ninoko,1,418,
primarina,4,418,
stage_connection,0,418,
andou_shuki,1,417,"andou_shuuki,andou_chikanori,andou_syuuki"
bear_boy,0,417,
black_sky,0,417,
blue_pajamas,0,417,
chicago-x,1,417,shikapu
eggshell,0,417,
frostleaf_(arknights),4,417,
hairband_removed,0,417,
hakase_fuyuki,4,417,
harunatsu_akito,1,417,"haruka_akito,happy_flame_time"
kairakuen_umenoka,1,417,tougall
katsushika_hokusai_(swimsuit_saber)_(fate),4,417,
lei,0,417,
leina,4,417,
lilish,1,417,lili_(artist)
nail_polish_bottle,0,417,
namine,4,417,
neferpitou,4,417,pitou_(hxh)
silverxp,1,417,
sony,3,417,
stuffed_frog,0,417,
touhou_lost_word,3,417,
uppercut,0,417,
wrestling_mask,0,417,
zero_gravity,0,417,
abukuma_kai_ni_(kancolle),4,416,
aile_(mega_man_zx),4,416,aile_(rockman)
aqua_thighhighs,0,416,
cloba,1,416,
cracking_knuckles,0,416,
grid,0,416,
hand_on_another's_knee,0,416,
haniwa_(leaf_garden),1,416,
hikage_(senran_kagura),4,416,
italy,0,416,
kantai_collection_(anime),3,416,
kanzaki_kaori,4,416,
kid_(chrono_cross),4,416,
kinoshita_hideyoshi,4,416,
mugetsu_(touhou),4,416,mugetsu
musashi_kai_(kancolle),4,416,
re_ghotion,1,416,rex_k
severed_hair,0,416,
shiba_itsuki,1,416,
shu-mai,1,416,
tadano_magu,1,416,
wakamo_(blue_archive),4,416,kosaka_wakamo
7th_dragon_2020,3,415,
abo_(hechouchou),1,415,caesar_et_cleopatra
alicia_florence,4,415,
bomber_grape,1,415,
cassandra_alexandra,4,415,
covered_anus,0,415,
cowfee,1,415,kaafi
cure_flora,4,415,
flaming_hand,0,415,"fire_fist,fiery_hand,burning_hand,burning_hands,fire_fist,fiery_hand"
flayn_(fire_emblem),4,415,
glove_bow,0,415,
hoshizora_ikuyo,4,415,
howl_no_ugoku_shiro,3,415,howl's_moving_castle
kataoka_yuuki,4,415,
langbazi,1,415,u-wolfmkii
mirei,1,415,
nikoo,1,415,
no_arms,0,415,
prince_of_wales_(azur_lane),4,415,
sakura_bakushin_o_(umamusume),4,415,
sakutarou_(umineko),4,415,
shikanoin_heizou,4,415,
shinza_bansho_series,3,415,
shiori_(princess_connect!),4,415,kashiwazaki_shiori
shunichi,1,415,
traffic_baton,0,415,
umamusume_summer_story_(umamusume),0,415,
black_babydoll,0,414,
bowtie_removed,0,414,
fire_emblem:_new_mystery_of_the_emblem,3,414,fire_emblem:_shin_monshou_no_nazo
forever_7th_capital,3,414,
hand_over_another's_mouth,0,414,
hashibira_inosuke,4,414,
katanagatari,3,414,
klaius,1,414,
mikazuchi_zeus,1,414,
mudrock_(silent_night)_(arknights),4,414,
needy_girl_overdose,3,414,needy_streamer_overload
red_star,0,414,
stahlhelm,0,414,
studying,0,414,
takunomi,1,414,
tougou_mimori,4,414,
yonomori_kobeni,4,414,
zebra_print,0,414,
ao_no_kiseki,3,413,trails_to_azure
bound_torso,0,413,
carrying_overhead,0,413,
chaos_online,3,413,chaos_heroes_online
cupping_glass,0,413,
energy_blade,0,413,
flamethrower,0,413,
friedrich_der_grosse_(azur_lane),4,413,
fukuyama_mai,4,413,
haguhagu_(rinjuu_circus),1,413,
kon-kit,1,413,konkitto
marvel_vs._capcom,3,413,"/mvc,mvc,marvel_vs_capcom"
mikage_sekizai,1,413,
nagi_ryou,1,413,"s.e.c,nagi_(artist)"
oogai_daiichi_middle_school_uniform,0,413,
qin_liangyu_(fate),4,413,
redlhzz,1,413,
ronald_mcdonald,4,413,
sakiyo_cake,1,413,asada_tarou
shiraha_maru,1,413,
sore_wa_bokutachi_no_kiseki,0,413,
taiwan_(hetalia),4,413,
tatami_to_hinoki,1,413,honjou_tatami
tomoe_gozen_(swimsuit_saber)_(first_ascension)_(fate),4,413,
tristan_(fate),4,413,tristan_(fate/grand_order)
white_tube_top,0,413,
white_sky,0,413,
aika_granzchesta,4,412,
cafekun,1,412,
chevalier_d'eon_(fate),4,412,chevalier_d'eon_(fate/grand_order)
diamond_hair_ornament,0,412,
fake_halo,0,412,
hamada_yoshikazu,1,412,hamada_yoshikadu
katagiri_hinata,1,412,
liliya_olenyeva,4,412,
long_sword,0,412,
mitsuba_choco,1,412,
poprication,1,412,
space_ishtar_(fate),4,412,
typhlosion,4,412,
bennett_(genshin_impact),4,411,
cream_puff,0,411,"profiterole,cream_puffs"
fukube_satoshi,4,411,
glass_slipper,0,411,
hand_on_ear,0,411,
jazz_jack,1,411,jazzjack
kisaragi_kai_ni_(kancolle),4,411,
kyogre,4,411,
lissa_(fire_emblem),4,411,liz_(fire_emblem)
long_eyebrows,0,411,
lunchbox,0,411,lunch_box
lydian_academy_uniform,0,411,
millhiore_f._biscotti,4,411,millhiore_f_biscotti
unicorn,0,411,
pandea_work,1,411,
purple_pubic_hair,0,411,
reloading,0,411,
sleeve_bow,0,411,
takemaru_(housamo),4,411,takemaru_(tokyo_houkago_summoners)
yin_yang_print,0,411,
akita_toushirou,4,410,
arena_(company),0,410,
comah,1,410,
glass_table,0,410,
glove_pull,0,410,
ha-class_destroyer,4,410,
hinako_note,3,410,
hypnosis_mic,3,410,hypmic
iona,4,410,
kago_no_tori,1,410,kagonotori
licking_testicle,0,410,"testicle_licking,licking_testicles,ball_licking,lick_balls"
robaco,1,410,
rohitsuka,1,410,
tamamo_cat_(second_ascension)_(fate),4,410,
vertical-striped_pants,0,410,
yuzuki_gao,1,410,
zangief,4,410,
cream_puffs,0,410,
airi_(the_infernal_temptress),4,409,
amania_orz,1,409,
ampharos,4,409,
art_shift,0,409,
audio_jack,0,409,"headphone_jack,jack_plug"
ball_and_chain_(weapon),0,409,"meteor_hammer,ball_and_chain"
different_shadow,0,409,
glasgow_smile,0,409,chelsea_smile
grey_suit,0,409,
himeya_company_uniform,0,409,
kawasumi_mai,4,409,
leviathan_(skullgirls),4,409,
moekibara_fumitake,1,409,
nakatani_iku,4,409,
nui_sociere,4,409,
perona,4,409,
shun_(rokudena-shi),1,409,rokudena-shi
suterii,1,409,
syroh,1,409,
tokyo_big_sight,0,409,
torii_sumi,1,409,
tsukumihara_academy_uniform_(fate/extra_ccc),0,409,tsukimihara_academy_uniform_(fate/extra_ccc)
whitney_(pokemon),4,409,akane_(pokemon)
yoshida_keiji,1,409,ribonzu
zawameki,1,409,
angewomon,4,408,
aroma_sensei,1,408,
coco's,0,408,
dark_room,0,408,
deep_wound,0,408,wound
dragon_quest_vii,3,408,"dragon_quest_7,/dq7"
enami_katsumi,1,408,
final_fantasy_iii,3,408,"ffiii,/ff3,ff3"
kawacy,1,408,
koshirae_tsurugi,4,408,
mailbox_(incoming_mail),0,408,"letterbox_(object),mailbox"
mano_aloe,4,408,
maracas,0,408,maraca
n:go,1,408,nigo
radar,0,408,
sae_(hidamari_sketch),4,408,sae
shinozuka_atsuto,1,408,shinoduka_atsuto
tekehiro,1,408,six_alchemy
tomohiro_kai,1,408,
toritora,1,408,
undersized_animal,0,408,
vertical_foregrip,0,408,
wrapped_candy,0,408,
greenmarine,1,407,g138
holding_lipstick_tube,0,407,
jack-o'-lantern_hair_ornament,0,407,
liskarm_(arknights),4,407,
mahoromatic,3,407,
mizuki_(koko_lost),1,407,miz_01
pacific,3,407,
pom_pom_earrings,0,407,
purple_apron,0,407,
ray-k,1,407,
rubber_band,0,407,
sketch_eyebrows,0,407,
sunaba_suzume,1,407,
suzutsuki_kurara,1,407,ryougetsu_kurara
suzuya_kai_ni_(kancolle),4,407,
unlimited_blade_works_(fate),0,407,
ar_tonelico_i,3,406,"ar_tonelico_1,/at1"
aria_pokoteng,4,406,president_aria
baseball_jersey,0,406,
belfast_(shopping_with_the_head_maid)_(azur_lane),4,406,
camouflage_shirt,0,406,
comiket_100,3,406,
control_rod,0,406,
cornelia_li_britannia,4,406,cornelia_li_brittania
episode_number,0,406,
germany_(hetalia),4,406,ludwig_(hetalia)
hanako_(blue_archive),4,406,urawa_hanako
happa_(cloverppd),1,406,
ichiyou_moka,1,406,
kuboken,1,406,
laharl,4,406,
maruyama_saki,4,406,
over_the_knee,0,406,
pickup_truck,0,406,
sak_(lemondisk),1,406,
shin'you_(kancolle),4,406,shin'you_(kantai_collection)
shuten_douji_(halloween_caster)_(fate),4,406,
sleeveless_duster,0,406,
steven_universe,3,406,
super_mario_odyssey,3,406,
sword_writing,0,406,
ten_desires,3,406,
tsuutenkaaku,1,406,enraku_(pixiv)
bifidus,1,405,
breast_mousepad,0,405,
earphones_removed,0,405,
enokuma_uuta,1,405,enokuma_u-ta
fujikawa,1,405,
grani_(arknights),4,405,
gravel_(arknights),4,405,
haruyuki_(yukichasoba),1,405,
incense,0,405,
jean_kirchstein,4,405,
kakizaki_(chou_neji),1,405,
kananote,1,405,
lunatic_gun,0,405,
michishio_kai_ni_(kancolle),4,405,
mu-12,4,405,
numbered_panels,0,405,
painted_clothes,0,405,paint_clothes
pear,0,405,
puck_(re:zero),4,405,
sakaki,4,405,
sakurai_touko,4,405,sakurai_(shiromanta)
syndra,4,405,
thumb_sucking,0,405,"thumbsucking,sucking_thumb"
tomoyohi,1,405,
trowel,0,405,
wooloo,4,405,
cattleya,0,404,
cessa,1,404,uka_(cessa)
chun-li_(cosplay),0,404,
conte_di_cavour_(kancolle),4,404,
digimon_tamers,3,404,
donkey_kong,4,404,
himeyamato,1,404,cake_no_shaberu
holly_hair_ornament,0,404,
igawa_asagi,4,404,
log_pose,0,404,
lucy_maria_misora,4,404,
maestrale_(kancolle),4,404,maestrale_(kantai_collection)
onineko-chan,1,404,
pearl_thong,0,404,beaded_panties
penis_ribbon,0,404,
sebastian_piyodore,4,404,
shampoo,0,404,
takara_akihito,1,404,sanzoku_no_uta
zero_(code_geass),4,404,
akemiho_tabi_nikki,3,403,akemiho_travel_diary
aki_(akikaze_asparagus),1,403,
banette,4,403,
bloomers_pull,0,403,bloomer_pull
cagalli_yula_athha,4,403,
completion_time,5,403,drawing_time
tag,0,403,
high_school_dxd_pi,3,403,
hikawa_iona,4,403,
himemiya_anthy,4,403,
hungary_(hetalia),4,403,elizabeta_hedervary
hybrid,0,403,
kamijou_kyousuke,4,403,
maria_(hayate_no_gotoku!),4,403,
masa_masa,1,403,
orange_belt,0,403,
sugue_tettou,1,403,
tianzi,4,403,
tonbi,1,403,
uzuki_(cookie),4,403,
after_bathing,0,402,"after_bath,after_shower"
akira_(coffee_curry),1,402,akira02
akuma_(street_fighter),4,402,gouki
bandaid_on_head,0,402,
bb_(swimsuit_mooncancer)_(first_ascension)_(fate),4,402,
caitlin_(pokemon),4,402,cattleya_(pokemon)
fairy_maid_(touhou),4,402,fairy_maid
golden_apple,0,402,
guchico,1,402,
hater_(hatater),1,402,
owl,0,402,
kiriyama_taichi,1,402,
motomiya_mitsuki,1,402,
nagato_kai_ni_(kancolle),4,402,
pearl_hair_ornament,0,402,
peso_(cheese_company),1,402,pesogiso
playing_piano,0,402,
poco_(asahi_age),1,402,poko
prostate_milking,0,402,"prostate_massage,female_fingers_in_male_anus"
rei_kun,1,402,
shizuma_yoshinori,1,402,
sitting_on_head,0,402,head_sitting
specter_the_unchained_(arknights),4,402,
suurin_(ksyaro),1,402,
vent_arbre,1,402,
wild_arms_3,3,402,
youta,1,402,
against_window,0,401,
arc_the_lad_ii,3,401,
bursting_ass,0,401,
caburi,1,401,
casting_spell,0,401,
chii,4,401,
christmas_present,0,401,christmas_gift
chrono_crusade,3,401,chrno_crusade
eliwood_(fire_emblem),4,401,
fur_cuffs,0,401,
hair_over_face,0,401,
hashimoto_takashi,1,401,
hijikawa_arashi,1,401,
holding_pole,0,401,
hozuki_momiji,4,401,
junkpuyo,1,401,
kawagoe_pochi,1,401,
marukyuu_ameya,1,401,m9kndi
matsuoka_gou,4,401,
nanao_(mahaya),1,401,"nanao,mahaya"
pointing_weapon,0,401,
red_robe,0,401,
rinoa_heartilly,4,401,
saeki_hokuto,1,401,
sailor_swimsuit_(idolmaster),0,401,
sakiryo_kanna,1,401,
sawatari_makoto,4,401,
sepia_background,0,401,tan_background
sticker_on_face,0,401,"sticker_on_cheek,cheek_sticker,cheek_ornament"
taiko_drum,0,401,
torino_aqua,1,401,"torino_akua,afraco"
voltron_(series),3,401,
yaman,1,401,
tsuki_ni_kawatte_oshioki_yo,0,401,in_the_name_of_the_moon
canaan,3,400,
coffee_table,0,400,
dragon_quest_x,3,400,"/dq10,dragon_quest_10"
hosomi_shizuko,4,400,hosomi_(girls_und_panzer)
momoshiki_tsubaki,1,400,
naoto_(tulip),1,400,kingyo_(pixiv246106)
peeling,0,400,
reu_(cookie),4,400,
rosetta_(granblue_fantasy),4,400,
swimsuit_removed,0,400,
takemura_sessyu,1,400,"shimoigusa,takemura_sesshuu"
tenkuu_no_shiro_laputa,3,400,"castle_in_the_sky,laputa_castle_in_the_sky,laputa:_castle_in_the_sky,laputa"
togami_byakuya,4,400,
very_long_tongue,0,400,
wrestle_angels_survivor,3,400,
yura_kai_ni_(kancolle),4,400,
ayanero_taicho,1,399,
battleship_water_oni,4,399,
chima_q,1,399,
clothes_in_front,0,399,
clow_card,0,399,clow_cards
dragon_quest_vi,3,399,"dragon_quest_6,/dq6"
inkwell,0,399,ink_bottle
la_pucelle,3,399,"la_pucelle_tactics,lapucelle"
nikaidou_kou,1,399,
poison,0,399,
scratching,0,399,
supply_depot_princess,4,399,supply_depot_hime
t.m._opera_o_(umamusume),4,399,
toyama_kasumi,4,399,
undyne,4,399,
achiki,1,398,
aida_takanobu,1,398,
atte_nanakusa,1,398,atte7kusa
chicken_leg,0,398,chicken_drumstick
drawing_on_another's_face,0,398,"writing_on_another's_face,face_painting"
hassan_of_the_cursed_arm_(fate),4,398,true_assassin
hillly_(maiwetea),1,398,
holding_fish,0,398,
hoppege,1,398,
legend_of_the_cryptids,3,398,
nakano_yuka,4,398,
oso_(toolate),1,398,oso
ribbon_between_breasts,0,398,
sen_(granblue_fantasy),4,398,
shimadoriru,1,398,stripe_pattern_(circle)
suichuu_hanabi,1,398,
swimsuit_skirt,0,398,
top_pull,0,398,
transmission_tower,0,398,electricity_pylon
yoako,1,398,the_drying_off_yoako
akitsu_maru_kai_(kancolle),4,397,
canopy_(aircraft),0,397,canopy
daichi_(tokoya),1,397,tokoya_(ex-hetare)
deaver,1,397,verdey
devil_may_cry_3,3,397,
dragon@harry,1,397,
exlic,1,397,
isegawa_yasutaka,1,397,nanashina
kizaki_yuuri,1,397,
lotte_no_omocha!,3,397,"rotte_no_omocha,rotte_no_omocha!,astarotte_no_omocha!,astarotte_no_omocha,lotte_no_omocha,lotte's_plaything"
mashiro_aa,1,397,oh_mashiro
money_tuck,0,397,
rom_(neptune_series),4,397,
sweater_tug,0,397,
takoyaki_(roast),1,397,"kogemashita,tako_(roast)"
teruui,1,397,
v_over_mouth,0,397,
victorious_(azur_lane),4,397,
wily_beast_and_weakest_creature,3,397,
ankle_garter,0,396,
anya_melfissa,4,396,
awning,0,396,
mega_stone,0,396,key_stone_(pokemon)
covering_with_blanket,0,396,tucking_in
dunkerque_(azur_lane),4,396,
endou_hiroto,1,396,
heinrike_prinzessin_zu_sayn-wittgenstein,4,396,
hyakkaou_academy_uniform,0,396,
hyudora,1,396,hyudra
ike_eveland,4,396,
kakage,1,396,
kamen_rider_dcd,3,396,
kumamiko,3,396,"kuma_miko:_girl_meets_bear,kuma_miko"
lee_(colt),1,396,lee_(pixiv16488)
midnight_bliss,0,396,
noco_(adamas),1,396,takekono
noihara_himari,4,396,
recurring_image,0,396,"copy-paste,copy-pasted,copy-pasting"
riku_(kingdom_hearts),4,396,riku
robot_animal,0,396,"animal_robot,mechanical_animal"
roropull,1,396,
san-pon,1,396,dasuto
shirokitsune,1,396,
suou_patra,4,396,
super_mushroom,0,396,
thomasz,1,396,hujiya_honten
waist_hug,0,396,
yan_(nicknikg),1,396,
zaku,4,396,
a-ka,1,395,
all_might,4,395,
alternative_girls,3,395,
backless_panties,0,395,assless_panties
covering_chest,0,395,
devilman,3,395,
ghislaine_dedoldia,4,395,ghyslaine_dedorudia
gryffindor,0,395,
hijiri_(resetter),1,395,
holding_mirror,0,395,
hoto_cocoa's_school_uniform,0,395,
inui_sajuna,4,395,
inunoko.,1,395,
iwatooshi,4,395,
katayama_kei,1,395,
kotozume_yukari,4,395,
kurosaki_chitose,4,395,
mage_staff,0,395,
magister,1,395,"magister_(bearibop),magister_(medical_whiskey),magister_(bigbakunyuu),mnll"
mike_inel,1,395,manyakis
mizuga,1,395,
mousepad_(object),0,395,
multicolored_ribbon,0,395,
multiple_monitors,0,395,
nakajima_(girls_und_panzer),4,395,nakajima_rera
nohito,1,395,
pun,0,395,
sakai_kyuuta,1,395,
star_ocean_the_last_hope,3,395,
starfighter,0,395,
symmetrical_pose,0,395,
takahero,1,395,
takeda_yukimura,1,395,
tarakanovich,1,395,why_(artist)
ueda_ryou,1,395,
v-shaped_eyes,0,395,
yuki_(touhou),4,395,
aircraft_carrier_water_oni,4,394,
amuro_ray,4,394,
aunt_and_niece,0,394,
batsubyou,4,394,
board,0,394,
carol_malus_dienheim,4,394,
double_scoop,0,394,
dragon_tattoo,0,394,
energy_weapon,0,394,
flannery_(pokemon),4,394,"asuna_(pokemon),flannery"
fujiko_f_fujio_(style),0,394,
fujitaka_nasu,1,394,takanasu05
ga-rei_zero,3,394,
gin_(shioyude),1,394,
hamushima,1,394,jack_hamster
holding_cake,0,394,
holding_racket,0,394,
kiryuuin_ragyou,4,394,
nishizawa,1,394,
no_bangs,0,394,
oyama_mihari,4,394,
peacock_feathers,0,394,
rozalin,4,394,
sakaki_yuuya,4,394,
sansei_muramasa,4,394,sandaime_muramasa
sasaame,1,394,sand-rain
shiraitodai_school_uniform,0,394,
sigurd_(fate),4,394,sigurd_(fate/grand_order)
tails_(sonic),4,394,miles_prower
tiger_cub,0,394,
yuiga_naoha,1,394,yuiganaoha
deel_(rkeg),1,393,
dra,1,393,
egyptian_mythology,3,393,
foo_fighters,4,393,
giant_monster,0,393,
grey_ascot,0,393,grey_jabot
if_(neptune_series),4,393,
inkling_(language),0,393,
koumei_(twinameless),1,393,twinameless
marina_ismail,4,393,marina_ishmael
minami_chiaki,4,393,
mobu,1,393,
murata_yuusuke,1,393,
mutual_orgasm,0,393,
nnyara,1,393,
self_breast_sucking,0,393,
shibari_under_clothes,0,393,
tirpitz_(azur_lane),4,393,
bikini_tug,0,392,
binsen,1,392,
byakugan,0,392,
female_ejaculation_through_clothes,0,392,female_ejaculation_through_clothing
galaxy_angel_rune,3,392,"galaxy_angelune,galaxy_angel_ii"
holding_egg,0,392,
kana_anaberal,4,392,
klein_moretti,4,392,
kuroshitsuji,3,392,black_butler
m_bison,4,392,
muzzle,0,392,
nagant_revolver_(girls'_frontline),4,392,"m1895_(girls'_frontline),nagant_revolver_(girls_frontline)"
navy_(navy.blue),1,392,jiiwara
reverse_fellatio,0,392,
sitting_sideways,0,392,
smoke_trail,0,392,
tennis_court,0,392,
voltron:_legendary_defender,3,392,
american_mcgee's_alice,3,391,
aono_shimo,1,391,shimo_(s_kaminaka)
aty_(summon_night),4,391,
cue_stick,0,391,pool_cue
forbidden_scrollery,3,391,
france_(hetalia),4,391,francis_bonnefoy
frankenstein's_monster,4,391,
holding_coin,0,391,
isekai_maou_to_shoukan_shoujo_no_dorei_majutsu,3,391,how_not_to_summon_a_demon_lord
kanna_(cookie),4,391,
koi_dance,0,391,
l_(death_note),4,391,
lace_legwear,0,391,
menacing_(jojo),0,391,gogogogo
monkey_girl,0,391,
naz,1,391,
nian_(unfettered_freedom)_(arknights),4,391,
piripun,1,391,
rubik's_cube,0,391,
saikawa_yusa,1,391,udk
shark_print,0,391,
shiratama_(hockey),1,391,
sleeping_bag,0,391,
stitched_torso,0,391,
subachi,1,391,
tactical_surface_fighter,0,391,
xephyrks,1,391,
zombie_fairy_(touhou),4,391,zombie_fairy
alakoala,1,390,alakoala_shoushou
animal_helmet,0,390,
doronjo,4,390,
elsword_(character),4,390,
emofuri,5,390,
erlenmeyer_flask,0,390,conical_flask
glass_shards,0,390,
haibara_ai,4,390,
ken_(coffee_michikusa),1,390,
kingdom_hearts_iii,3,390,kingdom_hearts_3
kyuuba_melo,1,390,
ligne_claire,0,390,
lucifero,4,390,
macross:_do_you_remember_love?,3,390,macross_dyrl
magnet_(vocaloid),3,390,
muffin_top,0,390,
pokemon_mystery_dungeon,3,390,"pokemon_fushigi_no_dungeon,pokemon_md"
rosemi_lovelock,4,390,
shigure_ryuunosuke,1,390,shigure-p
single_earphone_removed,0,390,
suzuho_hotaru,1,390,
yukiwo,1,390,
avatar_(mabinogi),4,389,
clothes_on_floor,0,389,
demon's_souls,3,389,
harisen,0,389,
iz_(asteroid_ill),4,389,iz_(asuteroid)
kiawe_(pokemon),4,389,kaki_(pokemon)
kokuchuutei,1,389,
nakayama_miyuki,1,389,"tibimimi,nimame"
neropaso,1,389,
oden,0,389,
pectoral_docking,0,389,pectoral_to_pectoral
princess_principal_game_of_mission,3,389,
raiou,1,389,
rpg,0,389,
serena_(yu-gi-oh!),4,389,celina_(yu-gi-oh!)
tsukimura_suzuka,4,389,
akagi_ritsuko,4,388,
astesia_(arknights),4,388,
ayase_yue,4,388,
back_cover,0,388,
hibiki_yuuta,4,388,
holding_key,0,388,
humping,0,388,
keita_(tundereyuina),1,388,kirito_(tundereyuina)
ko_yu,1,388,
kokonoe_(blazblue),4,388,
majikina_mina,4,388,
matoi_ryuuko_(cosplay),0,388,
nassukun,1,388,
neko_neko_koneko,1,388,
o-ring_panties,0,388,
paint_on_clothes,0,388,
redjuice,1,388,
saitou_naoki,1,388,
tamada_tamaki,4,388,tamada_(girls_und_panzer)
turkey_(food),0,388,
yagyuu_(senran_kagura),4,388,
yaza,1,388,
yoru_nai,1,388,
zuizi,1,388,
admiral_(kancolle)_(cosplay),0,387,
amano_don,1,387,
bust_chart,0,387,"boob_chart,breast_chart,breast_comparison,chichikurabe"
candlestand,0,387,candlestick
character_mask,0,387,
crescent_necklace,0,387,
dark_labia,0,387,dark_pussy
green_armband,0,387,
kabu_(pokemon),4,387,
kamen_rider_555,3,387,
kerberos_blade,3,387,
kuzuryuu_fuyuhiko,4,387,
layla_(idolmaster),4,387,
maria_holic,3,387,
metamoran_vest,0,387,
mythra_(radiant_beach)_(xenoblade),4,387,
nanashin_naomi,1,387,"naomi_(sekai_no_hate_no_kissaten),naomi@tsuitta"
narutaki_shin,1,387,
nokoppa,1,387,
ooji,1,387,"o-ji,noantica"
rojiura_satsuki:_chapter_heroine_sanctuary,3,387,
shimo_(depthbomb),1,387,"depth_bomb,shimo_(pixiv14753)"
snow_globe,0,387,
arguing,0,386,
ayase_hazuki,1,386,cross_hearts
crucifixion,0,386,
cum_on_fingers,0,386,
devil_summoner,3,386,
dramatical_murder,3,386,
exiled_warrior_leina,4,386,
gingerbread_man,0,386,
goshiki_suzu,1,386,"ed_(circle_ed),otogiri_mokutan"
hand_on_own_elbow,0,386,elbow_on_own_hand
imperial_japanese_navy,0,386,
implied_cunnilingus,0,386,
irisviel_von_einzbern_(angel's_song),4,386,
katalina_(granblue_fantasy),4,386,"katalina_aryze,catalina_(granblue_fantasy),katarina_(granblue_fantasy)"
kindergarten_bag,0,386,
lead_pipe,0,386,
levantine,4,386,
orange_juice,0,386,
panels,0,386,
penguin_tail,0,386,
pepsi,3,386,
saemonza_(girls_und_panzer),4,386,"sugiyama_kiyomi,saemonza"
saori_(blue_archive),4,386,joumae_saori
seta_kaoru,4,386,
sweater_around_neck,0,386,
syunzou,1,386,shunzou
tab_head,1,386,aru_tarou
vlad_iii_(fate/apocrypha),4,386,
aria_gakuen_school_uniform,0,385,
bursting_pectorals,0,385,bursting_pecs
chocolate_cornet,0,385,
colored_eyepatch,0,385,"aqua_eyepatch,brown_eyepatch,pink_eyepatch,purple_eyepatch,blue_eyepatch,green_eyepatch,yellow_eyepatch,orange_eyepatch,red_eyepatch"
cowboy,0,385,cowboys
gayarou,1,385,
gin00,1,385,
golem,0,385,
himemiya_chikane,4,385,
kidou_yuuto,4,385,jude_sharp
kroos_(arknights),4,385,
licking_neck,0,385,
metata,1,385,
miyako_hito,1,385,
miyao_ryuu,1,385,
nishida_asako,1,385,
penis_under_another's_clothes,0,385,penis_under_clothes
sengoku_collection,3,385,
shirokane_rinko,4,385,
sylvain_jose_gautier,4,385,
tabitha_(zero_no_tsukaima),4,385,
toolbox,0,385,
yagami_iori,4,385,
age_of_ishtaria,3,384,
akane_souichi,1,384,
amayadori_machi,4,384,
aslindsamure,1,384,
boom_barrier,0,384,
emyo,1,384,yumaomi
fishing_hook,0,384,
headlock,0,384,
holding_bell,0,384,
icicle,0,384,icicles
imminent_hug,0,384,incipient_hug
karasusou_nano,1,384,
kasen_kanesada,4,384,
nakaaki_masashi,1,384,mumyoudou
new_generations_(idolmaster),0,384,new_generations
shirokuma_a,1,384,merufena
snowball_(overwatch),4,384,
suicune,4,384,
tsujino_akari,4,384,
unleashed,3,384,
vertical-striped_shorts,0,384,
white_headdress,0,384,
wooper,4,384,
zinnia_(pokemon),4,384,higana_(pokemon)
ambiguous_red_liquid,0,383,
ario,1,383,
bbc-chan,1,383,
bikini_around_one_leg,0,383,
booth_seating,0,383,"restaurant_booth,booth"
f-zero,3,383,
kakumeiki_valvrave,3,383,valvrave_the_liberator
maruto!,1,383,maruto
midna_(true),4,383,
necklace_removed,0,383,
shennai_misha,1,383,
sho-n-d,1,383,sho_n.d.
shopping_basket,0,383,
smegma,0,383,
sophie_neuenmuller,4,383,
suplex,0,383,
tanaka_shoutarou,1,383,fomalhaut
tsab_executive_military_uniform,0,383,
urushibara_ruka,4,383,
yostxxx,1,383,
airani_iofifteen,4,382,
ash_arms,3,382,
ass_tattoo,0,382,
bikini_in_mouth,0,382,
buneary,4,382,
condensation,0,382,
de_ruyter_(kancolle),4,382,de_ruyter_(kantai_collection)
dog_(mixed_breed)_(kemono_friends),4,382,
excessive_pussy_juice,0,382,
fifiruu,1,382,
giraffe_ears,0,382,
grey_choker,0,382,
holding_necklace,0,382,
holding_photo,0,382,
kanzaki_muyu,1,382,
km_yama,1,382,"keemu_(occhoko-cho),km_(artist)"
kohsaka_jun,1,382,kousaka_jun
male_underwear_peek,0,382,underwear_peek_(male)
mushishi,3,382,
plumeria,0,382,
roar_yell!_tracen_academy_cheerleading_squad_(umamusume),0,382,
single_sandal,0,382,
yu_65026,1,382,
blue_suit,0,381,
bonyari_high_school_uniform,0,381,
euphonium,0,381,
full_mouth,0,381,mouth_full
hane_yuki,1,381,
holding_map,0,381,
itto_(mentaiko),1,381,
ivysaur,4,381,
katsuragi_(senran_kagura),4,381,
kenmochi_touya,4,381,
mars_(cookie),4,381,
nunchaku,0,381,nunchuks
revolver_knuckle,4,381,
ryouko_(tenchi_muyou!),4,381,"ryouko_(tenchi_muyou),ryoko_(tenchi_muyo),hakubi_ryouko,hakubi_ryoko"
shark_fin,0,381,
shounen_(hogehoge),1,381,
st.germain-sal,1,381,
staryu,4,381,
tsukigi,1,381,
white_uniform,0,381,
asa_(coco),1,380,
bag_removed,0,380,
big_nose,0,380,
bremerton_(kung_fu_cruiser)_(azur_lane),4,380,
dog_costume,0,380,
eurasian_tree_sparrow,0,380,
gensou_suikoden_ii,3,380,suikoden_ii
gladiolus_amicitia,4,380,
glory_hole,0,380,gloryhole
grape_hair_ornament,0,380,
green_fur,0,380,
hand_under_swimsuit,0,380,hand_in_swimsuit
hubert_von_vestra,4,380,
medusa_(shingeki_no_bahamut),4,380,
spirit,0,380,
miniskirt_pirates,3,380,"bodacious_space_pirates,miniskirt_uchuu_kaizoku,mouretsu_uchuu_kaizoku,mouretsu_pirates"
navi,4,380,
okitsugu,1,380,
open_bodysuit,0,380,
owarimonogatari,3,380,
pleated_shirt,0,380,
tamamo_no_mae_(spring_casual)_(fate),4,380,
tobiichi_origami,4,380,
tomatto_(@ma!),1,380,@ma?
akane_(bunny)_(blue_archive),4,379,"murokasa_akane_(bunny),akane_(bunny_girl)_(blue_archive)"
ama-tou,1,379,
bishoujo_mangekyou,3,379,
catherine_(game),3,379,
ch'en_(ageless_afterglow)_(arknights),4,379,
clinging,0,379,
collar_grab,0,379,
creature_on_head,0,379,
decidueye,4,379,
email_address,0,379,
enpe,1,379,
faye_valentine,4,379,
flint_(girls_und_panzer),4,379,
grey_flower,0,379,
hinoka_(fire_emblem),4,379,hinoka_(fire_emblem_if)
inugami_kira,1,379,
marl_kingdom,3,379,
minah_(chaesu),4,379,
mizuhara_chizuru,4,379,
nemo_(fate),4,379,nemo_series_(fate)
nendoroid,0,379,
nino_(fire_emblem),4,379,
sheep_tail,0,379,
shizuru_(princess_connect!),4,379,hoshino_shizuru
silhouette_demon,0,379,
slide,0,379,
spiked_footwear,0,379,
starting_block,0,379,
tamayan,1,379,
thorns_(arknights),4,379,
waving_arms,0,379,
whale_tail_(clothing),0,379,whale_tail
arika_yumemiya,4,378,
beige_fur,0,378,
chocolate_on_face,0,378,
cocktail_shaker,0,378,
dyson_(edaokunnsaikouya),1,378,
enomoto_takane,4,378,
fujishima-sei_ichi-gou,1,378,fujishima-01
gale_kawaii,1,378,"kotanu_(kotanukiya),kotanuki_(kotanukiya),kotanuki_329"
giraffe,0,378,
holding_dildo,0,378,
iei,0,378,"funeral_photo,mourning_photo"
kuraue_hinata,4,378,
legacy_of_lunatic_kingdom,3,378,
maniacpaint,1,378,
mint,0,378,
nara_shikamaru,4,378,
red_blood_cell_(hataraku_saibou),4,378,
scolding,0,378,
sherlock_shellingford,4,378,
shinomiya_himawari,4,378,
team_aqua,0,378,
toothpaste,0,378,
tunnel,0,378,
vigna_(arknights),4,378,
abigail_williams_(emerald_float)_(fate),4,377,
ao_no_kanata_no_four_rhythm,3,377,aokana:_four_rhythm_across_the_blue
btmr_game,1,377,
doukyuusei,3,377,
eyeshield_21,3,377,eyeshield21
frilled_armband,0,377,
istina_(arknights),4,377,
itsuka_kotori,4,377,
jirou_(chekoro),1,377,
kanzaki_hiro,1,377,oda_hiroyuki
kilesha,1,377,kirewisha
labia_piercing,0,377,pierced_labia
threat,0,377,
morty_(pokemon),4,377,matsuba_(pokemon)
multicolored_tail,0,377,
piano_bench,0,377,
picking_up,0,377,
ram_(neptune_series),4,377,
sananana_(cookie),4,377,
sekirei,3,377,
shoulder_guard,0,377,
siesta_(zero_no_tsukaima),4,377,
sunny_(omori),4,377,
testa,1,377,
thigh_straddling,0,377,thigh_straddle
tsune_(tune),1,377,
uenoryoma,1,377,
wasabi60,1,377,
baseball_helmet,0,376,batting_helmet
bisexual_male,0,376,bisexual_(male)
black_bullet,3,376,
cafe-chan_to_break_time,3,376,break_time_with_cafe-chan
dead_or_alive_xtreme,3,376,
feral_lemma,1,376,
headwear_switch,0,376,hat_switch
hitomi_(doa),4,376,
hoshiguma_yuugi_(promo),4,376,
lace-trimmed_shirt,0,376,lace-trimmed_blouse
light_machine_gun,0,376,
mammon_(umineko),4,376,
single_gauntlet,0,376,
naidong_(artist),1,376,yin-ting_tian
nina_kosaka,4,376,
orange_apron,0,376,
osakana_(denpa_yun'yun),1,376,
producer_(idolmaster_anime),4,376,
racchi.,1,376,
resident_evil_6,3,376,
reticulated_giraffe_(kemono_friends),4,376,
shorts_aside,0,376,
spurs,0,376,
suou_mikoto_(school_rumble),4,376,suou_mikoto
tachibana_miya,4,376,
tart_(food),0,376,
torigoe_takumi,1,376,
ukagaka,3,376,
umakuchi_shouyu,1,376,
wakamatsu372,1,376,otayama
yamasan,1,376,
anise_tatlin,4,375,
archie_(pokemon),4,375,aogiri_(pokemon)
arsenixc,1,375,
chespin,4,375,
esdeath,4,375,
esidisi,4,375,acdc_(jojo)
fisting,0,375,
haaton_(akai_haato),4,375,
heart_wand,0,375,
k-on!_movie,3,375,eiga_k-on!
kyoto_animation,3,375,
lying_card,0,375,
magisa_(granblue_fantasy),4,375,
morisobo,1,375,
nakamura_yukitoshi,1,375,astroguy2
naked_paint,0,375,
pia_carrot_(series),3,375,
print_footwear,0,375,
reno_(azur_lane),4,375,
satellite_dish,0,375,
shamakho,1,375,
shift_(waage),1,375,shift_(0808)
shimabara_elena,4,375,
sky_high,4,375,
summertime_render,3,375,
tansuke,1,375,
tenobe,1,375,yosi135
toujou_kirumi,4,375,
whisper_(youkai_watch),4,375,
xinyan_(genshin_impact),4,375,
z_flag,0,375,z-flag
zipper_skirt,0,375,
asakawa_(outeq),1,374,asakawanwan
basin,0,374,
bibi02,1,374,bibi
bubuzuke,1,374,bubuduke
catching,0,374,
chigusa_minori,1,374,"minori_chigusa,minori_748"
hamao,1,374,
hanpenmaru,1,374,
himeragi_yukina,4,374,
in-universe_location,0,374,
kamihama_university_affiliated_school_uniform,0,374,
kanniiepan,1,374,
masanaga_(tsukasa),1,374,
morino_donguri,1,374,matuken1027
muoto,1,374,
mylene_jenius,4,374,
petra_macneary,4,374,petra_mcnairy
portal_(series),3,374,
princess_tutu,3,374,
super_saiyan_2,0,374,
suspenders_pull,0,374,
tanigaki_genjirou,4,374,
wake_up_girls!,3,374,
yamashita_takahiro,1,374,
zen'in_maki,4,374,
abenattou,1,373,
aruruw,4,373,
bigdead,1,373,bigdead93
done_(donezumi),1,373,
folded_clothes,0,373,
hanzo_(overwatch),4,373,"hanzo_shimada,shimada_hanzo"
holding_binoculars,0,373,
impa,4,373,
katarina_claes,4,373,
leaf-pattern_stripe,0,373,
load_bearing_equipment,0,373,
margay_(kemono_friends),4,373,
paywall_censor,0,373,
pink_outline,0,373,
pleinair,4,373,plenair
pop_(electromagneticwave),1,373,pop_(artist)
satou_sei,4,373,
serizawa_(serizawaroom),1,373,nozomi-y
shengtian,1,373,quiet
shoulder_blush,0,373,
tako-san_wiener,0,373,octopus_wiener
tales_of_phantasia,3,373,tales_of_phantasia_x
zenra,0,373,
atarashi_ako,4,372,
bad_artstation_id,5,372,
bolverk,0,372,
deyui,1,372,
ghiaccio,4,372,
hanada_yanochi,1,372,yanochi
hato_haru,1,372,
hatterene,4,372,
holding_toothbrush,0,372,
kemurikusa,3,372,
kogami_akira,4,372,
kotoribako,1,372,"nigiri_usagi,nigiri_usagi"
kuroi_(liar-player),1,372,
meltrandi,0,372,
nanahime,1,372,"code49,nanahime_(aoi)"
red_suit,0,372,
rice_shower_(make_up_vampire!)_(umamusume),4,372,
rock_paper_scissors,0,372,jankenpon
sasai_saji,1,372,
sleeve_ribbon,0,372,
sweeping,0,372,
takatora,1,372,
the_elder_scrolls_v:_skyrim,3,372,skyrim
tomoe,4,372,
yayoi_maka,1,372,yayoimaka03
agent_(girls'_frontline),4,371,agent_(girls_frontline)
amada_ken,4,371,ken_amada
atelier_live,3,371,
ayasaki_hayate,4,371,
ayunda_risu,4,371,
caren_hortensia_(amor_caren),4,371,
cassidy_(overwatch),4,371,"cole_cassidy,mccree_(overwatch),jesse_mccree"
crotchless_pantyhose,0,371,
dawn,0,371,
ikayaki,0,371,grilled_squid
mihama_chiyo,4,371,
mullet,0,371,
noto_kurumi,1,371,"mitsurugi_aoi,d-slash"
okuri_banto,1,371,
parachute,0,371,
parasoul_(skullgirls),4,371,
penis_over_eyes,0,371,
pokemon_on_lap,0,371,
popsicle_in_mouth,0,371,
rantana_(lalalalackluster),1,371,
sword_of_the_creator,0,371,
uousa-ou,1,371,uousa
wide_oval_eyes,0,371,
yamamoto_arifred,1,371,man_arihred
axe,0,370,ax
amazon_position,0,370,
arisaka_ako,1,370,
black_tube_top,0,370,
crater,0,370,
dome,0,370,
frenda_seivelun,4,370,
height,0,370,
igayan,1,370,igakusei
kedama_(touhou),4,370,kedama
kobushi_abiru,4,370,
lady_maria_of_the_astral_clocktower,4,370,
lum_(cosplay),0,370,
magowasabi,1,370,
marcille,4,370,
mayonnaise,0,370,
nathaniel_pennel,1,370,
nikki_kyousuke,1,370,dandhun_puku
quad_drills,0,370,
ransusan,1,370,
riding_bicycle,0,370,
ruru_amour,4,370,lulu_(precure)
saileach_(arknights),4,370,
saratoga_(azur_lane),4,370,
yagami_light,4,370,
aningay,1,369,
black_jumpsuit,0,369,
cape_removed,0,369,
chapayev_(azur_lane),4,369,
frilled_straps,0,369,
hamaken._(novelize),1,369,kengorou_saemon_ii_sei
hatsunatsu,1,369,
hiroya_juuren,1,369,
idw_(girls'_frontline),4,369,idw_(girls_frontline)
iwasama_masami,4,369,
libre,1,369,
magical_sapphire,4,369,
nababa,1,369,"arata_yokoyama,panama_(artist)"
nice_nature_(run&win)_(umamusume),4,369,
nyamota,1,369,
okame_nin,1,369,okametp
pajamas_pull,0,369,
panties_over_garter_belt,0,369,
sasahara_wakaba,1,369,
shishi_juuroku,1,369,shishi_(321_0819)
tyone,1,369,
ume_(noraneko),1,369,chintai_(mansyontintai)
verone_gakuin_school_uniform,0,369,
wataboku,1,369,
weapon_merchant_cattleya,4,369,
white_babydoll,0,369,
yamabuki_(yusuraume),1,369,suu-mi
akaga_hirotaka,1,368,
bural_chingu,3,368,
cheese_trail,0,368,
collei_(genshin_impact),4,368,
ekita_kuro,1,368,"ekita_xuan,ekira_nieto"
fur-trimmed_bikini,0,368,
harris_hero,1,368,
jiangshi_costume,0,368,
lisia_(pokemon),4,368,lucia_(pokemon)
mahira_(granblue_fantasy),4,368,makira_(granblue_fantasy)
nebula,0,368,
poaro,1,368,
print_ribbon,0,368,
richelieu_(azur_lane),4,368,
saxophone,0,368,
sugano_manami,1,368,
tokimeki_memorial_2,3,368,
treasure,0,368,
video_game_cover,0,368,game_cover
acolyte_(ragnarok_online),4,367,
autofacial,0,367,self_facial
bouncing_penis,0,367,
cheek_rest,0,367,
convertible,0,367,
energy_barrier,0,367,force_field
garnet,1,367,
gatchaman_crowds,3,367,
hamuzou,4,367,
hat_tug,0,367,
hatsumoude,0,367,
kamaboko,0,367,
kodamari,1,367,
kurogarasu,1,367,
kurotofu,1,367,rottenduck
lava_(arknights),4,367,
noripro,3,367,
orca_hood,0,367,
pixie_cut,0,367,
saga_frontier,3,367,
sakurai_rihoko,4,367,
saru_getchu,3,367,ape_escape
satou_jun,4,367,
tarutaru,0,367,
usagihime,1,367,
wave_hair_ornament,0,367,
bow_skirt,0,366,
comic_kairakuten,3,366,
dark_halo,0,366,
gold_coin,0,366,
holding_scroll,0,366,
hunter_(ragnarok_online),4,366,
lenalee_lee,4,366,
merc_storia,3,366,
miles_edgeworth,4,366,mitsurugi_reiji
plaid_shorts,0,366,
postbox_(outgoing_mail),0,366,"mail_collection_box,postbox"
puyo_(puyopuyo),4,366,
red_sports_bra,0,366,
rice_cooker,0,366,
ring_box,0,366,
scary_monsters_(stand),4,366,scary_monster_(stand)
skyfire_(arknights),4,366,
takeshima_eku,1,366,takeshima_(nia)
tsukimori_usako,1,366,
zdrada_(helltaker),4,366,
adachi_to_shimamura,3,365,adachi_and_shimamura
aqua_leotard,0,365,
architect_(girls'_frontline),4,365,architect_(girls_frontline)
bang-you,1,365,
blue_outline,0,365,
chastity_belt,0,365,
claire_redfield,4,365,
dating,0,365,going_on_date
deku_suke,1,365,
europa_(granblue_fantasy),4,365,
ha-ru,1,365,
kankitsunabe_(citrus),1,365,
krudears,1,365,
leopard_(yatterman),4,365,
love_cacao,1,365,
makihitsuji,1,365,roll_okashi
murakami_yuichi,1,365,murakami_yuzu
pascal_(tales),4,365,pascal
person_between_breasts,0,365,
red_wine,0,365,
refeia,1,365,
ringo_sui,1,365,
shimatani_azu,1,365,
snm_(sunimi),1,365,inaba_sunimi
tem10,1,365,
wild_geese,4,365,
yukikaze_(azur_lane),4,365,
zan_(harukahime),1,365,
ai-wa,1,364,
at_gunpoint,0,364,gunpoint
baku-p,1,364,baku_ph
barding,0,364,horse_armor
funnels_(gundam),0,364,funnels
gardenia_(pokemon),4,364,natane_(pokemon)
grim_(azur_lane),4,364,
hippopotamus_(kemono_friends),4,364,
kenjou_akira,4,364,
ketchup_bottle,0,364,
merryweather,1,364,
nopon,0,364,
playstation_vita,0,364,"psvita,ps_vita"
project_diva_f,3,364,
sasasegawa_sasami,4,364,
self-portrait,5,364,self_portrait
snowball22,1,364,opplove22
takakamo_shizuno,4,364,
waffle,0,364,waffles
whitesmith_(ragnarok_online),4,364,mastersmith_(ragnarok_online)
yoekosukii,1,364,
alisa_southerncross,4,363,
baba_arumi,1,363,ba8
comic_kairakuten_beast,3,363,
cornrows,0,363,
empty_pool,0,363,
fate/extella_link,3,363,
four_of_a_kind_(touhou),0,363,
hermit_purple,4,363,
jilu,1,363,
kaf_(kamitsubaki_studio),4,363,
little_witch_nobeta,3,363,
lucca_ashtear,4,363,
mizusawa_mao,4,363,
narmaya_(summer)_(granblue_fantasy),4,363,
ooba_minori,4,363,
sekiya_asami,1,363,
shinmai_(kyata),1,363,kyata
sophitia_alexandra,4,363,
windows,3,363,
yuusha_ou_gaogaigar,3,363,"the_king_of_braves_gaogaigar,brave_king_gaogaigar,king_of_braves_gaogaigar"
atalanta_alter_(fate),4,362,atalanta_(alter)_(fate)
bandana_over_mouth,0,362,
choukai_kai_ni_(kancolle),4,362,
giraffe_(ilconte),1,362,
headshop,5,362,
hechi,1,362,
hockey_mask,0,362,
huqu,1,362,
jabami_yumeko,4,362,
kayabakoro,1,362,
loose_bikini,0,362,
pepe_(jonasan),1,362,
ring-con,0,362,
sad_smile,0,362,
tasting,0,362,
zero_(drag-on_dragoon),4,362,
sailor_collar,0,361,
character_cutout,0,361,
deadpool,4,361,
diisuke,1,361,
fukae_(kancolle),4,361,fukae_(kantai_collection)
goodsmile_company,3,361,
green_heart,4,361,
green_sweater_vest,0,361,
hirano_toushirou,4,361,
ikea_shark,0,361,blahaj
nac000,1,361,
nori_(hidamari_sketch),4,361,nori
pinup_(style),0,361,
prison_cell,0,361,jail_cell
ryuuzaki_ichi,1,361,ryuuzaki_itsu
satsuki_neko,1,361,
sky:_children_of_the_light,3,361,
threo_(granblue_fantasy),4,361,"thalatha_(granblue_fantasy),sarasa_(granblue_fantasy)"
tomo_(sjim),1,361,
topu,1,361,tttanggvl
yue_(chinese_wife_diary),4,361,
adjusting_bra,0,360,
amano_chiharu,1,360,
arutera,1,360,
ayuma_sayu,1,360,ayuma_sayori
bandaid_on_neck,0,360,
black_outline,0,360,
breath_of_fire_iv,3,360,
catria_(fire_emblem),4,360,"katua,catria"
chiester_sisters,0,360,siesta_sisters
chisel,0,360,
dies_irae,3,360,
fallen_angel,0,360,
fujiwara_akina,1,360,
grief_seed,0,360,
horikou,1,360,
lei_fang,4,360,leifang
leotard_peek,0,360,
long_fingers,0,360,
milly_ashford,4,360,millay_ashford
miyasaka_ryou,4,360,
mosako,1,360,
paint_roller,0,360,
protagonist_(smtv),4,360,
shakemi_(sake_mgmgmg),1,360,
shimakaze_(azur_lane),4,360,
snow_white,3,360,
studiozombie,1,360,
super_zombie,1,360,
traffic,0,360,
uesugi_fuutarou,4,360,
uni_create,3,360,uni_channel
virtua_fighter,3,360,
nori,4,360,
akinaie,1,359,hijiri
brushing_another's_hair,0,359,
celty_sturluson,4,359,sturluson_celty
colette_brunel,4,359,collet_brunel
fud,1,359,
gumroad_username,0,359,
hijiri_tsukasa,1,359,
joltik,4,359,
kaibutsu_oujo,3,359,"princess_resurrection,monster_princess"
kiyomin,1,359,
koikatsu_(medium),5,359,koikatu
landmark,0,359,
lilligant,4,359,
manboobs,0,359,
mirai_hikari,1,359,miraihikariart
mizushina_minato,1,359,
natsuumi_manatsu,4,359,
nebusoku,1,359,
nyotengu,4,359,
penis_on_head,0,359,
pun2,1,359,ayase08
re:act,3,359,
silver_background,0,359,
you_(noanoamoemoe),1,359,
alpaca,0,358,
baram,1,358,
bike_shorts_pull,0,358,
chimera,0,358,
collar_tug,0,358,collar_pull
deego_(omochi_bazooka),1,358,dgo
disneyland,3,358,
erio_mondial,4,358,elio_mondial
flat_screen_tv,0,358,
franka_(arknights),4,358,
hole_on_body,0,358,
holocouncil,0,358,
ibuki_douji_(fate),4,358,
kim_eb,1,358,limobok
kitakami_reika,4,358,
kudelia_aina_bernstein,4,358,
lucifer_(umineko),4,358,
mathias_leth,1,358,
mifune_shioriko,4,358,
mother's_day,0,358,
multiple_insertions,0,358,
nitocris_(swimsuit_assassin)_(second_ascension)_(fate),4,358,
nonoririn,1,358,
nyon_(cookie),4,358,
penetration_gesture,0,358,
pussy_cutout,0,358,
serperior,4,358,
titanfall_(series),3,358,
torimaru,1,358,
yomi_(senran_kagura),4,358,
beige_vest,0,357,
big_hero_6,3,357,
blazpu,1,357,
butterfree,4,357,
clitoris_slip,0,357,"clit_slip,clitslip"
greatm8,1,357,
green_tunic,0,357,
hayakawa_harui,1,357,
kadeart,1,357,k@de
kink_(tortoiseshell),1,357,kink
kurowa,1,357,
licking_another's_cheek,0,357,"licking_cheek,cheek_licking,cheek_lick"
little_bel_(azur_lane),4,357,belchan_(azur_lane)
masuyama_ryou,1,357,
meiou_setsuna,4,357,meioh_setsuna
misono_karin,4,357,
nier_(granblue_fantasy),4,357,
obui,1,357,
palla_(fire_emblem),4,357,paola
penis_tentacles,0,357,
riko_(made_in_abyss),4,357,
ruri_rarako,1,357,
sharena_(fire_emblem),4,357,sharena
suzumiya_haruhiko,4,357,
tiger_paws,0,357,
vomiting,0,357,puking
yuizaki_kazuya,1,357,
:<>,0,357,
brown_hakama,0,356,
cardiogram,0,356,"electrocardiogram,ekg,heart_monitor"
chorimokki,1,356,
cuddling_handjob,0,356,
diving_suit,0,356,
diyusi_(cookie),4,356,
essex_(azur_lane),4,356,
gotou_hisashi,1,356,
haku_(p&d),4,356,
hayama_kazusa,1,356,"oginbara,ogin_bara"
jormungand,3,356,
kamen_rider_kuuga_(series),3,356,
kuromorimine_(emblem),0,356,
maiku,1,356,
meowfficer_(azur_lane),4,356,
miazi,1,356,
mikleo_(tales),4,356,
millennium_puzzle,0,356,
misaki_mei,4,356,
mobius_(honkai_impact),4,356,
monobe_yuri,1,356,monobe-moriya
mosin-nagant,0,356,
naegi_komaru,4,356,
ryu_(ryu's_form_site),1,356,ryu_(ryu's_former_site)
sakura_hiyori,1,356,
sliding,0,356,
takehana_note,1,356,
wario,4,356,
yakumo_yukari_(young),4,356,lolikari
zaphn,1,356,
alexmaster,1,355,
ayanami_rei_(cosplay),0,355,
caeda_(fire_emblem),4,355,"sheeda,caeda"
chousoku_henkei_gyrozetter,3,355,
fujiwara_hajime,4,355,
greenhouse,0,355,
haruichi_(komikal),1,355,haruichi
himuro_shunsuke,1,355,himuro_(dobu_no_hotori)
lancelot_(fate/zero),4,355,
matsushita_yuu,1,355,
megatron,4,355,
mizuki_kotora,1,355,akatsuki_mao
moon_phases,0,355,lunar_phases
observerz,1,355,babycat
panda_costume,0,355,
plague_doctor_mask,0,355,
rindou_(radical_dream),1,355,rindou_aya
saigyou_ayakashi,4,355,
saigyouji_yuyuko_(living),4,355,
see-through_sarong,0,355,translucent_sarong
taiyou_(kancolle),4,355,taiyou_(kantai_collection)
tamura_manami,4,355,
tokiomi_tsubasa,1,355,
touyoko_momoko,4,355,
wolf_paws,0,355,
aina_(mao_lian),4,354,"tu_ya_(mao_lian),tu_ya_(nekoze)"
akiyama_mizuki,4,354,
ark_royal_(azur_lane),4,354,
bad_arm,0,354,
bus_interior,0,354,inside_bus
charlotte_corday_(fate),4,354,charlotte_corday_(fate/grand_order)
chieru_(princess_connect!),4,354,kazama_chieru
common_dolphin_(kemono_friends),4,354,
croissant_(arknights),4,354,
cum_on_floor,0,354,
daijoubu?_oppai_momu?,0,354,
dermar,1,354,
frieza,4,354,freeza
handsome_wataru,1,354,handsomen
haruki_(colorful_macaron),1,354,haruki_5050
ibaraki_natou,1,354,"ibarashiro_natou,ibaraki_natouu"
japari_bus,0,354,
kamo_kamen,1,354,
kazeno,1,354,
kurokuro,1,354,
label_girl_(dipp),4,354,labelko
lampshade,0,354,
momendoufu,1,354,"ponponpain65536,paburisiyasu,bullseye1203"
mono_(moiky),1,354,mono1192000
nippon_ichi,3,354,
nisshin_(kancolle),4,354,nisshin_(kantai_collection)
oosaka_kanagawa,1,354,osaka_kanagawa
peeking_through_fingers,0,354,
shaymin_(land),4,354,
sookmo,1,354,
squat_toilet,0,354,
starmie,4,354,
tan_(inka),1,354,tan3charge
valkyrie_(apex_legends),4,354,
walking_away,0,354,
x_fingers,0,354,
yuki_onna,0,354,
yuzuruka_(bougainvillea),1,354,
aila_jyrkiainen,4,353,
alchemist_(ragnarok_online),4,353,
asari_nanami,4,353,
crown_hair_ornament,0,353,
digimon_adventure_02,3,353,digimon_adventures_02
digital_thermometer,0,353,
dlanor_a._knox,4,353,dlanor_a_knox
female_goblin,0,353,goblin_female
fujoshi,0,353,
homura_(senran_kagura),4,353,
in_heat,0,353,
jan_(lightdragoon),1,353,jan_(artist)
kuronyan,1,353,
kyuuso_inukami,1,353,inuhasiru
latifa_fleuranza,4,353,
marumoru,1,353,
niko_(tama),1,353,
nunucco,1,353,
olivia_(fire_emblem),4,353,
onodera_kosaki,4,353,
oz_(genshin_impact),4,353,
ribbon_panties,0,353,
ro-class_destroyer,4,353,
seiya_kou,4,353,
selfie_stick,0,353,
silica_(sao-alo),4,353,
stuffed_octopus,0,353,
takino_tomo,4,353,
teepo_(tales),4,353,tipo_(xillia)
tetsurou_(fe+),1,353,
undone_sarashi,0,353,
yuri_petrov,4,353,
aestheticc-meme,1,352,
asuzemu,1,352,
bakugadou,1,352,
checkered_bikini,0,352,
cum_in_cup,0,352,cum_in_glass
felix_hugo_fraldarius,4,352,
filming,0,352,
gorgon_(fate),4,352,
hirose_yasuho,4,352,
inoue_jun'ichi,4,352,
kagerou_(kers),1,352,
kita_senri,1,352,kita_senri_(artist)
living_room,0,352,
mikura_(kancolle),4,352,mikura_(kantai_collection)
naruse_hirofumi,1,352,hirofumi_naruse
pac-man_(game),3,352,pacman_(game)
pink_check_school_(idolmaster),0,352,pink_check_school
plaid_trim,0,352,
raiden_(metal_gear),4,352,raiden
reinama,1,352,
seaplane,0,352,
tera_zip,1,352,
tsukahara_hibiki,4,352,
yen_sign,0,352,yen_symbol
album_cover_redraw,5,351,
ayaya~,0,351,
celtic_knot,0,351,
death-sensei_(mori_calliope),4,351,
hamaguchi_ayame,4,351,
haruka_(senran_kagura),4,351,
hayama_eishi,1,351,
hidan_no_aria,3,351,aria_the_scarlet_ammo
holding_magnifying_glass,0,351,
holding_mop,0,351,
honey_come_chatka!!,3,351,
kageyama_shigeo,4,351,
kai'sa,4,351,
konayama_kata,1,351,tozcwn
koyashaka,1,351,koyashaka59
mana_(tsurubeji),1,351,
marble_(toy),0,351,"marble,marbles"
marui_koishi,1,351,
melina_(elden_ring),4,351,
ne-class_heavy_cruiser,4,351,
pandemonica_(helltaker),4,351,
piyodesu,1,351,
print_pajamas,0,351,
prywinko,1,351,olga_narhova
relay_baton,0,351,
sanpachishiki_(gyokusai-jima),1,351,sanpatisiki
soramuko,1,351,
team_skull_grunt,4,351,
uneg,1,351,
yuubari_kai_ni_(kancolle),4,351,
zekrom,4,351,
ada_wong,4,350,
blue_jumpsuit,0,350,
cello,0,350,violoncello
daifuku_(yukihana_lamy),4,350,
fluorescent_lamp,0,350,
gokuu_(acoloredpencil),1,350,
hero_neisan,1,350,
horned_mask,0,350,
implied_pregnancy,0,350,
irohara,1,350,irohasu
koito_yuu,4,350,
mole_on_shoulder,0,350,
nagayama_yuunon,1,350,sakuraboshi_sora
nidy,1,350,2d
nikichen,1,350,"nikita_varb,xxnikichenxx"
okita_j._souji_(first_ascension)_(fate),4,350,
sableye,4,350,
shez_(fire_emblem),4,350,
south_dakota_(azur_lane),4,350,
strike_witches_zero,3,350,
tsukuyomi_moonphase,3,350,tsukuyomi
twilight_sparkle,4,350,
white_garter_straps,0,350,
akabane_(zebrasmise),1,349,
battle_girl_high_school,3,349,
bikini_day,0,349,
biyon,1,349,
inoshira,1,349,
inuzumi_masaki,1,349,
kunashiri_(kancolle),4,349,kunashiri_(kantai_collection)
liquor,0,349,
microsoft,3,349,
miya_(miyaruta),1,349,miya_(pixiv15283026)
ogin_(girls_und_panzer),4,349,
sakurai_makoto_(custom_size),1,349,"custom_size,s_makoto"
senji_(tegone_spike),1,349,oyu_(nibasen)
senran_kagura_new_link,3,349,
slowpoke,4,349,
sturm_(granblue_fantasy),4,349,
suu_(monster_musume),4,349,
takasugi_shinsuke,4,349,
takayama_haruka,4,349,
water_balloon,0,349,
alexander_(fate),4,348,
big_bad_wolf_(grimm),4,348,
cd_case,0,348,jewel_case
cliffheart_(arknights),4,348,
cosaten,1,348,
cymbals,0,348,cymbal
fire_extinguisher,0,348,
gunpod,0,348,
harumachi_nagaaki,1,348,
kashima_yuu,4,348,
lime_slice,0,348,
mabing,1,348,mabingame
maett,1,348,
medarot,3,348,"medarots,medabots"
metal,0,348,
mikoko_(kemomimi_oukoku_kokuei_housou),4,348,mikoko_(kemomimi_vr_channel)
nagu,1,348,
new_jersey_(exhilarating_steps!)_(azur_lane),4,348,
ojisan_to_marshmallow,3,348,
orange_coat,0,348,
ruined_for_marriage,0,348,
sayakata_katsumi,1,348,anko_(ankonanase)
shirogane_hina,1,348,
spiked_hairband,0,348,
super_blackjack,3,348,super_black_jack
takayama_sayoko,4,348,
tier_harribel,4,348,"tia_halibel,tia_harribel"
yasuda_akira,1,348,akiman
yukian,1,348,
basil_(omori),4,347,
black_general,4,347,
blue_mary,4,347,
book_focus,0,347,
toga,0,347,
hinahino,1,347,
kippuru,1,347,
lunacle,1,347,
mashima_shima,1,347,
mass_effect_(series),3,347,
miku_symphony_(vocaloid),3,347,
minccino,4,347,chillarmy
naked_necktie,0,347,
nonowa,4,347,
pixiv_fantasia_4,3,347,
red_bull,0,347,
remodel_(warship_girls_r),0,347,
sakura_taisen_iii,3,347,
shamare_(arknights),4,347,
shennong_(housamo),4,347,shennong_(tokyo_houkago_summoners)
songover,0,347,
swablu,4,347,
target,0,347,
tenten_(naruto),4,347,tenten
toad_(mario),4,347,toad
tokiwa_midori_(kyokutou_funamushi),1,347,
yellow_umbrella,0,347,
yoshida_masaki,4,347,
you_work_you_lose,0,347,
zagreus_(hades),4,347,
akaza,1,346,
ancient_princess_menace,4,346,
arcane_jinx,4,346,
lupin_iii,3,346,
bike_jersey,0,346,bicycle_jersey
checkered_neckwear,0,346,
cirno_day,0,346,
citron_82,1,346,
ehrrr,1,346,
gag_removed,0,346,
ikari_gendou,4,346,"ikari_gendo,ikari_gendoh"
kagura_mea,4,346,
kamen_rider_build_(series),3,346,
kem_kem,1,346,
kisaragi_zwei,1,346,
krekkov,1,346,krekk0v
mashayuki,1,346,
me!me!me!,3,346,
miyauchi_renge,4,346,
poppy_(league_of_legends),4,346,poppy
puuakachan,1,346,
re:shimashima,1,346,shimashima08123
sabamen,1,346,
sekaiju_no_meikyuu_2,3,346,etrian_odyssey_ii
simulacrum_(titanfall),0,346,
sneasel,4,346,
steed_(steed_enterprise),1,346,steed_enterprise
tuteurfars_shin,1,346,chenqianhu
yamauchi_noriyasu,1,346,
yoye_(pastel_white),1,346,masiroke
aka_tawashi,1,345,
akatsuki_kai_ni_(kancolle),4,345,
amano_pikamee,4,345,
anceril_sacred,4,345,ancer_(mishima_kurone)
bakery,0,345,
beeswax_(arknights),4,345,
plaid_necktie,0,345,
core_(mayomayo),1,345,core_(artist)
dean,1,345,
felix_argyle,4,345,ferris_(re:zero)
flynn_scifo,4,345,
horn_(instrument),0,345,
ips_cells,0,345,
irua,1,345,
kaoling,1,345,caramell0501
kirara_fantasia,3,345,
kujou_danbo,1,345,
kuroemon,1,345,
last_exile,3,345,
mishima_hiroji,1,345,
murakami_(girls_und_panzer),4,345,
peke,4,345,
sabitsuki,4,345,
shikei,1,345,
shoe_removed,0,345,
tales_of_eternia,3,345,
wheat_field,0,345,
aoi_manabu,1,344,manabu_aoi
asahina_mafuyu,4,344,
azuma_(azur_lane),4,344,
big_boss,4,344,
broken_mirror,0,344,
call_of_duty,3,344,
coffee_beans,0,344,
daimaou_ruaeru,1,344,"spinel_clanweiss_(artist),renkarua"
fighter_(7th_dragon),4,344,
front_slit,0,344,
gengoroumaru_(ambidextrous),1,344,
goalkeeper,0,344,
grey_eyeshadow,0,344,
griffith_(berserk),4,344,
hay,0,344,
hazuki_natsu,1,344,
hokuto_(scichil),1,344,
ikkyuu,1,344,
lightsource,1,344,
looking_at_food,0,344,
mayura2002,1,344,
monster_strike,3,344,
necro_(guilty_gear),4,344,
pen_(medium),5,344,
recursion,0,344,droste_effect
robin_(arknights),4,344,
saturn_(planet),0,344,
see-through_swimsuit,0,344,
seren_(staphy),1,344,
super_saiyan_4,0,344,
taishi_(moriverine),1,344,
tategami_aoi,4,344,
trapped,0,344,
unyu,0,344,
yoshimoto_(dear_life),1,344,aguy
bekotarou,1,343,
boxing,0,343,
canal,0,343,
captain_falcon,4,343,
chidori_kaname,4,343,kaname_chidori
droste_effect,0,343,
enrico_pucci,4,343,
fuji_shinobu,1,343,studio_implant
giraffe_horns,0,343,
hatsune_(princess_connect!),4,343,kashiwazaki_hatsune
hitotose_rin,1,343,rensiusan
ilsa_(granblue_fantasy),4,343,
kisaragi_yuu_(fallen_sky),1,343,kisaragiyuu
lobster,0,343,
music_video,5,343,
nanateru,1,343,"tenjou_nanaki,amagi_nanateru"
new_mask_of_hope,0,343,
orie_(under_night_in-birth),4,343,
peacock_(skullgirls),4,343,
raika9,1,343,
rakurakutei_ramen,1,343,raku_pix
shigure_asa,4,343,
soba_(saz),1,343,
sorey_(tales),4,343,
spike_spiegel,4,343,
striped_clothes,0,343,striped_clothing
tachikawa_mimi,4,343,
bad_bcy_id,5,342,
cyclone_(reizei),1,342,cyclone
dolphin_hair_ornament,0,342,
eonsang,1,342,
hanamiya_natsuka,1,342,
hanato_(seonoaiko),1,342,
kawazoe_tamaki,4,342,
kimishima_ao,1,342,kimishima_junsei
kunihiro_hajime,4,342,
lucknight,1,342,
mage_(ragnarok_online),4,342,
mizuhara_koyomi,4,342,
morizono_shiki,1,342,clock_(clockart)
nozaki_umetarou,4,342,
presenting_foot,0,342,
razor,0,342,
rider-tan,0,342,
rinpoo_chuan,4,342,
riz,1,342,rizdraws
running_track,0,342,track
sandalphon_(granblue_fantasy),4,342,
servbot_(mega_man),4,342,"kobun,servbot"
shauna_(pokemon),4,342,sana_(pokemon)
short-sleeved_sweater,0,342,short_sleeve_sweater
silent_hill_2,3,342,
sorcerer_(ragnarok_online),4,342,
tapir_ears,0,342,
yagi_(ningen),1,342,
yaotome_urushi,4,342,
zasshu,1,342,
alice:_madness_returns,3,341,
asahi_breweries,0,341,asahi_(beer)
aya_shachou,1,341,"p/a,irodori_shachou"
dorontabi,1,341,"mammoth9878,mammos"
france,0,341,
growlithe,4,341,
holding_briefcase,0,341,
lifeline_(apex_legends),4,341,
makkachin,4,341,
matchstick,0,341,
monrooru,1,341,
night_elf_(warcraft),0,341,night_elf
patterned_legwear,0,341,
perseus_(unfamiliar_duties)_(azur_lane),4,341,perseus_(nursery_service_time)_(azur_lane)
queen's_blade_grimoire,3,341,
riku_(rikkuru),1,341,riku_(pixiv)
sasa_onigiri,1,341,
senbon-zakura_(vocaloid),3,341,
shiina_noriko,4,341,
shugao,1,341,
tennouboshi_uzume,4,341,
tetsujin_momoko,1,341,
tomoshibi_hidekazu,1,341,
usatarou,1,341,
yellow_tail,0,341,
yokoshima_(euphoria),1,341,
amane_ruri,1,340,
angel_girl_(shimmer),4,340,
ariverkao,1,340,
barbell,0,340,
blue_male_underwear,0,340,blue_underwear_(male)
crisis_core_final_fantasy_vii,3,340,
flower_necklace,0,340,
grim_aloe,4,340,
hatsuzuki_527,1,340,
ikeda_kazumi,1,340,
inflatable_dolphin,0,340,inflatabledolphin
irelia,4,340,
leopard_boy,0,340,
mashiro_(rikuya),1,340,
midnight_(banyex),1,340,midnight_(artist)
mochizuki_ryouji,4,340,mochizuki_ryoji
noah_(tettsui-sole),1,340,"pian,noaharbre"
ocarina,0,340,
owari_akane,4,340,
persona_dancing,3,340,
ranpha_franboise,4,340,
red_camisole,0,340,
slug,0,340,
takakura_shouma,4,340,
train_station_platform,0,340,
tuna,0,340,
volkner_(pokemon),4,340,"denji_(pokemon),denzi_(pokemon)"
warlock_(ragnarok_online),4,340,
white_corset,0,340,
yu_mei-ren_(first_ascension)_(fate),4,340,
zafira,4,340,zafila
arikawa_satoru,1,339,
barcode_scanner,0,339,
body_pillow,0,339,
broly_(dragon_ball_z),4,339,broly
clueless,0,339,"unaware,oblivious"
coyote_(kemono_friends),4,339,
crotch_kick,0,339,groin_kick
darkrai,4,339,
dreepy,4,339,
ephraim_(fire_emblem),4,339,
fengmo,1,339,
fjorm_(fire_emblem),4,339,fjorm_(fire_emblem_heroes)
garland_(decoration),0,339,
gununu,0,339,
hinase_(cookie),4,339,
ishida_akira,1,339,
karin_(p&d),4,339,
kuro_no_kiseki,3,339,
luxray,4,339,
mameshiba,1,339,
miyai_sen,1,339,miyai_max
mizuki_(arknights),4,339,
muffin_(sirumeria),1,339,sirumeria
nishiuri,1,339,
oberon_(third_ascension)_(fate),4,339,
pac-man_eyes,0,339,pacman_eyes
pako_(pakosun),1,339,pako
prinz_heinrich_(azur_lane),4,339,
school_of_fish,0,339,
short_braid,0,339,
societte_(granblue_fantasy),4,339,socie_(granblue_fantasy)
symmetra_(overwatch),4,339,satya_vaswani
takorice,1,339,
thompson_submachine_gun,0,339,tommy_gun
ugoira_conversion,5,339,
vertical_comic,0,339,
weidashming,1,339,
andou_mahoro,4,338,
angel_mort,0,338,
apt,1,338,
aqua_skin,0,338,
arceus,4,338,
cross_(crossryou),1,338,
cum_bubble,0,338,
dorsiflexion,0,338,toe-point_up
draenei,0,338,
ebido,1,338,
fruit_tree,0,338,
hand_on_another's_penis,0,338,
harbor,0,338,harbour
hinatsuki_mikan,4,338,
ikurauni,1,338,
kamata_yuuya,1,338,
kamille_bidan,4,338,camille_bidan
kanekiyo_miwa,1,338,
kurusugawa_ayaka,4,338,
lee-enfield_(girls'_frontline),4,338,"lee_enfield_(girls'_frontline),lee-enfield_(girls_frontline)"
locomotive,0,338,
michelle_(bang_dream!),4,338,
mikasa_(azur_lane),4,338,
mine_fujiko,4,338,
nontraditional_school_swimsuit,0,338,
plackart,0,338,
sakura_empire_(emblem),0,338,
shake-o,1,338,
shirogane_miyuki,4,338,
sou_(soutennkouchi),1,338,
submission_hold,0,338,
super_saiyan_blue,0,338,super_saiyan_god_super_saiyan
tome_of_the_night_sky,4,338,"buch_der_nachthimmel,buch_der_dunkelheit,yaten_no_sho,book_of_the_night_sky,book_of_darkness_(nanoha),yami_no_sho"
underwear_theft,0,338,"panty_thief,underwear_thief"
vice-versa_(skullgirls),4,338,
volo_(pokemon),4,338,
wattaro,1,338,
yamabuki_saaya,4,338,
yoon_cook,1,338,
adjusting_leotard,0,337,
akatsuki_hijiri,1,337,okatsukisei
bonnie_(pokemon),4,337,eureka_(pokemon)
butterfly_ornament,0,337,
charin,1,337,
chocolate_chip_cookie,0,337,
clarevoir,1,337,
coin_rand,1,337,rand_(artist)
diglett,4,337,
fbc,1,337,
florence_nightingale_(trick_or_treatment)_(fate)_(cosplay),0,337,
grumpy_nun_(diva),4,337,
haga_yui,1,337,
intertwined_tails,0,337,
knife_holster,0,337,
knights_of_the_round_uniform,0,337,
kos-mos_ver._4,4,337,
merry_nightmare,4,337,
mirror_image,0,337,
mitsudoue,1,337,
myrrh_(fire_emblem),4,337,myrrh
noren,0,337,
oyakodon_(sex),0,337,
piano_print,0,337,
polka_dot_pillow,0,337,
ralts,4,337,
silence_glaive,0,337,
st._michael's_school_uniform,0,337,
tidus,4,337,
tkgsize,1,337,
too_bad!_it_was_just_me!_(meme),0,337,too_bad!_it_was_just_me!
wobbuffet,4,337,sonans
aoki_ume,1,336,
arthropod_boy,0,336,"bugboy,bug_boy,insect_boy"
bad_instagram_id,5,336,
breast_contest,0,336,
core,0,336,slime_core
crown_removed,0,336,
foodgasm,0,336,
force-feeding,0,336,"force_feeding,forcefeeding"
franky,4,336,
fruit_hat_ornament,0,336,
grey_overalls,0,336,
hololive_fantasy,0,336,
incoming_drink,0,336,
kamia_(not_found),1,336,not_found_(artist)
kurumi_(touhou),4,336,
lord_of_vermilion,3,336,
market,0,336,marketplace
nameless_dagger_(fate),0,336,nameless_dagger
ozen,4,336,
pidgey,4,336,
sato_ame,1,336,
spongebob_squarepants,4,336,spongebob_squarepants_(character)
tristana,4,336,
unconnected_marketeers,3,336,
wing_brooch,0,336,
zenkou,1,336,
abbystea,1,335,"revolmxd,aconitea"
agarest_senki_(series),3,335,
arizuka_(catacombe),1,335,"arizuka00,arisawa_kuro"
ashe_(league_of_legends),4,335,
blue_tabard,0,335,
cleopatra_(fate),4,335,cleopatra_(fate/grand_order)
dark_precure,4,335,
ellen_(touhou),4,335,ellen
foaming_at_the_mouth,0,335,
hands_on_thighs,0,335,
hinagi_(fox_priest),1,335,"u_nagidon,hinachii"
juuban_middle_school_uniform,0,335,
kuragari,1,335,
kuro_(be_ok),1,335,minitesu
kurose_kousuke,1,335,"d=code,osusitan"
masha,1,335,
mayogii,1,335,
momo_(higanbana_and_girl),1,335,
negahami,1,335,
night_vision_device,0,335,night_vision_goggles
ogawa_shou,1,335,
on_box,0,335,
pikmin_(creature),0,335,
prolapse,0,335,
quiz_magic_academy_the_world_evolve,3,335,
satoupote,1,335,potesara
shoshinsha_mark,0,335,"new_driver_mark,wakaba_mark,beginner_driver_mark"
spiked_gauntlets,0,335,
swan,0,335,
take_it_home,0,335,
ushiromiya_eva,4,335,
vector_(girls'_frontline),4,335,vector_(girls_frontline)
yakisoba,0,335,
zoroark,4,335,
akai_sashimi,1,334,
c.c._lemon,3,334,
fujieda_uzuki,1,334,
gogeta,4,334,
hirato_(kancolle),4,334,hirato_(kantai_collection)
holding_fireworks,0,334,holding_sparkler
kikumaru_bunta,1,334,
koshigaya_komari,4,334,
leon_s._kennedy,4,334,leon_s_kennedy
memories_off,3,334,
mirin_chikuwa,1,334,
neck_biting,0,334,neck_bite
onigiri_print,0,334,
playing_card_theme,0,334,
red_mage,4,334,
shared_blanket,0,334,
shinx,4,334,
shirahane_nao,1,334,d_myo
shoe_locker,0,334,
shoulder_grab,0,334,
sorimura_youji,1,334,
stop_sign,0,334,
takanashi_souta,4,334,
uguisumaru,4,334,
against_fence,0,333,
alicia_(granblue_fantasy),4,333,
amedamacon,1,333,
animation_paper,0,333,
ask_(askzy),1,333,asukaziye
canister,0,333,
dengeki_g's,3,333,
florence_nightingale_(fate)_(cosplay),0,333,
fuyutsuki_(kancolle),4,333,
jonsun,1,333,
kamiya_maneki,1,333,maneki_kamiya
laura_matsuda,4,333,
leona_(league_of_legends),4,333,
material-s,4,333,
meeko,1,333,
morgan_(fire_emblem)_(female),4,333,
multiple_hands,0,333,
stone_mask_(jojo),0,333,
takagi_(tansuke),4,333,
yaomai,1,333,
yatai,0,333,
ali_baba_saluja,4,332,
ayase_fuuka,4,332,
bort,4,332,
chest_guard,0,332,
deva_battle_suit,0,332,
edward_teach_(fate),4,332,"blackbeard_(fate),edward_teach_(fate/grand_order)"
folks_(nabokof),1,332,atk
fur_choker,0,332,
gradient_skirt,0,332,
green_border,0,332,
ham_(points),1,332,ham_(artist)
ichininmae_no_lady,0,332,
isedaichi_ken,1,332,
kaigen_1025,1,332,
koshika_rina,1,332,
koyanskaya_(assassin)_(first_ascension)_(fate),4,332,
long_arms,0,332,
lumo_1121,1,332,"lumo_7777,homo_1121"
oda_nobunaga_(maou_avenger)_(fate),4,332,
paw_print_soles,0,332,
rina-chan_board,0,332,
shin'en_(gyokuro_company),1,332,
shirt_slip,0,332,
suspenders_gap,0,332,
the_witcher_3,3,332,
wakasa_yuuri,4,332,
aozaki_touko,4,331,
bandaged_wrist,0,331,
beowulf_(fate),4,331,beowulf_(fate/grand_order)
end_of_evangelion,3,331,
forced,0,331,
g'raha_tia,4,331,
hisae_(hisae_collect),1,331,kue
holding_dog,0,331,
ishimiso_(ishimura),1,331,"ishimura_(ishimura-ya),miso_(misosiruoisi)"
kamen_rider_den-o_(series),3,331,
kim_hyung_tae,1,331,hyung_tae_kim
kokona_(blue_archive),4,331,sunohara_kokona
kuwashima_rein,1,331,kuwajima_reon
mad_hatter_(alice_in_wonderland),4,331,"mad_hatter_(wonderland),mad_hatter"
no,0,331,
okayado,1,331,inui_takemaru
oshiki_hitoshi,1,331,
photobomb,0,331,
project_diva,3,331,
puzzle,0,331,
ryne,4,331,
saint-louis_(azur_lane),4,331,
satomi_(black_scarecrow),1,331,satomi
shinekalta,1,331,shineka
shiokonbu,1,331,
shiragiku_hotaru,4,331,
shirosuzu,1,331,
simoyuki,1,331,
sonsaku_hakufu,4,331,
suguri,3,331,suguri_(game)
sukeban,0,331,
terakoya,1,331,
the_owl_house,3,331,
ace_trainer_(pokemon),4,330,cool_trainer_(pokemon)
arched_soles,0,330,
berabou,1,330,
cromachina,1,330,
cutiefly,4,330,
diagonal-striped_bowtie,0,330,
egawa_satsuki,1,330,satsuki_(dorowa)
eiko_carol,4,330,
harukara_(7th_dragon),4,330,
ichiren_namiro,1,330,
ilya_(princess_connect!),4,330,
jean_(sea_breeze_dandelion)_(genshin_impact),4,330,
keyaki_chimaki,1,330,aki_chimaki
kiri_futoshi,1,330,
mimino_kurumi,4,330,
mouri_ran,4,330,
nakamura_hinato,1,330,
nakano_maru,1,330,imo_(evekelu-111)
penguin_logistics_logo,0,330,
print_sweater,0,330,
purple_cloak,0,330,
puzzle_piece,0,330,
queen,0,330,
red_blindfold,0,330,
sacred_heart,4,330,
san_diego_(azur_lane),4,330,
sariel_(touhou),4,330,sariel
shihou_(g-o-s),1,330,
starscream,4,330,
sukajan,0,330,souvenir_jacket
taimanin_asagi_kessen_arena,3,330,
tan_yang_(kancolle),4,330,"tan_yang_(kantai_collection),danyang_(kantai_collection)"
tiv,1,330,
tooo,1,330,
watarai_keiji,1,330,
winn,1,330,
yoisaki_kanade,4,330,
arashi_chisato,4,329,
basketball_hoop,0,329,
chups,1,329,
coffee_maker_(object),0,329,
girls_und_panzer_ribbon_no_musha,3,329,girls_und_panzer_ribbon_warrior
holding_menu,0,329,
inflatable_orca,0,329,
kentaurosu,1,329,
kvlen,1,329,
lightning_bolt_hair_ornament,0,329,
minami_koyogi,1,329,minamike1991
ole_tower,3,329,ore_tower
oosaki_shin'ya,1,329,oosaki_shinya
panties_around_one_ankle,0,329,
pastry_box,0,329,"donut_box,doughnut_box,cake_box"
pitchfork,0,329,
plate_carrier,0,329,
rin-sin,1,329,
so-bin,1,329,
suien,1,329,
suou-sensei,1,329,"xannybrush,colorless_(shachiwhitebb),shachiwhitebb,clever_heel,eto_(nistavilo2)"
adachi_sakura,4,328,
amagiri_(kancolle),4,328,amagiri_(kantai_collection)
arm_pillow,0,328,
champagne_bottle,0,328,
chihaya_(clothing),0,328,
extra_penises,0,328,multi_cock
fiora_(xenoblade),4,328,fiorung_(xenoblade)
gouenji_shuuya,4,328,axel_blaze
hyakko,3,328,
ishtar_(fire_emblem),4,328,
liduke,1,328,
orange-framed_eyewear,0,328,
puchiman,1,328,
ram_hachimin,1,328,
rejean_dubois,1,328,lejean
satomura_kyou,1,328,"marionette_panzerjager,panzerjager_marionette"
splashbrush,1,328,
steve_rogers,4,328,
sydus,1,328,
tabata_hisayuki,1,328,
throwing_needles,0,328,
tsukikage_oyama,1,328,gacchahero
wangchuan_de_quanyan,1,328,
yomosaka,1,328,kdwr43
yoruny,1,328,
youko-shima,1,328,
bakkanki,1,327,
beige_dress,0,327,
carnival_phantasm,3,327,
catnnn,1,327,"cat_(yidsv),tming"
creature_on_shoulder,0,327,
fainting,0,327,
food_fantasy,3,327,"gourmet_kizuna,tasty_saga"
futami_eriko,4,327,
goshiki_agiri,4,327,
hiraga_saito,4,327,
isayama_yomi,4,327,
island_(kossori),1,327,airando
kagemusha,1,327,
kokomine_cocona,4,327,
kurusugawa_himeko,4,327,
kyougoku_touya,1,327,
limgae,1,327,
maeshima_shigeki,1,327,shigeki_maeshima
marui_hitoha,4,327,
miru_tights,3,327,
munakata_atsumi,4,327,
nishiide_kengorou,1,327,garakuta
ootomo_takuji,1,327,
particle_cannon_case,0,327,
red_sarong,0,327,
regular_mow,1,327,
rustle,1,327,
standing_on_object,0,327,
tales_of_arise,3,327,
toothbrush_in_mouth,0,327,
tsubobot,1,327,memosan
usami_ichika,4,327,
wall_lamp,0,327,
watanore,1,327,
wiggling_toes,0,327,
x-ray_vision,0,327,
yen,0,327,
amaha_masane,4,326,
bad_hentai-foundry_id,5,326,
cow_hat,0,326,
doremi,1,326,
eyjafjalla_(summer_flowers)_(arknights),4,326,
fae_(fire_emblem),4,326,fa
foreskin_pull,0,326,foreskin_retraction
guile,4,326,
hyanna-natsu,1,326,
kitakami_kai_ni_(kancolle),4,326,
matsumi_kuro,4,326,
multicolored_coat,0,326,
mysterious_heroine_x_alter_(second_ascension)_(fate),4,326,
north_carolina_(azur_lane),4,326,
pillory,0,326,
source_mismatch,5,326,
training,0,326,
ulrich_von_hutten_(azur_lane),4,326,
undine_(guilty_gear),4,326,
uyama_hajime,1,326,"hajime_null,hajime_(dinton)"
walther_wa_2000,0,326,"walther_wa-2000,wa2000,wa-2000"
aliza_(granblue_fantasy),4,325,aleeza_(granblue_fantasy)
an_yasuri,1,325,"an_yond,higandgk"
arm_armor,0,325,
blood+,3,325,blood_plus
byulzzi,1,325,byulzzimon
carnelian_(arknights),4,325,
cloud_hair_ornament,0,325,
feet_on_table,0,325,feet_on_desk
flonne_(fallen_angel),4,325,
hanazono_tae,4,325,
hand_grip,0,325,
hermione_granger,4,325,
inoue_takuya_(tactactak),1,325,hinot
jelly_bean,0,325,"jellybean,jellybeans,jelly_beans"
kamen_rider_ryuki_(series),3,325,
karochii,1,325,
kawai_makoto,1,325,kawai_(nrksrk)
kinako_(shiratama_mochi),1,325,shiratama_akane
kodomo_no_hi,0,325,
less_end,1,325,
mashiroiro_symphony,3,325,
millie_parfait,4,325,
miyazono_kawori,4,325,miyazono_kaori
pinta_(ayashii_bochi),1,325,p!nta
shima-shuu,1,325,
shiro_(no_game_no_life),4,325,
shunsuke,1,325,
sign_around_neck,0,325,
single_tear,0,325,
sniper_scope,0,325,
stone_walkway,0,325,stone_path
ursula_hartmann,4,325,
venom_(marvel),4,325,
water_slide,0,325,
yokota_mamoru,1,325,
well,0,325,
abigail_williams_(festival_outfit)_(fate),4,324,
air_mattress,0,324,
aoba_(smartbeat),1,324,
bauble,0,324,
checkered_haori,0,324,
chomoran,1,324,shockgyutantei
cyno_(genshin_impact),4,324,
daito,1,324,
darry_adai,4,324,
dearmybrothers,1,324,
flight_attendant,0,324,air_hostess
fujimaru_ritsuka_(female)_(brilliant_summer),4,324,
geppewi,1,324,sinker_(pixiv)
hao_(patinnko),1,324,
head_hug,0,324,hugging_another's_head
holding_feather,0,324,
jahy,4,324,
kanokon,3,324,
mikagami_mamizu,1,324,
on_water,0,324,
pink_butterfly,0,324,
pointing_down,0,324,
pokemon_bdsp,3,324,
prince_of_lorasia,4,324,
prism_project,3,324,
rakudai_ninja_rantarou,3,324,"nintama_rantaro,nintama,nintama_rantarou"
rotated,5,324,
sheikah_slate,0,324,
sitting_on_railing,0,324,
starry_moon,0,324,
sword_art_online:_alicization_-_war_of_underworld,3,324,sword_art_online_alicization_-_war_of_underworld
tongue_grab,0,324,
translucent_bunnysuit,0,324,
yu_mei-ren_(swimsuit_lancer)_(fate),4,324,"yu_mei-ren_(swimsuit_lancer),yu_miaoyi_(swimsuit_lancer),consort_yu_(swimsuit_lancer)"
yumenosaki_school_uniform,0,324,
aerial_battle,0,323,
applekun,1,323,
bouncing,0,323,bounce
caulifla,4,323,
christmas_wreath,0,323,
crosshair_pupils,0,323,
d-rex,1,323,
daye_bie_qia_lian,1,323,
edytha_rossmann,4,323,
fox_mccloud,4,323,
grenade_pin,0,323,
hita_(hitapita),1,323,
houkago_play,3,323,
jan_azure,1,323,
kaminari_denki,4,323,chargebolt_(boku_no_hero_academia)
kamioka_shun'ya,1,323,
koissa,1,323,
kujou_hikari,4,323,
kureha_mitsushige,1,323,
kuroda_bb,1,323,bb-san
linked_collar,0,323,
magion02,1,323,
mata_(matasoup),1,323,
myoudou_gakuen_middle_school_uniform,0,323,
nakadori_(movgnsk),1,323,
nanami_touko,4,323,
orange_sclera,0,323,
oukawa_yuu,1,323,
pegasus_wings,0,323,
pegging,0,323,
phone_booth,0,323,"telephone_booth,phonebooth"
sasaki_akira_(ugc),1,323,
spain_(hetalia),4,323,antonio_fernandez_carriedo
spicy_moo,1,323,
standing_cunnilingus,0,323,
wireless,0,323,
yukimoto_shuuji_(gurigura),1,323,
abbreviated_karakusa,0,322,
akechi_gorou,4,322,
amami_amayu,1,322,amayu
boombox,0,322,
cinderella_bust,0,322,
clam,0,322,clams
expressive_tail,0,322,
fujiwara_no_mokou_(young),4,322,fujiwara_no_mokou_(mortal)
goe_(g-o-e),1,322,
hat_pin,0,322,
jizou,0,322,
kagamine_len_(append),4,322,len_append
kazama_souta,4,322,kazama_(shiromanta)
kirisame_mia,1,322,
larcei_(fire_emblem),4,322,lakche_(fire_emblem)
last_period,3,322,
library_of_ruina,3,322,
mercury_(element),0,322,
prank,0,322,
mori_yuki,4,322,nova_forrester
nanase_miori,1,322,
nargacuga_(armor),0,322,
oyaji-sou,1,322,oyaji_kusa
rossiu_adai,4,322,
sharp_sign,0,322,
shiodome_miuna,4,322,
star_censor,0,322,
takahashi_tetsuya,1,322,
takeya_yuki,4,322,
taki_(soulcalibur),4,322,
akiha_rumiho,4,321,"faris_nyannyan,faris_nyanyan"
anya's_heh_face_(meme),0,321,
breath_of_fire_iii,3,321,bof3
dragonair,4,321,
fengxi_(the_legend_of_luoxiaohei),4,321,
fu_hua_(azure_empyrea),4,321,
greek_mythology,3,321,
hyakka_ryouran_samurai_girls,3,321,"hyakka_ryoran_samurai_girls,hyakka_ryouran,hyakka-ryouran,hyakka_ryoran,hyakka-ryoran"
kiyohime_(swimsuit_lancer)_(first_ascension)_(fate),4,321,
koromaru_(persona),4,321,
ling_xiaoyu,4,321,
mamemochi,1,321,
medicine,0,321,
mismagius,4,321,
miwano_rag,1,321,miwano_ragu
nanaken_nana,1,321,
pee_stain,0,321,
pinky_swear,0,321,pinky_promise
pon_de_ring,0,321,
racing_suit,0,321,
reiwa,0,321,
sakamoto_ryuuji,4,321,sakamoto_ryuji
shamir_nevrand,4,321,shamir_navrant
sheita,1,321,
stitched_leg,0,321,
takeda_aranobu,1,321,arano_takeshi
thai_commentary,5,321,
anza_tomo,1,320,
corsage,0,320,flower_in_breast_pocket
bunbunmaru,0,320,
buttercup_(ppg),4,320,
carrot_print,0,320,
chiba_toshirou,1,320,celluloid_acme
cooperative_handjob,0,320,multiple_handjob
gotou_keiji,1,320,"sahara_ako,keiji_gotoh"
hydreigon,4,320,
iridescent,0,320,
kagamine_rin_(append),4,320,rin_append
konpeitou,0,320,konpeito
kuroba_rapid,1,320,
lobotomy_corporation,3,320,
mauser_c96,0,320,
meiji_ken,1,320,mawiko
nekonyaa_(girls_und_panzer),4,320,"nekota_mai,nekonyaa"
nishida_megane,1,320,megane_man
on_crescent,0,320,
oxygen_mask,0,320,
red_riding_hood_(sinoalice),4,320,little_red_riding_hood_(sinoalice)
rio_rollins,4,320,rio_rollins_tachibana
shisei_(kyuushoku_banchou),1,320,shi_sei
side-tie_dress,0,320,
takemi_tae,4,320,
victorian_maid,0,320,
zaizen_tokiko,4,320,
between_labia,0,319,
cleaning_brush,0,319,
costume_chart,0,319,
dildo_under_clothes,0,319,
erkaz,1,319,
gundam_0080,3,319,
holding_drumsticks,0,319,
howl_(howl_no_ugoku_shiro),4,319,howl_pendragon
hugging_another's_tail,0,319,
kimeemaru,4,319,
kitiroku,1,319,kichiroku
kitsuneno_denpachi,1,319,
konoe_konoka,4,319,
late_for_school,0,319,
latin_text,0,319,latin
long_beard,0,319,
lynus,1,319,naoko_(9113419)
meme50,1,319,
minun,4,319,
mizin_kosutin,1,319,miiii
multiple_anal,0,319,
nina_(breath_of_fire_ii),4,319,nina_ii
ortlinde_(fate),4,319,ortlinde_(fate/grand_order)
prompto_argentum,4,319,
public_vibrator,0,319,
shot_glass,0,319,
tengu_(tetuo_kun),1,319,tetuo_kun
uneven_footwear,0,319,asymmetrical_footwear
yusha_m,1,319,yusha_(m-gata)
aladdin_(magi),4,318,
ankha_(animal_crossing),4,318,"nile_(doubutsu_no_mori),ankha"
asymmetrical_footwear,0,318,
barret_wallace,4,318,
boxing_ring,0,318,
bruised_eye,0,318,"black_eye_(injury),black_eye"
chikuwa,0,318,
deras,1,318,
dog_hood,0,318,
fingering_from_behind,0,318,
food_on_clothes,0,318,
furau,1,318,
galleon_(granblue_fantasy),4,318,
h-new,1,318,
hijiki_(hijikini),1,318,
incase,1,318,
iwasaki_takashi,1,318,
kagura_(azumanga_daioh),4,318,kagura_(azumanga_daiou)
keroro,4,318,
kinfuji,1,318,
knuckles_the_echidna,4,318,
laser_sight,0,318,
long_hoodie,0,318,hoodie_dress
missing_eye,0,318,
monobeno,3,318,
neco,1,318,
nihongami,0,318,
ooshio_kai_ni_(kancolle),4,318,
orushibu,1,318,
ostrich,0,318,
poker_table,0,318,
pony,0,318,
sparkle_hair_ornament,0,318,
stuffed_sheep,0,318,
takano_yuki_(allegro_mistic),1,318,
tales_of_destiny_2,3,318,
tsuki_tokage,1,318,
umino_mokuzu_(shizumisou),1,318,
vertical-striped_jacket,0,318,
yoichi_(umagoya),1,318,moi1416
alternate_color_school_swimsuit,0,317,
aogisa,1,317,"m75255831,gsgisooo"
arcie_albano,1,317,arciealbano
balance_scale,0,317,balance_scales
chiester410,4,317,siesta410
cyicheng,1,317,
dearonnus,1,317,
dolls_in_pseudo_paradise,3,317,
dr_pepper,0,317,dr._pepper
dragunov_svd,0,317,
hai_ookami,1,317,
kasai_shin,1,317,kokoro_(artist)
kazusa_(blue_archive),4,317,kyouyama_kazusa
kousetsu_samonji,4,317,
lazyprocrastinator,1,317,
leia_rolando,4,317,leia_roland
matsurika_youko,1,317,"ysk0515,matsurikay"
metal_gear_solid_4,3,317,
mister_donut,3,317,
sage_joh,1,317,joe_sage
saiyan,0,317,
shamisen,0,317,shamisen_(instrument)
starry_sky_bright_(idolmaster),0,317,starry_sky_bright
tokiame,1,317,
typing,0,317,
zerocat,1,317,painteen
zhu_xian,3,317,
alolan_raichu,4,316,
ayakumo,1,316,
c_(control),3,316,"control:_the_money_of_soul_and_possibility,c_the_money_of_soul_and_possibility_control,c:_the_money_of_soul_and_possibility"
carnation,0,316,
chounorin,1,316,chonorin
dishes,0,316,
evil_eyes,0,316,
feena_(grandia),4,316,
fluttershy,4,316,
fujimoto_rina,4,316,
gatau,1,316,
godsworn_alexiel,4,316,"alexiel_(granblue_fantasy),godguard_brodia"
hisau_maiya,4,316,
hoshinoumi_academy_uniform,0,316,
icehotmilktea,1,316,
knot,0,316,
kurokami_fubuki,4,316,
kuroko_tetsuya,4,316,
lace-trimmed_choker,0,316,
langrisser,3,316,
lass_(pokemon),4,316,unnamed_girl_(pokemon_swsh)
maitetsu,3,316,
mitsunara,1,316,
monoko,4,316,
originium_(arknights),0,316,
pinstripe_vest,0,316,
rudoni,1,316,kind_of_blue
sakura_ani,1,316,
sniper_(ragnarok_online),4,316,
the_little_mermaid,3,316,
try_(lsc),1,316,try
avalon_(fate/stay_night),0,315,
bear_paws,0,315,
bob_(biyonbiyon),1,315,bob_(pixiv91521)
bullet_(blazblue),4,315,
dise,1,315,
duoyuanjun,1,315,
eagle_union_(emblem),0,315,
emily_stewart,4,315,
finnish_text,0,315,finnish
flamingo,0,315,
flower_on_liquid,0,315,
food_as_clothes,0,315,
fujishiro_emyu,1,315,emyu
giovanni_(pokemon),4,315,sakaki_(pokemon)
goomba,4,315,
in_bottle,0,315,girl_in_a_bottle
indianapolis_(azur_lane),4,315,
moe_(hamhamham),1,315,
okonogi_yuuko,4,315,yasako
pidgeot,4,315,
pink_sarong,0,315,
single_bridal_gauntlet,0,315,bridal_gauntlet
team_galactic,0,315,
twin_(tt_lsh),1,315,electriccross
vivi_ornitier,4,315,
weavile,4,315,
white_leggings,0,315,
ace_of_diamond,3,314,
blood_drip,0,314,dripping_blood
boyaking,1,314,
brief_(psg),4,314,
byte_(allbyte),1,314,
camouflage_skirt,0,314,
chaika_trabant,4,314,
crypton_future_media,3,314,
flood,0,314,
gensokyo,0,314,gensoukyou
gin_(ginshari),1,314,
haruhara_haruko,4,314,
haruhata_mutsuki,1,314,
hector_(fire_emblem),4,314,
interstellar,1,314,
kama_(second_ascension)_(fate),4,314,
kamu_(geeenius),1,314,
koruse,1,314,
kourindou,0,314,
off-shoulder_one-piece_swimsuit,0,314,off-shoulder_swimsuit
peplos,0,314,
rasahan,1,314,
red_panda_ears,0,314,
ring_necklace,0,314,
salt_shaker,0,314,
sanshita,1,314,
shoulder_strap,0,314,
silvervale,4,314,
table_tennis,0,314,"ping-pong,ping_pong"
tanaka_mako,4,314,
tiamat_(fate),4,314,tiamat_(fate/grand_order)
torn_bra,0,314,
trusty_bell,3,314,eternal_sonata
uni_(plastic_girl),1,314,uni
washington_(kancolle),4,314,washington_(kantai_collection)
white_devil,0,314,
xia_(ryugo),1,314,
yaruku,1,314,
after_war_gundam_x,3,313,kidou_shinseiki_gundam_x
ashelia_b'nargin_dalmasca,4,313,
backwards_virgin_killer_sweater,0,313,
contortion,0,313,
daitai_konna_kanji,1,313,ryuhey
dangomushi,1,313,
decora,0,313,
ermes_costello,4,313,hermes_costello
flaming_skull,0,313,burning_skull
glove_in_mouth,0,313,
green_bandana,0,313,
hands_on_own_knees,0,313,hands_on_knees
hella_p,1,313,drogod
iwamoto_zerogo,1,313,iwamoto_james
kao_no_nai_tsuki,3,313,"no_surface_moon,moonlight_lady"
kihara_tsumugu,4,313,
lupinus_virtual_games,0,313,
machete,0,313,
milo_(pokemon),4,313,yarrow_(pokemon)
morinaga_miki,1,313,morinaga_(harumori)
nekometaru,1,313,hoyashi_rebirth
nelson_(azur_lane),4,313,
paladin_(final_fantasy),4,313,
peroro_(blue_archive),4,313,
potato_pot,1,313,
red_sun,0,313,
rough_time_school_(idolmaster),0,313,rough_time_school
suwa_yasai,1,313,
sweater_tucked_in,0,313,
tenchisouha,1,313,jenimaro
valkyrie_drive_-mermaid-,3,313,
wishiwashi,4,313,
akashiya_moka,4,312,
akino_ell,1,312,noeru_(gt17854)
alolan_exeggutor,4,312,
black_tea,0,312,
chiri_(atlanta),1,312,
cordelia_(fire_emblem),4,312,tiamo
cross-laced_cutout,0,312,
dancer_(final_fantasy),4,312,
grandfather_and_grandson,0,312,
ground_shatter,0,312,
hiiringu,1,312,
hina_ningyou,0,312,hina_doll_set
ichigo_(cookie),4,312,
llenn_(sao),4,312,
male_swimwear_challenge,0,312,
munna,4,312,
nam_(valckiry),1,312,
pantyhose_removed,0,312,
revealing_layer,0,312,revealing_cutout
saria_(the_legend_of_zelda),4,312,
sila_(carpen),1,312,interitio
spirytus_tarou,1,312,
takatsuki_nato,1,312,getsuyou_bi
team_magma_uniform,0,312,
terupancake,1,312,teru_(renkyu)
tropical,0,312,
akazutsumi_momoko,4,311,akatsutsumi_momoko
akizora_momiji,1,311,kokutou_(kazuakifca)
ant,0,311,ants
balalaika_(black_lagoon),4,311,
humming,0,311,
clemont_(pokemon),4,311,citron_(pokemon)
crosier,0,311,priest_staff_(western)
daiba_nana,4,311,
fuchi_(nightmare),1,311,
ginga_eiyuu_densetsu,3,311,"logh,/logh,legend_of_the_galactic_heroes"
go_robots,1,311,
gold_saint,0,311,
gradient_horns,0,311,
hogtie,0,311,
holding_spatula,0,311,
holding_spring_onion,0,311,holding_leek
igarashi_kyouhei,1,311,
in_bag,0,311,loli_in_a_bag
kamen_rider_wizard_(series),3,311,
kawai_ritsu_(rits_meg),1,311,rits_(apud8788)
kintsuba_(shiranui_flare),4,311,
kohaku_(yua),4,311,
kyokucho,1,311,
lillly,1,311,
monado,0,311,
mousou_(mousou_temporary),1,311,"moso_(mousou_temporary),moso"
nymph_(sora_no_otoshimono),4,311,
onomeshin,1,311,freaks_(artist)
pig_tail,0,311,
piglet,0,311,
pumpkinspicelatte,1,311,
pyramid_head,4,311,
raikoart,1,311,
ribbon-trimmed_bikini,0,311,
rioka_(southern_blue_sky),1,311,
safi,1,311,
sirius_symboli_(umamusume),4,311,
squeezable_(artist),1,311,
summon_night_2,3,311,summonnight2
suzume_inui,1,311,
taneda_yuuta,1,311,seed_teitoku
urabi_(tomatohouse),1,311,
weedy_(arknights),4,311,
wrapped_up,0,311,
zonda_(solid_air),1,311,solid_air
alter_servant,0,310,
arakune,4,310,
bandai,3,310,
chocolate_syrup,0,310,
chougei_(kancolle),4,310,
cirilla_lin,1,310,cirilla
comiching,1,310,
cow_hood,0,310,
dejiko,4,310,di_gi_charat_(character)
driver_(kamen_rider),0,310,
gibson_les_paul,0,310,les_paul
grate,0,310,
hand_under_skirt,0,310,
henshin_pose,0,310,
hirai_yuzuki,1,310,yuzuki_(higurashi40)
japanese_tankery_league_(emblem),0,310,
just_as_planned_(meme),0,310,"just_according_to_keikaku,just_as_planned"
kuurunaitsu,1,310,
makina_nakajima,4,310,
nksk,1,310,
otonashi_haruna,4,310,celia_hills
roxanne_(pokemon),4,310,tsutsuji_(pokemon)
saeki_tatsuya,1,310,"mtomita,mtomita"
self_harm,0,310,
shimamura_hougetsu,4,310,
shoujo_to_ura_roji,3,310,
sinzan,1,310,
teemo,4,310,
the_yuudachi-like_creature,4,310,
victory_pose,0,310,
yellow_(among_us),4,310,
yu-gi-oh!_vrains,3,310,"yugioh_vrains,yuu-gi-ou_vrains"
akakage_red,1,309,red_(red-sight)
an-94,0,309,
asaga_aoi,1,309,
bili_girl_33,4,309,
bomhat,1,309,
condom_left_inside,0,309,
cross-laced_slit,0,309,
deviantart_logo,0,309,
fei_(maidoll),1,309,fei_(artist)
floating_head,0,309,
funny_valentine,4,309,
hand_focus,0,309,hands_focus
haori_io,1,309,haori_iori
hashi,1,309,
hippo_(hirople),1,309,
inuyama_nanami,1,309,
isse,1,309,
jikatarou,1,309,
kaede_(sayappa),1,309,kaede_yukael
kida_masaomi,4,309,
kitami_yuzu,4,309,
lace-trimmed_garter_belt,0,309,
marceline_abadeer,4,309,
meira_(touhou),4,309,meira
papyrus_(undertale),4,309,
protean_assassin_melona,4,309,
ramza_beoulve,4,309,
ranf,1,309,
ryuugamine_mikado,4,309,ryugamine_mikado
shikino_yuki,1,309,sikinoyukinnko
shinkon_santaku,0,309,"dinner_bath_or_me,bath_dinner_or_me,soretomo"
shiny_footwear,0,309,
shiranagi,1,309,
slippers_removed,0,309,
stuffed_lion,0,309,
subway,0,309,
symphogear_pendant,0,309,
take_(shokumu-taiman),1,309,
toque_blanche,0,309,
triad_primus_(idolmaster),0,309,triad_primus
u.a._gym_uniform,0,309,
valkyrie_(p&d),4,309,
wrist_cutting,0,309,cut_wrists
yadapot,1,309,
akamaru,1,308,suzuneko
alucard_(hellsing),4,308,
antarcticite,4,308,
ashley_graham,4,308,
autoarousal,0,308,
book_holster,0,308,
colo_(nagrolaz),1,308,
cutoff_jeans,0,308,
easy_chair,0,308,
falcon,0,308,
fire_emblem:_shadow_dragon,3,308,"fire_emblem:_shin_ankoku_ryuu_to_hikari_no_tsurugi,fire_emblem_shadow_dragon"
flying_nimbus,0,308,kintoun
framed_image,0,308,
fujii_masahiro,1,308,
girly_boy,0,308,
go_back!,0,308,
hand_on_own_crotch,0,308,
kagerou_kai_ni_(kancolle),4,308,
kamen_rider_gaim_(series),3,308,
kanmiya_shinobu,1,308,
kion-kun,1,308,
kira_tsubasa,4,308,
little_girl_admiral_(kancolle),4,308,little_girl_admiral_(kantai_collection)
luigi_torelli_(kancolle),4,308,luigi_torelli_(kantai_collection)
mashuu_masaki,1,308,masaki_(kogekorokke)
mihama_junior_high_school_uniform,0,308,
nakigitsune,4,308,
nanatsuiro_drops,3,308,
playstation_4,0,308,ps4
putting_on_jewelry,0,308,
sailboat,0,308,
sakura_mochi,0,308,sakuramochi
scrape,0,308,
shinguuji_sakura,4,308,
thunder_(girls'_frontline),4,308,thunder_(girls_frontline)
yuuta_(monochrome),1,308,sy0610
ankkoyom,1,307,
anyamal_tantei_kirumin_zoo,3,307,
arf,4,307,"alph_(nanoha),aruf,alph"
ben_10,3,307,
ezreal,4,307,
face_grab,0,307,
holding_creature,0,307,
hot_vr,1,307,
houjou_satoshi,4,307,
io_(granblue_fantasy),4,307,io_euclase
jiino,1,307,
kagachi_saku,1,307,
kindred_(league_of_legends),4,307,
knitting_needle,0,307,knitting_needles
leaning_on_table,0,307,
ninja_(final_fantasy),4,307,
nozomi_tsubame,1,307,kibou_tsubame
pikaole,1,307,
purple_robe,0,307,
rivalry,0,307,rivals
sakurato_ototo_shizuku,1,307,
senren_banka,3,307,
sesshouin_kiara_(swimsuit_mooncancer)_(second_ascension),4,307,
shingo_(missing_link),1,307,missing_link
sohin,1,307,
staff_of_homa_(genshin_impact),0,307,
unagi_(kobucha_blaster),1,307,
underground,0,307,
vilde_loh_hocen,1,307,
waterkuma,1,307,
yatsuhashi_kyouto,1,307,
banpai_akira,1,306,ban_akira
blue_male_swimwear,0,306,
captain_america_(series),3,306,
chestnut,0,306,chestnuts
comiket_94,3,306,
cyancapsule,1,306,
diane_(nanatsu_no_taizai),4,306,
hinata_shouyou,4,306,
housewife,0,306,house_wife
iron_blood_(emblem),0,306,
kagero_(fire_emblem),4,306,kagerou_(fire_emblem_if)
kiman,1,306,keyman
kittan_bachika,4,306,
mini_flag,0,306,
mutsu_(layergreen),1,306,
nanami_kento,4,306,
neck_flower,0,306,
necktie_between_pectorals,0,306,necktie_between_pecs
nian_(zhanian),1,306,nian
nigirizushi,0,306,
ouhara_lolong,1,306,
pac-man,4,306,pacman
putcher,1,306,putchers
quagsire,4,306,
rella,1,306,
rex_lapis_(genshin_impact),4,306,
running_bond,0,306,
sanari_(quarter_iceshop),1,306,tomoe_himuro
selphie_tilmitt,4,306,
shinguuji_korekiyo,4,306,
snake_earrings,0,306,
spiked_knuckles,0,306,
stirring,0,306,
sunna_(nilsunna),1,306,lipe-san
sword_art_online:_memory_defrag,3,306,
tickle_torture,0,306,
tsukushi_akihito,1,306,
tsurugi_hagane,1,306,"tataraba,hagane_tsurugi"
akisora,1,305,
aoi_ogata,1,305,
carbuncle_(puyopuyo),4,305,
changing_clothes,0,305,
fighting_game,0,305,
green_jumpsuit,0,305,
hand_on_ground,0,305,
hirose_(mokiki),1,305,
historical_event,0,305,
hook_hand,0,305,
ikaros,4,305,
kitashirakawa_anko,4,305,
kujira_naoto,1,305,
kurosaki_mea,4,305,
meitoro,1,305,
mikeran_(mikelan),1,305,ichigotofu
minato_tomoka,4,305,
nanahara_fuyuki,1,305,
narutomaki,0,305,naruto_(food)
painwheel_(skullgirls),4,305,
penelo,4,305,
portland_(azur_lane),4,305,
princess_bonnibel_bubblegum,4,305,"bonnibel_bubblegum,princess_bubblegum"
ratatatat74,1,305,mr._skull
ribbon-trimmed_gloves,0,305,
saitou_(lynx-shrike),1,305,
sanshuu_middle_school_uniform,0,305,
sayaka_(saru_getchu),4,305,
sekaiju_no_meikyuu_4,3,305,etrian_odyssey_iv
sherlock_holmes_(fate),4,305,sherlock_holmes_(fate/grand_order)
suzuki_kyoutarou,1,305,s_kyoutarou
swimsuit_lift,0,305,
takecha,1,305,
tako_(plastic_protein),1,305,
tales_of_legendia,3,305,
tang_sanzang,4,305,
tenjou_ryuka,1,305,
tentacle_grab,0,305,
underwear_writing,0,305,
wendy_marvell,4,305,
yohane_bonaventura,4,305,
yuni_(precure),4,305,
yuri_(dirty_pair),4,305,
animal_hair_ornament,0,304,
antonio_salieri_(fate),4,304,antonio_salieri_(fate/grand_order)
aubrey_(omori),4,304,
aurochs_(kemono_friends),4,304,
broken_mask,0,304,
coin_on_string,0,304,
fukuda_shuushi,1,304,
fuumi_(radial_engine),1,304,
haguro_kai_ni_(kancolle),4,304,
hanokage,1,304,
hemokinesis,0,304,"blood_manipulation,blood_magic"
horkeu_kamui,4,304,"kamui_(housamo),horkeu_kamui_(tokyo_houkago_summoners)"
kofunami_nana,1,304,
kyouno_madoka,4,304,
lolidom,0,304,
lord_of_heroes,3,304,
mitsugu,1,304,
ooi_kai_ni_(kancolle),4,304,
power_item_(touhou),0,304,
quad_braids,0,304,
saikin_yatotta_maid_ga_ayashii,3,304,the_maid_i_hired_recently_is_mysterious
seyren_windsor,4,304,
shameimaru_aya_(newsboy),4,304,shameimaru_aya_(crow_tengu_journalist)
shining_wind,3,304,
sino_(sionori),1,304,slaughter_z
spire,0,304,
strelizia,4,304,
testament_(guilty_gear),4,304,
tossing,0,304,toss
toyota,0,304,
turntable,0,304,
viola_(seed),1,304,"seed1yet,sumire_(pixiv142558)"
yoshino_(date_a_live),4,304,
akino_hamo,1,303,"hamo_(an-arc),hamo_(anarc)"
arbok,4,303,
arm_cutout,0,303,
asahina_hikage,1,303,akpngn_ha
batsu,1,303,batuact3
blue_nipples,0,303,
book_on_lap,0,303,
cure_magical,4,303,
devil_may_cry_4,3,303,
famicom,0,303,
hagino_kouta,1,303,
hand_on_railing,0,303,holding_railing
hazuki_ruu,1,303,
heian,0,303,
hippopotamus_ears,0,303,
hololive_alternative,3,303,
honzuki_no_gekokujou,3,303,ascendance_of_a_bookworm
hyena_ears,0,303,
kanda_mizuki,4,303,
kazami_mizuho,4,303,
keyring,0,303,
kirito_(sao-alo),4,303,
komatsuzaki_rui_(style),0,303,
krul_tepes,4,303,kururu_tepes
kusanagi_kyou,4,303,kusanagi_kyo
lady_(devil_may_cry),4,303,
lamb_(league_of_legends),4,303,
michihasu,1,303,
mixed-language_text,0,303,
natsu_dragneel,4,303,
ninjatou,0,303,
nuriko-kun,1,303,
saku_anna,1,303,
sculpture,0,303,
shoujo_donburi,1,303,qazokm840048
tan_(tangent),1,303,
teddy_(khanshin),1,303,
western_comics_(style),0,303,
wooden_spoon,0,303,
yamashiro_takane,4,303,
alchera,1,302,
aohashi_ame,1,302,amefre
asagami_fujino,4,302,
ataru_(ataru-littlebird),1,302,
badcompzero,1,302,
blood_elf_(warcraft),0,302,blood_elf
chihunhentai,1,302,
forte_stollen,4,302,
handa_roco,4,302,handa_roko
hymen,0,302,
kannazuki_hato,1,302,"winter_scenery_(circle),kannaduki_hato"
maccha_(mochancc),1,302,
meteor_shower,0,302,
mimikaki_(men_bow),1,302,
nakano_sora,1,302,
nejikyuu,1,302,
nobi_nobita,4,302,
ohishi_izumi,4,302,ooishi_izumi
ono_misao,1,302,
plum_(arch),1,302,arch_(artist)
rose_(street_fighter),4,302,
seikimatsu_occult_gakuin,3,302,occult_academy
take_shinobu,1,302,
toki_wo_kakeru_shoujo,3,302,"the_girl_who_leapt_through_time,/twks,tokikake,toki_o_kakeru_shoujo"
urushi,1,302,
animal_around_neck,0,301,
azumi_(girls_und_panzer),4,301,
beehive_hairdo,0,301,
cheelai,4,301,
comic_party,3,301,
cutie_honey,3,301,cutey_honey
dialga,4,301,
earth_eleven,0,301,
engine,0,301,
gaston18,1,301,
h&k_g11,0,301,g11
harusame_(rueken),1,301,rueken
henrietta_de_tristain,4,301,
hiramitsu_hinata,4,301,
holding_scepter,0,301,
izmir,4,301,
jaho,1,301,
kajiki_yumi,4,301,
kazuno_sarah,4,301,
kiana_kaslana_(herrscher_of_flamescion),4,301,
kyouno,1,301,
lunch_(dragon_ball),4,301,"launch_(dragon_ball),lunch_(dragonball)"
metera_(granblue_fantasy),4,301,
minami_yume,4,301,
misaki_akeno,4,301,
moonlight_flower,4,301,wolyafa
nose,0,301,
nekozuki_yuki,1,301,
nokuhashi,1,301,
papercraft_(medium),5,301,
penis_piercing,0,301,
randou,1,301,
santa_claus,4,301,father_christmas
shiden_(sashimi_no_wife),1,301,"shiden-raiden,shiden_(pixiv134033)"
smelling_flower,0,301,
spirit_blossom_(league_of_legends),0,301,
tail_fin,0,301,
tof,1,301,
urara_(ckt),1,301,
vanripper_(style),0,301,
akadako,1,300,
aleksandra_i._pokryshkin,4,300,aleksandra_i_pokryshkin
allenes,1,300,
ayasaka,1,300,
bondrewd,4,300,
breasts_on_tray,0,300,
bulleta,4,300,
casino_card_table,0,300,
clitoris_ring,0,300,
cross-laced_bikini,0,300,
dress_shoes,0,300,
dynamite,0,300,
ekao,1,300,
foot_on_head,0,300,
grey_male_underwear,0,300,grey_underwear_(male)
hazuki_(tsukuyomi),4,300,
kagura_gumi,3,300,kagura_mea_channel
keytar,0,300,
lego,0,300,
locket,0,300,
momohime,4,300,
morpeko_(hangry),4,300,
nagao_kagetora_(fate),4,300,
ninetales,4,300,
ninin_ga_shinobuden,3,300,"ninja_nonsense,shinobuden"
nonaka_ritsu,1,300,
onnaski,1,300,
ougi_hina,1,300,
oyu_udon,1,300,lain
paint_musume,1,300,youqiniang
penis_measuring,0,300,
polarityplus,1,300,polaritypus
sakura_hibiki,4,300,"sakura_hibiki_(dumbbell_nan_kilo_moteru?),sakura_hibiki_(danberu_nan_kiro_moteru?)"
shiosoda,1,300,
shiraishi_yoshitake,4,300,
snow_on_head,0,300,
souchou,4,300,kson_(1st_costume)
taiho_shichauzo,3,300,"you're_under_arrest_(manga),you're_under_arrest"
yae_miko_(fox),4,300,
yuihira_asu,1,300,
aketa_mikoto,4,299,
araki_hina,4,299,
chakabo,1,299,
dragapult,4,299,
dragon_kid,4,299,
ebisu_eika,4,299,
faputa,4,299,
green_armor,0,299,
hajin,1,299,
hakaba_(dairiseki),1,299,dairiseki
harihisa,1,299,
hiei_kai_ni_(kancolle),4,299,
honolulu_(umbrella_girl)_(azur_lane),4,299,honolulu_(parasol_girl)_(azur_lane)
hoshino_souichirou,1,299,"kuhou_souin,souin_kuhou"
kagamine_rin_(cosplay),0,299,
kama_(third_ascension)_(fate),4,299,
kei_(dirty_pair),4,299,
kirby_64,3,299,
kise_ryouta,4,299,
kitagawa_yuusuke,4,299,
lemon_print,0,299,
metal_gear_solid_3,3,299,
mitsurugi_meiya,4,299,
nakasone_haiji,1,299,
ochinsama,1,299,
ookuma_satomi,4,299,
shell_earrings,0,299,"seashell_earrings,seashell_earring"
shiro_(reptil),1,299,
sideroca_(arknights),4,299,
strike_witches:_katayoku_no_majo-tachi,3,299,
tatsunami_youtoku,1,299,youtoku_tatsunami
touhou_gouyoku_ibun,3,299,
a.i._voice,3,298,
akatsuki_uni,4,298,akatsuki_yuni
ambience_synesthesia,3,298,
aumann,1,298,kj15%
beige_coat,0,298,
black_lady,4,298,
black_veil,0,298,
captain_nemo_(fate),4,298,captain_nemo_(fate/grand_order)
estelle_bright,4,298,
gainaxtop,0,298,
glass_door,0,298,
glowing_mouth,0,298,
gokuhara_gonta,4,298,
green_ascot,0,298,green_jabot
holding_marker,0,298,
hotel_room,0,298,
hou_(hachiyou),1,298,beesama
ikeda_shouko,1,298,
koyama_hirokazu,1,298,
lowleg_pantyhose,0,298,low-rise_pantyhose
myusha,1,298,
nijino_yume,4,298,
ogami_tamaki,4,298,oogami_tamaki
one_(cevio),4,298,one_(vocaloid)
pokedex,0,298,
pullover,0,298,
purple_sarong,0,298,
rimuu,1,298,
ryoma_(fire_emblem),4,298,ryouma_(fire_emblem_if)
sasa_kichi,1,298,eno6_sub
shian_(my_lonly_life.),1,298,
shiitake_nabe_tsukami,1,298,
tama_(songe),1,298,
welding_mask,0,298,
yagokoro,4,298,
yamiochi_umekichi,1,298,kadokura_umekichi
advanced_nurturing_high_school_uniform,0,297,
alleyne_(queen's_blade),4,297,
asobi_ni_iku_yo!,3,297,"cat_planet_cuties,asobi_ni_ikuyo!,asobi_ni_ikuyo"
board_eraser,0,297,"chalkboard_eraser,classroom_eraser"
bukkuri,1,297,
bunny_slippers,0,297,
camping,0,297,
coffret_(heartcatch_precure!),4,297,
destroyer,0,297,
ebina_nana,4,297,
everlasting_summer,3,297,
faceoff,0,297,
fart,0,297,
feraligatr,4,297,
fishnet_sleeves,0,297,
guts_(kill_la_kill),4,297,
hakui_ami,1,297,tarou
iced_latte_with_breast_milk_(meme),0,297,
irony,0,297,
kasumi_(princess_connect!),4,297,kirihara_kasumi
katatsuka_kouji,1,297,
kawakaze_kai_ni_(kancolle),4,297,
kiana_kaslana_(white_comet),4,297,
luke_pearce_(tears_of_themis),4,297,
mazjojo,1,297,
misekai_555,1,297,
nakai_(waitress),0,297,
nejikirio,1,297,angeltype
nez-box,1,297,nez-kun
oil_lamp,0,297,magic_lamp
orange_horns,0,297,
sameda_koban,1,297,
sandstar,0,297,
sekiro,4,297,
sentai,0,297,
skeletal_arm,0,297,skeletal_arms
southern_italy_(hetalia),4,297,lovino_vargas
spool,0,297,
terraria,3,297,
washbowl,0,297,
yamakawa,1,297,
alison_(alison_airlines),1,296,alison_(alison_air_lines)
alternate_footwear,0,296,
araido_kagiri,1,296,
asterisk_kome,1,296,kome
battery,0,296,batteries
bell_(oppore_coppore),1,296,
beudelb,1,296,
bluefield,1,296,
bunk_bed,0,296,
chiaki_rakutarou,1,296,ibasabi_ary
cirenk,1,296,
cocktail_umbrella,0,296,drink_umbrella
cube85,1,296,
emori_miku,4,296,
facebook_logo,0,296,
fal_(girls'_frontline),4,296,fal_(girls_frontline)
franziska_von_karma,4,296,karuma_mei
galaxy,0,296,galaxies
giraffe_print,0,296,
glasses_nun_(diva),4,296,
greek_text,0,296,greek
himeno_(chainsaw_man),4,296,
hinami_(hinatamizu),1,296,
hyurasan,1,296,
kiddy_grade,3,296,kiddygrade
minosu,1,296,
moetan,3,296,
naoki_miki,4,296,
nelliel_tu_odelschwanck,4,296,"nelliel,nel_tu,neliel_tu_oderschvank"
ouran_high_school_host_club,3,296,
padded_coat,0,296,
paopao,1,296,
rachel_gardner,4,296,ray_(angels_of_death)
reina_prowler,4,296,
rotix,1,296,
rumi_(girls_und_panzer),4,296,
spoken_expression,0,296,spoken_emoticon
terminator_(series),3,296,
urbosa,4,296,
vibrator_in_thigh_strap,0,296,
willard_h._wright,4,296,willard_h_wright
yukineko1018,1,296,
zetsumame,1,296,
bear_paw_hammer,0,295,
bili_girl_22,4,295,
bisharp,4,295,
crocodile_(one_piece),4,295,sir_crocodile
fudou_akio,4,295,
gift_wrapping,0,295,
gishu,1,295,
grappler_baki,3,295,baki_the_grappler
hati105,1,295,"hachi105,rinnrinn"
holding_bone,0,295,
ishihara_masumi,1,295,
izumi_mahiru,1,295,
kanamori_sayaka,4,295,
kitano_(kitanosnowwhite),1,295,
koala,0,295,
kotona_elegance,4,295,
lizardman,0,295,
marie_antoinette_(swimsuit_caster)_(fate),4,295,
meiya_neon,1,295,
menat,4,295,
murabito_c,1,295,
nidalee,4,295,
nora_wanko,1,295,"suwanko_nora,norainu_(101)"
penis_on_pussy,0,295,
provence_(arknights),4,295,
saitou_ena,4,295,
sakurai_energy,1,295,
scientist,0,295,
seo_jaiil,1,295,seo_jae_il
shundou_heishirou,1,295,
striped_pajamas,0,295,
tsareena,4,295,
tsunetsuki_matoi,4,295,
wakamo_(swimsuit)_(blue_archive),4,295,kosaka_wakamo_(swimsuit)
white_bandana,0,295,
yoshito,1,295,
zinno,1,295,
zouni_soup,0,295,"ozoni_soup,zoni_soup"
acronym,0,294,
asami_sato,4,294,
cat_panties,0,294,
chloe_(pokemon),4,294,sakuragi_koharu
clothed_bath,0,294,"showering_with_clothes_on,bathing_with_clothes_on,clothed_shower"
crimson_viper,4,294,
final_fantasy_i,3,294,"ffi,/ff1,ff1"
firefighter,0,294,fireman
gakuen_utopia_manabi_straight!,3,294,"gakuen_utopia_manabi_straight,manabi_straight!,manabi_straight"
jam,0,294,
hanomido,1,294,
kanola_u,1,294,
kuromayu,1,294,
lloule,1,294,
lotosu,1,294,
matsumi_yuu,4,294,
metal_gloves,0,294,
mieharu,1,294,
nimura_yuuji,1,294,
ohitashi_netsurou,1,294,donabe0w0
pinecone,0,294,
right-to-left_comic,0,294,
scar_on_hand,0,294,
socks_over_pantyhose,0,294,
souya_(kancolle),4,294,
spread_armpit,0,294,armpit_spreading
takano_natsuki,1,294,
takeashiro,1,294,
titanfall_2,3,294,
tonami_yuma,4,294,
torn_kimono,0,294,"ripped_kimono,torn_yukata"
tsukamoto_minori,1,294,
tuxedo_de_cat,1,294,
usugumo_(kancolle),4,294,usugumo_(kantai_collection)
wainscoting,0,294,
yokune_ruko,4,294,
aijou_karen,4,293,
athrun_zala,4,293,
bicycle_helmet,0,293,
butterfly-shaped_pupils,0,293,
cedar_(artist),1,293,
cure_aqua,4,293,
fuyou_kaede,4,293,
gravity_falls,3,293,
heavenly_boat_maanna,0,293,
hiroyuki,1,293,
jigen_daisuke,4,293,
kukui_(pokemon),4,293,
large_buttons,0,293,
luminyu,1,293,
miki_sayaka_(cosplay),0,293,
mist_(fire_emblem),4,293,"mist_(radiant_dawn)_(fire_emblem),mist_(path_of_radiance)_(fire_emblem)"
naik,1,293,akihara_nakuru
nina_(breath_of_fire_v),4,293,nina_v
noeyebrow_(mauve),1,293,
palkia,4,293,
pincushion,0,293,
pizzasi,1,293,
pretty_rhythm_rainbow_live,3,293,
purin_jiisan,1,293,
satou_lilly,4,293,
seelie_(genshin_impact),4,293,
shirayuki_tomoe,4,293,
snowball_fight,0,293,
sogaya,1,293,
tenco's_story,3,293,
totatokeke,1,293,
tsukineko,1,293,
usatsuka_eiji,1,293,
veronica_(fire_emblem),4,293,
yune_(fire_emblem),4,293,
akanagi_youto,1,292,
akata_itsuki,1,292,agata_itsuki
akishima_kei,1,292,
alien_(movie),3,292,
anchor_ornament,0,292,
anzio_(emblem),0,292,
cinderella,3,292,
detonator,0,292,
futaba_aoi_(vividred_operation),4,292,
futaba_sana,4,292,
go-1,1,292,
hands_on_floor,0,292,
himura_moritaka,1,292,fire_maxs
hokuro_ryuuseigun,1,292,hokuroryuseigun
horokusa_(korai),1,292,
hyrule_warriors:_age_of_calamity,3,292,
jiffic,1,292,
kaguya_madoka,4,292,
kai-ri-sei_million_arthur,3,292,
kazami_karasu,1,292,
kirishima_kai_ni_(kancolle),4,292,
kuonji_alice,4,292,
lillithlauda,1,292,lilith_lauda
majima_gorou,4,292,
masterwork_apocalypse,3,292,shuumatsu_no_akasha
mirage_(apex_legends),4,292,
nerine,4,292,
nero_(devil_may_cry),4,292,nero_(dmc)
organs,0,292,
print_apron,0,292,
russian_clothes,0,292,
sawachika_eri,4,292,
selcky,1,292,
shin_megami_tensei_iii:_nocturne,3,292,"shin_megami_tensei:_lucifer's_call,shin_megami_tensei:_nocturne,shin_megami_tensei_nocturne"
shorts_under_shorts,0,292,
sledgehammer,0,292,
snow_halation,0,292,
stamp_mark,0,292,
super_sailor_chibi_moon,4,292,
swing_set,0,292,
tailjob,0,292,
tenugui,0,292,
titania_(sao),4,292,
ushiromiya_george,4,292,
vintage_microphone,0,292,
wallace_(pokemon),4,292,mikuri_(pokemon)
wringing_skirt,0,292,
american_football_uniform,0,291,
amonitto,1,291,
aoi_kujira,1,291,"aioi_aoi,yoshinaga_p"
aqua_lips,0,291,aqua_lipstick
chacha_(fate),4,291,chacha_(fate/grand_order)
chimame-tai,0,291,
chiton,0,291,
cicada,0,291,
deedlit,4,291,
evolution,0,291,
egg_yolk,0,291,yolk
emil_chronicle_online,3,291,
fukuroumori,1,291,
green_sky,0,291,
holding_skirt,0,291,
hoshina_tomoko,4,291,
kakao_(chocolate_land),1,291,kakao
kamen_rider_blade_(series),3,291,
kantaka,1,291,
karimei,1,291,
katsuobushi_(eba_games),1,291,
koishi_komeiji's_heart-throbbing_adventure,3,291,"komeiji_koishi's_heart_throbbing_adventure,komeiji_koishi_no_dokidoki_daibouken"
kotori_(takanashi_kiara),4,291,colonel_kernel_(takanashi_kiara)
mane,0,291,
puppet,0,291,puppets
nakkar,1,291,
okunoda_miyoi,4,291,
oogami_sakura,4,291,
ryo_(liver_sashi_daisuki!),1,291,
sakuma_jirou,4,291,david_samford
shooting_glasses,0,291,
signora_(genshin_impact),4,291,
snapping_fingers,0,291,clicking_fingers
sub-res,1,291,
thigh_belt,0,291,
tied_to_chair,0,291,
torn_bodystocking,0,291,
touhoku_itako,4,291,
vladilena_millize,4,291,
wall-eyed,0,291,
aegislash,4,290,
axent_wear,0,290,
candice_(pokemon),4,290,suzuna_(pokemon)
catfight,0,290,cat_fight
charging_forward,0,290,
chiester45,4,290,siesta45
clash,0,290,
demizu_posuka,1,290,
emma_(yakusoku_no_neverland),4,290,
fatal_frame_2,3,290,
food_between_breasts,0,290,
hot_air_balloon,0,290,
jaco,1,290,
kazabuki_poni,1,290,po_ni
kogatarou,1,290,
kuoh_academy_school_uniform,0,290,
mahou_shoujo_oriko_magica,3,290,"oriko_magica,puella_magi_oriko_magica,/msom"
maou_beluzel,4,290,
marida_cruz,4,290,marida_kruz
nekoshoko,1,290,
nest,0,290,
nishimura_eri,1,290,eri_(erimo)
ootori_emu,4,290,
retsumaru,1,290,
sail,0,290,
sala_mander,1,290,
science,0,290,
shrine_bell,0,290,
silent_hill_3,3,290,
suisogenshi,1,290,
thrud_(fate),4,290,thrud_(fate/grand_order)
tile_roof,0,290,
vermeil_(arknights),4,290,
waiting,0,290,
wetland,0,290,"marsh,swamp"
yuku_(kiollion),1,290,kiollion
anabuki_tomoko,4,289,
block,0,289,
brain_freeze,0,289,brainfreeze
chorefuji,1,289,
cilan_(pokemon),4,289,dent_(pokemon)
crazy_diamond,4,289,
creamer_(vessel),0,289,
felicia_(fire_emblem),4,289,felicia_(fire_emblem_if)
florina_(fire_emblem),4,289,
grey_horns,0,289,grey_horn
hajika,1,289,hajikaji
hatsune_miku_(nt),4,289,
hip_armor,0,289,
holding_suitcase,0,289,
horizontal_bar,0,289,chin-up_bar
ichikawa_masahiro,1,289,
kamizaki_risa,4,289,
kokuriu,1,289,kokuryuugan
liechtenstein_(hetalia),4,289,
lina_kontiola,4,289,
mahoujin_guruguru,3,289,magical_circle_guru_guru
marie_rose_(devilish_servant_against_the_splashing_waves),4,289,
multicolored_capelet,0,289,
nagumo_haruya,4,289,
nekoi_mie,1,289,
nyori,1,289,
orion_(orionproject),1,289,
otegine,4,289,
ppk_(girls'_frontline),4,289,ppk_(girls_frontline)
pui_pui_molcar,3,289,
rerrere,1,289,waterdog
samsung,3,289,samsung_electronics
sesield,1,289,
shadow_of_the_colossus,3,289,
sidonia_no_kishi,3,289,
studded_garter_belt,0,289,
undone_neckerchief,0,289,
vanilla_h,4,289,
yude,1,289,
banana_boat,0,288,
brook,4,288,
brown_mittens,0,288,
enosan,1,288,
exaxuxer,1,288,kuma_x
floating_fortress_(kancolle),4,288,floating_fortress_(kantai_collection)
furniture,0,288,
gibagiba,1,288,
glaucus_(arknights),4,288,
great_ball,0,288,super_ball
gyaruo,0,288,"gyaru-oh,charao,male_gyaru"
holding_bird,0,288,
knocking,0,288,
koohee,1,288,sibanoue
latex_boots,0,288,
lilith_(saikin_yatotta_maid_ga_ayashii),4,288,
maccha,1,288,
mc_axis,3,288,
meto31,1,288,
midori_foo,1,288,midori_fuu
mitsuki_yuuya,1,288,
moebell,1,288,moebell0
murakami_ryouga,1,288,
norizc,1,288,zicai_tang
oiran,0,288,
percival_(granblue_fantasy),4,288,
photokano,3,288,
push-ups,0,288,press-ups
ranma_(kamenrideroz),1,288,
riesbyfe_stridberg,4,288,
sailor_pluto,4,288,
scamp_(kancolle),4,288,
shaved_head,0,288,
soundwave_(transformers),4,288,soundwave
svd_(girls'_frontline),4,288,svd_(girls_frontline)
tokisaki_asaba,4,288,
ushiwakamaru_(swimsuit_assassin)_(fate),4,288,
winking_(animated),0,288,winking
xinzoruo,1,288,
assassin_(ragnarok_online),4,287,assassin_(ro)
bakuon!!,3,287,bakuon
brigitte_(overwatch),4,287,brigitte_lindholm
buster_shirt,0,287,
clair_(pokemon),4,287,ibuki_(pokemon)
cool_&_sexy_(idolmaster),0,287,cool_&_sexy(idolmaster)
corrupted_file,5,287,"corrupted_video,corrupted_image"
cutlass_(sword),0,287,
dorothy_(princess_principal),4,287,
eyebrows_visible_through_hat,0,287,
gears,0,287,"cogs,cog,gear"
green322,1,287,
grenade_hair_ornament,0,287,
hana_(pangya),4,287,
heavy_cruiser_princess,4,287,heavy_cruiser_hime
imai_kazunari,1,287,heart_gallery
jadenkaiba,1,287,
keiko_(mitakarawa),1,287,
listener_(inugami_korone),4,287,
mighty_no._9,3,287,
narynn,1,287,
nicoby,1,287,
nishino_flower_(umamusume),4,287,
no_headgear,0,287,
panties_in_mouth,0,287,
panties_on_penis,0,287,"pantyjob,panty_on_penis"
perepere-kun,1,287,
pixiv_logo,0,287,
reimu_endou,4,287,
sheffield_(kancolle),4,287,sheffield_(kantai_collection)
stormcow,1,287,
summer_wars,3,287,
takeyuu,1,287,
tenkubashi_tomoka,4,287,tenkuubashi_tomoka
tosa_(azur_lane),4,287,
tsuchiya_(girls_und_panzer),4,287,tsuchiya_muuton
umiroku,1,287,yukiroku
urotsuki,4,287,
wet_pantyhose,0,287,
yagami_(mukage),1,287,
yuzuki_roa,4,287,
balaclava,0,286,
blue-senpai,1,286,
bounsweet,4,286,
conch,0,286,
crobat,4,286,
despair,0,286,
dungeon_travelers_2,3,286,
eyes_in_shadow,0,286,
fu_hua_(phoenix),4,286,
girl_cafe_gun,3,286,
green_collar,0,286,
hakamada_hinata,4,286,
hataraku_saibou_black,3,286,cells_at_work!_code_black
head_steam,0,286,
hedge,0,286,hedge_(plant)
hey_taisyou,1,286,"hey_taishou,bakabakasii"
hikaru_no_go,3,286,hikago
holding_another's_head,0,286,
holding_ice_cream,0,286,
inu_sakuya_(nejikirio),4,286,inu_sakuya
jadf,1,286,nurgle777
kimono_removed,0,286,
kitayama_miuki,1,286,
koflif,1,286,
louise_(touhou),4,286,luize
macross_frontier:_itsuwari_no_utahime,3,286,"macross_frontier:_the_false_songstress,macross__frontier:_itsuwari_no_utahime,macross_frontier:_the_false_diva"
marugoshi_teppei,1,286,
menpoo,0,286,
mitake_eil,1,286,mitake_eiru
monarch_(azur_lane),4,286,
neck_grab,0,286,
nero_claudius_(bride)_(third_ascension)_(fate),4,286,
ninai,1,286,ninainaidesss
nyto_(girls'_frontline),4,286,
okumura_yukio,4,286,
ookami_ryouko,4,286,
osisio,1,286,oshishio
placard,0,286,
poco_(backboa),1,286,
pu-en,1,286,ramble
puffy_chest,0,286,
rattata,4,286,
seliph_(fire_emblem),4,286,celice_(fire_emblem)
spidu,1,286,ragathol
spiked_penis,0,286,"studded_penis,barbed_penis"
st._lucia_academy_school_uniform,0,286,
sword_print,0,286,
tenrai,1,286,
tokyo_tower,0,286,
traffic_mirror,0,286,
vivid_strike!,3,286,
wrist_flower,0,286,
xblaze_code:_embryo,3,286,
zarya_(overwatch),4,286,aleksandra_zaryanova
bowalia,1,285,bowa
chaki_(teasets),1,285,
cosmic_(crownclowncosmic),1,285,
cunnilingus_through_clothes,0,285,
curly_brace,4,285,
denki_showgun,1,285,"denki_shougun,denkishowgun"
dororo_(tezuka),3,285,blood_will_tell
elfen_lied,3,285,elfenlied
gacha-m,1,285,
gomzi,1,285,gcmzi
head_on_table,0,285,
inue_shinsuke,1,285,
jas,1,285,
ki_(kk-sk-ray),1,285,kk-sk-ray
minami_saki,1,285,
mitsumine_mashiro,4,285,
monkey_boy,0,285,
nagayoshi_subaru,4,285,
penthesilea_(fate),4,285,penthesilea_(fate/grand_order)
pink_feathers,0,285,
potg_(piotegu),1,285,
rejection,0,285,
savannah,0,285,
shield_print,0,285,
swirl,0,285,
taisho_(gumiyuki),1,285,
takamine_nadare,1,285,nadare-san_(nadare3nwm)
takatsuki_ichika,4,285,
thor_(marvel),4,285,
vest_over_shirt,0,285,
wet_face,0,285,
yae_sakura_(goushinnso_memento),4,285,sakura_(honkai_impact)
azure_striker_gunvolt,3,284,
bad_end_precure,0,284,
bola_(weapon),0,284,
chigasaki_yukari,1,284,
christian_louboutin_(brand),0,284,louboutin_(shoes)
cu_chulainn_(fate/prototype),4,284,
hagiya_masakage,1,284,fountain's_square
hazuki_nagisa,4,284,
hinoue_itaru,1,284,
iwatani_naofumi,4,284,
kamen_rider_kuuga,4,284,
kampfer,3,284,kämpfer
katagiri_hachigou,1,284,
kienbiu,1,284,
kounosu_satori,1,284,
makai_tenshi_djibril,3,284,makai_tenshi_jibril
masaki_sasami_jurai,4,284,sasami_masaki_jurai
miyako_(naotsugu),1,284,
mizuta_kenji,1,284,suidengetsu
mortarboard,0,284,"graduate_cap,graduation_cap"
ouendan,0,284,
peni_parker,4,284,
portal_1,3,284,
powerlesssong,1,284,
pumpkin,0,284,pumpkins
purple_headband,0,284,
putting_on_shoes,0,284,
rumble_roses,3,284,
sheep_nun_(diva),4,284,
swordsman_(ragnarok_online),4,284,
text_in_eyes,0,284,
tied_sleeves,0,284,
tsukigami_runa,1,284,runa_runa
utage_(summer_flowers)_(arknights),4,284,utage_(xia_hui)_(arknights)
warframe,3,284,
weather_report,4,284,
wing_ornament,0,284,
yutamaro,1,284,
abe_yoshitoshi,1,283,yoshitoshi_abe
adiane,4,283,
baking_sheet,0,283,"baking_tray,sheet_pan,cookie_sheet"
between_buttocks,0,283,
blue_gk,1,283,
bonnie_(rsg),1,283,
calcio,1,283,karucho
cannibalism,0,283,
captive_bead_ring,0,283,
captured,0,283,
chung_seiker,4,283,chung_(elsword)
courreges_ace,1,283,k.y_ko
cthulhu,4,283,
cure_mint,4,283,
dildo_under_panties,0,283,
elona,3,283,
gurren-lagann,4,283,
heart_eyepatch,0,283,
heart_hair_bun,0,283,
hori_masayuki,4,283,
ishikawa_luna,4,283,
joy_(pokemon),4,283,nurse_joy
julia_(fire_emblem),4,283,yuria_(fire_emblem)
kieyza,1,283,
kiss_day,0,283,
maruma_(maruma_gic),1,283,
megumiya,1,283,
melody_(projektmelody),4,283,
mizuhara_yuu,1,283,"rip@lip,rip@lip,homurado,mizuhara_yu"
monocle_chain,0,283,
multiple_hat_bows,0,283,
nora_valkyrie,4,283,
ohland,1,283,
paradeus,0,283,
pokemon:_twilight_wings,3,283,
resort_boin,3,283,
rune_factory_4,3,283,
smelling_penis,0,283,
ssambatea,1,283,idohj12
stealth_masturbation,0,283,hidden_masturbation
steampunk_(liarsoft),3,283,
stella_unibell,4,283,
tawawa_challenge,0,283,
the_emperor_(arknights),4,283,
the_saga_of_darren_shan,3,283,
vashperado,1,283,mike_nesbitt
vertical-striped_gloves,0,283,
virtual_on,3,283,
wasabi_(sekai),1,283,
white_jumpsuit,0,283,
akaneya,1,282,
artwhirl_mahou_gakuen_no_otome-tachi,3,282,
awakened_miki,4,282,hoshii_miki_(awakened)
censored_food,0,282,
cure_chocolat,4,282,
diary,0,282,
face_between_breasts,0,282,"face_in_breasts,motorboating"
floating_headgear,0,282,floating_hair_ornament
fujimoto_hideaki,1,282,
grandfather_clock,0,282,
grey_cat,0,282,
hatoyama_itsuru,1,282,catsizuru
houkago_teibou_nisshi,3,282,diary_of_our_days_at_the_breakwater
hyper_blossom,4,282,
injection,0,282,
kakine_teitoku,4,282,
koban_(gold),0,282,
meliodas,4,282,
milim_nava,4,282,
natsumi_akira,1,282,
naufaldreamer,1,282,
pokemon_on_arm,0,282,
red_bandeau,0,282,
repede_(tales),4,282,repede
santa_matsuri,1,282,santa_maria
shoulder_cape,0,282,
tenkuu_no_crystalia,3,282,
tsuruga_school_uniform,0,282,
van_gogh_(fate),4,282,
vento,1,282,
watao,1,282,oyu_(sijimisizimi)
witch_mercy,4,282,
wolfrun,4,282,
wooden_box,0,282,
yabuki_kana,4,282,
yagami_kou,4,282,
yuuki_akira,1,282,youki_aki
zone_of_the_enders,3,282,
aardwolf_(kemono_friends),4,281,
abua,1,281,
african_penguin_(kemono_friends),4,281,
amane_misa,4,281,
brave_girl_ravens,3,281,
bucket_on_head,0,281,
bumblebee_(transformers),4,281,bumblebee
busou_renkin,3,281,
c.c._lemon_(character),4,281,
chamupei,1,281,
chikuma_kai_ni_(kancolle),4,281,
citrus_(saburouta),3,281,
collagen,1,281,
crimvael,4,281,
crumpled_paper,0,281,
dark_orb_(madoka_magica),0,281,
dduck_kong,1,281,lee_seok_ho
dead_by_daylight,3,281,
diamond_clan_outfit,0,281,
doppelganger,0,281,
eye_print,0,281,
female_gunner_(dungeon_and_fighter),4,281,
glass_writing,0,281,window_writing
goose,0,281,
hanged,0,281,
hashimoto_nyaa,4,281,hashimoto_nyan
hirunagi,1,281,harzola
horibe_hiderou,1,281,horibe_hidero
hoshikuzu_witch_meruru,3,281,
jewelpet_twinkle,3,281,"jewelpet_tinkle,jewel_pet_tinkle"
kaenuco,1,281,
kousaka_china,4,281,
kuroda_akimi,1,281,
kuroda_kazuya,1,281,kazuya_kuroda
momomiya_ichigo,4,281,
mortal_kombat,3,281,
moyori,1,281,
nanakusa_nichika,4,281,
nome_(nnoommee),1,281,
oosuki_mamako,4,281,
purple_border,0,281,
red_shawl,0,281,
shin_strap,0,281,
shiratsuki_shiori,1,281,shiny_shinx
single-shoulder_dress,0,281,
splat_roller_(splatoon),0,281,
suenari_(peace),1,281,
text_censor,0,281,
togata_mirio,4,281,"lemillion_(boku_no_hero_academia),toogata_mirio"
vanripper,1,281,
zipper_dress,0,281,
allen_walker,4,280,
beelzebub_(umineko),4,280,
bloodhound_(apex_legends),4,280,
braces,0,280,
ceylon_(arknights),4,280,
chocolate,0,280,
cub,0,280,
distortion,0,280,
flower_bed,0,280,
fuji_kiseki_(umamusume),4,280,
gaap_(umineko),4,280,
hair_scarf,0,280,
hellandheaven,1,280,
hiroe_rei,1,280,tex-mex
holding_plant,0,280,
houzouin_oniwaka,4,280,"oniwaka_(housamo),oniwaka_(tokyo_houkago_summoners)"
huei_nazuki,1,280,huei_naduki
iwato_kasumi,4,280,
joker_(card),0,280,
kitazinger,1,280,
koffing,4,280,
large_ears,0,280,big_ears
layered_gloves,0,280,
loading_screen,0,280,
mameeekueya,1,280,
mogiki_hayami,1,280,
mystia_lorelei_(bird),4,280,
naitou_kouse,1,280,
oka_mochi,1,280,
prime,1,280,
prince_of_samantoria,4,280,
saitou_hajime_(fate),4,280,
smash_invitation,0,280,
sumisaki_yuzuna,1,280,
t_k_g,1,280,tkggagagasyu
tama_(tama-s),1,280,
tenki_no_ko,3,280,weathering_with_you
tsukioka_tsukiho,1,280,
tsurumi_chiriko,4,280,
vehicle_request,5,280,car_request
yellow_lips,0,280,yellow_lipstick
yusa_emi,4,280,
zundarepon,1,280,
adjusting_goggles,0,279,
aka_ringo,1,279,
akita_hika,1,279,akitahika44
azuki_azusa,4,279,
bailingxiao_jiu,1,279,
bucket_of_water,0,279,
buckler,0,279,
captain_(honkai_impact),4,279,
carriage,0,279,
creator_(ragnarok_online),4,279,biochemist_(ragnarok_online)
dying_message,0,279,
electro_emilia,4,279,
factory,0,279,
fiery_background,0,279,"flame_background,fire_background,burning_background,/firebg,/fierybg"
gisyo,1,279,
goribote,1,279,haribote_(tarao)
hayakawa_akari,1,279,
hisayuki_hirokazu,1,279,
holding_crossbow,0,279,
jason_voorhees,4,279,
k_(anime),3,279,
kamichu!,3,279,kamichu
kinnikuman,3,279,
kshimu,1,279,antyobi0720
kuromi,4,279,
long_scarf,0,279,
miltank,4,279,
mizushima_saki,4,279,
money_gesture,0,279,
nanami_haruka,4,279,
orenchi_no_meidosan,3,279,
paya_(zelda),4,279,
penny_polendina,4,279,
pinky_ring,0,279,
prince,0,279,
pururut,4,279,plutia
racer_(magnet),1,279,
rikumaru,1,279,
safety_glasses,0,279,shooting_glasses
scolipede,4,279,
shelf_bra,0,279,
shirayuki_mizore,4,279,
tamamon,1,279,
the_evil_within,3,279,
twumi,1,279,
u_yuz_xx,1,279,
vanguard_princess,3,279,
wonder_festival,3,279,
alternate_muscle_size,0,278,
amaryllis_gumi,3,278,"amaryllis_class,amaryllis"
beelzebub_(helltaker),4,278,
beige_pants,0,278,
black_sarong,0,278,
bust_measuring,0,278,breast_measuring
bwell,1,278,
color_drain,0,278,
destroyer_(girls'_frontline),4,278,destroyer_(girls_frontline)
g-spring_goddess_(ishiyumi),4,278,
grand_theft_auto,3,278,
hand_fan_writing,0,278,
hasshaku-sama,4,278,"hachishaku-sama,hachishakusama,ms._eight_feet_tall"
hitowa,1,278,
igawa_sakura,4,278,
kesoshirou,1,278,
kibanda_gohan,1,278,
kokutou_mikiya,4,278,
kurono_yuu,1,278,
leblanc_(league_of_legends),4,278,emilia_leblanc
matsumotoke,1,278,qavi
mega_man_x_dive,3,278,rockman_x_dive
mizoguchi_keiji,1,278,ntype
morimoto_kiyona,1,278,d_kurouri
mortar,0,278,
naked_belt,0,278,
nanase_meruchi,1,278,
nekono_rin,1,278,
pathfinder_(apex_legends),4,278,
ryuuzaki_umi,4,278,
striped_pillow,0,278,
test,0,278,
watanabe_yoshihiro,1,278,"moo_do_dan,tettechi,nabechi,ginpachi"
yomiko_readman,4,278,
allen_avadonia,4,277,
aoyama_sumika,4,277,
ballistic_shield,0,277,
blowing_smoke,0,277,
clown_nose,0,277,
ddal,1,277,
doomguy,4,277,
ears_down,0,277,
endou_okito,1,277,okito_endoh
groudon,4,277,
hecatia_lapislazuli_(earth),4,277,
hoshi_(snacherubi),1,277,
houston_(kancolle),4,277,houston_(kantai_collection)
inu_(marukome),1,277,marukome01
ka-class_submarine,4,277,
kaede_(yumesaki_kaede),1,277,kaede_(003591163)
kiryuu_moeka,4,277,
lipps_(idolmaster),0,277,
liru,4,277,
luca_kaneshiro,4,277,
luger_p08,0,277,
makimura_shunsuke,1,277,
nextoad,1,277,
nightstand,0,277,"bedside_table,night_table"
phantasy_star_portable_2,3,277,/pspo2
pina_korata,4,277,
pokemon_rgby_(prototype),3,277,
print_eyepatch,0,277,
sakamoto_mineji,1,277,
scarlet_ibis_(kemono_friends),4,277,
shishiou,4,277,
ski_goggles,0,277,snow_goggles
smeared_lipstick,0,277,
starfire,4,277,
taihou_(temptation_on_the_sea_breeze)_(azur_lane),4,277,
takishima_asaka,1,277,+legacy
too_many_sex_toys,0,277,
toriel,4,277,
tousen,1,277,
wicke_(pokemon),4,277,vicke_(pokemon)
adeleine,4,276,
araiguma-san,4,276,
blue_sports_bra,0,276,
cinque_(nanoha),4,276,
corsola,4,276,
emon-yu,1,276,maho_(boku_no_kao_wo_otabeyo)
fanning_crotch,0,276,
garlean,0,276,
gunner_(sekaiju),4,276,gunner
gym_challenge_uniform,0,276,
head_on_hand,0,276,
holding_rope,0,276,
janna_(league_of_legends),4,276,janna_windforce
kenuu_(kenny),1,276,
linhardt_von_hevring,4,276,
makai_no_juumin,1,276,makaij
matsunaga_ryo,4,276,matsunaga_ryou
morgana_(league_of_legends),4,276,
mutou_kurihito,1,276,
nipple_torture,0,276,nipple_pain
saikawa_riko,4,276,
saishi,0,276,
salpin,1,276,
sara_(granblue_fantasy),4,276,
scooby-doo,4,276,
seisenshi_dunbine,3,276,aura_battler_dunbine
stuffing,0,276,
sweets_bird,0,276,
tedeza_rize's_school_uniform,0,276,
ushiyama_ame,1,276,
uzumaki_himawari,4,276,
yoga,0,276,
zeta_gundam_(mobile_suit),4,276,
amibazh,1,275,
aqua_vest,0,275,
asakura_rikako,4,275,
blue_hawaii,0,275,
cai_geng,1,275,
ea_(fate/stay_night),0,275,
edea_lee,4,275,
flirting,0,275,
fortune_arterial,3,275,
frankenstein's_monster_(cosplay),0,275,
hamburger_steak,0,275,
haruka_natsuki,1,275,
hifumi_(swimsuit)_(blue_archive),4,275,ajitani_hifumi_(swimsuit)
holding_candle,0,275,
honolulu_(kancolle),4,275,
ka2,1,275,
kawakami_masaki,1,275,
kidmo,1,275,kimdonga
kitajima_yuuki,1,275,
kyoeiki,1,275,
li_shuwen_(fate),4,275,
lifeguard,0,275,
loba_(apex_legends),4,275,
mitsu_(mitsu_art),1,275,mitsu_art
mutsutake,1,275,nokonoko_(cookie)
my_dear_vampire_(idolmaster),0,275,my_dear_vampire
nazuna_(hidamari_sketch),4,275,nazuna
negi_springfield,4,275,
nibiiro_shizuka,1,275,
nightingale_(arknights),4,275,
palette_swap,0,275,
qian_wu_atai,1,275,
railgun,0,275,railgun_(weapon)
ren_san,1,275,
ribeyrolles_(girls'_frontline),4,275,"ribeyrolles_1918_(girls'_frontline),ribeyrolles_1918_(girls_frontline)"
rolling_girl_(vocaloid),3,275,
sanada_clan_(emblem),0,275,
shauntal_(pokemon),4,275,shikimi_(pokemon)
shoumaru_(gadget_box),1,275,syow-maru
sonoda_yuu,4,275,
sora_(blue_archive),4,275,
spraying,0,275,
stick_figure,0,275,
tales_of_destiny,3,275,
tapir,0,275,
tateishi_kureha,1,275,hamayuu_(litore)
tokyo_exe_girls,3,275,
tomotsuka_haruomi,1,275,mr_pavlov
warabeda_meijii,4,275,
yamamomo_(plank),1,275,
yamato_suzuran,4,275,
akatsuki_(log_horizon),4,274,
akira_(kadokawa),1,274,
asama_tomo,4,274,
bakuya,1,274,
bastet_(p&d),4,274,
baton,0,274,
belphegor_(umineko),4,274,
black_sweater_vest,0,274,
blaze_the_cat,4,274,
bloody_marie_(skullgirls),4,274,"marie_korbel,marie_(skullgirls)"
dabi_(boku_no_hero_academia),4,274,
dr._slump,3,274,dr_slump
dragon's_dogma,3,274,
eunos,1,274,
fallenshadow,4,274,
floating_breasts,0,274,
freng,1,274,
futon_(kitsune_tsuki),1,274,
gainoob,1,274,
goblin_slayer,4,274,
green_pajamas,0,274,
hasebe_yuusaku,1,274,
hollow_knight,3,274,
jairou,1,274,xil
kimidori_emiri,4,274,
kiryuu_kazuma,4,274,
kiwi_slice,0,274,
little_blue_whale_(kancolle),4,274,little_blue_whale_(kantai_collection)
macross_frontier:_sayonara_no_tsubasa,3,274,macross_frontier:_the_wings_of_farewell
morio_(poke_orio),1,274,
nikku_(ra),1,274,
nirap,1,274,
noiz,1,274,
opagi,1,274,
salamence,4,274,
scissorhold,0,274,headscissors
shigunyan,1,274,
vampire_(vocaloid),3,274,
window1228,1,274,
witch_craft_works,3,274,
archetype_earth,4,273,
bald_girl,0,273,
bazooka_(gundam),0,273,
black_gold_saw,4,273,
carina_(xiaowoo),1,273,
cure_macaron,4,273,
defy_(girls'_frontline),0,273,defy_(girls_frontline)
fal_maro,1,273,
female_orc,0,273,orc_female
fn_scar,0,273,
goback,1,273,
green_buruma,0,273,
hanarito,1,273,
hyde_(tabakko),1,273,mr.holmes
iijima_yun,4,273,
inuarashi,1,273,
iv_stand,0,273,
jack-o'-lantern_earrings,0,273,
kamotama,1,273,
kkopoli,1,273,
maaryan_(to_heart),4,273,
mario_(cosplay),0,273,
miya_(tsumazukanai),1,273,
nakigitsune's_fox,4,273,
natalia_luzu_kimlasca_lanvaldear,4,273,
nou_(nounknown),1,273,
oohira_sunset,1,273,
oomiya_shinobu,4,273,
overman_king_gainer,3,273,overmankinggainer
saiba_(henrietta),1,273,
sogawa,1,273,
spoken_zzz,0,273,
teoi_(good_chaos),1,273,
the_only_shoe,1,273,
uno_ryoku,1,273,
watsuki_ayamo,1,273,
xin_yu_hua_yin,1,273,
adjusting_shoe,0,272,adjusting_shoes
amakusa_juuza,4,272,
anastasia_(swimsuit_archer)_(fate),4,272,
angel_devil_(chainsaw_man),4,272,
axsen,1,272,alexandra_mae
baku_taso,1,272,
banana_(girls'_frontline),4,272,"banana_(girls_frontline),ro635_(dinergate)"
bomber,0,272,
bound_thighs,0,272,
cleats,0,272,
ex_idol,1,272,
farm,0,272,
fighting_master_alleyne,4,272,
fizintine,1,272,
futaba_miwa,1,272,cube_sugar
german_suplex,0,272,
hands_on_another's_back,0,272,
himura_kenshin,4,272,
hoe,0,272,
hood_(james_x),1,272,
ichio,1,272,
ji_dao_ji,1,272,
kani_club,1,272,
karen_(pokemon),4,272,karin_(pokemon)
kazawa_(tonzura-d),1,272,
kuzu_kow,1,272,
maxie_(pokemon),4,272,matsubusa_(pokemon)
miki_purasu,1,272,miki_plus
naked_skirt,0,272,
oleana_(pokemon),4,272,olive_(pokemon)
open_bikini,0,272,
rainbow_dash,4,272,
ridy_(ri_sui),1,272,
shigure_ui,1,272,
shoulder_plates,0,272,
sleigh,0,272,
soul_evans,4,272,soul_eater_(character)
spoken_x,0,272,
sugina_miki,1,272,miki_sugina
suzumura_sango,4,272,
trente,1,272,mio_(mgr300)
udagawa_ako,4,272,
ursula_charistes,4,272,
wet_legwear,0,272,
whale_hat,0,272,
youtube_logo,0,272,
yusa_(angel_beats!),4,272,
zanamaoria,1,272,
akamoku,1,271,"akmkmk3,rokcha,curcumin"
akishimo_(kancolle),4,271,akishimo_(kantai_collection)
awakening_(sennen_sensou_aigis),0,271,
bell_earrings,0,271,bell_earring
black_gothic_dress_(idolmaster),0,271,
bokujou_monogatari,3,271,"story_of_seasons,harvest_moon_1"
colis,1,271,
cure_lemonade,4,271,
facing_up,0,271,
feena_fam_earthlight,4,271,
frilled_sash,0,271,
ghost_print,0,271,
hayanami_(kancolle),4,271,hayanami_(kantai_collection)
idolmaster_xenoglossia,3,271,
kamen_rider_double,4,271,
l'ecole_des_cinq_lumieres_school_uniform,0,271,
mind_reading,0,271,
monicanc,1,271,
naga_the_serpent,4,271,
noctchill_(idolmaster),0,271,
pink_sclera,0,271,
polka_dot_pajamas,0,271,
ringozaka_mariko,1,271,
salmon88,1,271,ax18170710
sido_(slipknot),1,271,
slow_start,3,271,
strong_zero,0,271,
stuffed_bird,0,271,
tactile_paving,0,271,
taichou_haori,0,271,
teletha_testarossa,4,271,"teresa_testarossa,tessa_testatossa"
tenka_touitsu_chronicle,3,271,
tied_ears,0,271,
tomari_mari,4,271,
velvet_(odin_sphere),4,271,
victini,4,271,
white_veil,0,271,
yukino_minato,1,271,
airborne,0,270,
akiyama_rinko,4,270,
ana_(rznuscrf),1,270,
armpit_focus,0,270,
bioshock_(series),3,270,bioshock
chikotam,1,270,
danball_senki,3,270,little_battlers_experience
deemo,3,270,
dera_mochimazzui,4,270,"tori_(tamako_market),dera_mochi'mazzui"
dew_drop,0,270,"dew,dewdrops,dewdrop,dew_drops"
doujima_ryoutarou,4,270,"doujima_ryotaro,dojima_ryotaro"
green_umbrella,0,270,
hakuryou_high_school_uniform,0,270,
helena_(kancolle),4,270,helena_(kantai_collection)
hisuian_zorua,4,270,
ishikirimaru,4,270,
iwado_anna,4,270,black_hood
kaoming,1,270,yasukura_(shibu11)
kawarajima_kou,1,270,"henreikai,platin_(ailos),kawarajima_koh,koh-kawarajima,koh_kawarajima"
kousaka_yukiho,4,270,
kudou_fuyuka,4,270,
kurebayashi_noe,1,270,
mabinogi_heroes,3,270,vindictus
maho_moco,1,270,
mitsurugi_sugar,1,270,mithurugi-sugar
musen-shiki_sanhankikan,1,270,"musen_shiki_sanhankikan,musenshiki_sanhankikan,akai_hana"
nanase_aoi,1,270,aoi_nanase
nyanya,1,270,
ophelia_phamrsolone,4,270,
power_girl,4,270,kara_zor-l
purple_sclera,0,270,
rib:y(uhki),1,270,"kasuka_abara,ribyuuki"
rito453,1,270,
sat-c,1,270,
saunders_(emblem),0,270,
scanlines,0,270,
tanaka_rikimaru,1,270,
tsuji_kazuho,1,270,
velvet_scarlatina,4,270,
virtuous_contract,0,270,
wakino_keibun,1,270,wakino_yoshifumi
white_romper,0,270,
?_block,0,269,
aizen_kunitoshi,4,269,
akizone,1,269,
anemone_(flower),0,269,
aoshidan_school_uniform,0,269,
arimura_yuu,1,269,
artoria_pendragon_(swimsuit_archer)_(first_ascension)_(fate),4,269,
begging,0,269,
breast_awe,0,269,
broken_wall,0,269,
bud,0,269,
budew,4,269,
dj_max,3,269,
downtown_no_gaki_no_tsukai_ya_arahende!!,3,269,
eva_00,4,269,
food_theft,0,269,stealing_food
fuji_fujino,1,269,fujino_(unajisaiko)
funny_glasses,0,269,
gatchan,1,269,
green_sash,0,269,
haruka_(blue_archive),4,269,igusa_haruka
heirou,1,269,
helma_lennartz,4,269,
human_chair,0,269,
kagayaki_homare,4,269,
kibushi,1,269,
kimizuka_aoi,1,269,aoi_kimizuka
kudou_shin'ichi,4,269,kudou_shinichi
kuhotaka,1,269,
lao_jiu,4,269,
mascot_costume,0,269,
nanakusa_hazuki,4,269,
nori_(seaweed),0,269,
nt-d,0,269,
nuka_(nvkka),1,269,
ogre,0,269,
pink_fire,0,269,pink_flame
pointy_hat,0,269,
rakudai_kishi_no_cavalry,3,269,chivalry_of_a_failed_knight
rhapsody,3,269,
sasamori_karin,4,269,
sawaizumi_chiyu,4,269,
selection_university_(emblem),0,269,
seras_victoria,4,269,
silver_footwear,0,269,
stalking,0,269,
super_sass_(girls'_frontline),4,269,super_sass_(girls_frontline)
taa_(acid),1,269,tam_(cuq)
takaramonozu,0,269,
toriyama_akira_(style),0,269,
voyager_(fate),4,269,voyager_(fate/requiem)
yaso_shigeru,1,269,
anyannko,1,268,
billiard_ball,0,268,"snooker_ball,pool_ball,cue_ball"
cocozasa,1,268,pocopocoing
cooking_pot,0,268,pot_(cooking)
coroha,1,268,
creek_(moon-sky),1,268,
extended_downblouse,0,268,
fei_rune,4,268,
fuzukikai,1,268,
gojou_wakana,4,268,
growlanser,3,268,
hazuki_(sutasuta),1,268,
head_on_head,0,268,chin_on_head
honkai:_star_rail,3,268,
ibaraki_douji_(swimsuit_lancer)_(fate),4,268,
ice_cream_cup,0,268,
julia_(idolmaster),4,268,
kakyuusei,3,268,
kokonose_haruka,4,268,
lecia_(granblue_fantasy),4,268,liscia_(granblue_fantasy)
menou_kaname,4,268,
nefertari_vivi,4,268,
oono_kanako,4,268,
otter_spirit_(touhou),4,268,
pokimari,1,268,
ruhika,1,268,
screencap_inset,0,268,
shadow_hearts,3,268,
shining_hearts,3,268,
sitting_on_animal,0,268,
spike_ball,0,268,
string_phone,0,268,"tin_can_phone,cup_phone"
the_great_ace_attorney,3,268,dai_gyakuten_saiban
thin_(suzuneya),1,268,tenya
tile_ceiling,0,268,
tmp_(girls'_frontline),4,268,tmp_(girls_frontline)
uchuu_patrol_luluco,3,268,space_patrol_luluco
urashima_kotetsu,4,268,
urotan,1,268,
yoshimo,1,268,
zun,4,268,
akira_shiun,1,267,akira_teacher
alisa_reinford,4,267,alisa_leinfort
barista,0,267,
bell_pepper,0,267,
benizuwai,1,267,
cure_fortune,4,267,
dakusuta,1,267,
fish_boy,0,267,fishman
gaou_(babel),1,267,gaou
giovanna_(guilty_gear),4,267,
hatsutori_hajime,4,267,
holding_another's_tail,0,267,
hylian_shield,0,267,
iguro_obanai,4,267,
lantern_festival,0,267,
life_fiber,0,267,
lynn_minmay,4,267,
mamo_williams,1,267,mamo
man_(man-room),1,267,"man_(kisidayouiti),man_(artist)"
mazeran,1,267,
miyu_edelfelt_(beast_style),4,267,
sunflower,0,267,sunflowers
nyotaimori,0,267,serving_food_on_female
omniscient_reader's_viewpoint,3,267,
ripping,0,267,
samsung_sam,4,267,"sam_samsung,samanta_(samsung),samantha_samsung"
shatter,0,267,shattered
shirako_miso,1,267,
shiranui_mai_(cosplay),0,267,
soulcalibur_vi,3,267,
standing_on_person,0,267,
tamura_hiyori,4,267,
tokyo_mirage_sessions_fe,3,267,"tokyo_mirage_session_fe,gen'ei_ibunroku_sharp_fe,tokyo_mirage_sessions_sharp_fe,genei_ibunroku_sharp_fe"
tsukinami_kousuke,1,267,
yadomi_jinta,4,267,
yoshinon,4,267,
zenless_zone_zero,3,267,zzz_(game)
aisaki_emiru,4,266,
amanda_o'neill,4,266,
asriel_dreemurr,4,266,
aztec,0,266,
bulge_to_ass,0,266,bulge_on_ass
chiyingzai,1,266,
fi_(zelda),4,266,fi
floating_sword,0,266,"flying_sword,floating_swords"
goat_tail,0,266,
goutokuji_miyako,4,266,gotokuji_miyako
hana_mori,1,266,
higekiri_(touken_ranbu),4,266,
hyouju_issei,1,266,
kamen_rider_ooo,4,266,
kamiki_mirai,4,266,
kikurage_(plastic_people),1,266,
kokoro_(darling_in_the_franxx),4,266,
komakusa_sannyo,4,266,
lace-trimmed_headwear,0,266,
leviathan_(mega_man),4,266,
mejiro_bright_(umamusume),4,266,
moth_wings,0,266,
multicolored_panties,0,266,
namidame,1,266,
nu_(plastic_eraser),1,266,plastic_eraser
pesci,4,266,
reinhardt_(overwatch),4,266,reinhardt_wilhelm
sanbasou,1,266,
shironeko_yuuki,1,266,
skinny_dipping,0,266,
static,0,266,noise_(crt)
tape_on_nipples,0,266,
tarou_tachi,4,266,
togashi_yuuta,4,266,
usagi_nagomu,1,266,
vanilla_(miotanntann),1,266,
vertical-striped_socks,0,266,vertical-striped_kneehighs
wangphing,1,266,
akagi-chan_(azur_lane),4,265,
akino_komichi,1,265,shacchi
alcremie_(strawberry_sweet),4,265,
artillery,0,265,
aunt_and_nephew,0,265,
axel_(kingdom_hearts),4,265,
bronya_zaychik_(herrscher_of_reason),4,265,
chikuwa_(tks),1,265,tks_(chikuwa)
chuck_(psg),4,265,
corn_dog,0,265,corndog
cross-laced_top,0,265,cross-laced_shirt
cuffs-to-collar,0,265,
eredhen,1,265,
fami_(yellow_skies),1,265,
fangdan_runiu,1,265,nightmaremk2
fighter_(dungeon_and_fighter),4,265,
fist_in_hand,0,265,
flower_over_mouth,0,265,
fukuro_daizi,1,265,fukuro_ko_(greentea)
hige_habahiro,4,265,hige-san
hiiragi_fuyuki,1,265,hot_2r
hungry_nun_(diva),4,265,gluttonous_nun_(diva)
kaede_(mmkeyy),1,265,
kakyuusei_2,3,265,
kiraki,1,265,
kirisato_itsuki,1,265,
kitsune_spirit_(doitsuken),4,265,
kumashiro_maya,4,265,
kyousaru,1,265,
lilith_aensland_(cosplay),0,265,
lutherniel,1,265,
matsubara_kaoru,4,265,
mawaru_(mawaru),1,265,
maylene_(pokemon),4,265,sumomo_(pokemon)
mineta_minoru,4,265,grape_juice_(boku_no_hero_academia)
pisuke,1,265,
plume_(arknights),4,265,
prushka,4,265,
raimon_natsumi,4,265,"nelly_raimon,endou_natsumi"
romeo_to_cinderella_(vocaloid),3,265,"romeo_and_cinderella_(vocaloid),romeo_and_cinderella"
sakura_kyouko_(cosplay),0,265,
saliva_drip,0,265,
scryed,3,265,
sen1986,1,265,
shenbei_xiaoqiu,1,265,jiang-ge
shez_(fire_emblem)_(female),4,265,
shiritsu_justice_gakuen,3,265,
song_of_broken_pines_(genshin_impact),0,265,
takayama_maria,4,265,
takenoko_no_you,1,265,
tamamo_no_mae_(third_ascension)_(fate),4,265,
template,0,265,exploitable
the_transformers_(idw),3,265,all_hail_megatron
thief_(final_fantasy),4,265,
tina_armstrong,4,265,
tyranitar,4,265,
world_war_i,0,265,"ww1,/wwi,wwi"
zhong_lanzhu,4,265,
abe_suke,1,264,
aki_poi,1,264,
aqua_flower,0,264,
arjuna_alter_(fate),4,264,arjuna_alter
asymmetrical_armor,0,264,
bra_slip,0,264,
cherry_tomato,0,264,
coyucom,1,264,"koyukomu,.com_(cu_105)"
cure_mermaid,4,264,
cyril_brooklyn,4,264,
fangxiang_cuoluan,1,264,
flanvia,1,264,
fukuda_noriko,4,264,
ganto,1,264,
gomashi_(goma),1,264,
hangaku,1,264,
holding_scarf,0,264,
hominamia,1,264,"yavalley,konbu_(honeydots),honami_ami"
ichii_tooru,4,264,
invisible_air_(fate),0,264,invisible_air
kansaiben,0,264,
kiguchiko,1,264,omomomizu
kinuhata_saiai,4,264,
kitasaya_ai,1,264,
ladic,1,264,
leaf_bikini,0,264,leafbikini
ludger_will_kresnik,4,264,
mary_stuart,4,264,
mina_cream,1,264,
mosquito_coil,0,264,
natsume_yuujinchou,3,264,natsume's_book_of_friends
partially_annotated,5,264,
pensuke,1,264,
pinstripe_dress,0,264,
projektmelody,3,264,
qin_shi_ming_yue,3,264,
satellite,0,264,
sengoku_otome,3,264,battle_girls:_time_paradox
sharpedo,4,264,
shimizu_akina,1,264,akina_(akn_646)
souma_(ordures),1,264,
spider_apple,1,264,
starpiece_memories_(idolmaster),0,264,starpiece_memories
swampert,4,264,
tamagoroo,1,264,tamagoroo_(funifuni_labo)
tenneko_yuuri,1,264,
tina_fate,1,264,
ushiki_yoshitaka,1,264,one_night_stand
visible_ears,0,264,
wax,0,264,
white_curtains,0,264,
yamamoto_kazue,1,264,studio_ego
yano_erika,4,264,
yuu_(kfc),1,264,
zenobia_(fate),4,264,
african_wild_dog_print,0,263,
agetama,1,263,
akagi:_yami_ni_oritatta_tensai,3,263,
anna_(fire_emblem),4,263,
battle_angel_alita,3,263,gunnm
camouflage_shorts,0,263,
esureki,1,263,
gao_(gaolukchup),1,263,"gao-lukchup,gao-x"
higashi_shino,1,263,
hiiragi_souren,1,263,
husband_and_husband,0,263,
kionant,1,263,
kirisaki_byakko,1,263,kitsunebi
koorimizu,1,263,koori_crab
kotoyoshi_yumisuke,1,263,yumisuke_kotoyoshi
kuroi_susumu,1,263,
lam_(ramdayo),1,263,ram_(ramlabo)
may_(gundam_build_divers_re:rise),4,263,
mifuru,1,263,
minase_(takaoka_nanase),1,263,takaoka_nanase
mr.romance,1,263,
nakabayashi_reimei,1,263,nakaba_reimei
nissan,0,263,
obidome,0,263,
oktoberfest,0,263,
packge,1,263,pack_er_5
pinkgermy,1,263,
rukitsura,1,263,
shiba_miyuki,4,263,
shigure_(azur_lane),4,263,
shino_(comic_penguin_club),1,263,
shiraue_yuu,1,263,
step_and_repeat,0,263,
suimya,1,263,
theresa_apocalypse_(valkyrie_pledge),4,263,
yagami_makino,4,263,
yoshiki,1,263,
yukishiro_arte,1,263,yukishiro_arute
yuuki_kira,1,263,
arash_(fate),4,262,
badminton_racket,0,262,
ball_busting,0,262,"ballbusting,tamakeri"
benitama,1,262,
changye,1,262,
damegane,1,262,
doorknob,0,262,
eraser_head_(boku_no_hero_academia),4,262,
figure_skating,0,262,
flower_basket,0,262,
holding_pocky,0,262,
hugging_another's_leg,0,262,"leg_cling,hugging_another's_legs"
human_stacking,0,262,
ikeda_(cpt),1,262,
inuno_rakugaki,1,262,
joshiraku,3,262,
kuga_tsukasa,1,262,
lcl,0,262,
logan_cure,1,262,
magic_kaito,3,262,
makai_senki_disgaea_5,3,262,disgaea_5
mattress,0,262,
miso_soup,0,262,
missing_tooth,0,262,missing_teeth
model,0,262,
nago,4,262,
orange_wings,0,262,
papika_(flip_flappers),4,262,
prinz_eugen_(final_lap)_(azur_lane),4,262,
reel_(riru),1,262,reel37891
senju_muramasa,4,262,
shiina_(angel_beats!),4,262,
shirt_tan,0,262,
takakura_kanba,4,262,
thor_(deep_rising),1,262,deep_rising
two-tone_bodysuit,0,262,
vespa,0,262,
w_over_eye,0,262,
wally_(pokemon),4,262,mitsuru_(pokemon)
yuuki_chihiro,4,262,
accidental_pervert,0,261,lucky_pervert
crt,0,261,old_television
cottontailtokki,1,261,
cum_in_panties,0,261,
dark_knight_(final_fantasy),4,261,
ddari,1,261,
endro!,3,261,
goomrrat,1,261,
hand_in_pants,0,261,
hatsushimo_kai_ni_(kancolle),4,261,
hizamaru_(touken_ranbu),4,261,
jeneral,1,261,janggun
kamen_rider_kabuto_(series),3,261,
kawamura_tenmei,1,261,
konkito,1,261,
long_ribbon,0,261,
love_hotel,0,261,
mokku,1,261,
mountain_han,1,261,yama_gan
nakatama_kyou,1,261,kurifuto
night_wizard,3,261,
omamori,0,261,
pollux_(fate),4,261,pollux_(fate/grand_order)
purple_armor,0,261,
purple_pupils,0,261,
sen'yuu_yuuji,1,261,sennyuu_yuuji
shimotsuki_potofu,4,261,"perooda_potofu,potofu-chan_(pepepe)"
sitting_on_car,0,261,
spiked_boots,0,261,
starcraft,3,261,
suzu_(cookie),4,261,
swim_cap_removed,0,261,
tomoo_(tomo),1,261,
tsukiriran,1,261,kanzaki_maguro
twister,0,261,
usami_(danganronpa),4,261,
wakabayashi_iori,4,261,wakabayashi-san
yellow_sweater_vest,0,261,
ajitarou_(setsu),1,260,sakasakisetu
alternate_shiny_pokemon,0,260,
apollo_justice:_ace_attorney,3,260,"ace_attorney_4,gyakuten_saiban_4"
av_idol,0,260,
cheesecake,0,260,
cocoloco,1,260,kokoroko
dehya_(genshin_impact),4,260,
detached_hood,0,260,
devil_survivor_2,3,260,
diving,0,260,
double_anal,0,260,double_anal_penetration
panties,0,260,"panty,/p,pantie,pantsu"
folding_screen,0,260,japanese_movable_partition
fried_rice0614,1,260,
glastonbury1966,1,260,
griffin,0,260,gryphon
hane_(hanegoya),1,260,toobane
heather_mason,4,260,
high_school_dxd_new,3,260,
inohara_masato,4,260,
iruma_kamiri,1,260,hellabunna
komusun,1,260,
mhk_(mechamania),1,260,
mine_(peak),1,260,
nicky_w,1,260,nikek96
nun_bora,4,260,
oda_nobunaga_(swimsuit_berserker)_(first_ascension)_(fate),4,260,
omoomomo,1,260,
oshiaki,1,260,
osumoto1,1,260,
pantyhose_around_one_leg,0,260,
riru,1,260,
rockruff,4,260,
rosette_(roze-ko),1,260,r0sec099
sakura_(medilore),1,260,tasuke_(pixiv_186067)
satomi_yoshitaka,1,260,
sazamiso_rx,1,260,
shingoku_no_valhalla_gate,3,260,
skirt_grab,0,260,
snow_shelter,0,260,
suou_tatsuya,4,260,
suzuki_(girls_und_panzer),4,260,suzuki_maria
takami_masahiro,1,260,henohenomomiji
tarachine,1,260,
world_of_warships,3,260,
yamaku_high_school_uniform,0,260,
akagi_shun,1,259,
ashigara_kai_ni_(kancolle),4,259,
baltimore_(after-school_ace)_(azur_lane),4,259,
bandaged_foot,0,259,bandaged_feet
bardock,4,259,
bikko,4,259,
churchill_(tank),0,259,
citemer,1,259,liuruoyu8888
conductor,0,259,
connie_springer,4,259,conny_springer
gogatsu_fukuin,1,259,
green_pubic_hair,0,259,
hachiouji_naoto,4,259,
hakumen,4,259,
holding_notepad,0,259,
imi_uzi,0,259,
k-pop,0,259,
kingin,1,259,
kino_(kino_konomi),1,259,
kooribata,0,259,shaved_ice_flag
lace-up,0,259,
lala_tramont,4,259,
luse_maonang,1,259,
matryoshka_(vocaloid),3,259,
misnon_the_great,1,259,misnon
murosaki_miyo,4,259,
mushi_gyouza,1,259,musigyouza
nanana_(nanana_iz),1,259,
okayparium,1,259,
overhead_line,0,259,
pokemon:_the_electric_tale_of_pikachu,3,259,"the_electric_tale_of_pikachu,electric_tale_of_pikachu,pokemon_the_electric_tale_of_pikachu,dengeki!_pikachu,dengeki_pikachu,pokemon_the_electric_tale_of_pikachu,the_electric_tale_of_pikachu,electric_tale_of_pikachu,dengeki_pikachu"
raphiel_shiraha_ainsworth,4,259,shiraha_raphiel_ainsworth
re_mii,4,259,"le_mii,lemii"
sakura_neko,1,259,
shimhaq,1,259,
shin_(dorohedoro),4,259,
wheel,0,259,wheels
spacecraft_interior,0,259,"inside_spacecraft,space_craft_interior"
spiked_armor,0,259,
sucking_male_nipple,0,259,sucking_nipples_(male)
tape_on_pussy,0,259,
toaru_kagaku_no_mental_out,3,259,
watering,0,259,
xbox_360,0,259,
yuuji_overall,1,259,yuuji
zakki,1,259,
amane_kurumi,1,258,amene_kurumi
arai_nobu,1,258,
black_order_uniform,0,258,
dainamitee,1,258,
date_(senpen),1,258,date_(artist)
elie_macdowell,4,258,
extra_legs,0,258,
haryuu_(poetto),1,258,
hayakawa_tazuna,4,258,
high-visibility_vest,0,258,safety_vest
inaba_mob_(touhou),4,258,inaba
ishida_seito,1,258,shira-nyoro
katou_haruaki,1,258,
konata_gazel,1,258,
koonago,0,258,
kurobe_natsumi_(shiromanta),4,258,
lit_fuse,0,258,
matsutani,1,258,
mori_toshiaki,1,258,shinkiro
narusegawa_naru,4,258,
paint_tube,0,258,
pomegranate,0,258,
power_fist,0,258,
red_butterfly,0,258,
reiq,1,258,"reiq-art,reiqart"
sadahiro_(chicken_nugget_gyuuniku_aji),1,258,
sombrero,0,258,
super_robot_wars_the_lord_of_elemental,3,258,
tailmon,4,258,gatomon
tailred,4,258,tail_red
teenage_mutant_ninja_turtles,3,258,/tmnt
white_mage_(fft),4,258,priest_(fft)
wishiwashi_(solo),4,258,
arm_scrunchie,0,257,
atahuta,1,257,
canaan_(character),4,257,
chikuwa_savy,1,257,
escalator,0,257,
hazuki_ren,4,257,
heart-shaped_buckle,0,257,"heart_belt_buckle,heart_belt,heart_buckle"
heart-shaped_gem,0,257,
helena_blavatsky_(swimsuit_archer)_(fate),4,257,
ikuyoan,1,257,
kataku_musou,1,257,mole_(pixiv31755575)
kira_yamato,4,257,
kiya_machi,1,257,
lagann,4,257,
leona_west,4,257,
matsui_yasutsugu,1,257,
mikazuki_sara,1,257,
mojarin_(kihara_mojarin),1,257,
nagasone_kotetsu,4,257,
noba,1,257,
ohlia,1,257,ariuo
panties_under_bike_shorts,0,257,
poppy_(flower),0,257,
predicament_bondage,0,257,
red_panda,0,257,
ridley,4,257,
round_table,0,257,
saeki_sora,1,257,poyo_sky77
sagat,4,257,
sakaki_maki,1,257,
scholar_(final_fantasy),4,257,
shinazugawa_sanemi,4,257,
stroking_another's_chin,0,257,chin_tickle
turisasu,1,257,"testame,testame"
udon_entertainment,1,257,
uraharukon,1,257,
white_rhinoceros_(kemono_friends),4,257,
x_navel,0,257,
yakitomato,1,257,yakitomeito
yorda,4,257,
yuzuki_karu,1,257,
adepta_sororitas,4,256,sister_of_battle
akitokage,1,256,akitokage01
amamiya_erena,4,256,
amano_jack,1,256,amanojaku
anzai_romi,4,256,anzai_chiyomi's_mother
asahina_hiyori,4,256,
atago_(school_traumerei)_(azur_lane),4,256,atago_(school_daydream)_(azur_lane)
caterpillar,0,256,
croquette,0,256,
dragoon_(final_fantasy),4,256,
elizabeth_bathory_(second_ascension)_(fate),4,256,
fennec_fox,0,256,
gelatin,0,256,jello
hagiwara_rin,1,256,
headshot,0,256,
hula_hoop,0,256,hulahoop
kei_kei,1,256,
kurokaji,1,256,
kusanagi_nene,4,256,
kyuuri_(miyako),1,256,
lace-trimmed_bikini,0,256,
march-bunny,1,256,
megumi_(girls_und_panzer),4,256,
mendou_kusai,1,256,
neck_fur,0,256,
no_symbol,0,256,no_sign
onsen_tamago_(nurumayu_onsen),1,256,nurumayuonsen
persona_1,3,256,"revelations:_persona,megami_ibunroku_persona"
rabi-ribi,3,256,
rangu,1,256,ran9u
raven_cronwell,4,256,raven_(elsword)
samurai_(7th_dragon_series),4,256,samurai_(7th_dragon)
shimohara_sadako,4,256,
shiodome_oji,1,256,
shiro_kuma_shake,1,256,
tachibana_himeko,4,256,girl_who_sits_next_to_yui_(k-on!)
tachibana_momoka,4,256,
teranen,1,256,
the_legend_of_zelda:_a_link_to_the_past,3,256,"link_to_the_past,a_link_to_the_past"
tootsuki_saryou_ryouri_gakuen_uniform,0,256,
translucent_hair,0,256,
unicorn_(long-awaited_date)_(azur_lane),4,256,unicorn_(amusement_park_date)_(azur_lane)
warrior_of_light,4,256,
yggdrasil_(granblue_fantasy),4,256,
yokoyama_chika,4,256,
zootopia,3,256,
after_battle,0,255,
amemiya_ruki,1,255,
anchorage_water_oni,4,255,
ataruman,1,255,
bulging_eyes,0,255,
curse_maker,4,255,"hexcaster_(sekaiju),hexer_(sekaiju)"
deoxys,4,255,
disco_ball,0,255,
draco_centauros,4,255,
eye_pop,0,255,
fall_guys,3,255,
fatkewell,1,255,
frozen_frog,0,255,
hibiki_ryouga,4,255,hibiki_ryoga
hitoshura,4,255,
skating,0,255,
inokuma_youko,4,255,
junkrat_(overwatch),4,255,jamison_fawkes
kama_(swimsuit_avenger)_(third_ascension)_(fate),4,255,
kirise_mitsuru,1,255,
koizumi_amane,1,255,
kolshica,1,255,
konan_(naruto),4,255,
kris_(deltarune),4,255,
marshall_k,1,255,marshall2033
min-naraken,1,255,
minami_kotori_(bird),4,255,
nezuko,1,255,
noa_(nagareboshi),1,255,
nollety,1,255,dainama
opened_by_self,0,255,
pixiv_fate/grand_order_contest_2,3,255,
prosthetic_hand,0,255,
ripu_(lipi),1,255,flan_(harry_mackenzie)
roegadyn,0,255,
rokkotsu,1,255,kbtmsboy
senriyama_school_uniform,0,255,
shirayuki_towa,1,255,
spiked_anklet,0,255,
square_neckline,0,255,
supermarket,0,255,
tadano_akira,1,255,
tamaki_kotatsu,4,255,
tanemura_koyori,4,255,
toriatto_gununu,1,255,tori@gununu
unime_seaflower,1,255,
usagi-san,4,255,
airplane_interior,0,254,
akisome_hatsuka,1,254,
aloe_(quiz_magic_academy),4,254,
be_(o-hoho),1,254,
caution,0,254,
nekobell,1,254,
coffeekite,1,254,
compound_bow,0,254,
excellen_browning,4,254,
fishing,0,254,
gambeson,0,254,arming_doublet
gazer_(monster_girl_encyclopedia),4,254,
hakuda_tofu,1,254,
hopeless_masquerade,3,254,
huanxiang_huifeng,1,254,takamiyadaira
hubert_ozwell,4,254,
human_tower,0,254,
king_(snk),4,254,king_(kof)
king_(vocaloid),3,254,
kon_kanaho,4,254,
kujiran,1,254,
long_horns,0,254,
machiko_(beard),1,254,matyinging
matsuda_hikari,1,254,
munashi_mujou,1,254,
naitou_ryuu,1,254,"nai-tech,naitou_ryu"
naked_robe,0,254,
nanjo_hikaru,4,254,nanjou_hikaru
noss_(rariatto),4,254,
ooji_cha,1,254,ojitcha
poro_(league_of_legends),4,254,
quintuplets,0,254,
rarity,4,254,
sakura_ryuuken,1,254,
sashimi,0,254,
seishou_music_academy_uniform,0,254,
shibainu_niki,1,254,
snk_heroines:_tag_team_frenzy,3,254,
sofy,1,254,
suzuno_fuusuke,4,254,
tactics_ogre,3,254,
towa_herschel,4,254,
tsubaki_(tatajd),1,254,
uro,1,254,
vs,0,254,versus
whip_(kof),4,254,whip_(snk)
whisperain_(arknights),4,254,
white_rabbit_(alice_in_wonderland)_(cosplay),0,254,
yaia_(granblue_fantasy),4,254,
yamada_ako,1,254,
yoshi_mi_yoshi,1,254,
aardwolf_ears,0,253,coyote_ears
akiyoshi_(tama-pete),1,253,
angel_(evangelion),0,253,
anonamos,1,253,
asami_asami,1,253,
astel_leda,4,253,
band-width,1,253,
chain_chronicle,3,253,
chi-hatan_school_uniform,0,253,
convention_greeting,0,253,convention_greetings
cream_on_body,0,253,
crosshair,0,253,crosshairs
dark_elven_forest_ranger,4,253,
delivery,0,253,
fusou_(azur_lane),4,253,
geetsu,1,253,
giggling,0,253,giggle
himeno_kanon,4,253,
hito_komoru,1,253,
hosizora_mikoto,1,253,
huyase,1,253,
imaichi,1,253,
iriam,3,253,
janne_cherry,1,253,
japanese_postal_mark,0,253,
shore,0,253,"shoreline,coast"
koshiro_itsuki,1,253,
leviathan_(umineko),4,253,
mckeee,1,253,
namako_(takorin),1,253,
non_(nuebako),1,253,nuebako
ouroboros_(girls'_frontline),4,253,ouroboros_(girls_frontline)
primordial_jade_winged-spear_(genshin_impact),0,253,
sentimental_graffiti,3,253,
shalltear_bloodfallen,4,253,
taira_tsukune,1,253,
takaishi_takeru,4,253,
tenko_(gintenko),1,253,
uta_(kuroneko),1,253,
vibrator_in_anus,0,253,
weapon_behind_back,0,253,
white_album_2,3,253,
<|>_<|>,0,253,
alfonse_(fire_emblem),4,252,
amatsuka_uto,4,252,
araiguma,1,252,
bebebe_(pepegakii),1,252,manabebebe
blossom_(ppg),4,252,
buruma_around_one_leg,0,252,
cinder_fall,4,252,
crystal_sword,0,252,ice_sword
denhijou_niki,1,252,misakamitoko0903
dirt_road,0,252,
fake_censor,0,252,unnecessary_censorship
gradient_kimono,0,252,
guinea_pig,0,252,
hashida_itaru,4,252,daru_(steins;gate)
hayase_mitsuki,4,252,
iida_tenya,4,252,
illustration.media,3,252,
ishimu,1,252,
k_(gear_labo),1,252,
kanba_girls_high_school_uniform,0,252,
kaneru,1,252,
kikurage_(crayon_arts),1,252,
komaki_ikuno,4,252,
lion_dance,0,252,
maki_(natoriumu),1,252,
makino_(ukiuo),1,252,makino_(artist)
meltryllis_(third_ascension)_(fate),4,252,
miya9,1,252,shironegiya
moyu_marginal,1,252,
muka_tsuku,1,252,mukatsukulsp
naoko-san,4,252,
nemu_mohu,1,252,
polaroid,0,252,
release_date,0,252,now_on_sale
senjou_no_valkyria_3,3,252,
sensen,1,252,
seragaki_aoba,4,252,
shaw_(arknights),4,252,
slouching,0,252,
sogabe_toshinori,1,252,
solar_(happymonk),1,252,
summer_pockets,3,252,
tadanoshi_kabane,1,252,ddak5843
takaya_noriko,4,252,
takeya_yuuki,1,252,
tatekawa_mako,1,252,
thompson_(girls'_frontline),4,252,thompson_(girls_frontline)
yan-yam,1,252,
adjusting_footwear,0,251,
ainz_ooal_gown,4,251,
alessandra_susu,4,251,
anzu_ame,1,251,clown_222
athenawyrm,1,251,
balding,0,251,"partially_bald,bald_spot"
betock,1,251,
bradamante_(first_ascension)_(fate),4,251,
clam_shell,0,251,
dan_(orange_train),1,251,
darkkanan,1,251,
dragon_quest_dai_no_daibouken,3,251,
ember_celica_(rwby),0,251,
evandragon,1,251,
glowing_flower,0,251,
gold_experience,4,251,
hanami_kotoha,4,251,
hi-ho-,1,251,
hoojiro,1,251,
human_toilet,0,251,
ichiei,1,251,
ichinomiya_(blantte),1,251,
jigsaw_puzzle,0,251,
kaga_(battleship)_(azur_lane),4,251,
kaptivate,1,251,
karol_capel,4,251,
kurororo_rororo,1,251,
lieza_(arc_the_lad),4,251,lieza
lily_(artist),1,251,
lorelei_(pokemon),4,251,kanna_(pokemon)
lorenz_hellman_gloucester,4,251,
marvel_vs._capcom_3,3,251,"marvel_vs_capcom_3,/mvc3,mvc3"
merlusa,1,251,kitashira_chuusan
mother_and_child,0,251,
mutou_mato,1,251,
nobori_ranzu,1,251,
nonohara_miki,1,251,
normaland,1,251,
ohasi,1,251,army_14235
omori_(omori),4,251,
onjouji_toki,4,251,
organization_xiii,0,251,
ouhashi,1,251,
pinkie_pie,4,251,
plaid_sleeves,0,251,
putting_on_headwear,0,251,putting_on_hat
richard_(tales),4,251,
rika_(touhou),4,251,
sara_(touhou),4,251,
satin_bra,0,251,
sigama,1,251,
space_cat_(meme),0,251,
stuffed_dolphin,0,251,
suerte,1,251,
takao_(full_throttle_charmer)_(azur_lane),4,251,
tapioka_(oekakitapioka),1,251,
toshifumi,1,251,
wooden_door,0,251,
yamaha,0,251,
zaki_(zaki_btw),1,251,biriyb
arcana_heart_2,3,250,
blood_on_wall,0,250,bloody_wall
bread_slice,0,250,slice_of_bread
chitosezaka_suzu,1,250,
fate_testarossa_(impulse_form),4,250,
female_tourist_c_(arknights),4,250,
fletcher_mk_ii_(kancolle),4,250,
ga_geijutsuka_art_design_class,3,250,
hikari_(komitiookami),1,250,
kamen_rider_kiva_(series),3,250,
kanachirou,1,250,
kaname_nagi,1,250,
kikuta,1,250,
kinomoto_sakura_(cosplay),0,250,
knight_(dungeon_and_fighter),4,250,
kosame_daizu,1,250,
kuroshinki,1,250,
lora_(xenoblade),4,250,
mickeysmith,1,250,yuu_(sunlight_canvas)
mimura_kaoru,1,250,
mizuki_seira,4,250,
nami_(nyaa),1,250,natsumii_chan
niyon_(granblue_fantasy),4,250,nio_(granblue_fantasy)
oku_tamamushi,1,250,"oku_tamamusi,tamamusi"
penguins_performance_project_(kemono_friends),0,250,
pepper0,1,250,ce-_-3
pheromosa,4,250,
product_girl,0,250,
punching_bag,0,250,
satsuki_imonet,1,250,
sigm@,1,250,
taihou_(phoenix's_spring_song)_(azur_lane),4,250,
tanaka_io_(craftstudio),1,250,
tenka_hyakken,3,250,
transformers_prime,3,250,
uumaru,1,250,
yoshida_kazumi,4,250,
zubat,4,250,
action_pizazz,3,249,
akg,0,249,
artorias_the_abysswalker,4,249,
boruhis,1,249,
bunny_vibrator,0,249,
cell_(dragon_ball),4,249,cell_(dragonball)
muffin,0,249,muffins
coin_(ornament),0,249,
dart,0,249,darts
double-blade,0,249,
electrocution,0,249,
frustrated,0,249,
fundoshi_aside,0,249,
gabriel_evangel,1,249,gabriel_grayford
harmonica,0,249,
hhh_(wave),1,249,h_(hhhhhh4649)
hota,1,249,
hyouuma,1,249,majorf
implied_bisexual,0,249,
inishie,1,249,
jedi,0,249,
kameponde,1,249,saisarisu
kyokutou_hentai_samurai,1,249,hentai_samurai_far_east
material-l,4,249,
maya_g,1,249,
milking_handjob,0,249,
mina_(pokemon),4,249,matsurika_(pokemon)
mitchi,1,249,
nina_(girls_und_panzer),4,249,
okada_akane,4,249,
outer_senshi,0,249,
print_pants,0,249,
sakurada_jun,4,249,
sceptile,4,249,
seki_hiromi,4,249,
shiina_kuro,1,249,
shu_yamino,4,249,
skirt_caught_on_object,0,249,
sooon,1,249,night199812
subaru_(yachika),1,249,
suka,1,249,
superb_bird-of-paradise_(kemono_friends),4,249,greater_lophorina_(kemono_friends)
suzuya_juuzou,4,249,
tentaclejob,0,249,
toast_(gesture),0,249,
transformers,3,249,
uzaki_(jiro),1,249,
wacom,3,249,
wrestler,0,249,
xingchen,4,249,stardust_(vocaloid)
yu-gi-oh!_sevens,3,249,yugioh_sevens
yuya_(night_lily),1,249,
adjusting_another's_clothes,0,248,
anne_bonny_(fate),4,248,anne_bonny_(fate/grand_order)
arms_on_knees,0,248,
assault_visor,0,248,
camieux,4,248,kumuyu
carlo_montie,1,248,
chain_chomp,4,248,
chansey,4,248,
cobra_(animal),0,248,
comic_anthurium,3,248,
comic_exe,3,248,
dr._stone,3,248,
flametail_(arknights),4,248,sona_(arknights)
gensou_suikoden_i,3,248,suikoden_i
hanazawa_suou,1,248,
holding_shower_head,0,248,
indosou,1,248,indozou
kanapy,1,248,
koyanskaya_(chinese_lostbelt_outfit)_(fate),4,248,
kuzumosu,1,248,
lapis_lazuli_(houseki_no_kuni),4,248,
lewdamone,1,248,bocodamondo
lloyd_irving,4,248,
lysandre_(pokemon),4,248,"l_(pokemon),fleur-de-lis_(pokemon)"
manga_panel_redraw,5,248,
mareep,4,248,
meion,1,248,pupupu_(1053378452)
mochizuki_chiyome_(fate),4,248,mochizuki_chiyome_(fate/grand_order)
ooide_chousuke,1,248,oide_chosuke
oshimizu_nako,4,248,
ovaries,0,248,ovary
peril,0,248,
phichit_chulanont,4,248,
pyon-kichi,1,248,
rhinoceros_beetle,0,248,
sakeharasu,1,248,
shining_resonance,3,248,
snow_white_and_the_seven_dwarfs,3,248,
stack,0,248,
summoning,0,248,
supon,1,248,
tarmo,1,248,
u_(the_unko),1,248,
watashi_(jintai),4,248,
wave_print,0,248,
wild_arms_5,3,248,
admiral_suwabe,4,247,
akamatsu_ken,1,247,
aoblue,1,247,
aoi_masami,1,247,"soukai_(lemonmaiden),lemonmaiden"
artemis_(fate),4,247,artemis_(fate/grand_order)
comiket_99,3,247,
corn_cob,0,247,
cosplay_request,5,247,
delphox,4,247,
drifblim,4,247,
dross,1,247,
ecru,1,247,
eliza_(skullgirls),4,247,
hajime_kaname,1,247,
haruri,1,247,mullpull
hattori_masaki,1,247,hattori_(junoct2000)
hinata_momo,1,247,
hirowa_nagi,1,247,
hishimochi,0,247,
hug_(yourhug),1,247,hug_(artist)
ikeda_kana,4,247,
itachou,1,247,
kisaragi_tsurugi,1,247,kisaragi_(legobionicle23)
kotohime_(touhou),4,247,kotohime
kyoto,0,247,
meganium,4,247,
mumu_(mumunyan),1,247,
nada_haruka,1,247,
nicutoka,1,247,
nokishita,1,247,
ombok_diving_and_delivery_services,3,247,
ox_ears,0,247,
pikomarie,1,247,
sami_(object_dump),1,247,
steelix,4,247,
syatey,1,247,
tohsaka_aoi,4,247,toosaka_aoi
utensil,0,247,
uzui_tengen,4,247,
watermelon_print,0,247,
yozakura_(senran_kagura),4,247,
afukuro,1,246,
aizawa_sakuya,4,246,
antispiral_nia,4,246,
backbeard,4,246,
bond_(spy_x_family),4,246,
bouncing_testicles,0,246,
chibirisu,1,246,
chise_(blue_archive),4,246,waraku_chise
crono_(chrono_trigger),4,246,
enderman,4,246,
excessive_nosebleed,0,246,epic_nosebleed
green_pupils,0,246,
grey_hakama,0,246,
hagure_kedama,1,246,
hidebou,1,246,
hiding_behind_another,0,246,
higa_yukari,1,246,
himawari-san,3,246,
homestuck,3,246,
horned_hood,0,246,
iori_shirou,4,246,iori_shiro
iris_(mega_man),4,246,iris_(rockman_x)
ishtar_(swimsuit_rider)_(fate),4,246,
itaco,1,246,itaco1987
kagiana,1,246,
kagune_(tokyo_ghoul),0,246,
kaname_tatsuya,4,246,
kiritzugu,1,246,kiritzuguart
kunkun,4,246,kun-kun
lenneth_valkyrie,4,246,
mash_kyrielight_(senpai_killer_outfit),4,246,
mayoi_neko_overrun!,3,246,mayoi_neko_overrun
melon_soda,0,246,
muten_roushi,4,246,"master_roshi,kame_sennin,muten_roshi"
nakayama_festa_(umamusume),4,246,
nanotsuki,1,246,
nobeta,4,246,
oniku_(shimofuri-ke),1,246,
palmtop_tiger,4,246,
pumpkinpan,1,246,
renton_thurston,4,246,
sasakura,1,246,
sayla_mass,4,246,
sozan,1,246,
stuffed_fish,0,246,
stun_gun,0,246,
takahata_yuki,1,246,ginko_(flipflops)
tsukiyo_no_ribbon,1,246,
tsuyokiss,3,246,
uboa,4,246,
uona_telepin,1,246,
white_(among_us),4,246,
wolf_hood,0,246,
akitetsu,1,245,
alisaie_leveilleur,4,245,
amy_(suisei_no_gargantia),4,245,
asymmetrical_pants,0,245,
gyarados,4,245,
blood_on_ground,0,245,"blood_on_floor,bloody_ground"
celebration,0,245,
clothed_after_sex,0,245,
coughing,0,245,cough
doukyuusei_2,3,245,
dragon_ball_heroes,3,245,
drawn_ears,0,245,
eno_yukimi,1,245,
eremes_guile,4,245,
eye_beam,0,245,eyebeam
facing_down,0,245,
fake_video,0,245,
fanning,0,245,
flowey_(undertale),4,245,
french_cruller,0,245,cruller
huge_penis,0,245,
google,3,245,
gotou_toushirou,4,245,
green_dew,1,245,
hachijou_(kancolle),4,245,hachijou_(kantai_collection)
himukai_kyousuke,1,245,hyuuga_kyousuke
hinami047,1,245,
hinata_sora,1,245,
holding_own_wrist,0,245,grabbing_own_wrist
holding_pickaxe,0,245,
horned_hat,0,245,hat_horns
houchi_shoujo,3,245,
human_(warcraft),0,245,
ilfa_(to_heart),4,245,hmx-17a
irisu_fuyumi,4,245,
isuka,1,245,
kanju,1,245,
kawashiro_mitori,4,245,
khakis,0,245,
koe_no_katachi,3,245,a_silent_voice
koshigaya_natsumi,4,245,
kouzuki_kei,1,245,
kukka,1,245,
kurochiroko,1,245,
kurotsuchi_nemu,4,245,
kusagami_style,1,245,
kyuutou_(kyuutouryuu),1,245,
lr_hijikata,1,245,
minashirazu,1,245,
molcar,0,245,
multicolored_polka_dots,0,245,
neet,0,245,
oka_asahi,4,245,
olimar,4,245,
ors_anime_renders,1,245,
ouroboros,0,245,
pikl_(elira_pendora),4,245,
pudgeruffian,1,245,
purinpurin,1,245,purinko
same_anko,1,245,reimu9
sarukaiwolf,1,245,
shadow_(persona),0,245,
shanyao_jiang_tororo,1,245,
shouna_mitsuishi,1,245,
siren_(azur_lane),0,245,
taimanin_rpgx,3,245,
tatsuya_(guild_plus),1,245,
tezuka_rin,4,245,
thanatos_(hades),4,245,
tsukumogami,0,245,
ushiwakamaru_(swimsuit_assassin)_(first_ascension)_(fate),4,245,
vocaloid_boxart_pose,0,245,
zhu_bajie,4,245,
add_(elsword),4,244,
advent_cirno,3,244,
ah-lyong_lee,1,244,"mazenta,abbb"
akahito,1,244,
alakazam,4,244,
ansel_(arknights),4,244,
wrestling,0,244,
arulumaya,4,244,
bat_tattoo,0,244,
cum_on_figure,0,244,semen_on_figure
hello_kitty_(character),4,244,
holding_comb,0,244,
ice_cream_spoon,0,244,
ikebukuro_akiha,4,244,
in_(ain),1,244,
jinbaori,0,244,
kamui_(gintama),4,244,
kikugetsu,1,244,
kingdom_hearts_i,3,244,
kodama_fumika,4,244,"katie_forester,fumi-chan,katie_(youkai_watch)"
kuma_(crimsonvanilla),1,244,kuma_(kumako)
max_melon,1,244,max_melon_teitoku
minamoto_shizuka,4,244,
mizuki_(mizuki_ame),1,244,mizuki_ame
musharna,4,244,
mutsumi_masato,1,244,
nanashi_noiji,1,244,
o-ring_legwear,0,244,
penetration_through_clothes,0,244,
piku,1,244,
pilot_helmet,0,244,
reien_girl's_academy_school_uniform,0,244,reien_girl's_academy_uniform
rose_bush,0,244,
shower_curtain,0,244,
sitting_on_food,0,244,
sugimori_ken_(style),0,244,
tai_(nazutai),1,244,
turtleneck_jacket,0,244,
uno_makoto,1,244,
vyragami,1,244,
yamato_aki,4,244,
aipom,4,243,
aochoku,1,243,xinfei
alisha_diphda,4,243,alisha_(tales)
animated_png,5,243,
apple_pie,0,243,
applejack,4,243,
arsalan_(housamo),4,243,arsalan_(tokyo_houkago_summoners)
augustine_sycamore,4,243,
bakumatsu_rouman,3,243,"gekka_no_kenshi,the_last_blade,last_blade"
binder,0,243,
black_delmo,4,243,
bradamante_(third_ascension)_(fate),4,243,
burbur,1,243,
camera_flash,0,243,
chikaretsu,1,243,
chiron_(fate),4,243,
chypre_(heartcatch_precure!),4,243,
cloud_tattoo,0,243,
darth_vader,4,243,
dengeki_hime,3,243,
double_exposure,0,243,image_fill
five_nights_at_freddy's,3,243,fnaf
giant_brush,0,243,giant_paintbrush
head_under_skirt,0,243,head_up_skirt
hitou_nami,4,243,hito_nami
holding_ring,0,243,
hover_bike,0,243,
ishigaki_takashi,1,243,ishikagi_takashi
jinki,3,243,"jinki_extend,jinkiextend"
juuni_kokuki,3,243,"twelve_kingdoms,juuni_kokki"
kaitou_kid,4,243,kaito_kid
kanan,1,243,
keizoku_(emblem),0,243,
kokuzou,1,243,kokuzoo
long_island_(azur_lane),4,243,
luigi_di_savoia_duca_degli_abruzzi_(kancolle),4,243,"abruzzi_(kancolle),luigi_di_savoia_duca_degli_abruzzi_(kantai_collection)"
mug_writing,0,243,
mura_karuki,1,243,
nanohana_(november.),1,243,nanohana_linestamp
oounabara_to_wadanohara,3,243,wadanohara_and_the_great_blue_sea
peacock,0,243,
pretzel,0,243,
quiff,0,243,
saratoga_(warship_girls_r),4,243,
scathacha_(granblue_fantasy),4,243,skasaha_(granblue_fantasy)
shouu-kun,1,243,
store_clerk,0,243,
sui_(camellia),1,243,
tana_(fire_emblem),4,243,
tensugi_takashi,1,243,
trim_brush,0,243,
ttgl_eyecatch,0,243,
vice_(kuronekohadokoheiku),1,243,
yellow_gemstone,0,243,
yonezawa_natsumi,4,243,
zapdos,4,243,
agumon,4,242,
angelina_(distinguished_visitor)_(arknights),4,242,angelina_(quality_visitors)_(arknights)
azumarill,4,242,
baocaizi,1,242,
bellezza_felutia,4,242,
boot_removed,0,242,
circular_saw,0,242,buzzsaw
executive_mishiro,4,242,
fellatio_under_mask,0,242,fellatio_under_veil
fire_emblem_gaiden,3,242,fe2
fujiyoshi_harumi,4,242,
goldfish_scooping,0,242,
golisopod,4,242,
green_tongue,0,242,
hinata_nonoka,1,242,
hitsuki_rei,1,242,
homulilly,4,242,
houkago_no_pleiades,3,242,wish_upon_the_pleiades
ibarazaki_emi,4,242,
inuburo,1,242,
ironmouse,4,242,
iwatobi_hiro,1,242,iwatobihiro
izumi_koushirou,4,242,
kaleido_star,3,242,kaleidostar
katsuragi_keima,4,242,
katsushika_hokusai_(traveling_outfit)_(fate),4,242,
kino_aki,4,242,silvia_woods
kuren,1,242,
linne,4,242,
mizuno_youko,4,242,
mujina,4,242,
nightmare,0,242,
nitako,1,242,
patting,0,242,
pixiv_red,4,242,
poipoi_purin,1,242,sattsu
potpourri_(heartcatch_precure!),4,242,
qualidea_code,3,242,
remembering,0,242,memory
ribucci,1,242,"big_wednesday,corbucci"
riverbank,0,242,
sakura_no_tomoru_hi_e,1,242,sakuranotomoruhie
satan_(umineko),4,242,
shisoneri,1,242,
snow_white_(sinoalice),4,242,
sou_(tuhut),1,242,tuhut
southern_tamandua_(kemono_friends),4,242,
studio_microphone,0,242,
suisai,1,242,
sweater_jacket,0,242,
teshima_nari,1,242,
upset,0,242,
vileplume,4,242,
wangxiii,1,242,pengin_shokushu_tsukai
weibo_id,0,242,
akimoto_dai,1,241,
aoi_nagisa,4,241,
aomine_daiki,4,241,
ayla_(chrono_trigger),4,241,
beatrice_(princess_principal),4,241,
belgium_(hetalia),4,241,
canada_(hetalia),4,241,matthew_williams
captain_yue,1,241,
coral_reef,0,241,
cure_rouge,4,241,
dog_walking,0,241,
donkey_kong_country,3,241,
gambler_club,1,241,
geass,0,241,
hakkai,1,241,
head_biting,0,241,
holding_newspaper,0,241,
huan_li,1,241,bo_bo_milk
ice_climber,3,241,ice_climbers
ikura_nagisa,1,241,
intravaginal_futanari,0,241,
kamen_rider_ex-aid_(series),3,241,
konoe_ototsugu,1,241,ototsugu_konoe
lighting_cigarette,0,241,
lindy_harlaown,4,241,"lindy_hallaoun,lindy_haraoun"
miyabi_akino,1,241,
miyako_(rgrayt),1,241,miyako_(00727aomiyako)
nipi27,1,241,
orion_(bear)_(fate),4,241,orion_(fate/grand_order)
tomato,0,241,tomatoes
primula,4,241,
purple_buruma,0,241,
renamon,4,241,
reverse_grip_handjob,0,241,
ribombee,4,241,
shosei,0,241,
single_arm_warmer,0,241,
slipper_bathtub,0,241,
springfield_(stirring_mermaid)_(girls'_frontline),4,241,
st._feles_gakuen_uniform,0,241,
tackle,0,241,
tari_tari,3,241,
tobisawa,1,241,
waddle_dee,4,241,
traffic_barrier,0,241,
tying_footwear,0,241,"tying_boots,tying_shoes"
yamaguchi_yuu,1,241,
yellow_moon,0,241,
z-ton,1,241,ze_(sawakihein)
abandoned,0,240,
amagase_touma,4,240,
audrey_burne,4,240,audrey_burn
blueprint,0,240,
cafe_(cafe-chan_to_break_time),4,240,cafe-chan_(porurin)
cocq_taichou,1,240,
crawling_dreams,3,240,
eiserne_jungfrau,0,240,
eyeball_hair_ornament,0,240,
fate/unlimited_blade_works,3,240,
game_model,5,240,
green_sarong,0,240,
hakusai_ponzu,1,240,
holding_chainsaw,0,240,
holding_quill,0,240,
icon_(computing),0,240,"icon,icons"
indomitable_(ms._motivationless_maid)_(azur_lane),4,240,
kel_(omori),4,240,
kisaragi_gunma,1,240,gumma
kizuato,3,240,
kobaji,1,240,
landing,0,240,
legend_of_mana,3,240,
lena_(zoal),1,240,
malon,4,240,
marle_(chrono_trigger),4,240,
mayo_chiki!,3,240,mayo_chiki
meerkat_(kemono_friends),4,240,
miyakure,1,240,
olympics,3,240,olympic_games
oppai_mochi,0,240,
paperclip,0,240,paper_clip
professor_(ragnarok_online),4,240,scholar_(ragnarok_online)
roaring,0,240,roar
sai-go,1,240,
sasha_(haguhagu),4,240,
seeker,1,240,
serafall_leviathan,4,240,
shinomiya_karen,4,240,
shitty_t-shirt_naval_base,0,240,
sleep_bubble,0,240,
slipping,0,240,
starly,4,240,
tamahana,1,240,
tao_(kadoya),1,240,
the_loud_house,3,240,
tsuru_(clainman),1,240,chiba_tsuru
unapoppo,1,240,
virginia_knights,4,240,
world_of_tanks,3,240,
yagoo,4,240,tanigou_motoaki
yanagi_yuu,1,240,
yellow_outline,0,240,
yukijirushi,3,240,
yukizuki_chikuba,1,240,chikubaen
yuzuriha_(active_homing),1,240,
angelina_(summer_flowers)_(arknights),4,239,
aruman,1,239,armad
ass_smack,0,239,
bandaid_on_shoulder,0,239,
ben-tou,3,239,"ben_too,ben_to,ben-too,ben-to"
churuya,4,239,
ciel_(mega_man),4,239,"ciel_(rockman),ciel_(megaman)"
compact_(cosmetics),0,239,
cotton_swab,0,239,"q-tip,cotton_bud"
darkside,1,239,
double_(skullgirls),4,239,
emma_august,4,239,
eve_(chihuri),4,239,
evertale,3,239,
eye_socket,0,239,
face_in_ass,0,239,head_between_ass
flying_saucer,0,239,ufo
fujiko_(emnprmn),1,239,
gascogne_(azur_lane),4,239,
grey_sclera,0,239,
hands_on_another's_shoulders,0,239,
heavy_object,3,239,
hiramedousa,1,239,
hirasawa_seiji,1,239,
hisako_(angel_beats!),4,239,fuchida_hisako
ikarin,1,239,
illyasviel_von_einzbern_(swimsuit_archer),4,239,
ippers,1,239,
isamu-ki_(yuuki),1,239,yuuki_(zeicomi100yen)
kumiho,0,239,
kurotama,1,239,
manga_time_kirara,3,239,manga_time_kirara_carat
mebae,1,239,
mew_ichigo,4,239,
mitty_(made_in_abyss),4,239,
mizunoe_kotaru,1,239,
mutsu_kai_ni_(kancolle),4,239,
nakiri_alice,4,239,
nemoto_yuuma,1,239,
nicetack,1,239,
night_raven_college_uniform,0,239,
numbers'_uniform,0,239,
ogino_(oginogino),1,239,botaofnw
pony_play,0,239,ponyplay
pool_table,0,239,"snooker_table,billiards_table"
quiet_(metal_gear),4,239,
rakeemspoon,1,239,rakeem_garcia-cueto
remilia_scarlet_(cosplay),0,239,
ribbon-trimmed_thighhighs,0,239,
rizu-kyun,4,239,
satou_toshiyuki,1,239,
shiina_mashiro,4,239,
shimizudani_ryuuka,4,239,
southern_ocean_oni,4,239,
stargazing,0,239,
supershiruco,1,239,takashiru
tail_biting,0,239,
tatsumi_koutarou,4,239,
turewindwalker,1,239,kaze_no_gyouja
viking,0,239,
virginia_maxwell,4,239,
icon,0,239,
animeflux,1,238,anime_flux
anteater_ears,0,238,
ao+beni,1,238,
bakuzan,0,238,
blindfold_lift,0,238,
bokusatsu_tenshi_dokuro-chan,3,238,"bludgeoning_angel_dokuro-chan,dokurochan"
dobermann_(arknights),4,238,
expulse,1,238,kurisustinah
flower_eyepatch,0,238,
fox_hat,0,238,
fur_(clothing),0,238,
golden_delmo,4,238,
gothic_architecture,0,238,
hagure_keg,1,238,
hair_half_undone,0,238,hair_half_down
honchu,1,238,
hormone_koijirou,1,238,
horse_boy,0,238,horse_man
instant_ramen,0,238,
itamochi,1,238,
itou_nanami,1,238,
jaune_arc,4,238,
juggling,0,238,
kageyama_shien,4,238,
kazepana,1,238,kazehana_(spica)
kosokosomaru_(higashi_taishi),1,238,
kumatora,4,238,
mac_star,1,238,
maekawa_suu,1,238,
maeya_susumu,1,238,
mcgunngu,1,238,
meng_ziya,1,238,
minamoto_chizuru,4,238,
mons_pubis,0,238,
tanabata,0,238,
nier_reincarnation,3,238,
north_abyssor,1,238,abyss_of_parliament
okuba,1,238,
poker,0,238,
print_hairband,0,238,
pumpkin_pants,0,238,
rikudou_inuhiko,1,238,
rina_atherina,4,238,
rotom_(normal),4,238,
sherry_birkin,4,238,
sinensian,1,238,
sit-up,0,238,
six_fanarts_challenge,0,238,
taguchi_takahiro,1,238,
takei_junko,4,238,
takenouchi_sora,4,238,
tassel_choker,0,238,
taxi,0,238,
tom_clancy's_the_division,3,238,
tsukimi_dango,0,238,
ufo,0,238,
ugume,1,238,
wooden_lantern,0,238,
zellam,1,238,zeramu
arcana_heart_3,3,237,
cel_shading,0,237,
daifukumochi_(akaaokiiwo),1,237,
ddangbi,1,237,
echidna_(queen's_blade),4,237,
fake_facial_hair,0,237,
fatal_frame_4,3,237,
folait,1,237,
freija_crescent,4,237,
frog_costume,0,237,"frog_suit,frogsuit"
grey_bag,0,237,
hisoka_morow,4,237,hisoka_(hunter_x_hunter)
hot_chocolate,0,237,hot_cocoa
ichihisa,1,237,
katsura_kotarou,4,237,kotarou_katsura
keita_naruzawa,1,237,
kirin_kakeru,1,237,
kirisawa_saki,1,237,s@ki_kilisawa
kozakura_(dictionary),1,237,
kurata_sayuri,4,237,
light_switch,0,237,
meditation,0,237,meditating
messy_sleeper,0,237,
mo_ne,1,237,hijiwryyyyy
mole_on_collarbone,0,237,
momoirone,1,237,
mont_blanc_(food),0,237,
murakami_tomoe,4,237,
natsu_(blue_archive),4,237,yutori_natsu
nattou,0,237,natto
nikaidou_chizuru,4,237,
nyarla_(osiimi),4,237,
outbreak_company,3,237,
paintrfiend,1,237,
relationship_graph,0,237,relationship_chart
retorillo,1,237,
rezi,1,237,
ribbon_(kirby),4,237,
richter_belmont,4,237,
rose_(pokemon),4,237,
sasaoka_gungu,1,237,
seele_vollerei_(stygian_nymph),4,237,
sekomumasada_sensei,4,237,
shipwreck,0,237,
shukusuri,1,237,
sid_story,3,237,
star_pillow,0,237,
suicide_squad,3,237,
takamichi,1,237,
tipii,1,237,
tsukino_wagamo,1,237,
velzhe,1,237,
yuzuriha_(under_night_in-birth),4,237,
ze_(phrase),0,237,
akizuki_shigure,1,236,51_(akiduki)
ammunition_box,0,236,"box_magazine,ammo_box"
apple_slice,0,236,
arai-san_mansion,3,236,
asahikawa_hiyori,1,236,
avatar_icon,0,236,
bishoujo_senshi_sailor_moon_crystal,3,236,/bssmc
breasts_on_back,0,236,
canned_food,0,236,
cat's_cradle,0,236,string_figure
chameleon_man_(three),1,236,
christmas_tree_hair_ornament,0,236,
cidney_aurum,4,236,
constance_von_nuvelle,4,236,
coreytaiyo,1,236,
cutie_mark,0,236,
diorama,0,236,
ear_chain,0,236,
ear_pull,0,236,
ekko_(league_of_legends),4,236,
glowing_petals,0,236,
golf,0,236,
gulp5959,1,236,
gunner-l,1,236,milk_tank
gurimjang,1,236,
hakata_toushirou,4,236,
hecatia_lapislazuli_(moon),4,236,
heebee,1,236,
hubrael,1,236,misaki_takahiro
joy_division,1,236,
kabayaki_unagi,1,236,cytokine
kamiya_midori,4,236,
kendo,0,236,
kinjo_kuromomo,1,236,"kinjou_kuromomo,tsliuyixin,tsliuyixin"
kuroe_shizuku,4,236,
kurozawa_yui,1,236,"kurosawa_rui_(hjkl42332),kurosawa_(hjkl42332)"
lappland_(refined_horrormare)_(arknights),4,236,lappland_(elegant_omen)_(arknights)
linda,1,236,
lost_universe,3,236,
maid_cafe,0,236,
maine_(honzuki_no_gekokujou),4,236,
munchlax,4,236,
mustard,0,236,
nano_(nanosize),1,236,nano
narumi_tsuyu,4,236,
nenchi,1,236,
oruyanke_(shirakami_fubuki),4,236,
paizuri_on_lap,0,236,
pallas_(arknights),4,236,
tongs,0,236,
pola_(seaside_coincidence)_(azur_lane),4,236,
priestess,0,236,
rikugou_(rikugou-dou),1,236,rikugo
shinonome_asu,1,236,shiki_(s1k1xxx)
shiromiya_asuka,4,236,
shoejob,0,236,footjob_with_footwear
sumeragi_kaguya,4,236,
through_window,0,236,
trigun,3,236,
twin_angel,3,236,
twitter-san,3,236,
unown,4,236,
vanilla_ice,4,236,
washing_back,0,236,
yukico-tan,4,236,yukiko-tan
anzu_(ensemble_stars!),4,235,
babywearing,0,235,
crotchless_swimsuit,0,235,
eliskalti,1,235,elisk
evan_yang,1,235,
flat_sign,0,235,
gambe,1,235,
gorilla,0,235,
gundam_aerial,4,235,
hair_over_crotch,0,235,
haoro,1,235,
harumiya,1,235,
henet_hene,1,235,
holy_grail_(fate),0,235,
hori_shin,1,235,
inkerton-kun,1,235,inkuusan
jacy,1,235,
james_buchanan_barnes,4,235,
jeremiah_gottwald,4,235,
kazuno_leah,4,235,
koumajou_densetsu_2,3,235,"touhouvania_2,koumajo_densetsu_2"
light_cruiser_princess,4,235,light_cruiser_hime
m.o.m.o.,4,235,
magaki_ryouta,1,235,
marius_von_hagen_(tears_of_themis),4,235,
mata_hari_(fate),4,235,mata_hari_(fate/grand_order)
meiko_(inuarashi),4,235,
melon-chan,4,235,
murakami_kou_(raye),1,235,murakami_rei
no_male_underwear,0,235,"no_underwear_(male),no_briefs,no_underwear"
on_railing,0,235,sitting_on_railing
philosopher's_stone,0,235,
pink_babydoll,0,235,
poverty,0,235,poor
rainbow_eyes,0,235,
rolo_lamperouge,4,235,
roserade,4,235,
rougetsu_(eclipse),1,235,
sakurano_ru,1,235,"sakurano_tsuyu,byruu"
sekine_shiori,4,235,sekine
sketchbook_full_colors,3,235,
strawberry_blossoms,0,235,strawberry_blossom
tenpesuto,1,235,kyuchan
tibetan_fox_(kemono_friends),4,235,tibetan_sand_fox_(kemono_friends)
wonderful_rush,0,235,
x_arms,0,235,
yamanokami_eaka,1,235,
yume_no_tsue,0,235,
yuuichi_(tareme_paradise),1,235,yuuichi_(artist)
yuuki_(irodo_rhythm),1,235,yuuki_(pixiv9686)
aihara_yuzu,4,234,aihara_yuzuko
anyan_(jooho),1,234,
aragami_oga,4,234,aragami_ouga
arai_togami,1,234,
arcade_stick,0,234,
aurora_sya_lis_kaymin,4,234,
azuumori,1,234,
beaver_tail,0,234,
bird_boy,0,234,
black_santa_costume,0,234,
blue_stripes,0,234,
brown_scrunchie,0,234,
delia_ketchum,4,234,"mrs_ketchum,mrs._ketchum,hanako_(pokemon),delia_(pokemon),mrs._ketchum,mrs_ketchum,delia_(pokemon)"
fairy_knight_gawain_(second_ascension)_(fate),4,234,
frankenstein's_monster_(swimsuit_saber)_(first_ascension)_(fate),4,234,
furret,4,234,
gon-san,0,234,
hourou_musuko,3,234,wandering_son
inyucchi,1,234,
itohana,1,234,
kaburamaru,4,234,
khyle.,1,234,"khyleri,scrooge_mckhyle"
kirche_augusta_frederica_von_anhalt_zerbst,4,234,/kir
kousaku,1,234,
lace-trimmed_collar,0,234,
manaria_friends,3,234,
matsuda_arisa,4,234,
mizu_asato,1,234,
mosin-nagant_(girls'_frontline),4,234,mosin-nagant_(girls_frontline)
nakajima_konta,1,234,
nonohachi,1,234,
ootsuka_shin'ichirou,1,234,gashin
overexposure,0,234,
palanquin_ship,0,234,
panda_girl,0,234,
playstation_2,0,234,ps2
psychedelic,0,234,psychadelic
raikou,4,234,
raimon_school_uniform,0,234,
sagamiso,1,234,
sensha_otoko,3,234,
shamonabe,1,234,
shimano_natsume,1,234,
swiftsure_(azur_lane),4,234,
thanatos_(persona),4,234,
tsubasa_chronicle,3,234,
tsukimirin,1,234,
unsomnus,1,234,
valtava,4,234,
vs_seeker,0,234,vs._seeker
window_(computing),0,234,pop-up_window
yuri_kuma_arashi,3,234,
abe_takakazu,4,233,
aphrodisiac,0,233,
assisted_stretching,0,233,
birth,0,233,
comic_penguin_club,3,233,
ear_twitch,0,233,
elis_(touhou),4,233,
female_doctor_(arknights),4,233,
foreskin_insertion,0,233,
frioniel,4,233,
full-length_mirror,0,233,
garie_tuman,4,233,
giratina_(origin),4,233,
goodra,4,233,
gumiya,4,233,
hagioshi,1,233,
honda_naoki,1,233,
ice_crystal,0,233,
iori_sei,4,233,
kabeu_mariko,1,233,
kagawa_ichigo,1,233,+15
karuha,1,233,
kibihimi,1,233,
koohiitei_shinbo,1,233,
kotobuki_tsukasa,1,233,
kurumi_momoka,4,233,
lisa_(ponyo),4,233,risa_(ponyo)
machimura_komori,1,233,
manhole_cover,0,233,
mercedes_(odin_sphere),4,233,
miyako_(princess_connect!),4,233,izumo_miyako
miyamasuzaka_girls'_academy_uniform,0,233,
nanami_lucia,4,233,
narumiya_(narumiya),1,233,narumiya
noda_(angel_beats!),4,233,
nyum,1,233,
okita_j._souji_(third_ascension)_(fate),4,233,
orphen,4,233,
peaceful,0,233,
scimitar,0,233,
sesshouin_kiara_(lily),4,233,
windowsill,0,233,window_sill
sky_girls,3,233,
taisa_(cookie),4,233,
tajima_yoshikazu,1,233,nicky_(pipin)
takamine_noa,4,233,
takatsuki_akira,1,233,herunin
tamamo_no_mae_(jk)_(fate),4,233,
throat_bulge,0,233,
tocky,1,233,
tokitou_muichirou,4,233,
wanta_(futoshi),1,233,"roba_takahiro,wantan-orz"
winged_heart,0,233,
yasuda_suzuhito,1,233,
yuuki_eishi,1,233,tsukiyo_gensou
alchemy,0,232,
amano_hina_(tenki_no_ko),4,232,
ankle_wings,0,232,foot_wings
antinomy_of_common_flowers,3,232,
aposine,1,232,
bandana_waddle_dee,4,232,
biting_clothes,0,232,
bodysuit_pull,0,232,
breakfast,0,232,
chest_harness,0,232,
country_connection,0,232,
cure_milky,4,232,
decantering,0,232,
double_bass,0,232,contrabass
drainpipe,0,232,
fagi_(kakikaki),1,232,atsuyah0310
fumihiro,1,232,
grandfather_and_granddaughter,0,232,
green_camisole,0,232,
gundou_mirei,4,232,
hakamichi_shizune,4,232,
hama_chon,1,232,
hanada_hyou,1,232,
hanenbo,1,232,mu_acrt
hot_pants_(sbr),4,232,
kilart,1,232,
kneepit_sex,0,232,knee_pit_sex
konka,1,232,
mad_(hazukiken),1,232,
manticore_(arknights),4,232,
miyamori_school_uniform,0,232,
nagato-chan,1,232,
nanobana_kinako,4,232,
nekomura_iroha,4,232,
okada_(hoooojicha),1,232,joey_joey_joey
payphone,0,232,
pila-pela,1,232,
rob_ishi,1,232,
sarong_lift,0,232,
sasorigatame,1,232,
sawada_yuusuke,1,232,
scarecrow,0,232,
seungju_lee,1,232,
shinkansen_henkei_robo_shinkalion,3,232,
souma_hiroomi,4,232,
tenma_tsukasa,4,232,
tennis_net,0,232,
tsunbeji,1,232,
ukraine_(hetalia),4,232,
valley,0,232,
yurikawa,1,232,
yuuki_keisuke,1,232,cubetype
aoba_tsugumi,4,231,
ayase_midori,1,231,
azuki_yui,1,231,
bald_eagle_(kemono_friends),4,231,
carro_veloce_cv-33,0,231,
clover_(flower),0,231,
crimson_comics,1,231,
cucouroux_(granblue_fantasy),4,231,kukuru_(granblue_fantasy)
cure_yell,4,231,
decorations,0,231,
e_sky_rugo,1,231,okuzashiki
eyepatch_lift,0,231,
fishnet_armwear,0,231,
fukuoka_katsumi,1,231,
fur_shawl,0,231,
gilse,1,231,
grey_rose,0,231,gray_rose
hirokiku,1,231,
holding_cape,0,231,
hwansang,1,231,libert
idea,0,231,
idolmaster_movie,3,231,
judd_(splatoon),4,231,jajji-kun_(splatoon)
kan'u,4,231,
kanzaki_kureha,1,231,
kenken,1,231,
kiyohime_(swimsuit_lancer)_(third_ascension)_(fate),4,231,
kougi_hiroshi,1,231,frlztete
kuro_oolong,1,231,kurou_(crow)
lala_(monster_musume),4,231,
lasto,1,231,skhorosho
madogawa,1,231,
masou_gakuen_hxh,3,231,
matterhorn_(arknights),4,231,
minami_haruka,4,231,
mizunashi_kenichi,1,231,
nagato_yuuki,4,231,
plan_(planhaplalan),1,231,
quilava,4,231,
rokko,1,231,rokko_(pixiv310862)
shaving,0,231,
sibyl,1,231,
sin-go,1,231,
soon_(c-u-soon),1,231,
stepping,0,231,
string_pull,0,231,
tarbo_(exxxpiation),1,231,
the_king_of_fighters_xiii,3,231,king_of_fighters_xiii
unsinkable_sam,4,231,
v_legs,0,231,
weasel,0,231,stoat
xenoblade_chronicles_x,3,231,xenoblade_x
yak_(kemono_friends),4,231,
year_of_the_monkey,0,231,
ace_attorney_investigations,3,230,gyakuten_kenji
apollo_justice,4,230,odoroki_housuke
banagher_links,4,230,barnarge_lynx
bard,0,230,
belt_removed,0,230,
billie_(meng_gong_fang),1,230,menggongfang
bubble_pipe,0,230,
cerberus_(shingeki_no_bahamut),4,230,cerberus_(granblue_fantasy)
clockwork,0,230,
cosine,1,230,
cure_bloom,4,230,
emerada_(xenogears),4,230,emeralda_kasim
emperor_penguin,0,230,
etopen,4,230,
frilled_vest,0,230,
gomano_rio,1,230,
gris_swimsuit,0,230,
hayyan,1,230,
holy_pumpkin,1,230,
impossible_towel,0,230,
kamiyama_high_school_uniform_(sekai),0,230,
kawakaze_(azur_lane),4,230,
kinosaki,1,230,
kiryuu_makoto,1,230,
kumagai_haito,1,230,
lazy_lazy_(idolmaster),0,230,
lina_davis,4,230,lina_(heroman)
mickey_krog,4,230,
mikoto_akemi,1,230,
morita_kazuaki,1,230,
neko_(yanshoujie),1,230,
nishikata,4,230,
phantom_kingdom,3,230,"makai_kingdom,phantomkingdom"
pink_ocean,1,230,
plaid_sailor_collar,0,230,
plant_hair,0,230,leaf_hair
saya_pr,1,230,yoruoujito-tsukinohime
shimizu_kiyoko,4,230,
silver_chariot,4,230,
sleeping_beauty,3,230,
the_terminator,3,230,terminator_1
toro_(konirio),1,230,
touhou_cannonball,3,230,
traumatized,0,230,
urec,1,230,
viewer_on_leash,0,230,pov_leashed
volkor,1,230,
wafer,0,230,
waka_(shark_waka),1,230,
youtube,3,230,
alternate_height,0,229,
benio_(dontsugel),1,229,
blue_blood,0,229,
breathing_on_hands,0,229,
cammy_white_(cosplay),0,229,
cat_pillow,0,229,
chemical_structure,0,229,structural_formula
club_hair_ornament,0,229,
crab_on_head,0,229,
feiqizi_(fkey),4,229,
firefighter_jacket,0,229,fire_jacket
focke_wulf,1,229,"superflat_lolinitron,hokkeurufu,focke"
goumudan,1,229,icarus_(632247131)
hanny_(uirusu_chan),1,229,"hanny_(nhim),censored_capybara"
j.moon,1,229,"h0rtens1a,lilycious"
joker_(dc),4,229,the_joker
kannari,1,229,
kasuga_sunao,1,229,
kawajiri_kosaku,4,229,kawajiri_kousaku
kim_yura_(goddess_mechanic),1,229,
kisamu_(ksmz),1,229,
klaudia_valentz,4,229,
kobeya,3,229,
lara_croft,4,229,
layered_shirt,0,229,layered_blouse
mistletoe,0,229,
momotsuki_gakuen_school_uniform,0,229,
mu_mashu,1,229,
multiple_vaginal,0,229,
murakami_hisashi,1,229,
nakata_sae,4,229,
nesoberi,0,229,
nogami_aoi,4,229,
norza,1,229,
ogata_tei,1,229,
oono_tsutomu,1,229,oono_tutomu
oroborus,1,229,"sauvagex,savagexthicc"
oxygen_tank,0,229,
pachira,4,229,
panties_day,0,229,pantsu_no_hi
purple_serafuku,0,229,
roberta_(black_lagoon),4,229,
sakura_taisen_v,3,229,sakura_wars:_so_long_my_love
sawaguchi_mai,4,229,
scat,0,229,
shogi_piece,0,229,shougi_piece
sian,1,229,sian_sasaland
soba,0,229,
square_pupils,0,229,
star_wand,0,229,
suoiresnu,1,229,passerieux
suzumiya_haruhi_(cosplay),0,229,
takamura_yui,4,229,
taki_minashika,1,229,minashika_taki
tetrodotoxin,1,229,
the_big_o,3,229,big_o
tower_of_fantasy,3,229,
wolf_link,4,229,link_(wolf)
yamaori_(yamaorimon),1,229,
adeptus_astartes,4,228,"space_marine_(warhammer_40k),space_marines"
alien1452,1,228,
beritabo,1,228,su-suke
chaos;head,3,228,
chihiro_(khorosho),1,228,
chiyo_(rotsurechiriha),1,228,
clumsy,0,228,dojikko
danimaru,1,228,iriehana
disgaea_d2,3,228,
dodome-iro_mayonnaise,1,228,dodome_(sharon)
flying_whale,0,228,
french_horn,0,228,
frisbee,0,228,
fujikawa_daichi,1,228,
gif_artifacts,5,228,
girl_(deemo),4,228,
gundula_rall,4,228,
hair_over_mouth,0,228,
heavy,0,228,
henreader,1,228,
hentai_key,3,228,
idoly_pride,3,228,
iwamoto_sora,1,228,
junk_gaming_maiden,3,228,
persimmon,0,228,
kinntarou,1,228,
kirby:_star_allies,3,228,
kisaragi_ryou_(sougetsu-tei),1,228,kisaragiya
kubocha,1,228,
magatsuchi_shouta,4,228,
marta_lualdi,4,228,
maru-yu-san,4,228,
mephist,1,228,
moon_print,0,228,
multi-strapped_bikini_bottom,0,228,
neuroi,4,228,
newtype_flash,0,228,realization_flash
paizuri_over_clothes,0,228,
removing_bra,0,228,unfastening_bra
s-a-murai,1,228,
salt,0,228,
samuel_oak,4,228,
seiken_densetsu_2,3,228,secret_of_mana
shaped_lollipop,0,228,
single_mechanical_leg,0,228,"single_robot_leg,mechanical_leg"
skai_kun,1,228,
splush_wave,1,228,
sugi,1,228,
tanaka_kaori,1,228,"sorayasaga,soraya_saga"
tsuchii_(ramakifrau),1,228,
upotte!!,3,228,upotte
utahane,1,228,
vinhnyu,1,228,
wolf_spirit_(touhou),4,228,
woodland_camouflage,0,228,"woodland_pattern,m81_woodland_(camo),multicam_(camo)"
yoo_tenchi,1,228,ykh1028
zeronis,1,228,"gozentomo3,paul_kwon,shiramune"
air_gear,3,227,
alice_(sinoalice),4,227,
beize_(garbage),1,227,
black_hole,0,227,
book_on_head,0,227,
bottle_to_cheek,0,227,
bubbles_(ppg),4,227,
digimon_xros_wars,3,227,digimon_fusion
double_dealing_character,3,227,
doupo_cangqiong,3,227,battle_through_the_heavens
elina,4,227,
elysion,3,227,
emia_renya,4,227,
emil_(nier),4,227,no._7_(nier)
feather_fan,0,227,
food-themed_ornament,0,227,food_themed_ornament
fujieda_miyabi,1,227,
fujiyama_ichiha,1,227,edel_(edelcat)
giuseppe_garibaldi_(kancolle),4,227,giuseppe_garibaldi_(kantai_collection)
gypsy_(ragnarok_online),4,227,
holding_watering_can,0,227,
holding_whistle,0,227,
horosho,0,227,
inuzuka_bouru,1,227,inuduka_bouru
izumo_neru,1,227,
jeanex,1,227,
jirou_tachi,4,227,
kathryne_keyron,4,227,katheryne_keyron
kimura_kaere,4,227,
kokutou_nikke,1,227,
kurenai_karasu,1,227,
leonmandala,1,227,
louise_halevy,4,227,
macaron_hair_ornament,0,227,
makinaru,1,227,
mikoshiba_mikoto,4,227,
mitsuki_meia,1,227,mitsuki_meiya
nakaichi_(ridil),1,227,
nanaroba_hana,1,227,
naruse_mio,4,227,
nonohara_akane,4,227,
oopartz_yang,1,227,"grooooovy,ggg_(ted08191)"
paint_on_body,0,227,
persona_eyes,0,227,
powered_buttercup,4,227,
queen's_blade_unlimited,3,227,
ren_kougyoku,4,227,
roh_nam_kyung,1,227,jeminl
sbs,1,227,
scirocco_(kancolle),4,227,scirocco_(kantai_collection)
sendou_aichi,4,227,
severed_hand,0,227,
shichirin,0,227,
shinjitsu,1,227,
shirono,1,227,
sora_no_method,3,227,celestial_method
soulcalibur_v,3,227,soul_calibur_v
steins;gate_0,3,227,
tokuno_yuika,1,227,
torso,0,227,
trouble_spirit!,3,227,
uemukai_dai,1,227,
vertical-striped_headwear,0,227,vertical-striped_hat
villyane,1,227,
whistle_frog,1,227,
wilhelmina_braunschweig_ingenohl_friedeburg,4,227,
xu_fu_(fate),4,227,
ycco_(estrella),1,227,
your_diary,3,227,
yuisis_(granblue_fantasy),4,227,
yuno_(suke_yuno),1,227,
zebra_ears,0,227,
zero_(miraichizu),1,227,
alexander_dinh,1,226,
belly-to-belly,0,226,"stomach-to-stomach,belly_to_belly"
beniko_(ymdbnk),1,226,
bible_black,3,226,bible_black_only
caress,0,226,
chixiao,1,226,
crown_of_thorns,0,226,
daida,4,226,
dan_evan,1,226,el-zheng
dino_(dinoartforame),1,226,
dola_(nijisanji),4,226,
dr_graevling,1,226,
egami,1,226,
element_bending,0,226,
elizabeth_f._beurling,4,226,elizabeth_f_beurling
enkidu_(weapon)_(fate),0,226,enkidu_(weapon)
futami_yayoi,1,226,
fuyuno_haruaki,1,226,techno-fuyuno
girlfriend_(houkago_play),4,226,
hai_to_hickory,1,226,
hainchu,1,226,
halphelt,1,226,
harry_potter,4,226,"harry_james_potter,harry_potter_(character)"
haruken,1,226,
holding_mallet,0,226,
ichimi_renge,1,226,ichimirenge
iris_anemone,1,226,
itsuki_kousuke,1,226,
jam_(nandade),1,226,
kagamihara_sakura,4,226,
kendama,0,226,
kodama_yuu,1,226,
kureha_(ironika),1,226,
ni-class_destroyer,4,226,
no_more_heroes,3,226,
propaganda,0,226,
ryara,1,226,ryara_vivi
searching,0,226,
shiny_chariot,4,226,
silver_bikini,0,226,
sitting_on_box,0,226,
soapland,0,226,
sounding,0,226,
sumapan,1,226,
suna_(sunaipu),1,226,
tsukishima_hajime,4,226,
wiping_forehead,0,226,
wraith's_kunai,0,226,
yankee,0,226,
yeklsa,1,226,
arcee,4,225,
artemis_(sailor_moon),4,225,
ashiwara_yuu,1,225,
barrett_m82,0,225,"barrett_m107,m107,barrett_m82a2,m-82a,m82,m82a1"
battoujutsu_stance,0,225,
bell-bottoms,0,225,"wide-leg_pants,flares_(pants),flare_pants,bellbottoms"
cathedral,0,225,
dfer,1,225,
digimon_frontier,3,225,
doseisan,4,225,mr._saturn
drawn_wings,0,225,
dry_humping,0,225,clothed_humping
elaine_(pokemon),4,225,ayumi_(pokemon)
fairy_tone,4,225,
fleet,0,225,
gag_around_neck,0,225,
garimpeiro,1,225,
goldeen,4,225,
goliath_doll,4,225,
head_on_arm,0,225,
heart_hair,0,225,
hino_minato_(spec.c),1,225,
holding_pot,0,225,
jittsu,1,225,
johnny_(from_scratch),1,225,johnny_(artist)
judy_hopps,4,225,
k_pring,1,225,pring654
kavka,1,225,
kazo,1,225,
kidnapping,0,225,
kirusu,1,225,
korrina_(pokemon),4,225,"korinna_(pokemon),koruni_(pokemon),korinna_(pokemon)"
licking_weapon,0,225,
lilim_(monster_girl_encyclopedia),4,225,
mamimi_(mamamimi),1,225,
mash_kyrielight_(cosplay),0,225,
metal_belt,0,225,
minato_fumi,1,225,babynine
mine_(weapon),0,225,land_mine
mitsukoshi_(department_store),0,225,
mixed-sex_combat,0,225,mixed_gender_duel
moe2019,0,225,
nakaseko_kaori,4,225,
native_american_headdress,0,225,
neps-l,1,225,
ol-chan_(oouso),4,225,
omar_dogan,1,225,
otonashi_saya,4,225,
panty_tug,0,225,
paper_hat,0,225,
relm_arrowny,4,225,
ribbon-trimmed_shirt,0,225,
satsuki_rin,4,225,
single_garter_strap,0,225,
soren_(fire_emblem),4,225,
spicy_bardo,1,225,bard-bot
super_famicom,0,225,
swimsuit_theft,0,225,swimsuit_thief
symphony_regalia,0,225,
tsurusaki_yuu,1,225,hatori_niwatori
uzumaki_kushina,4,225,
volcarona,4,225,
voodoo_doll,0,225,
wancozow,1,225,
white_lion_(kemono_friends),4,225,
white_stripes,0,225,
wing_print,0,225,
yuta_agc,1,225,m10shangrila
yuura,1,225,
alita,4,224,gally
baby_carry,0,224,
bone_print,0,224,
cashier,0,224,
cpu_(hexivision),1,224,cpu_(artist)
curse_maker_2,4,224,
cypress,1,224,
dangmill,1,224,
death_stranding,3,224,
egyptian_loli_(surio),4,224,
exif_rotation,5,224,
fuse_tail,0,224,
g-room_honten,1,224,
gazelle_ears,0,224,oryx_ears
grandmother_and_granddaughter,0,224,
hanazome_dotera,1,224,dotera-otoko
hiiragi_tomoka,1,224,
ishida_yamato,4,224,
kakone,1,224,
kobashi_daku,1,224,
komame_(st_beans),1,224,st_beans_lal
kukumomo,1,224,
kuraki_suzuna,4,224,
kuria_(clear_trip_second),1,224,
kurisu_sai,1,224,
kuro_mushi,1,224,
kuroba_dam,1,224,
maehara_shinobu,4,224,
masaki_(ekakiningen),1,224,masak_(masaki4545)
misaki_juri,1,224,
murasaki_iro,1,224,
nagasawa_shin,1,224,
phantasmagoria_of_flower_view,3,224,
pokegear,0,224,
priscilla_the_crossbreed,4,224,
ragnarok_masters,3,224,ragnarok_m:_eternal_love
real_drive,3,224,
relaxjon,1,224,
shindouji_school_uniform,0,224,
sitting_in_window,0,224,
sleepover,0,224,"pajamas_party,pajama_party,slumber_party"
starman_(mario),4,224,
strawberry_parfait,0,224,
tantan_men_(dragon),1,224,
taro_(taro),1,224,
thumbprint_cookie,0,224,jam_cookie
tifa_lockhart_(cosplay),0,224,
united_states_medal_of_honor,0,224,
up_sleeve,0,224,
view_between_legs,0,224,
void_princess_(elsword),4,224,
wrestle_angels_survivor_2,3,224,
yamcha_pose_(meme),0,224,yamcha_pose
yukikaze_kai_ni_(kancolle),4,224,
yuuhi_alpha,1,224,yuuhi_aruha
amelia_wil_tesla_seyruun,4,223,
anila_(summer)_(granblue_fantasy),4,223,
apologizing,0,223,apology
arito_arayuru,1,223,
ayya_sap,1,223,"ayya_saparniyazova,ayyasap"
bad_neck,0,223,
bakutendou,1,223,bakutendo
batacchi_(mashimashi_butter),1,223,batabata0015
blue_reflection,3,223,
bodskih,1,223,
boke-chan,1,223,
cecilia_lynne_adelhyde,4,223,
fajyobore,1,223,"fajyobore323,ser323"
feather_duster,0,223,
fish_skeleton,0,223,"fish_bone,fishbones,fishbone,fish_bones"
fukiyose_seiri,4,223,
gagraphic,3,223,ga_graphic
hasegawa_chisame,4,223,
hiki_niito,1,223,
hornet_(azur_lane),4,223,
jet_set_radio,3,223,
jumpluff,4,223,
kamehameha,0,223,
kereno,1,223,amber_kereno
kisaragi_miyu,1,223,
konoe_a._mercury,4,223,"konoe_a_mercury,nine_(blazblue)"
kotatsu_kaya,1,223,
kurogane_gin,1,223,kurogin3
kyjsogom,1,223,
maki_keigo,1,223,chouonsoku-jiisan
melanbread,1,223,watermelan
melopun,1,223,meropan
mike156,1,223,mike's_room
mirai_(sugar),1,223,
mizutamako,1,223,
mojo,0,223,
mokeo,1,223,
multicolored_sky,0,223,
nagana_sayui,1,223,
nanael,4,223,
nearl_the_radiant_knight_(arknights),4,223,
nonono_(nononotea),1,223,nonono
pages,0,223,
poppi_qtpi_(xenoblade),4,223,"hana_jd,poppi_qtpi"
realmbw,1,223,
sakae_general_school_uniform,0,223,
sakakura_juuzou,4,223,
sayika,1,223,
shigekikkusu,1,223,
spiked_pauldrons,0,223,
stinger,0,223,
stomach_punch,0,223,"harapan,punch_to_stomach,gut_punch"
takamura_wamu,1,223,
tonchinkan,1,223,
transparent_raincoat,0,223,
unel,1,223,
unison_(nanoha),0,223,unison
yukoku_roberu,4,223,yuukoku_roberu
yurikuta_tsukumi,1,223,
aibumi,1,222,
akinashi_yuu,1,222,
arcane_vi,4,222,
ayase_honoka,4,222,
battlefield_(series),3,222,
belial_(granblue_fantasy),4,222,
bonfire,0,222,
brown_feathers,0,222,
bushidou_(sekaiju),4,222,"samurai_(sekaiju),ronin_(sekaiju),ronin_(etrian)"
chinchongcha,1,222,
cracked_screen,0,222,
cross-species_cosplay,0,222,
dengeki_bunko,3,222,
dratini,4,222,
fujisaki_yuu,1,222,
gedou_(ge_ge_gedou),1,222,
hat_around_neck,0,222,
hayase_ruriko_(yua),4,222,
hibiscus_(arknights),4,222,
hiroki_ree,1,222,
hisame_genta,1,222,
hisanuma_sayu,4,222,
hitomi_sensei_no_hokenshitsu,3,222,nurse_hitomi's_monster_infirmary
holding_headphones,0,222,
implied_handjob,0,222,
kannagi_kaname,1,222,
kikuchi_tsutomu,1,222,
lilka_eleniak,4,222,
marching_band,0,222,
miraculous_ladybug,3,222,
mizuno_kurage,1,222,
moriyama_shiemi,4,222,
mosaic_background,0,222,
muuba,1,222,"hagubani,gyoniku"
nagatsukiin,1,222,
nessie_(respawn),4,222,
on_pillow,0,222,
otogibara_era,4,222,
putting_on_gloves,0,222,
rapunzel_(disney),4,222,
rokka_no_yuusha,3,222,rokka:_braves_of_the_six_flowers
sage_(granblue_fantasy),4,222,
sanbou,0,222,
seychelles_(hetalia),4,222,
shidou_mariya,4,222,
shirt_cut_(meme),0,222,
shukinuko,1,222,syui_ko
shuriken_hair_ornament,0,222,
songjikyo,1,222,
speculum,0,222,
stereo,0,222,
sunbathing,0,222,
throtem,1,222,
tiger_hood,0,222,
toph_bei_fong,4,222,
trombone,0,222,
tsujimoto_natsumi,4,222,
uchiu_kazuma,1,222,
wet_spot,0,222,
xxzero,1,222,
yasaka_minato,1,222,
yuccoshi,1,222,quot
yuugo_(atmosphere),1,222,
yuzuki_kei,1,222,
zukky,1,222,
aihara_mei,4,221,
bikini_briefs,0,221,
black_souls,3,221,
black_surge_night,3,221,
bondage_mittens,0,221,
boruto:_naruto_the_movie,3,221,
bucchake_(asami),1,221,
carro_pino,4,221,
cassette_player,0,221,
chocho_(homelessfox),1,221,dandelion_(artist)
colored_text,0,221,
cum_in_navel,0,221,
eiden_(nu_carnival),4,221,
ferdinand_von_aegir,4,221,
front-hook_bra,0,221,
fuck-me_shirt,0,221,
ghetsis_harmonia,4,221,
grabbing_own_thigh,0,221,
holding_goggles,0,221,
hoto_mocha,4,221,
irori,1,221,
kagura_hikari,4,221,
kojima_(blue_stardust),1,221,kojima_takuro
krokobyaka,1,221,
kyogoku-uru,1,221,
leonmitchelli_galette_des_rois,4,221,
magai_akashi,1,221,
mashima_saki_(mashimasa),1,221,shinooji
midori_niku,1,221,
mienshao,4,221,
monaim,1,221,
omake,0,221,
planetarian,3,221,
print_male_underwear,0,221,print_underwear_(male)
purple_nipples,0,221,
rash_guard,0,221,swim_shirt
reitaisai,3,221,
revenant_(apex_legends),4,221,
saw_cleaver,0,221,
seiken_no_blacksmith,3,221,the_sacred_blacksmith
shirataki_kaiseki,1,221,
skull_belt,0,221,
snorlax,4,221,
stone_free,4,221,
tobimura,1,221,
tsab_naval_military_uniform,0,221,
tsukimi,0,221,
tsumura_tokiko,4,221,
two-tone_panties,0,221,
two-tone_shorts,0,221,
uterine_prolapse,0,221,
vardan,1,221,
wok,0,221,
yasakani_an,1,221,
yn_red,1,221,
yomiyama_north_junior_high_school_uniform,0,221,
youshuu,1,221,
zeco,1,221,
altina_orion,4,220,
aonaga_heri,1,220,
ar_(lover_boy),1,220,
arino_hiroshi,1,220,
arisugawa_himari,4,220,
asagi_yuna,1,220,"shirako_sei,hijiri-ssh"
asteroid,0,220,
azuki_(azuki-taste),1,220,
brodie_helmet,0,220,
butterfly_on_head,0,220,
chastity_cage,0,220,
chireiden,0,220,
choco_(chocolate_shop),1,220,chocolate_shop
code_geass:_boukoku_no_akito,3,220,code_geass:_akito_the_exiled
cum_on_food,0,220,
cyberpunk_2077,3,220,
earasensha,1,220,
energy_drain,0,220,
eternal_return:_black_survival,3,220,
fur_bikini,0,220,
gakky,1,220,
galibo,1,220,
gambol_shroud,0,220,
hamadaichi,1,220,111132daiti
hayate_immelmann,4,220,
hohehohe,1,220,
holding_crown,0,220,
holding_gohei,0,220,
ikaasi,1,220,
indirect_kiss,0,220,
inflatable_armbands,0,220,"floaties,water_wings_(swim_aid)"
itou_nobue,4,220,
jenevan,1,220,
juna,1,220,
kagawa_yuusaku,1,220,
kamen_rider_revi,4,220,
kappa_mob_(touhou),4,220,kappa_mob
katou_keiko,4,220,
kazana_(sakuto),1,220,sakuto_kazanami
knightmare_frame,0,220,
kusada_souta,1,220,
melt_(vocaloid),3,220,melt
minarai_shachou,1,220,
misonou_hirokichi,1,220,
mofurun_(mahou_girls_precure!),4,220,
monsterverse,3,220,
musujime_awaki,4,220,
naruse_chisato,1,220,
panty_mask,0,220,
paper_child,0,220,
paru_rari,1,220,
phamoz,1,220,
pumpkin_costume,0,220,
ricochet-gou,1,220,rikosyegou
rokudou_mukuro,4,220,
scar_on_back,0,220,
severa_(fire_emblem),4,220,selena_(fire_emblem)
spiked_ball_and_chain,0,220,
strong,0,220,
takamura_kazuhiro,1,220,
takumi_(scya),1,220,
tio_plato,4,220,
torn_boots,0,220,
uesugi_u._kyouko,4,220,uesugi_u_kyouko
usagi_koushaku,1,220,
xichii,1,220,
yakumo_ran_(fox),4,220,
yoko_littner_(cosplay),0,220,yoko_ritona_(cosplay)
admiral_(warship_girls_r),4,219,
aegis_(nerocc),1,219,
alternate_facial_hair,0,219,
arakawa_tarou,1,219,
arrow_in_body,0,219,
awa_yume,1,219,
border_break,3,219,
bunny_panties,0,219,
butterfly_earrings,0,219,
caracol,1,219,
cross_ange,3,219,
daiishori,1,219,
dema_hmw,1,219,"daima_hmw,hmw_(pixiv7054584)"
eve_santaclaus,4,219,
fire_emblem:_shadow_dragon_and_the_blade_of_light,3,219,"fire_emblem:_ankoku_ryuu_to_hikari_no_tsurugi,/fe1,fe1"
fukazaki,1,219,
fukudahda,1,219,"fukudaada,kensou_ogawa"
fuuna,1,219,
gondola,0,219,
hephaestus_(housamo),4,219,hephaestus_(tokyo_houkago_summoners)
hinasaki_you,1,219,hinasaki
howard_alt-eisen,4,219,
inoue_takuya,1,219,
ippongui,1,219,
kamen_rider_zi-o_(series),3,219,
koito_otonoshin,4,219,
maku_ro,1,219,
mapo_tofu,0,219,"mapo_doufu,mapotofu,maabou_doufu"
mary_read_(fate),4,219,mary_read_(fate/grand_order)
mirrored_text,0,219,mirror_writing
miyasaka_miyabi,1,219,"kagurazaka_miyabi,kagura_miyabi"
mount_lady,4,219,takeyama_yu
murai_shinobu,1,219,mi_(pixiv91989)
nanaya_shiki,4,219,
no_detached_sleeves,0,219,
no_entry_sign,0,219,
nozomi_(princess_connect!),4,219,sakurai_nozomi_(princess_connect!)
ookiku_furikabutte,3,219,"big_windup!,big_windup"
pinstripe_pants,0,219,
postcard,0,219,
rein_(futagohime),4,219,"rein_(fushigiboshi_no_futago_hime),rein"
rolling_bubbles,4,219,
roulette_table,0,219,
saegusa_wakaba,4,219,
schreibe_shura,1,219,
shibusun,1,219,
sho_(runatic_moon),1,219,
stairwell,0,219,
strike_witches_1991,3,219,
sui_(suizilla),1,219,fug_(4chan)
suzushina_yuriko,4,219,
tales_of_hearts,3,219,
tenjin_hidetaka,1,219,
testicle_peek,0,219,
therion_(octopath_traveler),4,219,
translucent_skin,0,219,
twintelle_(arms),4,219,
yu-ri,1,219,
zone-archive,3,219,
zone-tan,4,219,
air_jordan,0,218,
akahi242,1,218,
amahara_subaru,1,218,
anabel_(pokemon),4,218,lila_(pokemon)
scarf,0,218,muffler
arms_around_back,0,218,
battle_bunny_riven,4,218,
blazblue_remix_heart,3,218,
box_(hotpppink),1,218,
valtor,1,218,val_(escc4347)
canal_vorfeed,4,218,canal_vorpheed
computer_tower,0,218,desktop_tower
curss,1,218,kixyuresu
deluxe<<<,1,218,dio_uryyy
fender_stratocaster,0,218,stratocaster
fiora_(league_of_legends),4,218,fiora_laurent
hanasaki_miyabi,4,218,
heero_yuy,4,218,"hiiro_yui,heero_yui"
holding_paddle,0,218,
hou_(ppo),1,218,akira_hou
izumi_akane,1,218,sensui_akane
junwool,1,218,
kakogawa_tarou,1,218,
karbo,1,218,
kikkoumon,0,218,
kujo_holy,4,218,kuujou_holly
lee-enfield,0,218,
low_braid,0,218,
mahou_shoujo_lyrical_nanoha_innocent,3,218,
mightyena,4,218,
mikimoto_haruhiko,1,218,
mikoto_(oi_plus),1,218,
miyagawa_takane,4,218,
munetani_mashiro,4,218,
nanakaku,1,218,
newhalf_with_male,0,218,male_with_newhalf
nightcat,1,218,
nipple_rub,0,218,
noto_(soranoto),1,218,yoshina_hijiki
pasutel,1,218,
petra_ral,4,218,
piercing_through_clothes,0,218,
pin,0,218,pins
pix_(league_of_legends),4,218,pix
pokemon_on_back,0,218,
q-bee,4,218,
rita_rossweisse_(umbral_rose),4,218,
sakura_megumi,4,218,
sakuragi_hinako,4,218,
saratoga_mk_ii_(kancolle),4,218,
scorpion,0,218,
sett,0,218,
shigetake_(buroira),1,218,
sophie_twilight,4,218,
sports_utility_vehicle,0,218,suv
sunrise_stance,0,218,brave_perspective
tamatsukuri_misumaru,4,218,
tenkuu_nozora,1,218,
underbarrel_grenade_launcher,0,218,
vins-mousseux,1,218,
witch_(puyopuyo),4,218,
yamasuta,1,218,
yamcha,4,218,
yuriwhale,1,218,
zombification,0,218,
alm_(fire_emblem),4,217,
amano_keita,4,217,"nathan_adams,nate_(youkai_watch)"
ara_ara,0,217,
bell_cranel,4,217,
blanka,4,217,
hoothoot,4,217,
colored_pencil,0,217,coloured_pencil
cu_chulainn_alter_(third_ascension)_(fate),4,217,
elhaym_van_houten,4,217,elly_(xenogears)
flandre_scarlet_(cosplay),0,217,
gijang,1,217,
glaze_lily,0,217,
gucchiann,1,217,
gurageida,1,217,
harusawa,1,217,
hecatia_lapislazuli_(cosplay),0,217,
height_conscious,0,217,
helena_blavatsky_(third_ascension)_(fate),4,217,
holding_whisk,0,217,
honolulu_(summer_accident?!)_(azur_lane),4,217,
hujikok,1,217,
indesign,1,217,
jade_curtiss,4,217,
jaw_drop,0,217,
junpaku_karen,1,217,
kannagi_itsuki,4,217,
kawashima_sapphire,4,217,
kurusu_kimihito,4,217,
las91214,1,217,
luz_noceda,4,217,
mattari_illust,1,217,
mikhail_buran,4,217,
minoa_(lastswallow),1,217,lastswallow
monoe,4,217,
morte_(arknights),4,217,
muu_rian,1,217,nameman_murian
nana_(ice_climber),4,217,
ne_an_ito,1,217,
oiled,0,217,
open_towel,0,217,
otonashi_meru,4,217,
pandain,1,217,
purple_suit,0,217,
sen_no_kiseki_iv,3,217,"trails_of_cold_steel_iv,sen_no_kiseki_4"
sesena_yau,1,217,kokikko
setmen,1,217,tokenbox
shikibe_ayaka,4,217,
shinano_toushirou,4,217,
sniper,0,217,
swiss_flag,0,217,
terence_t._d'arby,4,217,
teruru,1,217,teruru_(pixiv211126)
topia,1,217,
udin_(kureiji_ollie),4,217,
waist_cutout,0,217,
watabe_koharu,4,217,
white_nightgown,0,217,
wild_and_horned_hermit,3,217,
yan_pai,1,217,tm3452
youkai_watch_2,3,217,
yukizome_chisa,4,217,
agrius_metamorphosis,0,216,
airport,0,216,
aoin,1,216,omegaboost
canards,0,216,
choujuu_gigaku,0,216,
christina_(princess_connect!),4,216,christina_morgan
colonel_sanders,4,216,
cumdrip_onto_panties,0,216,
doppel_(bonnypir),1,216,doppel_(pixiv)
feet_only,0,216,
food_wrapper,0,216,
godees,1,216,
gorou_(darling_in_the_franxx),4,216,
grandia_lee,1,216,grandialee
green_butterfly,0,216,
hands_on_own_chin,0,216,
hazuki_haru,1,216,hadzuki_haru
heart_belt,0,216,
hinata_natsumi,4,216,
imageboard_colors,0,216,
impostor_(among_us),4,216,
jakelian,1,216,
johnny_funamushi,1,216,
ke-su,1,216,
kuroshio_kai_ni_(kancolle),4,216,
kuzuki_souichirou,4,216,
licking_hand,0,216,hand_licking
miwa_yoshikazu,1,216,"fa762k,yoshikazu_miwa"
monster_farm,3,216,monster_rancher
moon_stick,0,216,
moto_murabito,1,216,
nakatokung,1,216,
ne-on,1,216,
nel_zelpher,4,216,
no_choker,0,216,
paint_stains,0,216,
photo_album,0,216,
photon_ray_(fate),0,216,photon_ray
piro_(orip),1,216,
pyramid_(geometry),0,216,
red_goggles,0,216,
red_wristband,0,216,
repair_bucket,0,216,
romancing_saga,3,216,romancingsaga
rum_(girls_und_panzer),4,216,
saikai_academy_uniform,0,216,
saito_katuo,1,216,
sakura_kotetsu,1,216,
salmon_run,0,216,
sam_yang,1,216,sam_yang_(samdoesarts)
sengoku_musou_2,3,216,samurai_warriors_2
shadows_house,3,216,
sneer,0,216,
spoken_skull,0,216,
strip_game,0,216,
sumaki_shungo,1,216,
sunken_cheeks,0,216,
super_robot_wars_30,3,216,
suspenders_hanging,0,216,
takomeshi,1,216,
team_rocket_grunt,4,216,rocket_grunt
tenjou_tenge,3,216,tenjoutenge
tokimeki_memorial_1,3,216,
tsukamoto_yakumo,4,216,
tsukuyomi_komoe,4,216,
u_jie,1,216,
under_skirt,0,216,under_dress
vittorio_veneto_(azur_lane),4,216,
wild_arms_4,3,216,
yagi_toshinori,4,216,
yakitate!!_japan,3,216,yakitate_japan
yasojima_nejiro,1,216,
zhibuji_loom,1,216,
acchii_(akina),1,215,
akali_(legacy),4,215,
alchemaniac,1,215,andrian_gilang
clothed_animal,0,215,
anzumame,1,215,dohyun0305
aoi_tobira,1,215,
ariake_(kancolle),4,215,ariake_(kantai_collection)
arikanrobo,1,215,
asou_shin,1,215,
ayanami_kai_ni_(kancolle),4,215,
boater_hat,0,215,
condom_in_clothes,0,215,
disintegration,0,215,
dyed_ahoge,0,215,
emerane,1,215,
gardening,0,215,
gipsy_danger,4,215,
giuniu,1,215,
great_pyrenees,0,215,
hand_on_weapon,0,215,
hasekura_rei,4,215,
holding_baby,0,215,
holding_necktie,0,215,
hoshino_yumemi,4,215,reverie
inari_one_(umamusume),4,215,
inumaki_toge,4,215,
kagura_tohru,1,215,
kanbe_kotori,4,215,
kekocha,1,215,
kizuki_aruchu,1,215,
konno_makoto,4,215,
lens_flare_abuse,0,215,
levy_mcgarden,4,215,
mashiro_(blue_archive),4,215,shizuyama_mashiro
meguru_(megurunn),1,215,
miyoshi_sana,4,215,
ucmm,1,215,
mutton_chops,0,215,
neopure,1,215,
nyoibo,0,215,
olive_laurentia,4,215,ol-chan_(norman_maggot)
open_arms,0,215,
orimura_ichika,4,215,
parasite_eve,3,215,
patricia_martin,4,215,
phoenix_wright:_ace_attorney_-_dual_destinies,3,215,"ace_attorney_5,gyakuten_saiban_5"
qilin_(mythology),0,215,kirin_(mythology)
raira_academy_uniform,0,215,
ramanda,1,215,
rear-view_mirror,0,215,
retoree,4,215,
ribbed_swimsuit,0,215,
saber_marionette_j,3,215,
sharumon,1,215,
slow_loop,3,215,
slytherin,0,215,
stasis_tank,0,215,"cloning_vat,stasis_tube,cloning_tank,lab_vat"
stmast,1,215,stmaster
stuffed_tiger,0,215,
supergirl,4,215,kara_zor-el
sword_of_dios,0,215,
synthesizer,0,215,
tantaka,1,215,
tien_(granblue_fantasy),4,215,esser
toyosaki_shu,1,215,yutaka_saki_shu
vofan,1,215,
wehrmacht,0,215,nazi_german_army
angol_mois,4,214,moa
barashiya,1,214,
beta_(inazuma_eleven),4,214,
blaccura,1,214,"burakku-ra,coyotegti"
brick_road,0,214,
brown_ascot,0,214,brown_jabot
buta_tamako,1,214,
calamity_queller_(genshin_impact),0,214,
cape_hold,0,214,
chinchou,4,214,
chrono_harlaown,4,214,"chrono_hallaoun,chrono_haraoun"
cure_gelato,4,214,
dark_pit,4,214,black_pit
dowman_sayman,1,214,
edward_wong_hau_pepelu_tivrusky_iv,4,214,
eiji_(eiji),1,214,
euryale_(third_ascension)_(fate),4,214,
fairy_fencer_f,3,214,
fukumaaya,1,214,
futakoi,3,214,
gengetsu_chihiro,1,214,
hakuishi_aoi,1,214,
hattori_shizuka,4,214,
hijab,0,214,
hiroshimaben,0,214,
jacket_tug,0,214,
jakob_(fire_emblem),4,214,joker_(fire_emblem_if)
jyushimatsu's_girlfriend,4,214,juushimatsu's_girlfriend
kitarou,4,214,
laco_soregashi,1,214,"rako_soregashi,lacosoregashi"
lanxi_zhen,3,214,
lemontea,1,214,
mirage_farina_jenius,4,214,
nakamura_sumikage,1,214,"tabikagesan,chan_inpashi"
namco,3,214,
nana_(raiupika),1,214,
narushima_kanna,1,214,
navel_focus,0,214,
ninomotonino,1,214,2nohito
nose_art,0,214,
ofuda_on_pussy,0,214,
ohitsu,0,214,meshibitsu
open_pajamas,0,214,
otomedius,3,214,
pokemon_unite,3,214,
pumpkinsinclair,1,214,
rokuichi,1,214,deep_dive_algorithm
ryuinu,1,214,
serizawa_mutsuki,1,214,
shigaraki_(strobe_blue),1,214,
sig_sauer_p226,0,214,
sonken,4,214,
stalker_(ragnarok_online),4,214,chaser_(ragnarok_online)
stew,0,214,
suzuki_arisa,4,214,
tales_of_innocence,3,214,
tamiya_akito,1,214,
teu_(navy),1,214,"suikaoishisugi,ebi_shamo"
tilm,1,214,tirumu
tsumugi_(princess_connect!),4,214,mayumiya_tsumugi
ultima_(fft),4,214,altima
ultraman,4,214,
veteran_mercenary_echidna,4,214,
wooden_pencil,0,214,
zangyaku-san,4,214,
zaregoto_series,3,214,
ashiroku_(miracle_hinacle),1,213,miracle_hinacle
castlevania:_rondo_of_blood,3,213,castlevania:_dracula_x
chariot_(black_rock_shooter),4,213,
cyrus_(pokemon),4,213,akagi_(pokemon)
dolphin_girl,0,213,
enelis,1,213,
formaggio,4,213,
green_male_underwear,0,213,green_underwear_(male)
hera_(p&d),4,213,
hoop_skirt,0,213,
hyakkimaru_(dororo),4,213,
hyocorou,1,213,
inside_creature,0,213,
jimmy_madomagi,1,213,
kamijo_haruna,4,213,kamijou_haruna
karei,1,213,shouga_(hiramememe)
kindergarten_teacher,0,213,
kogane_(staygold),1,213,
kusuriuri_(mononoke),4,213,medicine_seller_(mononoke)
lainart,1,213,
lila_decyrus,4,213,
loran_cehack,4,213,
mochirong,1,213,
moltres,4,213,
no_hairband,0,213,
nyagakiya,1,213,
orange_lips,0,213,orange_lipstick
pansy,0,213,
pkp_(girls'_frontline),4,213,pkp_(girls_frontline)
reddizen,1,213,
rena_lanford,4,213,
sawatari_(sado),1,213,sad_fuka
sezok,1,213,sezoku
sidon,4,213,
sophocles_(pokemon),4,213,"maamane_(pokemon),mamane_(pokemon)"
sora_(efr),1,213,chuu
sorano_aoi,4,213,
stella_vermillion,4,213,
stiff_tail,0,213,straightened_tail
super-shorty_(girls'_frontline),4,213,"super_shorty_(girls'_frontline),super_shorty_(girls_frontline)"
taikogane_sadamune,4,213,
tokiti,1,213,
tsunashima_shirou,1,213,tunasima_sirou
turn_a_gundam_(mobile_suit),4,213,
ukulele,0,213,ukelele
upanishi_mariko,1,213,upanishi
viva!!,1,213,
waist_poke_ball,0,213,waist_pokeball
yukiguni_yuu,1,213,
ai_shite!_homun,3,212,
arakawa_under_the_bridge,3,212,
arthur_ko,1,212,
asazuki_norito,1,212,
blizzard,0,212,snowstorm
clarinet,0,212,
coconut_(nekopara),4,212,coconut_(sayori)
colored_condom,0,212,
cryokinesis,0,212,"cryomancy,ice_manipulation,ice_magic"
cure_ace,4,212,
dress_in_mouth,0,212,
erwin_smith,4,212,irvin_smith
final_fantasy_iv_the_after,3,212,
gazebo,0,212,
glowing_lines,0,212,
grasslands,0,212,
gundam_f91,3,212,
guy_cecil,4,212,gaillardia_galan_gardios
hayakawa_pao,1,212,pao_(otomogohan)
helianthus_(girls'_frontline),4,212,helianthus_(girls_frontline)
hercule_barton,4,212,
hijikata-san_(m.m),4,212,
holding_drinking_straw,0,212,
holding_ears,0,212,
hoshizaki_reita,1,212,
infernape,4,212,
kageyama_tobio,4,212,
kamen_rider_drive_(series),3,212,
karasuma_chitose,4,212,
kikuchi_seiji,1,212,
kinhasu,1,212,handesu
kou1,1,212,
kunio-kun_series,3,212,
kyururu_(kemono_friends),4,212,
lunatic_(tiger_&_bunny),4,212,
male_underwear_aside,0,212,"boxers_aside,briefs_aside,underwear_aside_(male)"
mexico,0,212,mexican
mikan_box,0,212,
miyama_amehiko,1,212,"vowzmen,miyama_kannon"
narumiya_yume,4,212,
narwhal_(kemono_friends),4,212,
ningguang_(orchid's_evening_gown)_(genshin_impact),4,212,
ootori_tatta,4,212,
oppai_challenge,0,212,
penis_milking,0,212,
puge,1,212,
punch-out!!,3,212,
puracotte,1,212,
rapidash,4,212,
recycling_symbol,0,212,
romulus_(fate),4,212,romulus_(fate/grand_order)
sabachiyo_land,1,212,
sakurai_yumeko,4,212,
scuba,0,212,
slam_dunk_(series),3,212,
tangela,4,212,
team_plasma,0,212,
thumb_biting,0,212,
tramp_stamp,0,212,
tsurugi_minko,4,212,
umarutsufuri,1,212,wumarutsufuri_(artist)
vertical-striped_swimsuit,0,212,
waraningyou,0,212,
wax_seal,0,212,sealing_wax
white_blindfold,0,212,
yukimitsuki,1,212,
american_football,0,211,football_(american)
anthuria,4,211,
araizumi_rui,1,211,
asakusa_midori,4,211,
atra_mixta,4,211,
bafarin,1,211,
bomberman,3,211,
borderlands_(series),3,211,
bulge_press,0,211,
cain_highwind,4,211,
cloak,0,211,
cezaria,1,211,
chain_leash,0,211,collar_with_chain
charles_schulz_(style),0,211,
cibo,4,211,
clock_hands,0,211,
dogoo,4,211,
elbe_(azur_lane),4,211,
exposed_muscle,0,211,
hands_on_eyewear,0,211,
feather_necklace,0,211,
granado_espada,3,211,
green_suit,0,211,
harukaze_unipo,1,211,
higaragi,1,211,hiiragi_(jhug8877)
hirose_sumire,4,211,
hole_in_wall,0,211,
hong_meiling_(panda),4,211,
hyena_girl,0,211,
i_heart...,0,211,i_love...
ibuki_(azur_lane),4,211,
inamitsu_shinji,1,211,
isaki_kaname,4,211,
kaisenpurin,1,211,
kawano_takuji,1,211,
kaze-hime,1,211,
kiyohime_(third_ascension)_(fate),4,211,
kouki_kuu,1,211,
lemonade,0,211,
libiadan,1,211,
lipstick_ring,0,211,
chinese_bellflower,0,211,
long_nipples,0,211,
mamiyama,1,211,quatre_aaaa
maria_traydor,4,211,
miku_(darling_in_the_franxx),4,211,
mito_ikumi,4,211,
modeling,0,211,
nidoking,4,211,
okuto,1,211,
panda_hair_ornament,0,211,
panther_chameleon_(kemono_friends),4,211,
pinecone_(arknights),4,211,
psychic_hearts,3,211,
shikuta_maru,1,211,
shunsei_(muratou),1,211,"okome,mo_(shu)"
silveroid,1,211,"silver_(yin),silver15"
source_quote_parody,0,211,
stab,0,211,"stabbing,stabbed"
tail_insertion,0,211,
the_shining,3,211,
tokiwa_(mukoku),1,211,t0kiwa
usami_taiga,4,211,
water_lily_flower,0,211,
yaguo,1,211,
zerosu_(take_out),1,211,pzeros
akikaze_tsumuji,1,210,
akimaki_yuu,1,210,aki_maki_yuu
all_the_way_through,0,210,
amagasa_yun,1,210,
ariga_tou,1,210,
armored_vehicle,0,210,
baisi_shaonian,1,210,
birthday_party,0,210,
blazblue_variable_heart,3,210,
chimecho,4,210,
closure_(arknights),4,210,
eiffel_tower,0,210,
flags_of_all_nations,0,210,
freezing_(series),3,210,
galaxia_(sword),0,210,
garen_(league_of_legends),4,210,garen_crownguard
giant_tree,0,210,
gotou_moyoko,4,210,
himeji_mizuki,4,210,
ibara_riato,1,210,
kaitou_tenshi_twin_angel,3,210,
kangetsu_(fhalei),1,210,"rancyou,fhalei"
katsudansou,1,210,arai_seiryuu
kero_sweet,1,210,
kiryu_tsukasa_(idolmaster),4,210,kiryuu_tsukasa_(idolmaster)
kisaragi_kiriha,1,210,
koiso_usu,1,210,koi_sauce
kuo_shenlin,4,210,
lee_hyeseung,1,210,
melaton,1,210,meraton
multi_(to_heart),4,210,hmx-12
multicolored_shorts,0,210,
nakajou,1,210,
nanin,1,210,
oohara_kyuutarou,1,210,
predator_(movie),3,210,
raichiyo33,1,210,carlos_eduardo
rain_mikamura,4,210,
ryou_sakazaki,4,210,"ryo_sakazaki,sakazaki_ryo"
s_gentian,1,210,
sanoba_witch,3,210,sabbat_of_the_witch
seele_vollerei_(swallowtail_phantasm),4,210,
sekiguchi_miiru,1,210,
servant_(danganronpa),4,210,
seto_sun,4,210,seto_san
sex_ed,0,210,
shimakaze_(soundz_of_bell),1,210,shimakaze
shiraki_meiko,4,210,
silver_pubic_hair,0,210,
soukuu_kizuna,1,210,
tirotata,1,210,
tomato_rice,1,210,
tsukino_(nakajimaseiki),1,210,
ventus_(kingdom_hearts),4,210,
wooden_ceiling,0,210,
yayaka,4,210,
yuezheng_ling,4,210,ling_caiyin
arrow_in_head,0,209,
bajima_shouhei,1,209,
birdy_cephon_altirra,4,209,
black_butterfly,0,209,
bon_(rump),1,209,
capybara,0,209,
deer,0,209,
clyde_s,1,209,
douki-kun_(douki-chan),4,209,"douki-kun_(yomu_(sgt_epper)),senpai_(yomu_(sgt_epper))"
duraludon,4,209,
fly_(marguerite),1,209,
galarian_ponyta,4,209,
gray_fullbuster,4,209,
hamsterfragment,1,209,"sumetana,smetana_(hamsterfragment)"
heart-shaped_food,0,209,
heel_pop,0,209,
hikanyan,1,209,
hitotsuyanagi_riri,4,209,
hoshimi_junna,4,209,
ijima_yuu,1,209,
jason_(fate),4,209,jason_(fate/grand_order)
jenet_behrn,4,209,
kenshiro,4,209,kenshirou
kevbot,1,209,
kousetsu,1,209,
lavolpe_(yagisaka_seto),4,209,
light_persona,0,209,
maria_balthasar,4,209,
meme_(me!me!me!),4,209,
mendou_saya,1,209,saya_(sayamendo)
milky_rose,4,209,
mimura_zaja,1,209,
miraa_(chikurin),1,209,
mirai_(kemono_friends),4,209,
moeki_yuuta,1,209,
mole_above_eye,0,209,
momdroid_(mechanical_buddy_universe),4,209,
mozu_(peth),1,209,
on_wall,0,209,
oogure_ito,1,209,oh!_great
otabek_altin,4,209,
ousaka_nozomi,1,209,non_(hey_you!)
parvati_(fate),4,209,parvati_(fate/grand_order)
pen_in_pocket,0,209,
perfumer_(arknights),4,209,
playstation_5,0,209,ps5
rariemonn,1,209,
raynare,4,209,amano_yuuma
rocking_chair,0,209,
santa_(sunflower),1,209,
sereneandsilent,1,209,estudioserenata
serika_(swimsuit)_(blue_archive),4,209,kuromi_serika_(swimsuit)
seven_sisters_high_school_uniform,0,209,
shoukaki_(earthean),1,209,
skull_collar,0,209,
sola7764,1,209,
sun_tattoo,0,209,sun_tattoos
suou,1,209,
symbiote,0,209,
tanabe_kyou,1,209,
teruyof,4,209,
thomas_8000,1,209,
tomioka_jirou,1,209,
ushigome_rimi,4,209,
wartortle,4,209,
whale_print,0,209,
wu_zetian_(first_ascension)_(fate),4,209,
yoshiheihe,1,209,
yulong_(journey_to_the_west),4,209,
adult_baby,0,208,adultbaby
anatomy,0,208,
arisu_kazumi,1,208,
asacoco,0,208,
bulga,1,208,
chunpai,1,208,
coco_(disney),3,208,
colossal_titan,4,208,
cream_cod,1,208,
crimson_avenger_(elsword),4,208,
date_pun,0,208,
detached_arm,0,208,detached_arms
director_chimera_(spy_x_family),4,208,
ether_core,1,208,
evelysse_(star_ocean),4,208,
fate_testarossa_(true_sonic_form),4,208,
gagaga_girl,4,208,
gantz_suit,0,208,
giant_snake,0,208,
godzilla_(shin),4,208,
greco_roman_(spiral_brain),1,208,gureko_rouman
grey_serafuku,0,208,
hamazura_shiage,4,208,
hibiki_dan,4,208,
honda_takaharu,1,208,
hsin,1,208,
inuyama_tamaki,4,208,
irie_miyuki,4,208,irie_(angel_beats!)
itoshiki_rin,4,208,
itou_kaiji,4,208,
jurrig,1,208,un_s
kamen_rider_hibiki_(series),3,208,
kamui_(kill_la_kill),0,208,
karaage_bou,1,208,
kishi_nisen,1,208,
kitada_mo,1,208,"mo_(428clv),misoni_comi"
kongiku,4,208,
lucy_(elfen_lied),4,208,
medea_(lily)_(fate),4,208,
mikurou_(nayuta),1,208,
minazuki_haruka,1,208,
mirai_(senran_kagura),4,208,
miyamura_miyako,4,208,
naha78,1,208,hidebuu
okiyumi_kase,1,208,
ousaka_nanami,4,208,
phoebe_(pokemon),4,208,fuyou_(pokemon)
polka_dot_hairband,0,208,
raft,0,208,
ragnell,0,208,
shiramori_yuse,1,208,
shroud_of_magdalene,0,208,
slingshot,0,208,
speech_stab,0,208,
step-siblings,0,208,
straylight_(idolmaster),0,208,
tavern,0,208,
unadon,1,208,
wakabayashi_tomoka,4,208,
white_male_swimwear,0,208,
agnamore,1,207,
ankimo_(tokino_sora),4,207,ankimo_(tokino_sora_channel)
aya_brea,4,207,
baanin,1,207,miyabi_maou
caren_hortensia_(amor_caren)_(second_ascension),4,207,
checkered_headwear,0,207,plaid_headwear
chemistry,0,207,
convenient_head,0,207,
david_liu,1,207,angryangryasian
death_note_(object),0,207,
digimon_adventure_tri.,3,207,digimon_adventure_tri
elfheim,3,207,
gyari_(imagesdawn)_(style),0,207,
hachisuka_kotetsu,4,207,
hands_on_another's_waist,0,207,
highway,0,207,
hikawa79,1,207,
himawari-san_(character),4,207,
himukai_yuuji,1,207,himukai_yuji
honzawa_yuuichirou,1,207,hushigi
horizon_ariadust,4,207,
inflatable_whale,0,207,
ironwork,0,207,
isolated_island_princess,4,207,isolated_island_hime
kangoku_kou,1,207,
kanna_asuke,1,207,
karibuchi_hikari,4,207,
key_frame,0,207,
kimijima_sara,4,207,
kukuri,4,207,
kurokawa_otogi,1,207,
legendary_super_saiyan,0,207,
mei_miya,1,207,
middle_w,0,207,
mobile_trace_suit,0,207,
myouga_(plant),0,207,
nohara_shinnosuke,4,207,
odayan,1,207,
r-king,1,207,
rope_walking,0,207,
salt_bae_(meme),0,207,
shachoo.,1,207,
sitting_on_pillow,0,207,pillow_sitting
speckticuls,1,207,
suan_ringo,1,207,
sulking,0,207,
superpig,1,207,
thunder,0,207,
tsunemori_akane,4,207,
ushiromiya_krauss,4,207,
warp_pipe,0,207,
yaezawa_natori,4,207,
yamanashi_taiki,1,207,nonllqivip
yamane_masahiro,1,207,
yui_tsuruno,4,207,
yuki_usagi_(snowcanvas),1,207,snowcanvas
zero_hime,1,207,
aoyama_blue_mountain,4,206,
argyle_dress,0,206,
ariel_(disney),4,206,
axolotl,0,206,
ayumaru_(art_of_life),1,206,x1213hide
benesse,3,206,
blue_sweater_vest,0,206,
blueorca,1,206,
boyano,1,206,pockettohouse
cairngorm_(houseki_no_kuni),4,206,
celica_a._mercury,4,206,"celica_a_mercury,caelica_a_mercury,caelica_a._mercury"
delthea_(fire_emblem),4,206,dyute_(fire_emblem)
elemental_(creature),0,206,
erhu,0,206,
falkner_(pokemon),4,206,hayato_(pokemon)
feh_(fire_emblem_heroes),4,206,
fruit_punch,1,206,
houndoom,4,206,
genkung,1,206,genjung
gensou_suikoden_iii,3,206,suikoden_iii
gin_(oyoyo),1,206,
goat_boy,0,206,
grabbing_own_arm,0,206,
gunjou_row,1,206,
hand_on_own_penis,0,206,
head_between_pecs,0,206,
hellhound_(monster_girl_encyclopedia),4,206,
holding_dress,0,206,
hyakuen_raitaa,1,206,
igarasy,1,206,
izumi_(stardustalone),1,206,
jade_leech,4,206,
kagami_kuro,4,206,
kotobuki_(stealth_sendan),1,206,kotobuki0r
kumao_mofumofu,1,206,hanao_(kuma-tan_flash!)
kuroi_mato,4,206,kokui_mato
kyou_039,1,206,
lakilolom,1,206,lkll
meipoi,1,206,
minami_mirei,4,206,
nanamomo_rio,1,206,
neeko_(aldehyde),4,206,neeko
object_behind_back,0,206,
orange_border,0,206,
orchid,0,206,
patting_lap,0,206,
plusle,4,206,
primrose_azelhart,4,206,
princess_chain_chomp,4,206,
purple_camisole,0,206,
riho,1,206,
risty,4,206,
roger_(guilty_gear),4,206,
rybiok,1,206,rybiokaoru
serio_(to_heart),4,206,hmx-13
shiroe_(log_horizon),4,206,shiroe
snake_bondage,0,206,
spider_tattoo,0,206,
sugimori_ken,1,206,
swedish_flag,0,206,
tegaki_draw_and_tweet,5,206,
the-sinner,1,206,
tori_udon,1,206,toriudonda
ueno-san_wa_bukiyou,3,206,"how_clumsy_you_are_miss_ueno,how_clumsy_you_are,_miss_ueno"
velma_dace_dinkley,4,206,
washington_(azur_lane),4,206,
yami_kawaii,0,206,menhera_kei
yoohi,1,206,
yusano,1,206,
yuuri_nayuta,1,206,
zacian,4,206,
abekawa,1,205,
adapted_object,0,205,
aka_ume,1,205,ao_ume
anshinmama,1,205,
ape,0,205,
araneesama,1,205,
artist_self-reference,0,205,
atelier_ayesha,3,205,
baakurou,1,205,chihaya_72
basa_rutan,1,205,
breasts_day,0,205,oppai_day
coffee_cat,1,205,tuginoneko
enoshima_iki,1,205,
falin_thorden,4,205,
georgette_lemare,4,205,
gooey_(kirby),4,205,
green_hood,0,205,
hakama_lift,0,205,
hinata_ichi,1,205,ichihina
hinomoto_madoka,1,205,
hinoshita_akame,1,205,
holding_pointer,0,205,
hung_(arknights),4,205,
ie_(raarami),1,205,ie_(_raarami_)
inayama,1,205,
izumi_masashi,1,205,
kaname_junko,4,205,
kanemaki_thomas,1,205,"niku_drill,thomas_(iron_tom)"
kasuga_ayumu_(haruhipo),1,205,
knights_of_blood_uniform_(sao),0,205,
kozou_(rifa),1,205,refine
kugimiya_rie,4,205,
kunifuto,1,205,
lee_(dragon_garou),1,205,
miyako_(xxxbibit),1,205,
momoi_komomo,1,205,
nidai_nekomaru,4,205,
one_-_kagayaku_kisetsu_e,3,205,
orange_cardigan,0,205,
pile_bunker,0,205,
pink_lady_mage,1,205,
pokemon_gsc_(prototype),3,205,
queen's_blade_white_triangle,3,205,
salt_(salty),1,205,
serizawa_akane,4,205,
shirasu_youichi,1,205,
shirt_under_shirt,0,205,
steenee,4,205,
straw_(stalk),0,205,
string_around_finger,0,205,
suruga_kreuz,1,205,
teaching,0,205,
tekken_tag_tournament_2,3,205,
tokihama_jirou,1,205,
torinari_(dtvisu),1,205,dtvisu
tree_of_life,0,205,
tsuchimikado_motoharu,4,205,
undone_bra,0,205,
unname,1,205,
unsfrau,1,205,
vega_(street_fighter),4,205,"claw_(street_fighter),balrog_(street_fighter)"
will_anthonio_zeppeli,4,205,
xenomorph,4,205,
yakumo_yukari_(cosplay),0,205,
yamaori,1,205,
yomako,4,205,
yonekura_hisaki,1,205,beeko
akagi_asahito,1,204,
anti-rain_(girls'_frontline),0,204,anti-rain_(girls_frontline)
aoi_tiduru,1,204,aoi_chizuru
apple_hair_ornament,0,204,
apricot_sakuraba,4,204,sakuraba_apricot
arnval,4,204,
beanstalk_(arknights),4,204,
beige_shorts,0,204,
black_bird,0,204,
bloom2425,1,204,
caspar_von_bergliez,4,204,
chiba_mamoru,4,204,
christmas_sweater,0,204,
dasoku_sentarou,1,204,
delsaber,1,204,
dorothy_west,4,204,
dreadtie,1,204,
echo_saber,1,204,
first_high_school_uniform,0,204,
flipping_food,0,204,
fujii_jun,1,204,
genocider_shou,4,204,
gible,4,204,
goban,1,204,
gordie_(pokemon),4,204,makuwa_(pokemon)
hat_loss,0,204,
hikichi_sakuya,1,204,
holding_gloves,0,204,
holding_magazine,0,204,
ikuta_takanon,1,204,
kaai_yuki,4,204,
karlwolf,1,204,
katari,1,204,
katou_hazuki,4,204,
kazune_(baumkuchen),1,204,
kiss_chart,0,204,"kiss_meme_chart,kiss!kiss!kiss!"
kiyama_harumi,4,204,
koa_(phrase),0,204,
kofune_ushio,4,204,
kosegawa_shiromi,4,204,
kyuri,1,204,
labrys_(persona),4,204,
madara_inosuke,1,204,yaminoagito
masaki_aeka_jurai,4,204,aeka_masaki_jurai
medjed_(fate)_(cosplay),0,204,
misawa_hiroshi,1,204,
moe2021,0,204,
monaka_curl,1,204,karu_(qqqtyann)
morihito,1,204,
multicolored_hoodie,0,204,
natsuki_(ukiwakudasai),1,204,
nishiuri_warito,1,204,
nogizaka_haruka_no_himitsu,3,204,haruka_nogizaka's_secret
omutatsu,1,204,
onegai_twins,3,204,"please_twins!,onegaitwins"
phantasy_star_online,3,204,"/pso,pso"
pikacchi,1,204,
pinstripe_legwear,0,204,
pixiv_fantasia_wizard_and_knight,3,204,
poinsettia,0,204,
public_masturbation,0,204,
raiden_(raiden_labo),1,204,raiden_(artist)
red_panda_tail,0,204,
rie_petoriyacowa,4,204,petoriyacowa_rie
ryoutan,1,204,
space_station,0,204,
suisen,1,204,
sun_print,0,204,
suomi_kp/-31,0,204,
suzuame_yatsumi,1,204,
tachikawa_mushimaro,1,204,master_bimo
tadano_hitohito,4,204,
tehepero,0,204,
teranekosu,1,204,
test_score_(paper),0,204,
wabi_(wbsk),1,204,
white_hakama,0,204,
wii_remote,0,204,wiimote
yoshioka_chie,4,204,yocchi
zombie_mogura,1,204,v_r_dragon01
abu,1,203,
aiko_(kanl),1,203,aikolik
aikura_(twilight_dusk),1,203,
akino_coto,1,203,
algerie_(azur_lane),4,203,
armor_removed,0,203,
astolfo_(saber)_(third_ascension)_(fate),4,203,
buntaichou,1,203,
cake_hair_ornament,0,203,
ciel_phantomhive,4,203,
color_ink_(medium),5,203,
cross_mirage,4,203,
diddy_kong,4,203,
digging,0,203,
dojikko_pose,0,203,
final_fantasy_tactics_advance,3,203,ffta
fish_in_mouth,0,203,
fujioka_haruhi,4,203,
game_cartridge,0,203,
garderobe_uniform,0,203,
hakua_ugetsu,1,203,ugetsu_hakua
harukaze_doremi,4,203,
hole_in_chest,0,203,
hong_bai,1,203,red_and_white
indivisible,3,203,
isopod,0,203,
jianmo_sl,1,203,
koharu_rikka,4,203,
kurasawa_moko,1,203,yukinezumi
kurono_kurumu,4,203,kuruno_kurumu
mercy_rabbit,1,203,marcy_rabbit
mickey_mouse_ears,0,203,
miyazawa_kengo,4,203,
mr.lime,1,203,
namikaze_minato,4,203,fourth_hokage
nev_(nevblindarts),1,203,nevblindarts
new_york,0,203,nyx
noah_(xenoblade),4,203,
noccu,1,203,kusottk
orochi_itto,1,203,
pants_under_skirt,0,203,skirt_over_pants
pine,1,203,
pyotr_(madoka_magica),4,203,
r.o.d_the_tv,3,203,
reigen_arataka,4,203,
rogue_titan,4,203,
shabana_may,1,203,jahana_mei
shigemiya_kyouhei,1,203,
sofmap_background,0,203,
spiked_mace,0,203,morning_star_(weapon)
streetcar,0,203,tram
swimsuit_costume,0,203,
taurus_mask,4,203,
tayutama,3,203,kiss_on_my_deity
tetsuo,1,203,
touyama_eight,1,203,
trim_marks,0,203,crop_marks
umikaze_kai_ni_(kancolle),4,203,
urabe_mikoto,4,203,
vista-tan,4,203,"vista,vis-tan"
vitarka_mudra,0,203,
wadani_hitonori,1,203,
wamu_(chartreuse),1,203,
xi_gundam,4,203,
yakiniku,0,203,
yamabushi_kunihiro,4,203,
admiral_paru,1,202,
agekichi_(heart_shape),1,202,
akagi_shigeru,4,202,
alicia_melchiott,4,202,
aoi_kimi,4,202,
arisa_(shadowverse),4,202,
aruya_(flosrota),1,202,
banchiku,1,202,
boar_mask,0,202,
bowser_jr.,4,202,
chikage_(sister_princess),4,202,
chris_(konosuba),4,202,
chrollo_lucilfer,4,202,
cogecha,1,202,kogecha_(coge_ch)
danganronpa_s:_ultimate_summer_camp,3,202,
dogs:_bullets_&_carnage,3,202,dogs_(manga)
dragon_quest_ix,3,202,"/dq9,dragon_quest_9"
edogawa_nao,1,202,
entei,4,202,
female_priest_(dungeon_and_fighter),4,202,
fischl_(ein_immernachtstraum)_(genshin_impact),4,202,
fnc_(girls'_frontline),4,202,fnc_(girls_frontline)
golden_sun,3,202,
grand_archer_(elsword),4,202,
groping_motion,0,202,
hatena_yousei,4,202,question_fairy
hiyohiyo,1,202,
holding_pumpkin,0,202,holding_jack-o'-lantern
houhou_(black_lack),1,202,fuu_takara
ichinose_minori,4,202,
inazuma_japan,0,202,
incoming_pocky_kiss,0,202,
inumori_sayaka,1,202,
japan_maritime_self-defense_force,0,202,jmsdf
jessie_rasberry,4,202,jessie_(ff7)
jewel_butt_plug,0,202,princess_plug
junketsu_duelion,3,202,junketsu_duellion
katou_shinobu,1,202,
knife_in_head,0,202,
knight_(ragnarok_online),4,202,
kosuzume,1,202,
kouzuki_hajime,1,202,
kuma_(bloodycolor),1,202,
kunabishi,1,202,
kuragare,1,202,
kuroki_rei,4,202,
kurosususu,1,202,
lace_sleeves,0,202,
metagross,4,202,
majin_tantei_nougami_neuro,3,202,
manako,4,202,
mega_man_2,3,202,rockman_2
mephistopheles_(fate),4,202,mephistopheles_(fate/grand_order)
meteor_(arknights),4,202,
mg_mg,0,202,
mikado_shiina,4,202,
mimi_houllier_von_schwarzlang,4,202,
nanbu_kaguya,4,202,
nano_(syoutamho),1,202,beeyan
noise_(tsuzuki),1,202,noise_(pixiv22604)
omuretsu,1,202,
oshio_(dayo),1,202,
pagong,1,202,
paripi_koumei,3,202,ya_boy_kongming!
penguin_girl,0,202,
petrification,0,202,
plug,0,202,
pokemon_rgby_(style),0,202,
project_pochama,1,202,prj_pochama
quan_(kurisu_tina),1,202,kurisu_tina
rama_(fate),4,202,rama_(fate/grand_order)
reia,1,202,
ring_dream,3,202,
sakura_nene,4,202,
sannomiya_shiho,4,202,
sha_wujing,4,202,
single_knee_boot,0,202,
sneaking,0,202,
suzune_yuuji,1,202,
taesi,1,202,
takaku_toshihiko,1,202,
tasmanian_devil_ears,0,202,
tony_stark,4,202,
touhou_danmaku_kagura,3,202,
touon,1,202,
tsuki_no_i-min,1,202,
tsukuyo_(gintama),4,202,
tsunamayo,1,202,
tyrone,1,202,
wada_sachiko,1,202,
windforcelan,1,202,
yamamoto_keigo,4,202,
yamato_(muchuu_paradigm),1,202,
yuemanhuaikong,1,202,
turnip,0,202,
achan_(blue_semi),1,201,vv10031
alzi_xiaomi,1,201,
anubis_(monster_girl_encyclopedia),4,201,
audino,4,201,
banishment,1,201,
bras_d'honneur,0,201,bicep_slap
caligula_(game),3,201,
cape_lift,0,201,
ceiling_fan,0,201,
chocojax,1,201,
clare_(claymore),4,201,
manga_cover,0,201,tankoubon_cover
cong1991,1,201,
covering_head,0,201,
croagunk,4,201,
daffodil,0,201,"narcissus_(flower),daffodils"
dead_space,3,201,
detached_pants,0,201,
doll_(ib),4,201,
donald_duck,4,201,
faubynet,1,201,
fujibayashi_sheena,4,201,"fujibayashi_shiina,sheena_fujibayashi"
fukusuke_hachi-gou,1,201,
gangut_dva_(kancolle),4,201,
gofelem,1,201,marfrey
gusu,1,201,
haiba_09,1,201,09x
haijin,1,201,22_(291085645)
histoire,4,201,
hoshi_ryouma,4,201,
howa_type_89,0,201,
industrial,0,201,
japanese_wolf_(kemono_friends),4,201,
kamiya_yuu,1,201,
katsurai_yoshiaki,1,201,
kokeshi,0,201,
kopianget,1,201,
kung_fu,0,201,
kuromori_yako,1,201,burafu
leaning_over,0,201,
live_for_the_funk,1,201,
lomocya,1,201,romocha_(hosachi3784)
loremaster_(helltaker),4,201,
mahoraba,3,201,
makabe_gorou,1,201,
male_lactation,0,201,lactation_(male)
mashu_(control),4,201,msyu
meowstic,4,201,
mia_fey,4,201,ayasato_chihiro
million_dreams_(idolmaster),0,201,million_dreams
minimaru,1,201,
miyasaka_miyu,1,201,
mm_(mm_chair),1,201,
nogisaka_kushio,1,201,nogizaka_kushio
nose_hook,0,201,
nyanmaru,1,201,
object_kiss,0,201,
osterei,1,201,
postage_stamp,0,201,
risutaru,1,201,
robotics;notes,3,201,
ryuuka_sane,1,201,
sasaki_mutsumi,1,201,
sekihan,1,201,
sengoku_saga,3,201,
shanguier,1,201,gejigejier
source_quote,0,201,
stalactite,0,201,
steel_beam,0,201,girder
strapless_coat,0,201,
sugimoto_isao,1,201,
tam-u,1,201,"tam_u,u-ichi"
tamanegiinyo,1,201,
tentacle_clothes,0,201,
terumii,1,201,
they_(kiman),4,201,
treehouse,0,201,
valkyrie_no_densetsu,3,201,
wild_arms_xf,3,201,
yakitori,0,201,
yozakura_quartet,3,201,yozakura_shijuusou
zeta_(summer)_(granblue_fantasy),4,201,
2equal8,1,200,
anachronism,0,200,
ancient_destroyer_oni,4,200,
ashe_ubert,4,200,ashe_duran
beast_wars,3,200,
beedrill,4,200,
bio_lab,0,200,
black_jaguar_(kemono_friends),4,200,
capsule,0,200,
catherine,4,200,
chicken_costume,0,200,
chiyo_chichi,4,200,
chize,1,200,
cuffed,0,200,
dinosaur_costume,0,200,
domotolain,1,200,
emily_stock,4,200,
emiya_alter,4,200,
fading_border,0,200,fading_borders
fed_(giba),1,200,giba_(out-low)
final_fantasy_type-0,3,200,"final_fantasy_agito_xiii,final_fantasy_reishiki,final_fantasy_type_0,final_fantasy_type_zero"
flash_game,5,200,game
flint_(pokemon),4,200,ooba_(pokemon)
fn_fal,0,200,
fuente,1,200,buwonte
fukaiton,1,200,deep_takezaki
gen_(black_factory),1,200,
ginta,1,200,
grimms_notes,3,200,
hazuki_watora,4,200,watora_(pepepe)
hi_iro,1,200,
holding_petal,0,200,
houraku,1,200,
iris_black_games,3,200,
jigoku_sensei_nube,3,200,
judal,4,200,
trash,0,200,garbage
kaede_(shijie_heping),1,200,
koufuku_graffiti,3,200,gourmet_girl_graffiti
kuramitsu_mihoshi,4,200,
kurumi_(lycoris_recoil),4,200,
kz_oji,1,200,
latex_leotard,0,200,
latte_art,0,200,coffee_art
lowe_(slow),1,200,
lust_(fma),4,200,
make_a_contract,0,200,
negija,1,200,
nishi_yuuko,4,200,
nukoyarou,1,200,harusame_nuko
nullma,1,200,yumeminoideyu2
paparazzi,0,200,
pon_yui,1,200,ponyui0728
purple_rope,0,200,
rectangular_pupils,0,200,
ryuuta_(msxtr),1,200,
say_hana,1,200,
selector_wixoss,3,200,
shinjiro,1,200,
shiraishi_minoru,4,200,
sleeveless_bodysuit,0,200,
smoker_(one_piece),4,200,
super_sailor_mercury,4,200,
swivel_chair,0,200,
tamaoki_benkyou,1,200,tamaoki_benkyo
true_tears,3,200,
tsuchibayashi_makoto,1,200,
typewriter,0,200,
uehiro,1,200,
united_states_navy,0,200,
untied_footwear,0,200,
yasai_(getsu),1,200,
yijian_ma,1,200,
zegapain,3,200,
zuo_daoxing,1,200,
daffodils,0,200,
airandou,1,199,
akitsuki_itsuki,1,199,
alpaca_girl,0,199,
ame-chan_(needy_girl_overdose),4,199,
archetto_(arknights),4,199,
asameshi,1,199,
belmond_banderas,4,199,
black_rock_shooter_(character)_(cosplay),0,199,
bloodstained:_ritual_of_the_night,3,199,
bokuman,1,199,
capsule_servant,3,199,
chiroru_(cheese-roll),1,199,
circuit_board,0,199,circuitboard
code_vein,3,199,
cross-laced_dress,0,199,
damian_doyle_(cyphers),4,199,
drawn_whiskers,0,199,
eating_hair,0,199,
fakkuma,1,199,
fine_(futagohime),4,199,"fine_(fushigiboshi_no_futago_hime),fine"
greaseberries,3,199,
harada_(basashi),1,199,
hiro_(chumo),1,199,
holding_jar,0,199,
hoo_bamon,1,199,hoobamon
horaki_hikari,4,199,
iri_flina,4,199,
jackal_tail,0,199,
kanya_pyi,1,199,
koge_donbo,1,199,koharuno_kokoro
kujira_lorant,1,199,kujira_rooran
kuroi_nyan,1,199,
kurowan,1,199,
kusuha_mizuha,4,199,
lisbeth_(sao-alo),4,199,
lolimate,1,199,
mash_kyrielight_(ortenaus),4,199,ortenaus
meatball,0,199,
messy_(efuya),1,199,"messhi,iinuma_toshinori"
mityubi,1,199,m2b
mogamiya_honu,1,199,
nineo,1,199,
oomuro_hanako,4,199,
paper_kabuto,0,199,
pierre_bichelberger,4,199,
pon_de_lion,4,199,moe_lion
predator,4,199,
pull_out,0,199,
rean_schwarzer,4,199,
renetan,1,199,
rin_(inuyasha),4,199,
rody_roughnight,4,199,
sabotender,4,199,cactuar
satou_mari,4,199,
sei_shounagon_(swimsuit_berserker)_(fate),4,199,
sen_no_kiseki_iii,3,199,"sen_no_kiseki_3,trails_of_cold_steel_iii"
shefu,1,199,
shiika_yuno,1,199,
shimotsuki_shio,1,199,shimozuki_shio
shirakawa_kotori,4,199,
snoopy,4,199,
sophia_esteed,4,199,
steam_locomotive,0,199,
stuffed_carrot,0,199,
suzumeko,1,199,
tokyo_yamane,1,199,
toy_car,0,199,model_car
upright_restraints,0,199,
walkure_(macross_delta),0,199,
yamana_akane,4,199,
yoplait,1,199,
yorktown_(azur_lane),4,199,
flygon,4,198,
aggron,4,198,
amity_blight,4,198,
any_(lucky_denver_mint),1,198,
ark_(morita_hitomi),1,198,
black_cat_d.va,4,198,
bunny_headphones,0,198,rabbit_headphones
buresu,1,198,
cassette_tape,0,198,
charmeleon,4,198,
charles-henri_sanson_(fate),4,198,charles_henri_sanson_(fate/grand_order)
chin_piercing,0,198,
color_switch,0,198,
comic_hotmilk,3,198,
creeparka,0,198,
disappointed,0,198,
dura,1,198,
elf_k,1,198,
emg_(christain),1,198,
enlightened_byleth_(male),4,198,
epilepsy_warning,5,198,"strobing_lights,seizure_warning,flashing_lights"
fig_sign,0,198,"fig_gesture,hand_fig,dulya,mano_fico"
flower_brooch,0,198,
gojarun,1,198,
high_belt,0,198,
himehina_channel,3,198,
hirota_fruit,1,198,
holding_blanket,0,198,
hunyan,1,198,hun_yan
jack_daniel's,0,198,
jounouchi_katsuya,4,198,
kiba_satoshi,1,198,
kohaku.,1,198,
kokonoe_tsubaki,4,198,
kukri,0,198,
laevatein_(tail),0,198,
latex_dress,0,198,
light_valkyrie_(p&d),4,198,
macro,0,198,
maydrawfag,1,198,
mayer_(arknights),4,198,
metal_gear_solid_2,3,198,
midnight_(boku_no_hero_academia),4,198,kayama_nemuri
miyamoto_ryuuichi,1,198,
miyuki_kazuya,4,198,
monoyoshi_sadamune,4,198,
multiple_scars,0,198,
murasaki_shikibu_(swimsuit_rider)_(first_ascension)_(fate),4,198,
nagatekkou,0,198,
nakahara_komugi,4,198,
nekolina,1,198,
nekomiya_ryuu,4,198,
neneka_(princess_connect!),4,198,utsushimi_neneka
octagram,0,198,
painting_nails,0,198,
planetary_ring,0,198,
polyle,1,198,
prisoner,0,198,
pukara,1,198,"chjz,puca-rasu"
ran_(bukeranwu),1,198,ran_(pixiv2957827)
ratna_petit,4,198,
reverse_ryona,0,198,
sea_slug,0,198,
sena_(xenoblade),4,198,
shiroko_(cycling)_(blue_archive),4,198,sunaookami_shiroko_(cycling)
sinkai,1,198,
st._hermelin_school_uniform,0,198,
tensui_no_sakuna-hime,3,198,sakuna:_of_rice_and_ruin
terada_tera,1,198,tera
tetsuwan_birdy_decode,3,198,birdy_the_mighty_decode
tetuw,1,198,usetge
trample,0,198,
tsuyuzaki_mahiru,4,198,
underwater_sex,0,198,
ungagged,0,198,
vinland_saga,3,198,
whorled_clouds,0,198,
xp_home-tan,4,198,
yasuhara_ema,4,198,
yoshinari_you,1,198,yoshinari_yoh
zui_zui_dance,0,198,
aida_kensuke,4,197,
ajax_(azur_lane),4,197,
akihime_sumomo,4,197,
aldra_(queen's_blade),4,197,aldora
allen_(makaroll),1,197,
arima_miyako,4,197,
bauxite,0,197,
tofu,0,197,
black_cola,1,197,
black_panther,0,197,
dire_wolf_(kemono_friends),4,197,
dive_ball,0,197,
dress_flip,0,197,
earth_ekami,1,197,
eunectes_(forgemaster)_(arknights),4,197,
exhaust,0,197,
furisuku,1,197,
hakuouki_shinsengumi_kitan,3,197,
hatakenaka_(kamagabuchi),1,197,
hooded_shirt,0,197,hooded_blouse
horrified,0,197,horror_(expression)
ifuji_shinsen,1,197,
janis_(hainegom),1,197,
k/da_evelynn,4,197,
kanzarin,1,197,"uzubilla,kanzarin_(hoochikiss)"
kashuu_(b-q),1,197,
kataro,1,197,
kazami_ruku,1,197,
komb,1,197,
kupala,1,197,
li_shuwen_(young)_(fate),4,197,
love_triangle,0,197,
lunala,4,197,
male_protagonist_(pokemon_go),4,197,
manaphy,4,197,
monster_hunter_3,3,197,
mozuwaka,1,197,
na_insoo,1,197,
osakabe-hime_(swimsuit_archer)_(fate),4,197,
patricia_(stylish_marunage),1,197,
pikazo,1,197,
pink_pubic_hair,0,197,
ravel_phenex,4,197,
rose_background,0,197,
saintshiro,1,197,
sakai_(motomei),1,197,
seiou_gakuen_school_uniform,0,197,
shyvana,4,197,
sith,0,197,
soya_(torga),1,197,
tasora,1,197,
terada_ochiko,1,197,tenbura_ochiko
the_legend_of_zelda:_link's_awakening,3,197,link's_awakening
the_seven_deadly_sins,3,197,
tokiwa_midori,4,197,
umitonakai,1,197,
victorious_(kancolle),4,197,
vivivoovoo,1,197,southern-panda
wireless_earphones,0,197,
xenoblade_chronicles:_future_connected,3,197,xenoblade_1:_tsunagaru_mirai
yamacchi,1,197,
yoshida_on,1,197,romantic_fool
yuuhi_riri,4,197,
abara_heiki,1,196,
akashi_kaoru,4,196,
aqua-framed_eyewear,0,196,
aqua_choker,0,196,
asakura_sakura,1,196,
azusa_(cookie),4,196,
blacksaikou,1,196,
blind_girl_(popopoka),4,196,
chikanoko,3,196,
davi_(dokidoki!_precure),4,196,
didloaded,1,196,
elizabeth_tower,0,196,big_ben
emia_wang,1,196,
fergus_mac_roich_(fate),4,196,fergus_mac_roich_(fate/grand_order)
finger_to_eye,0,196,
flaming_halo,0,196,
fruits_basket,3,196,
gauge,0,196,
genjii_(touhou),4,196,genjii
ginji_(sakaki_summer),1,196,
hk_(hk),1,196,
homework,0,196,
in_locker,0,196,
itoichi.,1,196,furumiya_haiji
kaqo,1,196,
karinto_yamada,1,196,
kieta,1,196,
kirby_and_the_forgotten_land,3,196,
koisuru_asteroid,3,196,
meyrin_hawke,4,196,meyrin
mistorene_callus,4,196,
motoi_hiroumi,1,196,
nakatsu_shizuru,4,196,
nate_mitotsudaira,4,196,"mitotsudaira_nate,neito_mitotsudaira,neit_mitotsudaira"
nihongou_(touken_ranbu),4,196,
ninja_gaiden,3,196,
noe_noel,1,196,sen_kagura
nuno_(pppompon),1,196,
olivia_(pokemon),4,196,lychee_(pokemon)
onigirya_(nekomata_okayu),4,196,
pitching,0,196,
pointing_sword,0,196,
redjet,1,196,giovanni_zaccaria
royal_navy,0,196,
ryu_genshin77,1,196,
samoore,1,196,
seaport_summer_princess,4,196,seaport_summer_hime
senjou_no_valkyria_2,3,196,
shi_huang_di_(fate),4,196,"first_emperor_(fate),qin_shi_huang_(fate),qin_shi_huang_(fate/grand_order)"
shirogane_kei,4,196,
shironeko_haru,1,196,
snowboard,0,196,
spade_earrings,0,196,spade_earring
star_ocean_integrity_and_faithlessness,3,196,
star_trek,3,196,
stationery,0,196,
super_sailor_venus,4,196,
takagi_saya,4,196,
tatsuta_kai_ni_(kancolle),4,196,
tostantan,1,196,
utamaro,1,196,
white-stew,1,196,
yamaioni_(sasakama),1,196,
yandere_simulator,3,196,
year_of_the_goat,0,196,year_of_the_sheep
you_shimizu,1,196,
zaizen_aoi,4,196,
akazawa_red,1,195,
ao_oni_(onioni-aoi),1,195,
arurandeisu,4,195,
awara_kayu,1,195,kenkoumineral13
basketball_court,0,195,
belphegor_(reborn),4,195,
buuwa,1,195,
chocoblood,1,195,
seal_impression,0,195,
chrisandita,1,195,
criss-cross_back-straps,0,195,
cure_whip,4,195,
doritos,0,195,
fiodo,1,195,saidyiiii
fossil,0,195,
gneisenau_(azur_lane),4,195,
happy_meek_(umamusume),4,195,
hatsume_mei,4,195,
homare_(suzu_no_oka),1,195,homare_(pixiv414926)
iyami,4,195,
kaga_ai,4,195,
kana_(fire_emblem),4,195,
kikyou_(inuyasha),4,195,
kurihara_sakura,1,195,
kuwada_yuuki,1,195,
mafia,0,195,
magilou_(tales),4,195,
makishima_azusa,1,195,
masamuuu,1,195,
masayu,1,195,
matsuo_(matuonoie),1,195,
meerkat_ears,0,195,
mikan_(bananoha),1,195,
miko_fly,1,195,
minegishi_ayano,4,195,
moe2018,0,195,
mukunoki_nanatsu,1,195,
na_tarapisu153,1,195,
natsumekinoko,1,195,
nina_(breath_of_fire_iv),4,195,nina_iv
odd_(hin_yari),1,195,
power_pro_kun_pocket,3,195,
rail_wars!,3,195,rail_wars
sakurada_shiro,4,195,
salmon,0,195,
savan,1,195,
serino_itsuki,1,195,
shibata_rai,1,195,
shikimi_(yurakuru),1,195,
shirt_on_shoulders,0,195,
shizuku_(kantoku),4,195,
shungikuten,1,195,
smoke_grenade,0,195,
space_dandy,3,195,
spilled_milk,0,195,
stirrups,0,195,
striped_scrunchie,0,195,
surcouf_(azur_lane),4,195,
tadokoro_nurikabe,1,195,nori_senbei_(norisenbei_1)
tea_party,0,195,
teddiursa,4,195,
utsushimi_kemii,4,195,
varus,4,195,
vest_removed,0,195,
vulcan_salute,0,195,
wanderer_(ragnarok_online),4,195,
wolverine,4,195,
yamaguchi_shinnosuke,1,195,itotin
yellow_pajamas,0,195,
yue_(show-ei),1,195,
yumaru_(marumarumaru),1,195,
aikome_(haikome),1,194,aikometsu
aizawa_yuuichi,4,194,
angel_of_light_nanael,4,194,
cafe_maid,0,194,
captain_earth,3,194,
chiester00,4,194,siesta00
christina_sierra,4,194,
ciloranko,1,194,"kipilus,yunkkker"
city_forest_online,1,194,
comala_(komma_la),1,194,
commander_(last_origin),4,194,
corner,0,194,
credit_card,0,194,
dog_print,0,194,
dusknoir,4,194,
emboar,4,194,
flick,0,194,
game_screenshot,5,194,
ganassa,1,194,
hakugyokurou,0,194,
iromeki_overdrive,1,194,
jack_(slaintheva),1,194,
jaguar_girl,0,194,
kihou_no_gotoku_dmc,1,194,
kisaragi_yuri,1,194,
kobayakawa_miyuki,4,194,
kono_lolicon_domome,0,194,
konpaku_youki_(ghost),4,194,
korekara_no_someday,0,194,
kotobuki_hajime,1,194,onagoya
kurisu-kun,1,194,
kuroki_tomoki,4,194,
kuune_rin,1,194,sorane_rin
lichtenberg_figure,0,194,
limbus_company,3,194,
lin_yuhsia_(arknights),4,194,
lina_(michihasu),4,194,
little_mac,4,194,
master_ball,0,194,masterball
matryoshka_doll,0,194,"babushka_doll,nesting_doll,russian_nesting_doll"
mishima_kazuya,4,194,
moketa,1,194,
nakagawa_nana,4,194,
nauribon,1,194,
nekojira,1,194,
nina_wang,4,194,
nipple_bells,0,194,
noel_(noel-gunso),1,194,
open_jumpsuit,0,194,
penguin_logistics_(arknights),0,194,
perfume_(band),3,194,
plap,0,194,
pokemon_egg,0,194,
polka_dot_trim,0,194,
ryokucha_michi,1,194,
sabo_(one_piece),4,194,
salome_(one_piece),4,194,
scarf_bow,0,194,
seicoh,1,194,
senbei_(senbe_i),1,194,
sengoku_aky,1,194,
shigure_s,1,194,shiguru
shuten_douji_(festival_outfit)_(fate),4,194,
sollyz,1,194,
soto,1,194,
suzumiya_haruka,4,194,
tiger_ii,0,194,"pzkpfw_vi_ausf_b_tiger_ii,panzer_vi_ausf_b_tiger_ii"
tommy_(kingdukeee),1,194,the_kingduke
tonami_kanji,1,194,
tororo_ten,1,194,
tsuchikure,1,194,
vanessa_(kof),4,194,
yamano_remon,4,194,
yashiro_seika,1,194,
yoshida_ryouko,4,194,
yukimiya_(parupunta),1,194,yukiusagi_(paretto)
yuza,1,194,
abigail_williams_(swimsuit_foreigner)_(second_ascension)_(fate),4,193,
air_defense_princess,4,193,"air_defense_hime,anti-air_hime"
akabashi_yuusuke,1,193,akabashi
amamitsu_kousuke,1,193,
android_17,4,193,
astarotte_ygvar,4,193,
automail,0,193,
balkenkreuz,0,193,
big_bad_wolf,4,193,big_bad_wolf_(grimm)
resting,0,193,
brushing_own_hair,0,193,
bunny_earrings,0,193,
cerestia_of_life,4,193,
chaba_(hortensia),1,193,cha_(hortensia)
chigusa_asuha,4,193,
cinnamon_(nekopara),4,193,cinnamon_(sayori)
dancer_(three_houses),0,193,
elle_mel_martha,4,193,
emperpep,1,193,
gashapon,0,193,gachapon
gerwalk,0,193,
guilty_gear_x,3,193,
helmet_over_eyes,0,193,
hirai_yukio,1,193,
hololive_china,3,193,
ibuki_maya,4,193,
inari_konkon_koi_iroha.,3,193,inakon
io_(sinking=carousel),1,193,"poponpo294111,io_(iooo666)"
iris_(flower),0,193,
kacyu,1,193,pengnangehao
kasukabe_akira,1,193,
kito_koruta,1,193,
kokutou_azaka,4,193,
kotobukiya_bishoujo,3,193,
kupa_(jesterwii),1,193,creep41347922
light_brown_background,0,193,
loen,1,193,loen-lapae
maachin,1,193,martin01
mabanna,1,193,mabanna7787
mariah_(jojo),4,193,
materclaws,1,193,toxichica
minami_koharu,4,193,
miniature,0,193,
miyamoto_rei,4,193,
moire,0,193,moiré
monk_(fft),4,193,
monk_(final_fantasy),4,193,
morino_bambi,1,193,
multicolored_pants,0,193,
n_(dai_n_honpo),1,193,
nanostar,1,193,
nicoseiga_sample,5,193,
nin_(female),1,193,
no.6,3,193,
noragami,3,193,
nukkoru,1,193,
ogre_(illustogre),1,193,"illustogre,ogre_craft"
order_of_the_black_knights_uniform,0,193,
penis_on_stomach,0,193,
pink_armor,0,193,
pink_wristband,0,193,
pointing_to_the_side,0,193,
prishe,4,193,
rito,0,193,
rowan,0,193,
ruka_(piyopiyopu),1,193,
ruschuto,1,193,
sangoku_musou_1,3,193,
saruanu,1,193,"yodare_(225193),saru_ass"
scarlet_(studioscr),1,193,
spheal,4,193,
steve_(minecraft),4,193,
suoni_(deeperocean),1,193,suoni_(pixiv)
tail_masturbation,0,193,
takana,1,193,
tetris,3,193,
tokarev_tt-33,0,193,"type_54_black_star,tt-33"
torn_sleeve,0,193,
toro3,1,193,code-aa
touran-sai,3,193,
toxtricity,4,193,
viperxtr,1,193,
wakamiya_eve,4,193,
western_dragon,0,193,
x-ray_glasses,0,193,
yassy,1,193,
yonaga_san,1,193,alder
yowamushi_pedal,3,193,
zebstrika,4,193,
zeus_(inazuma_eleven),0,193,
ayame_(gundam_build_divers),4,192,
trigram,0,192,
behind_ear,0,192,
bellossom,4,192,
bettle_(b_s_a_n),1,192,
binayu,1,192,
bird/binary,3,192,
bokota_(bokobokota),1,192,
captain_amari,4,192,
crona_(soul_eater),4,192,makenshi_chrona
cure_egret,4,192,
cure_grace,4,192,
dark_samus,4,192,
error_message,0,192,
fin_funnels,0,192,
gakubuchi_aiko,1,192,gakubuti_ico
gesture_request,5,192,
griffin_&_kryuger,0,192,
hand_on_another's_crotch,0,192,
haraya_manawari,1,192,
harpoon,0,192,
hermit_crab,0,192,
holding_cigar,0,192,
hououji_fuu,4,192,
inishie_kumo,1,192,
ion_(cation),1,192,
issun,4,192,
iwatobi_high_school_uniform,0,192,
jellyfish_(splatoon),4,192,
jingo,1,192,
kaeranu_kaeru,1,192,kerotsupii_deisuku
kagami_taiga,4,192,
kanau,1,192,
kurosu_aroma,4,192,
lgbt_pride,0,192,
lunalu_(granblue_fantasy),4,192,lunaru_(granblue_fantasy)
majin_buu,4,192,
marking_on_cheek,0,192,
maru_(sara_duke),1,192,
maruruk,4,192,
mitarashi_dango,0,192,
muginami,4,192,
music_stand,0,192,
okonomiyaki,0,192,
olchas,1,192,olga_solovian
old_man_(guin_guin),4,192,
osame,1,192,
otoki_raku,1,192,
ouri_(aya_pine),1,192,
patty_fleur,4,192,
pelvic_curtain_aside,0,192,
phantom_brave,3,192,phantombrave
playstation_3,0,192,ps3
polka_dot_hair,0,192,
poppy_(poppykakaka),1,192,transistor
red_xiii,4,192,
samoyed_(dog),0,192,
sandogasa,0,192,
sato_art,1,192,ichikawayan
sekiyu_(spartan),1,192,
shampoo_hat,0,192,
skade,1,192,
soyoong_jun,1,192,sushi_yoong
stellar_loussier,4,192,
stifled_laugh,0,192,
stitched_neck,0,192,neck_stitches
sunrise_(company),3,192,
tank_turret,0,192,
triela,4,192,
wakaba_sprout,1,192,
wara_(warapro),1,192,
yan_wan,1,192,
yellow_jumpsuit,0,192,
yukinojou_yakan,1,192,
yunuki_uta,1,192,
yuuki_nao,4,192,
yuzu_(fruit),0,192,
zasha,1,192,
acryl,1,191,
akatsuki_no_goei,3,191,
aquarian_age,3,191,
assassin's_creed_ii,3,191,
athena_glory,4,191,
bellows_(suisei_no_gargantia),4,191,
belly_rub,0,191,
cardboard,0,191,
collared_leotard,0,191,
common_bottlenose_dolphin_(kemono_friends),4,191,
concentrating,0,191,
cordelia_glauca,4,191,
daiwa_scarlet_(trifle_vacation)_(umamusume),4,191,
dalc_rose,1,191,
damage_numbers,0,191,
domon_kasshu,4,191,
fakemon,0,191,
first_aid,0,191,
fukube_tamaki,4,191,
gareth_(fate),4,191,gareth_(fate/grand_order)
golbat,4,191,
gozz,1,191,
hikari_niji,1,191,
holding_gem,0,191,holding_gemstone
kamura_(armor),0,191,
kashimashi,3,191,
kimi_ga_shine,3,191,your_turn_to_die
kobo_kanaeru,4,191,
kokotetsu,1,191,
kotoura-san,3,191,
laby_(elsword),4,191,
mari_(omori),4,191,
martha_(swimsuit_ruler)_(third_ascension)_(fate),4,191,
mashue,1,191,
matemi,1,191,
material-d,4,191,
naruse_yuu,4,191,
nibosi,1,191,"nibosinokona,nibosisuzu"
noel_(sora_no_method),4,191,
norita,1,191,erinngi
novcel,1,191,
nylon,1,191,
ogry_ching,1,191,
orange_sarong,0,191,
padoru_(meme),0,191,padoru
parakeet,0,191,
parking_lot,0,191,car_park
piston,0,191,
pixie_willow_(voice_actor),1,191,
poke_kid_(pokemon),4,191,
princess_ruto,4,191,
quality,0,191,yashigani
rainbow_text,0,191,
saria_(the_law)_(arknights),4,191,saria_(iron_law)_(arknights)
schezo_wegey,4,191,schezo
seasons,0,191,
senano-yu,1,191,
serge_(chrono_cross),4,191,
shikabane_itsuka,4,191,
solru,1,191,
spiritomb,4,191,
story_of_eastern_wonderland,3,191,
suicidal_girl_(hamsterfragment),4,191,
sukonbu_(shirakami_fubuki),4,191,
takoneru,1,191,takocha
tekken_6,3,191,
torterra,4,191,
toy_airplane,0,191,toy_plane
tsurugi_(blue_archive),4,191,kenzaki_tsurugi
ujikintoki_tamaryu,4,191,
aida_rayhunton,4,190,"aida_reihanton,aida_surugan"
akaiha_(akaihasugk),1,190,
akujiki59,1,190,
amekosame,1,190,
animal_request,5,190,
arancia,4,190,
archer_(fate)_(cosplay),0,190,
asatsuki_(fgfff),1,190,muedo_(seiga)
bakuman,3,190,
blue_hood,0,190,
boca,1,190,
capriccyo,1,190,
chameleon_tail,0,190,
chiba_sadoru,1,190,"chiba_saddle,sencha_sadoru"
frottage,0,190,frotting
communism,0,190,communist
wailmer,4,190,
cyanide-whale,1,190,
dawn_(pokemon)_(cosplay),0,190,
dha,1,190,
duke_of_york_(azur_lane),4,190,
elven_forest_maker,4,190,
emia_(castilla),1,190,suzu_noenoe
evo_grim,0,190,
face_to_pecs,0,190,
flat_chest_joke,0,190,
fletchling,4,190,
furukawa_sanae,4,190,
fuse,0,190,
gekijouban_hibike!_euphonium,3,190,
gobera,1,190,
henrietta_(gunslinger_girl),4,190,
hide_(hideout),1,190,novelia
hjz_(artemi),1,190,haimerejzero
ishikawa_goemon_xiii,4,190,
jacques_de_molay_(foreigner)_(fate),4,190,
juvia_lockser,4,190,juvia_loxar
kagami_sumika,4,190,
kaida_michi,1,190,
kanchou,0,190,kancho
kinsenka_momi,1,190,
kissing_hair,0,190,hair_kiss
kotomuke_fuurin,1,190,shijimi-sama
krirk,1,190,
kuriboh,4,190,
kurousagi_yuu,1,190,black_rabbit
lantern_on_liquid,0,190,
left-hand_drive,0,190,
love_lab,3,190,
mass_production_eva,4,190,
mechuragi,1,190,
michiking,1,190,
mogskg,1,190,
morisova,1,190,
muramatsu_sakura,4,190,
nagasawa_tougo,1,190,
nier_(young),4,190,
ochikobore_fruit_tart,3,190,dropout_idol_fruit_tart
orz_(kagewaka),1,190,mynameisorz
outlaw_star,3,190,
partially_immersed,0,190,
rags,0,190,
red_ribbon_army,0,190,
sakura_quest,3,190,
sakura_sora,1,190,
shaped_pubic_hair,0,190,
shellder,4,190,
slyvia,1,190,
snatti,1,190,
sports_bra_lift,0,190,
suzunoki_rin,4,190,
tamu_(mad_works),1,190,
tasogare_otome_x_amnesia,3,190,"dusk_maiden_of_amnesia,tasogare_otome_amnesia"
tatapopo,1,190,
thompson/center_contender,0,190,thompson_contender
tokuura,1,190,
tsuchimiya,1,190,
umaibou,0,190,
umonebi,1,190,
uppi,1,190,
valkyrie_(vnd),4,190,
wasabi_(legemd),1,190,
watery_eyes,0,190,
yamato_junji,1,190,
yurichtofen,1,190,
accordion,0,189,
akisaka_yamoka,1,189,
amamiya_minato,1,189,yumeutarium
aoba_kokona,4,189,
aqua_sweater,0,189,
armored_skirt,0,189,
awa_toka,1,189,
bad_aspect_ratio,5,189,
bastard!!,3,189,
beyond_the_nobles_(idolmaster),0,189,beyond_the_nobles
buddha,4,189,
casca_(berserk),4,189,
chiwino,1,189,
constanze_amalie_von_braunschbank-albrechtsberger,4,189,
cross_edge,3,189,
dragon_nest,3,189,
fairy_knight_lancelot_(second_ascension)_(fate),4,189,
five-seven_(gun),0,189,
funeral,0,189,
fuwa_minato,4,189,
gift_card,0,189,
gothic_wa_mahou_otome,3,189,
holding_lighter,0,189,
honest_axe,3,189,
illustrious_(morning_star_of_love_and_hope)_(azur_lane),4,189,
insect_cage,0,189,
itsuwa,4,189,
kagome_(traumatize),1,189,
kansuke,1,189,
kashima_(kancolle)_(cosplay),0,189,
kinagi_yuu,1,189,
kirishima_(aoki_hagane_no_arpeggio),4,189,
kisairo_kaede,1,189,
kourourin,1,189,
kuroki_(ma-na-tu),1,189,
kuroneko_no_toorimichi,1,189,
lotad,4,189,
madyy,1,189,
mantis_girl,0,189,
married,0,189,
matayoshi,1,189,
matching_shanghai,0,189,
mermaid_costume,0,189,mermaid_suit
mii_(nintendo),4,189,
mino_tarou,1,189,mino_taro
miso_katsu,1,189,
morisawa_haruyuki,1,189,
nanananana,1,189,
nekoboshi_sakko,1,189,
nicole_demara,4,189,
nipple_tassels,0,189,
onsoku_no_sonic,4,189,speed-o'-sound_sonic
otaku_room,0,189,otakuroom
polteageist,4,189,
print_scrunchie,0,189,
rayvon,1,189,
reri,1,189,
rimuru_tempest_(slime),4,189,
rumie,1,189,
rune_knight_(ragnarok_online),4,189,
ryokan,0,189,
ryuushen,4,189,
sasago_kaze,1,189,
selkie_(fire_emblem),4,189,kinu_(fire_emblem_if)
shiina_kokomi,4,189,
shinobu_(ninin_ga_shinobuden),4,189,
shio_(futatsumami),1,189,shiozaki16
signo_aaa,1,189,
snow_white_(mahoiku),4,189,
space_yoko,4,189,
spas-12,0,189,
spectral_(series),3,189,
spoiler_(automobile),0,189,
sweet_home,3,189,
tool_belt,0,189,
underworld_(ornament),0,189,
urine_meter,0,189,
veiny_hands,0,189,
vortex_vanquisher_(genshin_impact),0,189,
yellowroom,1,189,
yomogi_(black-elf),1,189,
yuuma_(renkin_san-kyuu_magical_pokaan),4,189,
yuzu-aki,1,189,
zol,1,189,"captain_kizer,nobushito"
aardwolf_tail,0,188,
absinthe_(arknights),4,188,
akihiyo,1,188,
anteater_tail,0,188,
aosora_kamiya,1,188,
araki495,1,188,
arm_across_chest,0,188,
autofellatio,0,188,"auto_fellatio,sucking_own_penis,licking_own_penis"
banjo-kazooie,3,188,
beef,0,188,
bencao_gangmu,1,188,
bob_(you-u-kai),1,188,
brown_robe,0,188,
desktop,0,188,
dog_paws,0,188,
dragon_ball_super_super_hero,3,188,
emil_castagnier,4,188,
female_trainer_(umamusume),4,188,
formidable_(timeless_classics)_(azur_lane),4,188,
fushirun_rung,1,188,
garden_of_the_sun,0,188,
giratina_(altered),4,188,
shimmer,1,188,
gleision_adain,1,188,
green_horns,0,188,
gu_li,1,188,
hamster_costume,0,188,
hatsuyume,0,188,
heavy_machine_gun,0,188,
held_down,0,188,
hikasa_tomoshika,4,188,
hrd,1,188,
kamen_rider_agito_(series),3,188,
kinmedai_pink,1,188,
kiriman_(souldeep),1,188,souldeep
konno_takashi,1,188,
leonat,1,188,
lucio_(overwatch),4,188,lucio_correia_dos_santos
lycanroc_(midnight),4,188,
mairimashita!_iruma-kun,3,188,welcome_to_demon_school!_iruma-kun
margaret_(persona),4,188,
matsukura_nemu,1,188,
mayusaki_yuu,1,188,mayuzaki_yuu
minerva_(fire_emblem),4,188,
naka_(cheeseyeast),1,188,
natsumiya_yuzu,1,188,
neneneji,1,188,
nyifu,1,188,
open_bag,0,188,open_backpack
original_remodel_(kantai_collection),0,188,
parororo,1,188,
peanut,0,188,
phone_with_ears,0,188,
purple_vest,0,188,
removing_legwear,0,188,
ro_(aahnn),1,188,
rowboat,0,188,
ryokushiki_(midori-ya),1,188,midori-shiki
sainohikari,1,188,
samurott,4,188,
sanaki_kirsch_altina,4,188,
senmu_(senmudayo),1,188,
shiguma_(signalmass),1,188,
shining_tears,3,188,
shiokko_(murasaki_shion),4,188,
shirakawako,1,188,
snow_boots,0,188,
sokrates_(touhou),4,188,
spark_(pokemon),4,188,
star_guardian_lux,4,188,
suomi_(midsummer_pixie)_(girls'_frontline),4,188,suomi_(sparkling_ocean)_(girls'_frontline_2)
superman,4,188,
takayama_toshiaki,1,188,
taker_pov,0,188,
tokio_neo,1,188,"toshimasa_(serialism),ai5108"
toy_gun,0,188,
webbed_feet,0,188,
yamaguchi_homupe,1,188,
yamin_(cookie),4,188,
yoshida_iyo,1,188,
alder_(pokemon),4,187,adeku_(pokemon)
arabian_oryx_(kemono_friends),4,187,
ashiyama_yoshinori,1,187,
automatic_giraffe,1,187,automaticgiraffe
baymax,4,187,
bitchcraft123,1,187,
blue_bird,0,187,
blue_wristband,0,187,
bobobo,1,187,
browning_m2,0,187,m2hb
butcherboy,1,187,
c-ms_(girls'_frontline),4,187,c-ms_(girls_frontline)
cenangam,1,187,
cinkai,1,187,suzki00
clutching_chest,0,187,
compa,4,187,
cyber_(cyber_knight),1,187,
duel_masters,3,187,
falco_lombardi,4,187,
foodification,0,187,
frilled_boots,0,187,
giant_robo,3,187,
haioku_colonel,1,187,"haiokumantan,haiokumantan_c"
haku_(sabosoda),1,187,
hanging_lantern,0,187,
hosokawa_kanako,4,187,
imagawa_akira,1,187,
iosys,3,187,
jack-o'-lantern_print,0,187,
kale_(dragon_ball),4,187,
karabako,1,187,
karasuma_kuraha,1,187,
katagiri_himeko,4,187,
kintoki_(sakura_miko),4,187,
knee_pads,0,187,"kneepad,knee_pad,kneepads"
kud_wafter,3,187,
kumamoto_aichi,1,187,
kuroba_kaito,4,187,kuroba_kaitou
lordgenome,4,187,lord_genome
luna_lia,1,187,
marinesnow,1,187,
mazinger_z_(mecha),4,187,
mega_man_zx_advent,3,187,rockman_zx_advent
melantha_(arknights),4,187,
meroune_lorelei,4,187,
metal_slug_attack,3,187,
midoriiro_no_shinzou,1,187,
mikage_kirino,1,187,kamikage_kirino
mimyo,1,187,
mizukoshi_(marumi),1,187,
monkey_mask,0,187,
motteke!_serafuku,0,187,motekke!_serafuku
muse_(amaburi),4,187,
ngetyan,1,187,
organ_derwald,1,187,
pansage,4,187,yanappu
platinum_(shimmering_dew)_(arknights),4,187,platinum_(sunny_dew)_(arknights)
polka_dot_camisole,0,187,
pot_on_head,0,187,
pt_imp_group,4,187,
purple_bag,0,187,"purple_handbag,purple_backpack"
rain_lan,1,187,
reammara,1,187,
red_star_(toranecomet),1,187,pr0vidence
rexlent,1,187,
saaya_(kirome),4,187,
saruchitan,1,187,
sasaki_makie,4,187,
shiki_(senran_kagura),4,187,
shiny_luminous,4,187,
shizuko_(blue_archive),4,187,kawawa_shizuko
shoe_loss,0,187,
single_letter,0,187,
skull_ornament,0,187,
spoken_star,0,187,
star!!_(idolmaster),0,187,star!!
starry_sky_(game),3,187,
sunflower_seed,0,187,
suzuki24,1,187,
tahya,1,187,
takase_kanan,1,187,
tomoeda_middle_school_uniform,0,187,
ukata,1,187,
umi_monogatari,3,187,
urasekai_picnic,3,187,otherside_picnic
usano_mimi,4,187,
xayah,4,187,
yoropa,1,187,
zi_se,1,187,
chupa_chups,0,187,
akebono_kai_ni_(kancolle),4,186,
alicia_renato_(yashiro_sousaku),4,186,
alphard_(canaan),4,186,
amakura_mio,4,186,
anne_(shingeki_no_bahamut),4,186,
arita_haruyuki,4,186,
asura_(asurauser),1,186,
azula,4,186,
baru_(val-val),1,186,
chaise_longue,0,186,
chocolate_covered,0,186,
cla_(finesoda),1,186,finesoda
corset_piercing,0,186,
drizzile,4,186,
eiku,1,186,
elma_leivonen,4,186,
fatherly,0,186,
furukawa_itsuse,1,186,
group_incest,0,186,
gyari_(imagesdawn),1,186,studiotetore
gyuudon,0,186,
hat_on_back,0,186,"hat_around_neck,hat_behind_back"
hisho_collection,3,186,
homunculus_(artist),1,186,
hong_meiling_(cosplay),0,186,
ikezawa_shin,1,186,bitibiti
jin_young-in,1,186,ei_(pakirapakira)
joseph_joestar_(tequila),4,186,
kakumayu,1,186,
kira-kira_sensation!,0,186,
kyutai_x,1,186,
mail,0,186,
mairo,1,186,ilo
mama_(mama_hiro),1,186,mama_(artist)
matatabi_maru,1,186,
matsuo_chizuru,4,186,
may_of_doom,4,186,
mega_man_x4,3,186,rockman_x4
misakura_nankotsu,1,186,
nakamura_kanko,1,186,otentomaru
naked_snake,4,186,
nanabuluku,1,186,
naokomama,1,186,ginga_elyka
narumiya_(empty_cafe),1,186,
natasha_(sekai_seifuku),4,186,
optical_illusion,0,186,
orange_pupils,0,186,
orange_vest,0,186,
planter,0,186,flower_box
plumeria_(pokemon),4,186,plumeri_(pokemon)
rock_lee,4,186,
sarhce,1,186,
sawada_tsunayoshi,4,186,
setra,4,186,
shikano_sumiaki,1,186,
snowman_hair_ornament,0,186,
sola,3,186,
sonshoukou,4,186,
sophie_(howl_no_ugoku_shiro),4,186,
susie_(deltarune),4,186,
tokyogenso,1,186,
usa_mimi,4,186,
vegetation,0,186,
wonder_egg_priority,3,186,
akira_ferrari,4,185,
alex_(street_fighter),4,185,
atem,4,185,
bongo_cat,4,185,
comic_lo,3,185,lo
corviknight,4,185,
daidai_ookami,1,185,
dou,0,185,
earth-chan,4,185,
endori,1,185,
eternity_(shadeh),1,185,
fatal_frame_3,3,185,
fechirin,1,185,
firecrackers,0,185,firecracker
fruit_background,0,185,/fruitbg
gundam_narrative,3,185,
hal_(goshujinomocha),1,185,
hand_on_window,0,185,hands_on_window
hermione_(azur_lane),4,185,
holding_sketchbook,0,185,holding_sketchpad
hooded_bodysuit,0,185,
hyougintou,4,185,
imminent_gangbang,0,185,
jivke,1,185,saporion
kagura_chitose,1,185,
kahili_(pokemon),4,185,
kiona_(giraffe_kiona),1,185,
kitamurashu,1,185,
komimiyako,1,185,
kouya_no_kotobuki_hikoutai,3,185,
koyanskaya_(foreigner)_(first_ascension)_(fate),4,185,
kuga_huna,1,185,fuuna_(conclusion)
kurinton,1,185,omchicken
kusarigama,0,185,chain_sickle
lovers_(game),3,185,
maburaho,3,185,
mannack,1,185,mannaku
margay_print,0,185,
mask_lift,0,185,
meowy_(chainsaw_man),4,185,
nagy,1,185,
narberal_gamma,4,185,
naru_(andante),1,185,
nonoyama,1,185,
nozaki_tsubata,1,185,
oborofu,1,185,usotsuki_penta
oliver_(vocaloid),4,185,
olivier_mira_armstrong,4,185,olivier_armstrong
ooyama_(angel_beats!),4,185,
otabe_sakura,1,185,otabetaste
parka_(summersketch),1,185,summersketch
pikapikapop_(idolmaster),0,185,pikapikapop
piyotan_(girls_und_panzer),4,185,"hiyoshi_aoi,piyotan"
protocol_omega,0,185,
rasusurasu,1,185,
razia,4,185,rastina
ribbon_hair,0,185,
saeki_touma,1,185,
sanjiro_(tenshin_anman),1,185,hono1212
shionne_(tales),4,185,
sita_vilosa,4,185,
skylight,0,185,"skylight_(architecture),ceiling_window"
snow_white_(grimm),4,185,
striped_camisole,0,185,
summon_night_5,3,185,
tadashi,1,185,
team_skull_uniform,0,185,
tejina_senpai_(series),3,185,magical_sempai
toucan,0,185,
trainer_(idolmaster),4,185,
tsunemi_aosa,1,185,aosa_(momikin)
u_u_(mooooooou),1,185,
wrinkled_fabric,0,185,
yang_guifei_(third_ascension)_(fate),4,185,
yangsion,1,185,sion_(pixiv20787)
yaoshi_jun,1,185,
yashin_(yasinz),1,185,
yukimi,1,185,enuma_elish
yuuki_aine,4,185,
yuzutei,1,185,
akihiro_altland,4,184,
alracoco,1,184,alraco
amane_(dream_c_club),4,184,amane_(dream_club)
anal_fisting,0,184,
aos,1,184,
arms_on_table,0,184,
bakugou_mitsuki,4,184,bakugou_katsuki's_mom
bamboo_fence,0,184,
blank_page,0,184,
bridgeless_bra,0,184,
bungou_stray_dogs,3,184,
checkered_wall,0,184,
comic_girls,3,184,
doghouse,0,184,
ebanoniwa,1,184,
eimi_(blue_archive),4,184,izumimoto_eimi
fainted,0,184,passed_out
female_slayer_(dungeon_and_fighter),4,184,
fox_child_(doitsuken),4,184,
furutaka_kai_ni_(kancolle),4,184,
futaba_akane,4,184,
garlic,0,184,
gary_oak,4,184,"gary_(pokemon),ookido_shigeru,shigeru_(pokemon),shigeru_(pokemon),gary_(pokemon)"
golden_shower,0,184,peeing_on_another
hacka_doll_2,4,184,
hakonnbo,1,184,
headboard,0,184,
hida_tatsuo,1,184,
high-low_skirt,0,184,short_front_long_back_skirt
himadera,1,184,himajinsan0401
hondaranya,1,184,kiidautoisa
ice_cream_on_face,0,184,
ichinose_uruha,4,184,
isu,1,184,
japan_ground_self-defense_force,0,184,jgsdf
kamenozoki_momomo,1,184,kuroshirase
kanoe_yuuko,4,184,
kissuisou_uniform,0,184,
kohinata_hoshimi,1,184,
kusaba_(kusabashiki),1,184,
macaroni_hourensou,1,184,
macintosh,0,184,mac
matching_hairstyle,0,184,
minatsuki_alumi,1,184,almgnsn
mizuki_kotori_(yu-gi-oh!),4,184,
necktie_in_mouth,0,184,
needle_sword,0,184,
nullken,1,184,
ogura_eisuke,1,184,"ogura_eiichi,eisuke_ogura"
oka_(bananashoe),1,184,
peach_hat_ornament,0,184,
pink_gemstone,0,184,
power_bottom,0,184,
pp_tenshi_t-shirt,0,184,
railroad_signal,0,184,railway_signal
rectangle,0,184,
royal_navy_(emblem),0,184,
sawatari_izumi,4,184,
shinoda_hajime,4,184,
shiwo,1,184,
sitting_on_torii,0,184,
speedo_(company),0,184,
spoken_light_bulb,0,184,spoken_lightbulb
starmilk,1,184,
suda_(yuunagi_enikki),1,184,
tachibana_jun'ichi,4,184,tachibana_junichi
taji_(crowview),1,184,
tamagawa_yukimaru,1,184,
tare_(tonikaku_magaru),1,184,
triple_scoop,0,184,
uruu_gekka,1,184,jungetsu_hoko
usuzumi_hatsumi,4,184,
vertical-striped_scarf,0,184,
wa-class_transport_ship,4,184,
walfie_(style),0,184,
walkman,0,184,
wrong_hand,0,184,wrong_hands
yazaki_(yazakc),1,184,yazakc
yoshitani_motoka,1,184,
yotsuya_miko,4,184,
yume_no_tobira,0,184,
ashes,0,183,
aurea_juniper,4,183,
axe_r18,1,183,jubakurei
bowieknife,1,183,
charger,0,183,
cruiser,0,183,
dakkalot,1,183,
dhalsim,4,183,
dj_max_portable,3,183,
dollar_bill,0,183,
dryad,0,183,
e-co,1,183,
endou_masatoshi,1,183,
enoo,1,183,
excalibur_(fate/prototype),0,183,
garoudo_(kadouhan'i),1,183,
group_profile,0,183,
hatenna,4,183,
heixiu,4,183,
hiei_(azur_lane),4,183,
hisakawa_chin,1,183,
hol_horse,4,183,
holding_palette,0,183,
internet_explorer,3,183,
kaede_johan_nouvel,4,183,
kamen_rider_fourze,4,183,
kana616,1,183,
kapuru_0410,1,183,azitama_suki
kimagure_orange_road,3,183,/kor
knees_out_of_frame,0,183,
kochou_kanae,4,183,
kurokaze_no_sora,1,183,
kuwata_leon,4,183,
laios_thorden,4,183,
manhole,0,183,
matsuri_(teriyaki),4,183,
mudrock_(obsidian)_(arknights),4,183,
nakabayashi_yoshitaka's_maid_uniform,0,183,
nemunemu_(candy_paddle),1,183,"nemunemu_(shuumatsu_shorijou),nemunemu_(syumatsusyorijou),syumatsusyorijou"
nephlite,1,183,
nuko_(mikupantu),1,183,
okita_sawa,4,183,
onsen_musume,3,183,
orihi_chihiro,1,183,
pactio,0,183,
poa_mellhen,1,183,
rance,4,183,
rolling_pin,0,183,
romancing_saga_2,3,183,
saberiii,1,183,iiisaber
saionji_sekai,4,183,
sanotsuki,1,183,
scarlet_weather_rhapsody,3,183,
screw_in_head,0,183,"head_bolt,bolt_in_head,head_screw"
sekihara_umina,1,183,unagi_no_kabayaki
shiguma_rika,4,183,
sideroca_(light_breeze)_(arknights),4,183,
spoken_flying_sweatdrops,0,183,
star_wars:_the_force_awakens,3,183,"star_wars_episode_vii,star_wars_episode_7"
sylphy_(amaburi),4,183,
teabag,0,183,tea_bag
tearju_lunatique,4,183,
torkoal,4,183,
vivillon,4,183,
wet.elephant,1,183,
xiangzi_box,1,183,
xxxholic,3,183,
yamada_anna,4,183,
yewang19,1,183,
a_song_of_ice_and_fire,3,182,
adjusting_another's_hair,0,182,
against_door,0,182,
aiz_wallenstein,4,182,
albacore_(azur_lane),4,182,
amano_kozue,1,182,
aokihoshi,1,182,
aotan_nishimoto,1,182,
ash_crimson,4,182,
awkward,0,182,
bellflower,0,182,
black_bloomers,0,182,
cheating_(competitive),0,182,
cockatiel,0,182,
cross-laced_sandals,0,182,
cslucaris,1,182,
dazed,0,182,
detective_pikachu,3,182,
diantha_(pokemon),4,182,carnet_(pokemon)
espurr,4,182,
firefox,3,182,
floorplan,0,182,
greek_cross,0,182,
green_innertube,0,182,
gulpin,4,182,
hanamasa_ono,1,182,solo07450075
hanamura_teruteru,4,182,
handjob_over_clothes,0,182,
haru_(hiyori-kohal),1,182,
ichiyan,1,182,
joseph_oda,4,182,
kamen_rider_faiz,4,182,
kamigishi_akari,4,182,
kazuki-mendou,1,182,
keishin,1,182,
koga_koharu,4,182,
kokura_masashi,1,182,
kujo_jotaro_(cosplay),0,182,
kuranosuke,1,182,
linmiee,1,182,
mary_cochran,4,182,
mass_effect,3,182,
mool_yueguang,1,182,
murata_himeko_(vermillion_knight),4,182,
mutang,1,182,
naked_labcoat,0,182,
name_john,1,182,"zinger_(excess_m),zzinzinz"
nobori,0,182,
noyomidx,1,182,
nura_(oaaaaaa),1,182,
ohagi1010,1,182,
orange_cat,0,182,
otokamu,1,182,
popup,1,182,
precure_all_stars,3,182,pretty_cure_all_stars
presea_combatir,4,182,
quarter_rest,0,182,crotchet_rest
rikume,1,182,
rope_(arknights),4,182,
rope_marks,0,182,
saionji_kotoka,4,182,
servant_x_service,3,182,
shirokuma_(nankyoku),1,182,shirukuma
soranagi,1,182,
spicy,0,182,
tachibana_rei,4,182,
tedain,1,182,
tetsukuzu_tetsuko,1,182,
toyoman,1,182,nanako_(1475647493)
tyouseki,1,182,
washio_sumi_wa_yuusha_de_aru,3,182,washio_sumi_is_a_hero
akakura,1,181,
alphinaud_leveilleur,4,181,
aoyama_motoko,4,181,
arisaka_mashiro,4,181,
atsumi_yoshioka,1,181,
battle_damage,0,181,
beige_footwear,0,181,
billy_the_kid_(fate),4,181,billy_the_kid_(fate/grand_order)
bird_hair_ornament,0,181,
bouncing_pecs,0,181,
breakdance,0,181,
corpse_party,3,181,
corrin_(summer)_(fire_emblem)_(female),4,181,
count_zero,1,181,
daidou_ayumu,4,181,
daimaou_k,1,181,daimaoh_k
danna_(karatekikku),1,181,
daram_(shappydude),1,181,daram
dekosuke,1,181,decosukedon0
eel_hat,0,181,
eevee_(cosplay),0,181,
fate/tiger_colosseum,3,181,
fujimaru_ritsuka_(female)_(cosplay),0,181,
gigi_andalusia,4,181,
globus_cruciger,0,181,
green_robe,0,181,
haevest,3,181,
hidden_blade,0,181,
hip_attack,0,181,buttattack
holding_plectrum,0,181,holding_guitar_pick
holding_star,0,181,
hozumi_kaoru,1,181,
human_head,0,181,
ichirino_minagi,1,181,
ihobus,1,181,
ishigaki_(kancolle),4,181,ishigaki_(kantai_collection)
jackal_boy,0,181,
jeanne_(bayonetta),4,181,
jogging,0,181,
kamen_rider_1,4,181,
karakuri_chachamaru,4,181,chachamaru
katari_(ropiropi),1,181,
kerosene_heater,0,181,
kirikirimai_(kkm),1,181,
kitajima_kaede,4,181,
kurono_yuzuko,1,181,
kurusu_kanako,4,181,
lasso,0,181,
looney_tunes,3,181,
lovely_x_cation_2,3,181,
lucia_(punishing:_gray_raven),4,181,
mahito,1,181,
marui_futaba,4,181,
meika_mikoto,4,181,
miito_shido,1,181,"syd_meat00,unio5b"
moe_(blue_archive),4,181,kazekura_moe
monoku,1,181,
morishita_naochika,1,181,
nanase_kureha,4,181,
neet_co.,1,181,
neptune_(azur_lane),4,181,
niijima_sae,4,181,
nishiumi_yuuta,1,181,subnyyyy
noise_tanker,1,181,
non_(nobu),1,181,non_(pixiv19068)
nyonyonba_tarou,1,181,
onion_knight,4,181,
orihara_mairu,4,181,
owl_girl,0,181,
pet_shaming,0,181,
psyche3313,1,181,
rebis,1,181,
ricotta_elmar,4,181,
rie_(reverie),1,181,
rillaboom,4,181,
rolua,1,181,
ryouna_(senran_kagura),4,181,
sakazakinchan,1,181,
sakura_hanpen,1,181,
sazanami_kai_(kancolle),4,181,
senjuushi_(series),3,181,
shida_kazuhiro,1,181,
shigaraki_tomura,4,181,
shinia,1,181,
spiked_thighlet,0,181,
striped_vest,0,181,
super_sailor_mars,4,181,
tanaka_ahiru,1,181,
tank_destroyer,0,181,
tetsuwan_birdy,3,181,birdy_the_mighty
titan_(titanfall),0,181,
trucy_wright,4,181,naruhodou_minuki
watarabe_keiichi,1,181,
weezing,4,181,
wilhelmina_carmel,4,181,
yahagi_kai_ni_(kancolle),4,181,
yamaishi_(mukoubuti),1,181,"yamaishi108,jade_(1308mukoubuti)"
yana_mori,1,181,seityoukl
yu_3,1,181,
yuuki_anju,4,181,
ziro_(zirorong),1,181,z_loader
aardwolf_print,0,180,
ai_arctic_warfare,0,180,"l96a1,ai_aw,ai_awf,ai_awm,ai_awp,ai_aws"
aikei_ake,1,180,
angeldust,1,180,
antonio_salieri_(second_ascension)_(fate),4,180,
asics,0,180,
band_shirt,0,180,
bee_doushi,1,180,
blaidd_the_half-wolf,4,180,
blair_(soul_eater),4,180,
brown_suit,0,180,
cheetah_ears,0,180,
cheshire_cat_(alice_in_wonderland)_(cosplay),0,180,
clover_theater,3,180,
colosseum,0,180,coliseum
d-floe,1,180,
daeho_cha,1,180,
dandelion_seed,0,180,
edging_underwear,0,180,
elincia_ridell_crimea,4,180,
fate/empire_of_dirt,3,180,
food-themed_background,0,180,food_themed_background
furuyama_itaru,1,180,tshangen131
galbany_(tsgororin),1,180,
ghost_hair_ornament,0,180,
goshoguruma,0,180,
graves_(league_of_legends),4,180,malcolm_graves
harukawa_moe_(style),0,180,
hector_(fate),4,180,hector_(fate/grand_order)
hekomii,1,180,chaostein
helena_douglas,4,180,
heran_hei_mao,1,180,blackcat_(pixiv)
high_school_dxd_hero,3,180,
higuchi_isami,1,180,
hinomaru_(futagun),1,180,
hunie_(series),3,180,
initial_d,3,180,initiald
isemagu,1,180,
kairaku_historie,3,180,
kamen_rider_blade,4,180,
kasa_list,1,180,
kazama_akira,4,180,
kazuboh,1,180,
kenoka,1,180,
kimura_shuuichi,1,180,kimura_chiruno
kiroranke,4,180,
kita_hinako,4,180,
kokujuuji,1,180,
konjiki_no_gash!!,3,180,"zatch_bell,konjiki_no_gash"
koyoi_mitsuki,1,180,
laegjarn_(fire_emblem),4,180,laegjarn_(fire_emblem_heroes)
lineage_2,3,180,lineage2
lunar_tear,0,180,
mahcdai,1,180,mach
marijuana,0,180,
mega_man_volnutt,4,180,rock_volnutt
moon_rabbit,0,180,
multicolored_bra,0,180,
nijihashi_sora,1,180,
omelet_tomato,1,180,
pepatiku,1,180,
pop_filter,0,180,
quote_(doukutsu_monogatari),4,180,
rampart1028,1,180,
rusky,1,180,
sabana,1,180,kuraaken
sano_manjirou,4,180,
sansha_san'you,3,180,three_leaves_three_colors
sasaki_kanna_(kaedeko),4,180,
scraggy,4,180,
see-through_bodysuit,0,180,sheer_bodysuit
sheeta,4,180,
shimashiro_itsuki,1,180,
shindou_chihiro,4,180,
skirt_around_ankles,0,180,
sorapoi,1,180,
star_vs_the_forces_of_evil,3,180,
tank_interior,0,180,
tiger_(kemono_friends),4,180,
tsukiori,1,180,inazakura00
tsukuda0310,1,180,
un-go,3,180,
w_tails_cat,3,180,
waha,4,180,
weeds,0,180,
xenosaga_episode_i,3,180,xenosaga_i
yakui,4,180,
yoshino_norihito,1,180,
zirba,1,180,
akaza_akane,4,179,
alternate_element,0,179,alternative_element
alto_seneka,1,179,
anpanman,3,179,
arisugawa_otome,4,179,
atelier_firis,3,179,
ayaki,1,179,
besmiled,1,179,
bra_(dragon_ball),4,179,bra_(dragonball)
captain_america:_the_winter_soldier,3,179,
constantine_xi_(fate),4,179,
dain,1,179,
dorua_(dollar),1,179,
drednaw,4,179,
ekra,1,179,
eringi_(rmrafrn),1,179,esatongi
fairy_(jintai),4,179,
fary5,1,179,"fureita,farys_(afopahqfw)"
flower_braid,0,179,
foregrip,0,179,
fried_egg_on_toast,0,179,
fujimaru_ritsuka_(female)_(royal_brand),4,179,
gb_(doubleleaf),1,179,genmaipudding
hardboiled_egg,0,179,hard-boiled_egg
helvetica_std,1,179,helvetica_5tandard
hsuliherng,1,179,
hyuuga_neji,4,179,
inou_shin,1,179,inoh_shin
inusaka,1,179,
johan_andersen,4,179,jesse_anderson
jujutsu_tech_uniform,0,179,
k0ng,1,179,kongthegrain
kai_yuuki,1,179,parakiss
kamameshi_gougoumaru,1,179,
kamen_rider_black_(series),3,179,
kiryuuin_satsuki_(cosplay),0,179,
leslyzerosix,1,179,
lying_on_another,0,179,
minneapolis_(azur_lane),4,179,
misato_(princess_connect!),4,179,aikawa_misato
mitsukai_dokuro,4,179,
morgan_(fire_emblem)_(male),4,179,
voicevox,3,179,
nah_(fire_emblem),4,179,nn_(fire_emblem)
nhaliz,1,179,natsuyu
obi-wan_kenobi,4,179,
oda_nobunaga_(swimsuit_berserker)_(second_ascension)_(fate),4,179,
okuma_mai,1,179,tamarashi
on_food,0,179,
paw_hair_ornament,0,179,
petagon,1,179,
phantasy_star_universe,3,179,psu
piko_piko_hammer,0,179,
pita_ten,3,179,
print_innertube,0,179,
professor_layton,3,179,
prydwen_(fate),0,179,prydwen
red_male_swimwear,0,179,
reika_(clovia_studio),1,179,siting_zeng
repairing,0,179,
ririkuto,1,179,
river_city_girls,3,179,
royal,0,179,
sai_(naruto),4,179,
sakuna-hime,4,179,
sakurajima_saromako,1,179,
seaport_water_oni,4,179,
senmura,1,179,senmuts
sha2mo,1,179,
shichinose,1,179,sitinose
shinmai_fukei_kiruko-san,3,179,
single-lens_reflex_camera,0,179,"slr,single_lens_reflex_camera,slr_camera"
southern_ocean_war_princess,4,179,southern_ocean_war_hime
stank,1,179,
stellated_octahedron,0,179,
suga_hideo,1,179,beauty_love
tanasuke,1,179,
tankard,0,179,
tera_hiroshi,1,179,
thupoppo,1,179,
too_many_books,0,179,
tornado,0,179,
tsukamoto_tenma,4,179,
tsukumizu_yuu,1,179,
tsunashi_takuto,4,179,
twitter-san_(character),4,179,
uni_(melm),1,179,
unicorn_girl,0,179,
viola_(pokemon),4,179,
vyugen,3,179,
waffle_cone,0,179,
winter_schnee,4,179,
yabai_gorilla,1,179,
yoneyama_mai,1,179,
yorha_type_p_no._2,4,179,
youngster_(pokemon),4,179,
zelitto,1,179,jie_laite
zelos_wilder,4,179,
5danny1206,1,178,
akehi_yuki,1,178,
crocs,0,178,
artoria_pendragon_(alter_swimsuit_rider)_(first_ascension)_(fate),4,178,
bioshock_infinite,3,178,
character_hood,0,178,
charamells,1,178,
chinatsu_(blue_archive),4,178,hinomiya_chinatsu
chinese_lantern_(plant),0,178,"hozuki_(plant),alkekengi,physalis_(plant)"
chunithm,3,178,
dishwashing,0,178,washing_dishes
doberman,0,178,
drinking_pee,0,178,"urophagia,pee_drink"
ember_(selen_tatsuki),4,178,
finger_to_tongue,0,178,
fuwa_kokone,4,178,
gamuo,1,178,
geo_(yukishitadou),1,178,geogeo
haiki_(tegusu),1,178,
halkawa501,1,178,harukawa_(hal501)
hatching,0,178,
himeyuri_ruri,4,178,
himeyuri_sango,4,178,
hisaishi_kanade,4,178,
hiyama_kiyoteru,4,178,hiyama_kiyoteru_(vocaloid4)
imai_midori,4,178,
inari_(inariya),1,178,inari_(kimitama0902yahoocojp)
kamikaze_kaitou_jeanne,3,178,phantom_thief_jeanne
kandanchi,1,178,
kernel_killer,1,178,k.k_(pixiv)
kitajima_sara,4,178,
knights_of_the_round_table_(fate),0,178,
kurobuta_gekkan,1,178,
kurochijo,4,178,
kyouran_kazoku_nikki,3,178,
lilith_(yamibou),4,178,
magenta_(atyana),1,178,akama_zenta
master_dojo_uniform,0,178,
milli_little,1,178,
mouse_on_head,0,178,
mr._game_&_watch,4,178,mr._game_and_watch
nami_(league_of_legends),4,178,
nita_(onakatohoppe),1,178,niita
no_navel,0,178,"no_belly_button,no_bellybutton"
noeomi,1,178,
normad,4,178,
nove_(nanoha),4,178,
oono_tetsuya,1,178,ohno_tetsuya
oteruko_(wanabeee),1,178,wanabeee
otoshidama,0,178,
ozawa_akifumi,1,178,"akifumi_onigiri,orisawa_akifumi,orisawa_akihumi"
peach_hair_ornament,0,178,
ray-akila,1,178,
reversed,5,178,
rimo,1,178,
sakuremi,1,178,sakuuremi
sigurd_hosenfeld,1,178,sigurdhosenfeld
silver_bell,1,178,
soviet_flag,0,178,
spell,0,178,
suishougensou,1,178,
tauros,4,178,
tenkuu_sphere,1,178,
tentacruel,4,178,
terra_(kingdom_hearts),4,178,
torn_ribbon,0,178,
tosa_(hometown_zest)_(azur_lane),4,178,
towel_on_legs,0,178,
ueda_masashi_(style),0,178,
umekko,1,178,
vania600,1,178,
wakaouji_ichigo,4,178,ichigo_(k-on!)
youmou_usagi,1,178,
yunioshi,1,178,ya-zy
zangoose,4,178,
zhen_lu,1,178,
anthony_(madoka_magica),4,177,
aogiri_penta,1,177,aogiri_p
asada_sadao,1,177,"sweetroad,sadao4a"
asymmetrical_breasts,0,177,lopsided_breasts
awai880,1,177,
azuma_kiyohiko,1,177,kiyohiko_azuma
broad_shoulders,0,177,
carbuncle_(final_fantasy),4,177,
chen_bin,1,177,
cisyo,1,177,
cure_star,4,177,
cutie_honey_(character),4,177,
dana_zane,4,177,
darabuchi,1,177,
dead_or_alive_6,3,177,
demitri_maximoff,4,177,
dokuro_deluxe,1,177,
double_vaginal,0,177,double_vaginal_penetration
dusk_(everything_is_a_miracle)_(arknights),4,177,
edoya_inuhachi,1,177,neko_cer
floral_arch,0,177,
fur-trimmed_mittens,0,177,
gaara_(naruto),4,177,
gentoku,1,177,
ghost_sweeper_mikami,3,177,
gm_(mobile_suit),4,177,
go_(board_game),0,177,
holding_flask,0,177,
i.f.s.f,1,177,
ice_pack,0,177,
ichimegasa,0,177,
ikkitousen_great_guardians,3,177,
jack-o'-lantern_ornament,0,177,
jane_mere,1,177,janemere
jessica_(granblue_fantasy),4,177,
jin_akhr,1,177,holiday-jin
julius_caesar_(fate),4,177,
kakiko210,1,177,
kaoru_(gensou_yuugen-an),1,177,kaoru_(artist)
kimura_(ykimu),1,177,
kishitani_shinra,4,177,
kishizuka_kenji,1,177,
kogaku_kazuya,1,177,
kougami_shin'ya,4,177,kougami_shinya
kurokoori,1,177,
kyurem,4,177,
lingshalan,1,177,lanelise
lots_of_laugh_(vocaloid),3,177,
maple_(bofuri),4,177,
matasabu,1,177,
mayo_(miyusa),1,177,
minette_(skullgirls),4,177,
mole_(animal),0,177,
momoiro_lettuce,1,177,
montemasa,1,177,
murota_yuuhei,1,177,
nasa_logo,0,177,
natsuki_marina,1,177,dadada72717
ookami_maito,1,177,
owafu,1,177,
pikachu_ears,0,177,
pinwheel_hair_ornament,0,177,
popo_(ice_climber),4,177,
right-hand_drive,0,177,
segamark,1,177,
shiino_sera,1,177,
shiota_nagisa,4,177,
sima_naoteng,1,177,bilibili_1907727
solosis,4,177,
spiked_helmet,0,177,
tenshinhan,4,177,tien_shinhan
toujou_(toujou_ramen),1,177,tojo_(strit2p)
transformers_animated,3,177,
tsukikage_nemu,1,177,
umedama_nabu,1,177,tsurikichi_doumei
usaka_ray,1,177,
usugiri_bacon,1,177,
yukiko_(tesseract),1,177,
yukirin,1,177,
ankle_bell,0,176,
anus_cutout,0,176,
artem_wing_(tears_of_themis),4,176,
asahi_kuroi,1,176,k.syo.e+
australian_devil_(kemono_friends),4,176,
bachera,1,176,bachiera
black_bandana,0,176,
body_horror,0,176,
bunny_and_fox_world,3,176,
buran_(kure),1,176,
burmecian,0,176,
catfish,0,176,
clitoris_tweak,0,176,clit_tweak
colorful_palette,1,176,
comfey,4,176,
doku_corne,1,176,
empty_picture_frame,0,176,
euphemism,0,176,sexual_euphemism
extra_pupils,0,176,"polycoria,extra_irises,multiple_pupils"
fantasista_doll,3,176,
fie_claussell,4,176,
friday_night_funkin',3,176,friday_night_funkin
fruit_bowl,0,176,
fudou_akira,4,176,
gattai,0,176,
giant_armadillo_(kemono_friends),4,176,
gotcha!,3,176,
grasshopper,0,176,grasshoppers
grey_pubic_hair,0,176,
gundam_msv,3,176,
hazmat_suit,0,176,"biohazard_suit,hazard_suit"
hibari_kyouya,4,176,
hikobae,1,176,
hinemosu_notari,1,176,hinemosu
hirosato,1,176,
hitotsubashi_yurie,4,176,
holding_butterfly_net,0,176,
hoshiguma_(patrolling_ronin)_(arknights),4,176,
hua-j,1,176,choukoukou_no_diaosi
ikuno_(darling_in_the_franxx),4,176,
imaichi_moenai_ko,4,176,
inkbrush_(splatoon),0,176,
isekai_joucho,4,176,
izetta,4,176,
jinno_megumi,4,176,
kamimiya,1,176,kamimiya_(pixiv)
kanade_izuru,4,176,
kani_aruki_(bucket_crawl),1,176,takanitsuki
kanijiru,1,176,
kaonashi,4,176,no-face_(spirited_away)
kawanakajima,1,176,
kayahara,1,176,
kazamatsuri_fuuka,4,176,
kinokohime,1,176,
kizaki_ren,4,176,
kobe_shinbun,3,176,
konakona,1,176,
kure-nai,3,176,
kuroo_tetsurou,4,176,
kurorichin,1,176,
lavender_(flower),0,176,
lin_(breath_of_fire),4,176,
lurantis,4,176,
makochin,1,176,
maosame,1,176,
maria_(umineko),4,176,
memento_vivi,1,176,
mesousa,4,176,
miy@,1,176,
miyamoto_musashi_(swimsuit_berserker)_(first_ascension)_(fate),4,176,
miyoshino,1,176,
mizuno_mumomo,1,176,
mystical_high_collar,0,176,
nagato_(great_fox's_respite)_(azur_lane),4,176,nagato_(great_fox's_sleepwear)_(azur_lane)
nanaume_(shichimi_tougarashi),1,176,sorairo_porin
natsuki_kruger,4,176,
netnavi,0,176,
nipple_tag,0,176,
nozomi_fuuten,1,176,
on_flower,0,176,
one_finger_selfie_challenge_(meme),0,176,one_finger_selfie_challenge
onix,4,176,
orange_butterfly,0,176,
orange_heart,4,176,
orihara_kururi,4,176,
ox_girl,0,176,
pin.s,1,176,
poison_ivy,4,176,pamela_lillian_isley
putama,1,176,
rashinban_musume,4,176,
raticate,4,176,
red_(among_us),4,176,
roura,1,176,
sakkan,1,176,
sawati,1,176,
seviper,4,176,
shaojiang,1,176,
shaymin_(sky),4,176,
shiramine_rika,4,176,
silvally,4,176,
size_comparison,0,176,
spoken_animal,0,176,
stenciled_rose,0,176,
stuffed_orca,0,176,
sumi_keiichi,1,176,
tail_pull,0,176,
takimoto_yukari,1,176,takashi_(nekoro)
tejina_senpai,4,176,
tengxiang_lingnai,1,176,
the_legend_of_zelda:_spirit_tracks,3,176,spirit_tracks
toba_hiyoko,1,176,
tomo_(tmtm_mf_mf),1,176,tomo_(user_hes4085)
tomozo_kaoru,1,176,
toruneko,1,176,
toushi_ryoku,1,176,
tripdancer,1,176,
tsukumihara_academy_uniform_(fate/extra),0,176,tsukimihara_academy_uniform_(fate/extra)
wingheart,1,176,
yoshida_seiji,1,176,
yunimaru,1,176,
aisutabetao,1,175,umiyakawa
amaguchi_chiyoko,1,175,
armillary_sphere,0,175,
ayakaze_ryuushou,1,175,silmaril
bai_(granblue_fantasy),4,175,
beat_angel_escalayer,3,175,
calyrex,4,175,
cargo_shorts,0,175,
carrot_pillow,0,175,
character_watermark,0,175,
cleo_everlastin,4,175,
crest_worm,0,175,
en_pointe,0,175,
pinned,0,175,
flora_(fire_emblem),4,175,flora_(fire_emblem_if)
fuuka_reventon,4,175,
fuwa_fuwa_dog,1,175,
gourry_gabriev,4,175,
grand_sphere,3,175,
green_outline,0,175,
grimlight,3,175,
guilty_dragon,3,175,
hand_on_own_wrist,0,175,
hobble,0,175,
houmitsu,1,175,iwamoto_maguro
hurricane_glass,0,175,
husky,0,175,
ishikawa_hideki,1,175,
jammers,0,175,
jewel_(the_black_canvas),1,175,
k_jie,1,175,
kanaria_hisagi,1,175,kanaria_(kanari_as)
kanten,1,175,
kazuha's_friend_(genshin_impact),4,175,
kido_jou,4,175,
kiriko_(araragikoyomi),1,175,araragikoyomis
ko_kita,1,175,
kodama_(wa-ka-me),1,175,
kohakope,1,175,
kuriyuzu_kuryuu,1,175,
kuroba_u,1,175,
latooni_subota,4,175,
lucia_(scott_malin),4,175,
makaria,1,175,
march,0,175,
mashio,1,175,
miaogujun,1,175,miaoguujuun_qvq
misooden,1,175,
miya_utsutsu,4,175,
momoko_(palemon),1,175,
monosenbei,1,175,winwinmater
monster_hunter_x,3,175,
morioka_itari,1,175,
mutyakai,1,175,
nakajima_atsuko,1,175,
naked_raincoat,0,175,
nanahyakuichi_middle_school_uniform,0,175,
naomi_(fantasia),1,175,
onineko,1,175,
opening,0,175,
orca_girl,0,175,
othinus,4,175,
tekken,3,175,
paper_chain,0,175,
pee_in_container,0,175,
penpen,4,175,
phoenix_wright:_ace_attorney_-_spirit_of_justice,3,175,"ace_attorney_6,gyakuten_saiban_6"
power_strip,0,175,"power_board,surge_protector"
raphael_kirsten,4,175,
remington_arms,0,175,
rodney_(azur_lane),4,175,
ryouzou,1,175,mukuzou
sabet_(young_ouo),1,175,kurut
sakura_musubi,3,175,sakuramusubi
sakuraba_rola,4,175,
sea_turtle,0,175,
senran_kagura_estival_versus,3,175,
shirafuji_kyouko,4,175,
shirt_down,0,175,
silky_anteater_(kemono_friends),4,175,
snot_trail,0,175,
star_ocean_first_departure,3,175,
taiwan,0,175,republic_of_china_(post-1949)
teleport,0,175,
tsuttsu,1,175,"tsuttsu_(tsux3),yukino_tsubu"
ukami,1,175,
vanity_table,0,175,dressing_table
wenny02,1,175,sanatorium_industries
yamcha_(cocololi),1,175,
yellowpaint.,1,175,
yoshiwa_tomo,1,175,
yuki_usagi_(mofurafu),1,175,
yuzu-soft,3,175,
zone_of_the_enders_2,3,175,
one_finger_selfie_challenge,0,175,
advance_wars,3,174,famicom_wars
akatsuki_miho,4,174,
animedia,3,174,
aqua_scrunchie,0,174,
arpeggio_kaga,1,174,
borushichi,1,174,
breaking_bad,3,174,
candy_bar,0,174,
choyeon,1,174,chyo
cleffa,4,174,
color_timer,0,174,
comic_unreal,3,174,
comiket_95,3,174,
display,0,174,
display_case,0,174,
dr._eggman,4,174,dr._ivo_robotnik
eighth_rest,0,174,quaver_rest
esper_nyanko,4,174,
eternity_sword_series,3,174,
fallout_4,3,174,
faye_(fire_emblem),4,174,
felt_(re:zero),4,174,
green_brooch,0,174,
hakodate_omiko,4,174,
hanamaru_youchien,3,174,"hanamaru_kindergarten,hanamaru_yochien"
ho-class_light_cruiser,4,174,
hoshino_kagari,1,174,
ichinose777,1,174,
izuoku,1,174,
julia_chang,4,174,
justin_(grandia),4,174,
kanikou,1,174,
kanno_izuka,1,174,izuka_kanno
kannon_ouji,1,174,
karunabaru,1,174,
kelvin-trainerk,1,174,
kenny_mccormick,4,174,
kimarin,1,174,
kimetsu_gakuen,3,174,
kunugigaoka_middle_school_uniform,0,174,
liepard,4,174,
lieqi_hun,1,174,ryouki_tamashii
mafia_kajita,4,174,
magic_school_uniform,0,174,
maka_(morphine),1,174,
medium_request,5,174,
mikoma_sanagi,1,174,
mimi-chan,4,174,
mirukurim,1,174,shannon_(chiffonx)
miyoshi_karin,4,174,
mochinue,1,174,mochinu
mochizuki_mochi,1,174,"sk20864,hinakano_h"
moose_tail,0,174,
multiple_moons,0,174,extra_moons
munakata_kyousuke,4,174,
myoudou_gakuen_high_school_uniform,0,174,
nakayama_yukiji,1,174,
ninjask,4,174,
nose_picking,0,174,picking_nose
nu-class_light_aircraft_carrier,4,174,
nyan_koi!,3,174,nyan_koi
on_rock,0,174,
pechika,1,174,
pinch_(nesume),1,174,
popoman,1,174,pao_mian+dan
priapus_a._tarou,4,174,
queen_of_spades_symbol,0,174,
quimbaya_airplane,0,174,
ranger_(ragnarok_online),4,174,
reality_arc_(sinoalice),0,174,
roadhog_(overwatch),4,174,mako_rutledge
rondo_bell,1,174,
sakishima_hikari,4,174,
sakura_moyon,1,174,
salmonid,0,174,
sango,4,174,
translucent,0,174,
shinonome_akito,4,174,
sirills,1,174,
soft_focus,0,174,
sphinx_(toaru_majutsu_no_index),4,174,
stake,0,174,
starfox1015,1,174,
super_cub,3,174,
swimsuit_tug,0,174,
t-ray,1,174,
takeya_masami,1,174,takemasa_mo
tamura_hiro,1,174,
tapisuke,1,174,
taya_oco,1,174,taya_5323203
thanabis,1,174,
the_lego_group,3,174,
tomidoron,1,174,
tota_(sizukurubiks),1,174,
tsuta_no_ha,1,174,
tying_apron,0,174,
vittorio_veneto_(warship_girls_r),4,174,
white_chocolate,0,174,
yellow_innertube,0,174,
yokoyama_naoki,1,174,
yotarou_(aoki_hagane_no_arpeggio),4,174,
akechi_kokoro,4,173,
alternate_sleeve_length,0,173,
ankle_scrunchie,0,173,
artstation_username,0,173,
ashe_(overwatch),4,173,
asimo953,1,173,
atsutoku,1,173,katls
bandages_over_eyes,0,173,"bandage_over_eyes,bandaged_eyes"
betabeet,1,173,
blastbeat,1,173,
cheetah_print,0,173,
chipmunk,0,173,
choice,0,173,
clarice_(idolmaster),4,173,
danganronpa/zero,3,173,dangan_ronpa/zero
dolce_(dolsuke),1,173,
dvd_case,0,173,
elemental_master_(elsword),4,173,
enjoy_mix,1,173,
fender,0,173,
firolian,1,173,
fujimaki_(angel_beats!),4,173,
gine,4,173,
grey_robe,0,173,
gujianshaonu,1,173,"elpx_(gu_jian_shaonu),yong_mei-uta,uta_(pixiv)"
hand_around_neck,0,173,
hanzaki_jirou,1,173,hanzaki_jiro
hara_kenshi,1,173,kurai_munio
hermes_(kino_no_tabi),4,173,
jaye_(arknights),4,173,
kaho_okashii,1,173,
kakyouin_chieri,4,173,
kamaboko_red,1,173,
kanda_done,1,173,
kinoshita_hinata,4,173,
kitazawa_hagumi,4,173,
kurokawa_chiaki,4,173,
lancelot_(granblue_fantasy),4,173,
leila_malcal,4,173,
letdie1414,1,173,
lynchis,1,173,
makinami_(kancolle),4,173,
manoji,1,173,
marching_band_baton,0,173,
meola,1,173,
metal_gear_solid_peace_walker,3,173,
muse_(rainforest),1,173,
mushroom_cloud,0,173,
nagomi_yui,4,173,
nakagawa_kanon,4,173,
new_submarine_princess,4,173,submarine_new_hime
nyatabe,1,173,
ocean_bottom,0,173,
oharu-chan,1,173,rrrpct
on_moon,0,173,
ototsu_kei,1,173,
outer_glow,0,173,
pancham,4,173,
pants_under_shorts,0,173,
polka_dot_scarf,0,173,
print_leotard,0,173,
print_pillow,0,173,
ratsuku_kinoko,1,173,
reeds,0,173,
ribbon_bra,0,173,
ribbon_earrings,0,173,
ryofu_housen,4,173,
sag_(karehabase),1,173,
sakana_(flame_sakana),1,173,"sakana,frame_(tackle_box)"
samuimu,1,173,
sankarea,3,173,sankarea:_undying_love
scuba_gear,0,173,
shi_chimi,1,173,"takushiima,sdr_roll0808"
shining_(silent_night)_(arknights),4,173,
shisantian,1,173,
shishinon,1,173,
shizuru_viola,4,173,
skadi_the_corrupting_heart_(sublimation)_(arknights),4,173,
standing_missionary,0,173,
stepladder,0,173,
sunflower_print,0,173,
suzuki_masaru,4,173,
tabi_(tabisumika),1,173,tabisumika
tadano_(toriaezu_na_page),1,173,
tenkawa_nayuta,4,173,
tomoya_kankurou,1,173,
tonotyama,1,173,
tsana_(lansane),4,173,
tsubasa_ryuuji,4,173,
tsuritama,3,173,
uraichishi,1,173,
voltorb,4,173,
yakin_byoutou,3,173,night_shift_nurses
yamato_(sword),0,173,
yamauchi_(conan-comy),1,173,
yellow_overalls,0,173,
yokoyoko_(nazonazo),1,173,nazonazo_(nazonazot)
yoshimi_(blue_archive),4,173,ibaraki_yoshimi
yuko_(uc_yuk),1,173,
yunsang,1,173,mr_cloud
yuuhi_(arcadia),1,173,
polar_opposites,0,173,
afterburner,0,172,
akano_murasaki,1,172,asamurasaki
amagi_kai_(kancolle),4,172,
artoria_caster_(third_ascension)_(fate),4,172,artoria_pendragon_(caster)_(third_ascension)_(fate)
bb_(bb_shot!)_(fate),4,172,bb_shot!
beautifly,4,172,
bikkuriman,3,172,
black_sun,0,172,
blacksmith_(ragnarok_online),4,172,
blu-ray_cover,0,172,
bunji,1,172,
burp,0,172,
cerberus,0,172,
cherry_earrings,0,172,cherry_earring
chloe_lemaire,4,172,
comic_rin,3,172,
delibird,4,172,
donedone,1,172,
earth_federation,0,172,
fushiguro_touji,4,172,
futaba_riho,4,172,
futaba_rio,4,172,
gwendolyn_tennyson,4,172,
halfling,0,172,hobbit
hand_to_own_face,0,172,
holding_cloth,0,172,
huang_(granblue_fantasy),4,172,
huxiao_(mistlakefront),1,172,
ifuji_sakura,1,172,
jiggly_girls,3,172,
kabaji,1,172,
kama_(weapon),0,172,
katwo,1,172,katwo_1
kiana_kaslana_(void_drifter),4,172,
kimura_shiki,1,172,
kishido_temma,4,172,
kojima_emi,4,172,
loading_(verjuice),1,172,verjuice
lute_(fire_emblem),4,172,
maguro_(mawaru_sushi),1,172,
maple_(nekopara),4,172,maple_(sayori)
massachusetts_(dressed_to_impress)_(azur_lane),4,172,
miriam_(bloodstained),4,172,
mirisha,1,172,
mugen_senshi_valis,3,172,
nagase_kaede,4,172,
nakamura_eight,1,172,"hitujigumo,nkmr8"
namco_x_capcom,3,172,
namiorii,1,172,namii_(namialus_m)
neneru,1,172,
nishi_iori,1,172,
nishiyama_(whatsoy),1,172,
orange_pubic_hair,0,172,
palette_suit,0,172,
paloma_piquet,1,172,
phantump,4,172,
philomelalilium,1,172,
ponpon,1,172,
poppi_alpha_(xenoblade),4,172,"hana_js,poppi_a"
prehensile_tongue,0,172,
print_cape,0,172,
pump_action,0,172,pump_shotgun
rugby_uniform,0,172,
rurudo_lion,4,172,
ryoubi_(senran_kagura),4,172,
ryuk,4,172,
sachiel,4,172,
sagamimok,1,172,
segawa_onpu,4,172,
shuuzo3,1,172,
silfa_(to_heart),4,172,hmx-17c
simosi,1,172,
skarmory,4,172,
soleil_(fire_emblem),4,172,soleil_(fire_emblem_if)
spoken_number,0,172,
stuffed_whale,0,172,
sugiyama_genshou,1,172,
suke_(momijigari),1,172,
suwaneko,1,172,
tortoise,0,172,
tousaki_shiina,1,172,
tree_of_savior,3,172,
tsu-class_light_cruiser,4,172,
velouria_(fire_emblem),4,172,velour_(fire_emblem_if)
wardrobe,0,172,
wazakita,1,172,
weapon_connection,0,172,
won_(az_hybrid),1,172,
yoshino_ryou,1,172,
yukiharu,1,172,
yuuki_makoto_(radiant),1,172,chinchikoore
zeraora,4,172,
ace,0,171,
aladdin_(disney),4,171,
amakura_mayu,4,171,
amane_sora,1,171,anemone_noa
amnesia_(idea_factory),3,171,
aoba_(akibajun),1,171,
aqua_pants,0,171,
asyde,1,171,
azusawa_kohane,4,171,
b.a.b.e.l._uniform,0,171,
bebe_(bebe_pp),1,171,bebe_pp
bed_invitation,0,171,
blindfold_removed,0,171,
catsmoon,1,171,youxuemingdie
clockshow,0,171,
deformed,0,171,
dorothy_haze,4,171,
elina_(captain_of_the_royal_guard),4,171,
elisia_valfelto,4,171,
emilico_(shadows_house),4,171,emilyko
emlan,1,171,
eucliwood_hellscythe,4,171,
googly_eyes,0,171,
graham_aker,4,171,
grandia_bing,1,171,
hatchet_(axe),0,171,western_hatchet
hinamatsuri_touko,1,171,
hinomoto_hikari,4,171,
holding_pocket_watch,0,171,
jessie_(pokemon)_(cosplay),0,171,
kabiinyo_(kab),1,171,bi-nyo
kanzaki_h._aria,4,171,
kazama_jin,4,171,
kimidake,1,171,
kinbakuman,1,171,
kon_manatsu,1,171,
kurokami_medaka,4,171,
kusaka_kokage,1,171,
lamb,0,171,
mad_hatter_(alice_in_wonderland)_(cosplay),0,171,
magolor,4,171,
manaka_hitomi,4,171,
march_ab,1,171,marchab_66
matsumoto_rise,4,171,
merchant_(ragnarok_online),4,171,
mewkledreamy,3,171,
mizuno_asami,1,171,
mochizuki_hijiri,4,171,
modeseven,1,171,
musubi,4,171,
mystic_square,3,171,
naked_cardigan,0,171,
non_(wednesday-classic),1,171,
open_box,0,171,
papa_(shimeguru),1,171,
rabbit_(tukenitian),1,171,
ribbon_bangs,0,171,
ripe.c,1,171,
sailor_senshi_costume,0,171,
sakuya_(sister_princess),4,171,
samurai_champloo,3,171,
samus_aran_(cosplay),0,171,
sangatsu_no_lion,3,171,march_comes_in_like_a_lion
sarasadou_dan,1,171,
serval_(kemono_friends)_(cosplay),0,171,
sheska_xue,1,171,
shimotsuki_eight,1,171,
shirai_yuyu,4,171,
shironeko_sanbou,1,171,
sig_mcx_(girls'_frontline),4,171,sig_mcx_(girls_frontline)
silent_princess,0,171,
sitrus_berry,0,171,
soborou,1,171,
sunakumo,1,171,
takom,1,171,takosuke0624
temachii,1,171,
ticcy,1,171,
tom-neko_(zamudo_akiyuki),1,171,
tosyeo,1,171,
tsuzumi,0,171,
unicorn_(the_gift_of_spring)_(azur_lane),4,171,unicorn_(spring's_present)_(azur_lane)
vertical-striped_vest,0,171,
violence,0,171,
viroa,1,171,
virtual_reality,0,171,
wario_land,3,171,
watagashi_yui,1,171,suzukawa_yui
wilderness_bandit_risty,4,171,
zifu,1,171,zifuuuun
aerisdies,3,170,
agarest_senki,3,170,record_of_agarest_war
agemono,1,170,
aihara_enju,4,170,
aizawa_eiko,4,170,
akashi_(live_a_hero),4,170,
amos'_bow_(genshin_impact),0,170,
aono_(f_i_s),1,170,
arche_klein,4,170,
ariyoshi_gen,1,170,
asaki_takayuki,1,170,
battle_spirits:_shounen_toppa_bashin,3,170,
bolze,1,170,
buthikireta,1,170,
calin,1,170,pen_chou
chiba_kirino,4,170,
cunnilingus_gesture,0,170,
darren_shan,4,170,
death_the_kid,4,170,
eden's_zero,3,170,
eyewear_lift,0,170,
shooting_star,0,170,shooting_stars
five_star_stories,3,170,fss
fukada_ichika,4,170,shark_girl_(yukimoto_shuuji)
g_yuusuke,1,170,gyuusuke
gotland_andra_(kancolle),4,170,
gotou_junji,1,170,
gou_lianlian_dogface,1,170,
green_feathers,0,170,
harmonist11,1,170,
hasegawa_langa,4,170,langa_hasegawa
hat_basket,0,170,
hero_(omori),4,170,
hiruno,1,170,
holding_sponge,0,170,
hoshikawa_mafuyu,4,170,
ico_(character),4,170,
illustrious_(maiden_lily's_radiance)_(azur_lane),4,170,
jack_atlas,4,170,
jin_musou,4,170,jin_muso
jungon_kim,1,170,
kafun,1,170,
kamen_rider_kiva,4,170,
kamishiro_rui,4,170,
katsuoboshi,1,170,
kaya_rio,1,170,
keepout,1,170,
kikuichi_monji,1,170,yurutintin
kishibe_taiga,4,170,
kou_(granblue_fantasy),4,170,
koutarou_(girl_power),1,170,
kuroganeruto,1,170,
kurokawa_izumi,1,170,
kurokawa_makoto,1,170,
loki_(fire_emblem),4,170,loki_(fire_emblem_heroes)
loki_(marvel),4,170,
lu_xueqi_(zhu_xian),4,170,
manaka_non,4,170,
maruchi,1,170,
megumin_(cosplay),0,170,
misuguu,1,170,retgra
mochizuki_ado,1,170,mochitsuki_ado
mullmull02,1,170,modoki
natsuki_(natukituki),1,170,
nepolabo,0,170,
nishiki_koi,1,170,
nolia,1,170,
note-chan,4,170,
oota_youjo,1,170,
orange_bag,0,170,orange_backpack
otemoto_(baaaaloooo),1,170,
otonashi_kiruko,4,170,
pierre_norano,1,170,
pirotess,4,170,
polka_dot_apron,0,170,
pote-mm,1,170,
ranyu,1,170,
renta_(deja-vu),1,170,
rhydon,4,170,
rottytops,4,170,
rurudo,1,170,
sagara_sousuke,4,170,
sato-pon,1,170,
satogo,1,170,
scaffolding,0,170,
seaplane_tender_princess,4,170,seaplane_tender_hime
seihou,3,170,
she-ra_and_the_princesses_of_power,3,170,
shimatori_(sanyyyy),1,170,
sigui_(queen's_blade),4,170,siggy
simulated_footjob,0,170,
sirataki_umauma,1,170,
sonoda_ken'ichi,1,170,sonoda_kenichi
splat_charger_(splatoon),0,170,splatterscope_(splatoon)
sprout,0,170,
suihei_sen,1,170,
suo_sango,4,170,suou_sango
tobacco_(tabakokobata),1,170,
tsukimi_eiko,4,170,
uchino_kazuhisa,4,170,
usami_mizuki,4,170,
vivy:_fluorite_eye's_song,3,170,
wengwengchim,1,170,
winnie_the_pooh,3,170,
yanyan_(shinken_gomi),1,170,
zuttokodomo,1,170,
a:n_(angrynum),1,169,
arrest,0,169,
artpatient,1,169,
ayane_(blue_archive),4,169,okusora_ayane
azuma_yukihiko,1,169,
berserker_armor,0,169,
big_bad_wolf_(cosplay),0,169,
black_jack_(series),3,169,black_jack_(copyright)
bluekomadori,1,169,
broom_surfing,0,169,"standing_on_broom,broomsurfing"
buizel,4,169,
buratei_marii,4,169,
chichibu_(watson),1,169,chichibu_(chichichibu)
chiri_(ch!),1,169,gomi_chiri
chiro,1,169,
christie_(doa),4,169,
cigarette_butt,0,169,
collared_capelet,0,169,
cream_lemon,3,169,
culture_japan,3,169,danny_choo_(website)
denaseey,1,169,
foot_pussy,0,169,
fukunaga_kazuhiro,1,169,
ghostbusters,3,169,
gunnthra_(fire_emblem),4,169,
white_wolf,0,169,
haruno_shiobana,4,169,shiobana_haruno
hatsuse_izuna,4,169,
holding_cookie,0,169,
houchou_toushirou,4,169,
inubashiri_momiji_(wolf),4,169,
itou_korosuke,1,169,
jibaku_shounen_hanako-kun,3,169,toilet-bound_hanako-kun
jing_ke_(fate),4,169,jing_ke_(fate/grand_order)
kakao_rantan,1,169,
kanbayashi_makoto,1,169,shin_yandamushi
konparu_nozomi,4,169,
le_temeraire_(azur_lane),4,169,
leather_choker,0,169,
lion_costume,0,169,
littorio_(azur_lane),4,169,
mankanshoku_matarou,4,169,
master_artoria,4,169,
meloetta,4,169,
micha_jawkan,4,169,
mosquito,0,169,
nanaka_mai,1,169,"nanaca_box,nanaca_mai"
narutaru,3,169,"shadow_star_(series),shadow_star"
nidoran,4,169,
noelle_silva,4,169,
oerba_dia_vanille,4,169,
ok-ray,1,169,
oni_costume,0,169,
penis_sheath,0,169,
purple_tabard,0,169,
raburebo,1,169,
richelieu_(fleuron_of_the_waves)_(azur_lane),4,169,richelieu_(flagship_in_the_sea_breeze)_(azur_lane)
rikoma,1,169,
s_zenith_lee,1,169,
sarena,1,169,memechan
sexy_no_jutsu,0,169,
shantae:_half-genie_hero,3,169,
shera_l._greenwood,4,169,
shimomoto,1,169,
shiroko_(reku),4,169,
slime_boy,0,169,"slime_guy,goo_guy"
slot_machine,0,169,
snow_fox,3,169,
snow_is,1,169,
stielhandgranate,0,169,
suntail,1,169,
troll_(homestuck),0,169,
twirl_baton,0,169,
ushiromiya_rudolf,4,169,
vice_(kof),4,169,
wet_male_underwear,0,169,wet_underwear_(male)
wonder_festival_2007,3,169,
xuhuai_(the_legend_of_luoxiaohei),4,169,
yoga_mat,0,169,
yor_briar_(cosplay),0,169,
zygarde,4,169,
alber,1,168,
andou_you,1,168,andouyu
arima_senka,4,168,
athena_(series),3,168,
axe_kick,0,168,
bearhug,0,168,
bottle_cap,0,168,
chibikko_(morihito),4,168,
code:_nemesis_(elsword),4,168,
dark_sky,0,168,
dewgong,4,168,
dress_aside,0,168,
shell,0,168,
etan14,1,168,
fishnet_fabric,0,168,
fuyouchu,1,168,
galarian_zigzagoon,4,168,
game_&_watch,3,168,
gypsy,0,168,
haru_(nature_life),1,168,
hisui_(cookie),4,168,
hozuki_kaede,4,168,
ichimedoo,1,168,
ijimeka_(meme),0,168,ijimeka
imai_kana,4,168,
instant_ip,1,168,instant-ip
io_(princess_connect!),4,168,hasekura_io
kecleon,4,168,
kirby_d_a,1,168,
kurosuke_(nora),1,168,
lid,0,168,
link_(cosplay),0,168,
maki_oze,4,168,
mandricardo_(fate),4,168,mandricardo_(fate/grand_order)
marion-ville,1,168,
matsumoto_sarina,4,168,
milfa_(to_heart),4,168,hmx-17b
mins_(minevi),1,168,ciev
missing_teeth,0,168,
mizutame_tori,1,168,
moe2017,0,168,
momogaa_(girls_und_panzer),4,168,"momose_taki,momogaa"
moriya_shrine,0,168,
nasuna,1,168,
needless,3,168,
nekonyan,1,168,
noi_mine,1,168,shianoichi
nonbire,1,168,"nobire,arrichee"
object_head,0,168,
offbeat,1,168,s2offbeat
omanyte,4,168,
on_stool,0,168,
onedoo,1,168,
onion_(lemlaml),1,168,
oshioki_sweetie,3,168,
panpa,1,168,
plank,0,168,
princess_(7th_dragon),4,168,
removing_glove,0,168,
sakura_koharu,1,168,omurice-san_(haruko)
saotome_haruna,4,168,
sawamura_daichi,4,168,
seahorse,0,168,
shameimaru_aya_(crow),4,168,
shiromiya_mimi,4,168,
siberian_tiger_(kemono_friends),4,168,
sig_sauer_556,0,168,
star741,1,168,
stephanie_dora,4,168,
stigma1101,1,168,
suiroh_(shideoukami),1,168,phano_(125042)
sunahara_wataru,1,168,
suzunosuke_(sagula),1,168,sagula
taguchi_kenji_(omaep),1,168,omaep
tokoyami_fumikage,4,168,tsukuyomi_(boku_no_hero_academia)
tororo,1,168,
tricycle,0,168,
two-sided_headwear,0,168,
wataru_(nextlevel),1,168,
yamato_kai_ni_(kancolle),4,168,
yuugumo_kai_ni_(kancolle),4,168,
afuro,1,167,
shinn_asuka,4,167,shinn
atlantic_puffin_(kemono_friends),4,167,
back_to_the_future,3,167,
bakuretsu_hunters,3,167,sorcerer_hunters
beige_headwear,0,167,
binggong_asylum,1,167,zhixue
black_eyeshadow,0,167,
blue-eyes_white_dragon,4,167,
breast_fondle,0,167,
breloom,4,167,
severed_arm,0,167,
bulbonne,1,167,
car_seat,0,167,
chopsticks_in_mouth,0,167,
core_drill,0,167,
deto,1,167,
dianna_soreil,4,167,
doom_eternal,3,167,
echizen_(hvcv),1,167,
ezoshika,1,167,
florence_nightingale_(third_ascension)_(fate),4,167,
freedom_nakai,1,167,
fujimiya_yahiro,1,167,
gomi_ichigo,1,167,
gum_(gmng),1,167,
hakubi_washuu,4,167,
hamashima_shigeo,1,167,
healther,1,167,
holding_riding_crop,0,167,
human_village_(touhou),0,167,
ikue_fuuji,1,167,
ingrid_(taimanin_murasaki),4,167,
is_ii,1,167,
jean-jacques_leroy,4,167,
junior27016,1,167,
kamyu,4,167,
katsuragi_niya,1,167,
kiryuuin_aoi,4,167,
kisaragi_mizu,1,167,
kitano_yuusuke,1,167,
kizuna_ai_(a.i._games),4,167,
kuroi_nanako,4,167,
lily_(gentsuki),4,167,
liu_liaoliao,1,167,maruko_le
mahou_shoujo_(raita),3,167,
masaki_(machisora),1,167,
natsuki_(silent_selena),1,167,silent_selena
neeko_(league_of_legends),4,167,
nekomugiharu,1,167,
nekosugi_(hoshi),1,167,
outseal,0,167,
patchouli_knowledge_(cosplay),0,167,
picpicgram,1,167,
pink_mittens,0,167,
pointing_gun,0,167,
pringles,3,167,
quadruple_wielding,0,167,
ramiya_ryou,1,167,ramiya_ryo
rateratte,1,167,
rimururu,4,167,
yuuzii,1,167,
rubi-sama,1,167,
salama_(amaburi),4,167,
satou_rin_(gobugabuge),1,167,uchisukui
shigemitsu_jun,1,167,
shikinami_kai_ni_(kancolle),4,167,
shiraishi_an,4,167,
shiroshouzoku,0,167,
shitappa,1,167,
star_trail,0,167,"star_trailing,star_trails"
sukebewe,1,167,
suzushiro_yukari,1,167,
wigglytuff,4,167,
sword_art_online_the_movie:_ordinal_scale,3,167,
tendo_teru,4,167,tendou_teru
tokki,1,167,
toufu_mentaru_zabuton,1,167,pur_can
trinity_seven,3,167,
trust_me,0,167,
tun,1,167,
umezawa_itte,1,167,"buckethead_ero,buckethead"
victreebel,4,167,
yajiro_masaru,1,167,
yoshida_inuhito,1,167,yoshida_inubito
after,3,166,
aimee_(emi),1,166,
araki_(qbthgry),1,166,qbthgry
ayukawa_madoka,4,166,
bimmy,1,166,
bismarck_(warship_girls_r),4,166,
brand-new_friend_(umamusume),0,166,
brandkojo,1,166,
bremerton_(day-off_date)_(azur_lane),4,166,
brown_rose,0,166,
ca_(maeda_koutarou),3,166,
charisma_guard,0,166,charisma_break_(touhou)
daiteikoku,3,166,
disdain,0,166,
dodonpachi,3,166,
elizabeth_(bioshock_infinite),4,166,
emerald_(pokemon),4,166,
flying_witch,3,166,
freeze-ex,1,166,freezesex
gakusen_toshi_asterisk,3,166,
game_over,0,166,
garnet_rod,0,166,time_staff
guard_vent_jun,1,166,guard_bento_atsushi
hellagur_(arknights),4,166,
hometa,1,166,
hong_doo,1,166,"hirundo_rustica,hongdujebi"
hoshimiya_mashiro,1,166,
isis_(p&d),4,166,
juggling_club,0,166,
kameyan,1,166,
kaniya_shiku,1,166,
katara,4,166,
kayura_yuka,1,166,
kefla_(dragon_ball),4,166,
kitsune_maru,1,166,
togame,4,166,
kuroe_(sugarberry),1,166,kuroe_(221698)
kusano_shinta,1,166,
kv-2,0,166,
layla_prismriver,4,166,
leeron_littner,4,166,
lever_action,0,166,
magicians_(zhkahogigzkh),1,166,
mamel_27,1,166,
mareanie,4,166,
mikami_mika,1,166,
minimalism,0,166,
moffle_(ayabi),1,166,
moneybag,0,166,
nada_namie,1,166,
nikomi_(nikomix),1,166,
no_hair_ornament,0,166,
object_insertion_from_behind,0,166,
on_animal,0,166,
oreo,0,166,
ozzingo,1,166,
pink_horns,0,166,
print_hakama,0,166,
rita_rossweisse_(artemis),4,166,
rome_romedo,1,166,
rugal_bernstein,4,166,
rune_factory_3,3,166,
she-hulk,4,166,
shingyoku_(touhou),4,166,"shingyoku,shingyouku"
shirayuri_sakura,4,166,
sinakyo,1,166,
skorpion_(girls'_frontline),4,166,skorpion_(girls_frontline)
sussurro_(summer_flowers)_(arknights),4,166,
takano_itsuki,1,166,
tariah_furlow,1,166,
terras,1,166,
tokoi,1,166,
tokomichi,1,166,
tsumi_no_hahen_(debris),3,166,
winter_soldier,4,166,
yawaraka_black,1,166,
yellow_feathers,0,166,
yorktown_cv-5,1,166,
yuasa_makoto,1,166,
yumesaki_nana,1,166,nana_yume87
yuuhi_kurenai,4,166,
zasshu_nigou,1,166,
ziling,1,166,"zilingkaitolove,murasaki_ryo"
zoe_(league_of_legends),4,166,
alexi_(tits!),1,165,arekishi
alma_armas,4,165,
amatsuka_mao,4,165,
ane_naru_mono,3,165,the_elder_sister-like_one
asch_(tales),4,165,
aspara,1,165,
atage,1,165,gomibox
ateoyh,1,165,
azusa_(swimsuit)_(blue_archive),4,165,shirasu_azusa_(swimsuit)
bedwetting,0,165,
blue_babydoll,0,165,
bottoms1237,1,165,
bracelet_girls,0,165,
burusuta,1,165,evo_(pixiv13178077)
carrot_(one_piece),4,165,
chig,1,165,
cibo_(killy),1,165,ogamikeito
crooked_eyewear,0,165,eyewear_slip
crossed_swords,0,165,swords_crossed
dracu-riot!,3,165,
extra_breasts,0,165,"multibreast,multiple_breasts,polymastia"
extra_digits,0,165,"polydactyly,extra_fingers,extra_digit"
fan_speaking,0,165,
framed_insect,0,165,
fu_hua_(night_squire),4,165,
getbackers,3,165,
gino_weinberg,4,165,
hamedoragon,1,165,
heart-shaped_pubic_hair,0,165,
higa-tsubasa,1,165,
hip_hop,0,165,
hisamura_natsuki,4,165,
horikita_suzune,4,165,
horizon_(apex_legends),4,165,
horse_racing_track,0,165,
hoshino_ouka,1,165,
hot_melon,1,165,
hulk,4,165,
hyoin,1,165,doyoom
hz_(murder_license_),1,165,
idol_heroes_(idolmaster),0,165,
igarashi_(nogiheta),1,165,
ima_(lm_ew),1,165,
io_naomichi,1,165,ionaomichi
isao,1,165,
kaminari_doon,1,165,
kantoku_(style),0,165,
kara_age,1,165,
kazuma_kaneko,1,165,
kimtoxic,1,165,
knight_(hollow_knight),4,165,
koi_suru_kanojo_no_bukiyou_na_butai,3,165,
kuronami_(lvi),4,165,
laundry_pole,0,165,
lennon,4,165,
leogust,1,165,
mantine,4,165,
maou_sadao,4,165,
masters_of_the_universe,3,165,
mihifu,1,165,
minarai_tenna,1,165,
mireyu,4,165,
mitsuru_(darling_in_the_franxx),4,165,
miyata_(lhr),1,165,
momiji_(binbougami_ga!),4,165,
momotarou_densetsu,3,165,
nakai_hisao,4,165,
nakamura_kusata,1,165,
narumi_nanami,1,165,
natsupa,1,165,
nina_(pastime),1,165,
oobari_masami,1,165,
ouma_shuu,4,165,ouma_shu
pandoria_(xenoblade),4,165,saika_(xenoblade)
paprika_shikiso,1,165,
pearl_fey,4,165,ayasato_harumi
poem,0,165,
popoin,1,165,
porygon,4,165,
proto_man,4,165,"blues_(rockman),protoman"
pure_white_memories_(idolmaster),0,165,pure_white_memories
ribi,1,165,
rimu_(kingyo_origin),1,165,rim_(kingyoorigin)
ririmon,1,165,
savage_(arknights),4,165,
sawamura_eijun,4,165,
scone,0,165,
shiroi_karasu,1,165,
shutou_mq,1,165,
siino,1,165,
sistine_fibel,4,165,sistine_fiber
siva_(executor),1,165,shiva_(executor)
snow_white_(disney),4,165,
sonic_the_hedgehog_(classic),3,165,
spark621,1,165,
squeeze_bottle,0,165,
star_nun_(diva),4,165,
straw_hat_pirates,0,165,
studded_jacket,0,165,
takanashi-a,1,165,
tentacool,4,165,
todding,1,165,
toe_seam,0,165,
transformed_ditto,4,165,
tsunami_jousuke,4,165,
tuba,0,165,
unagimaru,1,165,
unlight,3,165,
wakatsuki_you,1,165,
weed_(astarone),1,165,
words_worth,3,165,
yamakaze_ran,1,165,
yamato_maya,4,165,
yamazaki_sousuke,4,165,
yokohama_kaidashi_kikou,3,165,ykk
ao_madoushi,1,164,
ashishun,1,164,
bad_reflection,0,164,
baltimore_(black_ace)_(azur_lane),4,164,
barn,0,164,
c-low,1,164,
calne_ca,4,164,
cham-p,4,164,
chouun_shiryuu,4,164,
constriction,0,164,
cowter,0,164,
craytm,1,164,
crossed_fingers,0,164,
cyberbots,3,164,
deoxys_(normal),4,164,
diepod,1,164,"drgnpnch,hii-volt-07"
dresstrip,1,164,
electrode_(pokemon),4,164,
extra_digit,0,164,
eyewear_switch,0,164,glasses_switch
famas,0,164,
fir_tree,0,164,
foster's_home_for_imaginary_friends,3,164,
franken_fran,3,164,frankenfran_(manga)
fugetsu_taku,1,164,exit_nothing
genetic_(ragnarok_online),4,164,
glorious_(azur_lane),4,164,
half-life,3,164,
hanayamata,3,164,
harada_miyuki,1,164,
haruna_(blue_archive),4,164,kurodate_haruna
hexagram_hair_ornament,0,164,
hichiko,1,164,
hiragana_oufu,1,164,"hiragana_(gomasyabu),katakana_(ponzu_to_gomasyabu)"
hirota_tsuu,1,164,
hiryuu_(azur_lane),4,164,
houden_eizou,1,164,
iced_tea,0,164,
jikihatiman,1,164,
junko_(blue_archive),4,164,akashi_junko
jupiter_symbol,0,164,jupiter_sign
keigi,1,164,
kemono_jihen,3,164,
koto_(instrument),0,164,
kurau_kii,1,164,
kure_(kure_ng),1,164,
minimized,0,164,
mismatched_wings,0,164,
mito_(go!go!king!),1,164,mitoko_(kuma)
muji_(uimss),1,164,
nhk_ni_youkoso!,3,164,"nhk_ni_yookoso,nhk_ni_yookoso!,welcome_to_the_n.h.k.,welcome_to_the_nhk,welcome_to_nhk,nhk_ni_youkoso"
nina_(breath_of_fire_iii),4,164,nina_iii
norman_(yakusoku_no_neverland),4,164,
nose_shade,0,164,
nr_noir,1,164,devildogs
nut_(food),0,164,nuts_(food)
oikura_sodachi,4,164,
olys,1,164,
one_piece:_strong_world,3,164,
osu!_tatakae!_ouendan,3,164,
pecjob,0,164,"male_paizuri,pec_fuck,pecfuck"
pirate_ship,0,164,
pure_pure,3,164,pyua_pyua
text_messaging,0,164,"messaging,texting"
sankomichi,1,164,
shadaloo_dolls,0,164,
shimaji,1,164,
sikorsky,1,164,
sinlaire,1,164,
star_cutout,0,164,
sukabu,1,164,
synchroaki,1,164,
tamahiyo,1,164,
taruya,1,164,
theresa_apocalypse_(starlit_astrologos),4,164,
togutogu,1,164,
tsuruta_himeko,4,164,
turbo_byakuren,4,164,
wendy's,3,164,
wind_sneaker_(elsword),4,164,
yes,0,164,
yamato_(uchuu_senkan_yamato),0,164,
yanje,1,164,
yostar,3,164,
you2,1,164,
yukiyuki_441,1,164,
zhuge_kongming_(honkai_impact),4,164,theresa_apocalypse_(starlit_astrologos)
uwu,0,164,
ai_yori_aoshi,3,163,
akasata,1,163,
akebi_komichi,4,163,
alecto_0,1,163,
ame_usako,1,163,
another_eidos-r,3,163,
ark_kan,1,163,
artist_progress,0,163,progress
asakura_otome,4,163,
austria_(hetalia),4,163,roderich_edelstein
ayamisiro,1,163,
battle_athletes,3,163,
biohazard_symbol,0,163,biological_hazard_symbol
black_fundoshi,0,163,
borderless_panels,0,163,
camisole_over_clothes,0,163,
cellphone_strap,0,163,
cherubi,4,163,
chunyan,1,163,
cis_(tiger_&_bunny),4,163,
colorado_(azur_lane),4,163,
comic_sans,0,163,
dedue_molinaro,4,163,
deirdre_(fire_emblem),4,163,diadora_(fire_emblem)
dier_(girls'_frontline),4,163,"deele_(girls'_frontline),deele_(girls_frontline)"
elf_(houtengeki),4,163,
eternal_sailor_moon,4,163,
ettone,1,163,
expedition_uniform,0,163,
eye_symbol,0,163,
fubuki_(azur_lane),4,163,
geike,1,163,
godzillapigeon1,1,163,
gun_case,0,163,
hajime_(caramel_toone),1,163,hadime
hifumi_kei,1,163,kai187
hitori_bocchi,4,163,
honyang,1,163,
horns_pose,0,163,"finger_horns,horn_pose"
ichijou_hikaru,4,163,"rick_hunter,ichijo_hikaru"
ieiri_shoko,4,163,
inaba_rinne,4,163,
iris_(asteroid_ill),4,163,iris_(asuteroid)
jeep,0,163,
jinroku,1,163,"jinrok,jinrock"
kanna_hisashi,1,163,
kanoko_(pattern),0,163,
karaginu_mo,0,163,
kawakami_princess_(umamusume),4,163,
kendy_(revolocities),1,163,glasses_enthusiast
kirishima_romin,4,163,
kobinbin,1,163,
komajirou,4,163,komajiro
kurono_nekomaru,1,163,
lask,1,163,
lock_cole,4,163,
love_wing_bell,0,163,
lunatone,4,163,
maekakekamen,1,163,
malenia_goddess_of_rot,4,163,
mari_audio,1,163,
marui_shiro,1,163,"nicoseiga_35036059,marui_shiro_(ghha33),akemaru"
mathew_(srmmk_mce),1,163,
matra_milan,1,163,
metapod,4,163,
mexican_standoff,0,163,
mirino,1,163,
moeanime,1,163,daki_koibito
mou_tama_maru,1,163,
murano,1,163,
nagatsuki_sanae,4,163,
naka_akira,1,163,
namihaya,1,163,son_(skvnmn0)
nana_g,1,163,"nanag,7g"
nanno_koto,1,163,
okazaki_yasuha,4,163,
ooshima_tomo,1,163,oshima_tomo
phantom_(happinesscharge_precure!),4,163,
pinb,1,163,
relationshipping,0,163,
relena_peacecraft,4,163,
sarfata,1,163,
senjuushi:_the_thousand_noble_musketeers,3,163,
shirase_(shirose),1,163,
shoe_flower,0,163,
shuckle,4,163,
squid_hat,0,163,
stopwatch_around_neck,0,163,
suzuki_sayaka,4,163,rokugou
takuzui,1,163,
teramoto_kaoru,1,163,kana1104
tobi_(discharge_cycle),1,163,
tsumitani_daisuke,1,163,
voodoothur,1,163,amano-g
whipping,0,163,
yae_(ganbare_goemon),4,163,
yellow_headband,0,163,
yukihira_souma,4,163,
yutsumoe,1,163,
zebra,0,163,
age_switch,0,162,age_swap
aiuti,1,162,aiuchi
ale_(ale_halexxx),1,162,"sikel,halexxx"
aona_(anagasaki),1,162,aona_(kuuga19yuu)
asclepius_(fate),4,162,
ass_press,0,162,
bellsprout,4,162,
blackrabbitsoul,1,162,
conte_di_cavour_nuovo_(kancolle),4,162,
cooling_pad,0,162,
coyote_ragtime_show,3,162,
dora_v_nu,1,162,
erect_sawaru,1,162,erect_touch
eris_(konosuba),4,162,
fateline_alpha,1,162,
feather_dress,0,162,
fernandia_malvezzi,4,162,
furorina,1,162,
futaba_suetsuki,1,162,suetsuki_nagomu
futatsuki_eru,1,162,
fuuka_(blue_archive),4,162,aikiyo_fuuka
gauze,0,162,
ginga_tetsudou_999,3,162,galaxy_express_999
goho_mafia!_kajita-kun,3,162,
greater_roadrunner_(kemono_friends),4,162,
hanagata,1,162,"hanakeda_(hanada_shiwo),rakugakiii"
happy_tree_friends,3,162,
hara_tetsuo_(style),0,162,
hinata_hajime_(awakened),4,162,
hisuian_typhlosion,4,162,
honchkrow,4,162,
horn_(arknights),4,162,trumpet_(arknights)
hoshizora_e_kakaru_hashi,3,162,a_bridge_to_the_starry_skies
ilyana_(fire_emblem),4,162,
innertube_with_ears,0,162,
inre_kemomimi,1,162,
inverted_colors,0,162,
irene_(kanniiepan),4,162,
jimsdaydreams,1,162,
jitomi_monoe,4,162,
kahlua_(artist),1,162,
kamishiro_seren,4,162,
kido_(choushouya),1,162,kido5899
kurihara_kenshirou,1,162,
kuromari_(runia),1,162,
kusunoki_midori,4,162,
kuzuvine,1,162,
kyoyakyo,1,162,
ladies_versus_butlers!,3,162,"ladies_x_butlers!,ladies_versus_butlers,ladies_x_butlers"
mage_(disgaea),4,162,
mailman,0,162,"letter_carrier,mail_carrier,postman"
matsuyuki_atsumu,4,162,
minami_rena,4,162,
miwa_mitsune,4,162,
mocchisake,1,162,
molyb,1,162,telru
montpelier_(azur_lane),4,162,
mutant,0,162,
mutsu_(snail),4,162,
my_little_pony_equestria_girls,3,162,
naruse_ibara,4,162,
natori_(natorism),1,162,natorism
nekopuchi,1,162,
nishimura_kinu,1,162,
nishizono_shinsuke,4,162,
nori_senbei,1,162,
ogami_ren,1,162,
oosawara_sadao,1,162,
oozora_itsuki,1,162,
princess_athena,4,162,
raitho,1,162,raitho104
reed_(arknights),4,162,
ribbon-trimmed_underwear,0,162,
robo_(chrono_trigger),4,162,
sagging_testicles,0,162,
sakura_ayane,4,162,
samidare_(hoshi),1,162,samidareura
seinen,1,162,
sesshouin_kiara_(swimsuit_mooncancer)_(first_ascension),4,162,
shiba_nanasei,1,162,namago
shibi,1,162,
shino_(syllable),1,162,
sinaooo,1,162,
singing!_(k-on!),0,162,
sinzen,1,162,
spitting_blood,0,162,"vomiting_blood,puking_blood,blood_spit"
standing_double_penetration,0,162,
sugaishi,1,162,
tachibana_yuu,1,162,tacchi_(pixiv)
tachikoma,4,162,
telnyashka,0,162,
tenbou,0,162,"riichi_stick,tenbo"
tennohi,1,162,
tenzin_(arknights),4,162,
theodore_(persona),4,162,teodor_(persona)
theresa_(arknights),4,162,
tokira_nozumi,1,162,yamamoto_yumiko
torn_vest,0,162,
transformers_(live_action),3,162,
tsuyomaru,1,162,
tunapon01,1,162,
tweezers,0,162,
ura_tomomi,1,162,uratomomin
usamata,1,162,
watanabe_yasuaki,1,162,
wei_xiao,1,162,smile_(dcvu7884)
yae_sakura_(flame_sakitama),4,162,
yamai,1,162,
yamakaze_kai_ni_(kancolle),4,162,
yayoi_(egoistic_realism),1,162,yayoi_(pixiv182527)
yuuki_hb,1,162,yuki_no_iori
zetton,4,162,
zip_available,5,162,
zun_(artist),1,162,oota_jun'ya
akitsuki_(oenothera),1,161,oenothera
arashiki_mamizu,1,161,mamizu
arima_(arima_bn),1,161,
atsumi_jun,1,161,
barry_nah,1,161,
basketball_jersey,0,161,
bidoof,4,161,
breast_zipper,0,161,
broken_ground,0,161,
charging_device,0,161,
china,0,161,
dabadhi,1,161,
danmaku_comments,0,161,"bilibili_danmu,niconico_comments"
drie,1,161,
egyptian_art,0,161,
ensemble_girls!,3,161,ensemble_girls
esuyuki,1,161,
expectations/reality,0,161,
facebook,3,161,
flyer,0,161,
folinic_(arknights),4,161,
frederic_chopin,4,161,
funnyari,1,161,"hawawani,hawawaninus"
grimgrim,1,161,
gymnastics_ribbon,0,161,
hinata_masaki,1,161,
hisou_tensoku,4,161,
houmatu_awa,1,161,awa_(3anco00)
ignatz_victor,4,161,
ikezawa_kazuma,4,161,
insult,0,161,
jet_yowatari,1,161,jet_(artist)
kamiki_uutarou,1,161,
kaneshiya_sitara,4,161,
kanora,1,161,kabe_(ryuryuta)
kawai_rie,4,161,
kidnapped,0,161,
kihaiu,1,161,
king_crimson_(stand),4,161,
kokoro_(hakui_koyori),4,161,
kotori_photobomb,0,161,
kurachi_mizuki,1,161,
kuroduki_(pieat),1,161,
kusunoki_yukimura,4,161,
lace-trimmed_ribbon,0,161,
leria_v,1,161,leriav
licking_blade,0,161,"licking_knife,blade_licking"
love_train,0,161,
lycanroc_(midday),4,161,
mallizmora,1,161,
matou_zouken,4,161,
mirai_denki,1,161,
mitsurugi_tsurugi,1,161,
miyazen,4,161,
mofu,1,161,
motohara_moka,1,161,
nenosame,1,161,
no_smoking,0,161,
pectoral_squeeze,0,161,
pickelhaube,0,161,
production_kawaii,3,161,
project_bunny,4,161,
pyonpyonmaru,1,161,
rangycrow,1,161,
reiha_(penetrate),1,161,
riddle_rosehearts,4,161,
rixia_mao,4,161,
sangoku_infinity,3,161,
sasaki_tatsuya,1,161,
see-through_panties,0,161,sheer_panties
sega_dreamcast,0,161,dreamcast
selesia_upitiria,4,161,
senzzang,1,161,
shimohira_reika,4,161,
shiranui_(nakiri_ayame),4,161,
shoukaku_kai_ni_(kancolle),4,161,
slacks,0,161,
smelling_hair,0,161,
sophia_(granblue_fantasy),4,161,
space_adventure_cobra,3,161,
st._hilde_academy_of_magic_uniform,0,161,
suzuka_utako,4,161,
suzumori_521,1,161,
tabe_koji,1,161,
takenashi_eri,1,161,
tangaroa_(housamo),4,161,
tani_takeshi_(character),4,161,
theamazingspino,1,161,
tropius,4,161,
tusk_(stand),4,161,
urameshi_yusuke,4,161,urameshi_yuusuke
wanaca,1,161,
webcam,0,161,
xiaoshou_xiansheng,1,161,kote-sensei
yoshida_nobuyoshi,1,161,
young_zelda,4,161,
yu-gi-oh!_the_dark_side_of_dimensions,3,161,
yunodon_(sugar_maple),1,161,yunodon0315
admiral_shiro_(shino),4,160,
after_rain,0,160,
akino_shin,1,160,
alto-00,1,160,
anna_(sennen_sensou_aigis),4,160,
aotori,1,160,
azure-maya,1,160,
bikini_bridge,0,160,
boro,1,160,
brooke_(mathias_leth),4,160,
bunny_mask,0,160,
cherrypin,1,160,
clouble,1,160,
criminal_girls,3,160,
grim_reaper,4,160,
deca_purio,1,160,
donquixote_doflamingo,4,160,
double_grinding,0,160,
drang_(granblue_fantasy),4,160,
dromarch_(xenoblade),4,160,byakko_(xenoblade)
eluthel,1,160,
emiya_kiritsugu_(assassin),4,160,
entrance,0,160,
finn_the_human,4,160,
ganbare_ganbare_(itou_life),0,160,
gouda_nagi,1,160,
hanazono_shizuma,4,160,
hawe_king,1,160,seraphwia
headlamp,0,160,
hinata_mutsuki,1,160,
hisakata_souji,1,160,
hisuian_growlithe,4,160,
hisuian_zoroark,4,160,
holding_skewer,0,160,
hololive_gamers,0,160,
hong_kong_(hetalia),4,160,
jet_engine,0,160,
jl_tan,1,160,salieri09
kamen_rider_ryuki,4,160,
kiznaiver,3,160,
kokubunji_koyori,4,160,
kuroi_suna,1,160,
ling_yao,4,160,
lor_(roasyerizyonirapi),1,160,
luna_(shadowverse),4,160,
majestic_prince,3,160,ginga_kikoutai_majestic_prince
majokko_(kancolle),4,160,majokko_(kantai_collection)
man_face,0,160,
matsumiya_kiseri,1,160,kiseri_momo
mepikari,1,160,kehukoete
midorikawa_hana,4,160,
minagiku,1,160,
mini-ikamusume,4,160,
miyashiro_ryuutarou,1,160,
mizuki_sei,1,160,
moe2015,0,160,
nephenee_(fire_emblem),4,160,
nikola_tesla_(fate),4,160,nikola_tesla_(fate/grand_order)
okiru,1,160,
oku_(okumen),1,160,
oldlim,1,160,tsugumi_(artist)
onigunsou,1,160,
orange_(touhou),4,160,
osechi,0,160,
pachinko,0,160,
peace@pieces,3,160,
poi_(last_origin),4,160,
power_rangers,3,160,
priapus,3,160,
print_umbrella,0,160,
prinz_eugen_(cordial_cornflower)_(azur_lane),4,160,
progression,0,160,
rasis,4,160,
saboten_teishoku,1,160,
scott_malin,1,160,bunnygunart
shadowsinking,1,160,
shiokazunoko,1,160,
shiomizu_(swat),1,160,
shouma_keito,1,160,
shylily,4,160,
snake_tattoo,0,160,
suihi,1,160,
super_saiyan_3,0,160,
suzuki_nene,1,160,
suzumiya_akane,4,160,
takei_ooki,1,160,takeiooki
torii_eriko,4,160,
toudou_itsumi,4,160,
wewe,1,160,
yachi_hitoka,4,160,
yachima_tana,1,160,
yuuri_(saikin_yatotta_maid_ga_ayashii),4,160,
after_fingering,0,159,
akatoro_(nightlord),1,159,toro_(nightlord)
amemiya_taiyou,4,159,
animal_between_breasts,0,159,
aoi_suzu,1,159,
aqua_socks,0,159,aqua_kneehighs
arcade_sona,4,159,
bababababan,1,159,
bat_ornament,0,159,
bengus,1,159,
black_underwear,0,159,
castlevania:_portrait_of_ruin,3,159,
cecil_damon,4,159,
cheshirrr,1,159,
ciel_alencon,4,159,
cuphead_(game),3,159,
cyawa,1,159,
dizzy_(feeling),0,159,
double_spoiler,3,159,
eclair_martinozzi,4,159,
el_shaddai,3,159,
elsa_granhilte,4,159,
erechan,1,159,
fei_lio_mao,1,159,
felarya,3,159,
flamebringer_(arknights),4,159,
floppy_disk,0,159,
fly_agaric,0,159,
full_moon_wo_sagashite,3,159,"full_moon_o_sagashite,fmos"
german_army,0,159,
ginzake_(mizuumi),1,159,
goredolf_musik,4,159,goldorf_musik
goth_risuto,1,159,
gradient_gloves,0,159,
gravity_daze_2,3,159,
grey_camisole,0,159,
grimm_(rwby),4,159,
hashiko_nowoto,1,159,
head_between_thighs,0,159,
hougu_souji,1,159,
ibara_azuki,1,159,azk_ibr2nd
ico_(green_bullet),1,159,
imminent_paizuri,0,159,
irma,4,159,
kamen_rider_kabuto,4,159,
kanda_yuu,4,159,
karan,1,159,
kawashiro_nitori_(cosplay),0,159,
kesuida,1,159,
kishida_shiki,1,159,
kokonoka,1,159,
komasawa_(fmn-ppp),1,159,
komiyama_kotomi,4,159,
kuroya_shinobu,1,159,
kurusu_shou,4,159,
kyou_(ningiou),1,159,
lamia_loveless,4,159,
leather_armor,0,159,
leopard,0,159,
lysander_z,1,159,raisandaa_z
machine-doll_wa_kizutsukanai,3,159,"unbreakable_machine-doll,kikou_shoujo_wa_kizutsukanai"
manio,1,159,hanasaki_manio
megami_tensei,3,159,megaten
minamoto_no_raikou_(swimsuit_lancer)_(second_ascension)_(fate),4,159,
mitama_mudimudi,1,159,mudix2
mitarai_shouta,4,159,
mitsuboshi_colors,3,159,
miyasaka_naco,1,159,"miyasaka_nako,miyasaka_naka"
mochacot,1,159,
mochi_trail,0,159,
neko_sensha,1,159,hiiragi_yashiro
nipple_biting,0,159,nipple_bite
noeru,1,159,
ooyun,1,159,"teacher_yun,yugion"
osamada_meika,1,159,
otosaka_yuu,4,159,
ouse_(otussger),1,159,wakakomu
papino,1,159,
phantom_(arknights),4,159,
phoenix_wright:_ace_attorney_-_trials_and_tribulations,3,159,"ace_attorney_3,gyakuten_saiban_3"
pilot,0,159,
pinki_(shounenkakuseiya),1,159,
polka_dot_necktie,0,159,
popotan,3,159,
projekt_red_(light_breeze)_(arknights),4,159,
ray_(yakusoku_no_neverland),4,159,
recycle_bin,0,159,
red_corset,0,159,
sabujiroko,1,159,
saotome_ako,4,159,
sasaki_haise,4,159,
sauvignon,1,159,nana_(nana17112018)
sawa_(snack_yoshie),1,159,
shameimaru_aya_(cosplay),0,159,
shin_no_tenpii,1,159,sinnop10
shintani_tsushiya,1,159,
shirane_koitsu,1,159,syouji-fascism
shoulder_massage,0,159,
smeargle,4,159,
sphinx,0,159,
stan_marsh,4,159,
strider_(video_game),3,159,
suzuki_hina,4,159,
suzuya_(azur_lane),4,159,
tokimeki_memorial_4,3,159,
tonchan,1,159,
touhou_hisoutensoku,3,159,unthinkable_natural_law
triple_wielding,0,159,triple_wield
unimon_e,1,159,katuo1129
vivid_bad_squad_(project_sekai),0,159,
wancho,1,159,
warabino_matsuri,1,159,
yuigahama_yui's_mother,4,159,
yuu_(arcadia),1,159,"radu,yuu_(pixiv75084)"
agata_(agatha),1,158,agt_bp
amog,1,158,
anbe_masahiro,1,158,
apron_tug,0,158,
asakura_yume,4,158,
athrun1120,1,158,
azhdaha_(genshin_impact),4,158,
azomo,1,158,avamone
barasui,1,158,
bone_necklace,0,158,
bou,1,158,cloth
breast_pump,0,158,
brionne,4,158,
bugsy_(pokemon),4,158,tsukushi_(pokemon)
capsule_corp,0,158,
cardigan_(arknights),4,158,
carmilla_(swimsuit_rider)_(fate),4,158,
chaos_(warhammer),0,158,
chutohampa,1,158,
croupier,0,158,
deidara_(naruto),4,158,
dlanon,1,158,
driftkingtw,1,158,
duca_degli_abruzzi_(azur_lane),4,158,
emerald_sustrai,4,158,
esther_shen,1,158,estherfanworld
final_fantasy_crystal_chronicles,3,158,ffcc
fire_hydrant,0,158,
foreplay,0,158,
frog_(chrono_trigger),4,158,kaeru_(chrono_trigger)
geodude,4,158,
grenville_(azur_lane),4,158,
grune,1,158,
gyaheung,1,158,
hanasaki_komugi,1,158,komugikomix
hand_over_heart,0,158,hands_over_heart
hiroshi_(hunter-of-kct),1,158,
homeko,4,158,
hood_(warship_girls_r),4,158,
huangdanlan,1,158,
iogi_(iogi_k),1,158,
jasdavi,1,158,
kaeruyama_yoshitaka,1,158,
kagamine_rin_(roshin_yuukai/hard_rkmix),4,158,"kagamine_rin_(roshin_yukai/hard_rkmix),kagamine_rin_(meltdown/hard_rkmix)"
kanbara_satomi,4,158,
kasa,1,158,
kingdom_key,0,158,
knee_blush,0,158,
knight's_&_magic,3,158,
kobuushi,1,158,
kongou_(kancolle)_(cosplay),0,158,
kumatora_tatsumi,1,158,
malcorond,1,158,marukorondo
meguru_(cookie),4,158,
mimelond,1,158,
minami_juujisei,1,158,
mori_nagayoshi_(fate),4,158,
nanashiki_fuuka,1,158,
nasaniliu,1,158,
navel_insertion,0,158,
nogi_yasuhito,1,158,akanagi
noixen,1,158,
northern_ocean_princess_(cosplay),0,158,
okuragon,1,158,dgrpak
onsokumaru,4,158,
oza_watto,1,158,
pomeranian_(dog),0,158,
poncho_s,1,158,
pouncing,0,158,
pringles_can,0,158,
quasarcake,1,158,
quuni,1,158,
rebecca_chambers,4,158,
run_p_(aveton),1,158,av_(artist)
sakakidani,1,158,
sakurai_unan,1,158,
sasanomesi,1,158,
sebastian_michaelis,4,158,
sen_no_kiseki_ii,3,158,"sen_no_kiseki_2,trails_of_cold_steel_ii"
serval,0,158,
sheriff_badge,0,158,
shirosaba,1,158,
sisters_~natsu_no_saigo_no_hi~,3,158,
sohn_woohyoung,1,158,
squeezing_testicles,0,158,ball_squeeze
stage_curtains,0,158,
strike_witches_1940,3,158,
striped_bike_shorts,0,158,striped_spats
suki!_yuki!_maji_magic_(vocaloid),3,158,love!_snow!_really_magic!_(vocaloid)
sutora_binsuke,1,158,
tanigawa_yuzu,4,158,
tenkuu_no_craft_fleet,3,158,
tibbers,4,158,
tina_(closers),4,158,
tohsaka_rin_(cosplay),0,158,
tougarashi_hideyu,1,158,
two-tone_sweater,0,158,
uchiha_obito,4,158,
uzuki_aki,1,158,uduki-shi
white_album,3,158,
yoshida_hajime,1,158,
yu_ni_t,1,158,
abarai_renji,4,157,
alzano_school_uniform,0,157,
arsh_(thestarwish),1,157,
asteion,4,157,
bait_and_switch,0,157,
bakuretsu_tenshi,3,157,burst_angel
belly_poke,0,157,
blacksmith,0,157,
borrowed_hairstyle,0,157,
brown-tinted_eyewear,0,157,
brown_cat,0,157,
caveman,0,157,
daitoshokan_no_hitsujikai,3,157,a_good_librarian_like_a_good_shepherd
tanakara,1,157,
doukyo's,0,157,
dusty_(gravity_daze),4,157,dusty_(gravity_rush)
fan_la_norne,4,157,"kasumi_(xenoblade_2),haze_(xenoblade_2)"
feather-trimmed_jacket,0,157,
flannel,0,157,
fumafu,1,157,
garana,1,157,
haiiro_teien,3,157,"the_grey_garden,the_gray_garden"
headwear_writing,0,157,
hitomi_o,1,157,hotumoyi
hodaka_natsumi,4,157,
hongbao,0,157,"red_packet,lai_see,red_envelope,angpao"
hookah,0,157,
hoshino_ichika_(project_sekai),4,157,
hoshino_yuumi,4,157,
hyottoko_mask,0,157,
implied_incest,0,157,
infinote,1,157,
jin_(xenoblade),4,157,shin_(xenoblade)
jun_(princess_connect!),4,157,shirogane_jun
kageyama_torako,4,157,
kaleido_ruby,4,157,
karma_(nakiri_ayame),4,157,
katori_(quietude),1,157,
katsuragi_yako,4,157,
kingdra,4,157,
kinugasa_yuuichi,1,157,
kitsune-neko,1,157,
kokoro_connect,3,157,kokoroconnect
komachi_pochi,1,157,
kuroe_shizuku_(cosplay),0,157,
malino_(dream_maker),1,157,
marikawa_shizuka,4,157,
mikisai,1,157,
minasenagi,1,157,
mokyutan,1,157,
mole_on_crotch,0,157,mole_on_groin
munyuu,1,157,munyu
murata,1,157,
neko_danshaku,1,157,
nemunemu_semi,1,157,sssemiii
no_anus,0,157,
no_hands,0,157,
noble_academy_school_uniform,0,157,
nomura_tetsuya,1,157,
osora_(judithandlilith),1,157,ragau01
over_the_nose_gag,0,157,over_the_nose_gagged
primary_stage,1,157,
princess_leia_organa_solo,4,157,
ribbon_baton,0,157,gymnastics_ribbon
rimukoro,1,157,
romana,1,157,
scene_(arknights),4,157,
scopedog,4,157,
seofon_(granblue_fantasy),4,157,siete
shamisen_(suzumiya_haruhi),4,157,
shia_flatpaddy,4,157,shia_(syroh)
shirogane_(cufsser),1,157,
spartan_(halo),0,157,
star_guardian_soraka,4,157,
supreme_(brand),0,157,
takamura,1,157,
takanashi_yomi,4,157,
touching_ears,0,157,
treadmill,0,157,
tsuruki_shizuka,4,157,
ugeppa,1,157,
uon_taraku,1,157,
vayne_(league_of_legends),4,157,shauna_vayne
wang_yujia,4,157,
wedge_(tyrl_stride),1,157,
willow,0,157,
abukobato,1,156,
ame_816,1,156,
anatomical_nonsense,0,156,
aori_sora,1,156,
aosaki_yukina,1,156,
archer_(ragnarok_online),4,156,
bakusai,1,156,
broken_plate,0,156,
cocked_eyebrow,0,156,
date_masamune_(sengoku_basara),4,156,
dior-zi,1,156,
dustpan,0,156,
ebihara_naho,4,156,
ebira,1,156,dancing_youkai
frillish,4,156,
garage,0,156,
genmu_senki_leda,3,156,leda_the_fantastic_adventure_of_yohko
gonoike_biwa,1,156,"biwa_(pixiv_267543),biwa_(kt)"
gotou_kenji,1,156,"gotou_juan,juan_gotoh"
granblue_fantasy_versus,3,156,
grape-kun,4,156,
gridman_(ssss),4,156,
growth,0,156,
gudon_(iukhzl),1,156,
gunpla_boy_(ishiyumi),4,156,
hand_under_shorts,0,156,hand_in_shorts
harukigenia,1,156,
heart-shaped_mouth,0,156,
higashigure,1,156,sabashigure
holding_handcuffs,0,156,
hushabye,1,156,petite-emi
ichimura_kanata,1,156,
in_orbit,0,156,orbit
isshiki_momo,4,156,
judge,0,156,
kagura_yuuki,1,156,
kamiya_zuzu,1,156,zuzu
karin_(naruto),4,156,
kasamoto_eri,4,156,
katsushika_pachi,1,156,
kibadori_rue,1,156,
kikuri_(touhou),4,156,
kimagure_blue,1,156,
koin_(foxmark),1,156,"koin,foxmark"
kokomi_(aniesuakkaman),1,156,hamuko-san
komomo_(ptkrx),1,156,
korok,4,156,
kotoura_haruka,4,156,
kunisaki_yukito,4,156,
lifeguard_chair,0,156,
lobelia_(saclia),1,156,
lucidsky,1,156,yume_ou
majamari,1,156,
maple_tree,0,156,
marivel_armitage,4,156,
martha_(swimsuit_ruler)_(second_ascension)_(fate),4,156,
meipu_hm,1,156,
mister_(black_and_white),1,156,
momiji_oroshi,1,156,
moomintroll,4,156,
namaru_(summer_dandy),1,156,
nandaba_naota,4,156,
nanu_(pokemon),4,156,kuchinashi_(pokemon)
nasii,1,156,
nishizawa_ayumu,4,156,
nishizono_chigusa,4,156,
obstagoon,4,156,
perrault_(last_origin),4,156,cs_perrault
peterhl,1,156,
pidgeotto,4,156,
pondel,1,156,
ribbon-trimmed_bow,0,156,
roll.exe_(mega_man),4,156,roll_exe
sebas_murasaki,1,156,
seikai_no_senki,3,156,"banner_of_the_stars,sekainosenki,seikainosenki"
shirt_under_dress,0,156,
slave_tattoo,0,156,
small_lady_serenity,4,156,
sodapop_(iemaki),1,156,
stingray,0,156,
suguri_(character),4,156,
suiheisen_made_nan_mile?,3,156,"suiheisen_made_nanmairu?,suiheisen_made_nanmairu,suiheisen_made_nan_mile,deep_blue_sky_and_pure_white_wings,deep_blue_sky_&_pure_white_wings"
super_sailor_jupiter,4,156,
suuru,1,156,
suzuhara_touji,4,156,
tasmanian_devil_(kemono_friends),4,156,
tawashi1623,1,156,
thumb_to_mouth,0,156,
ursaring,4,156,
utane_uta,4,156,defoko
vivy,4,156,
wadanohara,4,156,
wolflong,1,156,langlong
wulazula,1,156,
yagiri_namie,4,156,
yo-class_submarine,4,156,
zhainan_s-jun,1,156,
a.b.a,4,155,aba
accessories,0,155,
akiba_monaka,1,155,moneko1107
alice_(megami_tensei),4,155,
altronage,1,155,
andava,1,155,"icaro_art,lilandy"
aomoro,1,155,
aozora_nan,1,155,
asahigaoka_school_uniform,0,155,
ayra_(fire_emblem),4,155,aira_(fire_emblem)
azurill,4,155,
grilling,0,155,"bbq_(activity),barbecue_(activity)"
barioth_(armor),0,155,
binato_lulu,1,155,
bousouzoku,0,155,bosozoku
cinderella_series,3,155,
dainsleif_(genshin_impact),4,155,
darius_(league_of_legends),4,155,
dorayaki,0,155,
enarane,1,155,narane
ever_17,3,155,ever17
exploration,0,155,
finnish_flag,0,155,
firewood,0,155,
fox_hair_ornament,0,155,
fudou_yukimitsu,4,155,
fumizuki_(azur_lane),4,155,
genos,4,155,
gibson,0,155,
gourgeist,4,155,
greed_(fma),4,155,
gyoju_(only_arme_nim),1,155,sagong_(jmin_40)
hacka_doll_1,4,155,
hamster_ears,0,155,
haruhina_purple,1,155,afk09494457
hazakura_satsuki,1,155,
hedgehog_ears,0,155,
hentaki,1,155,
hioyami,1,155,
hoppip,4,155,
houjou_sophie,4,155,
ian_chase,1,155,
ikezaki_misa,1,155,hitokui
inubouzaki_fuu,4,155,
isaac_foster,4,155,zack_(angels_of_death)
iseki_(kuroshura_no_tabiji),1,155,
jesus,4,155,jesus_christ
kagetsu_tooya,3,155,kagetsu_tohya
kakuno,1,155,
kaneki_ichika,4,155,
kari_(kakko_k),1,155,t-ihn
kazami_chiu,1,155,
kazukoto,1,155,kazu-koto
kendou_itsuka,4,155,
kinoshita_sakura,1,155,
kolin,4,155,
komikado_sachi,4,155,
kuga_zankurou,1,155,
kylin,1,155,qilin
laundromat,0,155,
lifting_covers,0,155,lifting_blanket
luozhu_(the_legend_of_luoxiaohei),4,155,
majin_gappa,4,155,
marx_(kirby),4,155,
masaki_tenchi,4,155,
matsu_(kancolle),4,155,matsu_(kantai_collection)
matsubayashi_souta,4,155,
maxa',1,155,
meowstic_(female),4,155,
michiru_(amphibian),1,155,
milcho,1,155,
miyahara_takuya,1,155,
miyuki_rei,1,155,
mizusaki_tsubame,4,155,
momoi_azuki,4,155,
moonywitcher,1,155,
murasaki_(senran_kagura),4,155,
mutsuki_riichi,1,155,ichigatsu_toshikazu
naruse_mamoru,1,155,
natsume_takashi,4,155,
neme,1,155,
newhalf_with_female,0,155,female_with_newhalf
oomuro-ke,3,155,oomuroke
pedophile,0,155,
phonecard,0,155,
pile,0,155,
pochimaru_(marumaru_wanwan),1,155,
pokemon_battle,0,155,
polka_dot_innertube,0,155,
ponkan_8,1,155,ponkan_eight
raoh_(hokuto_no_ken),4,155,raou_(hokuto_no_ken)
renata_alekseevna_tsvetaeva,4,155,
ryuu_(breath_of_fire_v),4,155,
sadakage,1,155,
saeki_nao,1,155,napa
scathach_skadi_(third_ascension)_(fate),4,155,
sekiutsu_maria_tarou,4,155,sekiutsu_maria_taro
septet_(zrca_janne),1,155,
shantae_and_the_pirate's_curse,3,155,
shounen_jump,3,155,"jump_square,weekly_shounen_jump"
sin_kiske,4,155,
sitting_on_tree_stump,0,155,
sivir,4,155,
skylader,1,155,
skywalker0610,1,155,
soviet_army,0,155,red_army
spoon_straw,0,155,
sumia_(fire_emblem),4,155,
sushi_(sashimise),1,155,
susuki_grass,0,155,
taihou_(muse)_(azur_lane),4,155,
tales_of_rebirth,3,155,
talonflame,4,155,
team_galactic_uniform,0,155,
tenshinranman,3,155,
the_silmarillion,3,155,silmarillion
thomas_edison_(fate),4,155,thomas_edison_(fate/grand_order)
vikala_(blooming_summer_wallflower)_(granblue_fantasy),4,155,
volkswagen,0,155,
watakarashi,1,155,
yasohachi_ryou,1,155,
ysk!,1,155,yskysk
yuuki_kei,4,155,
amphibia,3,154,
anchorage_(azur_lane),4,154,
anpan,0,154,
applin,4,154,
azumi_akitake,1,154,
black_sister,4,154,
blood_on_chest,0,154,bloody_chest
boryeon_(last_origin),4,154,boryeon
cum_on_back,0,154,
double_cheek_kiss,0,154,
dugtrio,4,154,
el_(girls_und_panzer),4,154,
female_footjob,0,154,foot_on_pussy
furukawa_herzer,1,154,hettsuaa
gekkou_(geccomajin),1,154,
gretel_(granblue_fantasy),4,154,
gurasion_(gurasion),1,154,
hand_on_own_foot,0,154,
hansel_(granblue_fantasy),4,154,
hashiro,1,154,
heiwa_(murasiho),1,154,
here's_johnny!_(meme),0,154,here's_johnny!
herozu_(xxhrd),1,154,
highleg_dress,0,154,
hirokawa_kouichirou,1,154,hirokawa_hiroshi
hokori_sakuni,1,154,
horz,1,154,
hoso-inu,4,154,
hydrant_(kasozama),1,154,toumeikousokudouro
i-chu,3,154,
ichinose_hajime,4,154,
ikeda_chizuru,4,154,
kaya8,1,154,
kazumi_yoshiyuki,1,154,"matsumoto_drill_lab,kazumi_yosiyuki"
ken_(haresaku),1,154,
kidachi,1,154,
king,0,154,
king_cobra_(kemono_friends),4,154,
kiriu,1,154,
kure~pu,1,154,
lilaccu,1,154,
lrk,1,154,
lunar,3,154,
maam,4,154,
maeha,1,154,
miho_(mi),1,154,
miyukiyo,1,154,
mm!,3,154,
moti_coi,1,154,
naginami,1,154,
nakamura_tetsuya,1,154,
nohhun,1,154,nohhun144
noki_(affabile),1,154,
norazura,1,154,shigurene
nuclear_weapon,0,154,"nuclear_bomb,atomic_bomb,nuke"
object_in_swimsuit,0,154,
oda_nanami,4,154,
oden_(th-inaba),1,154,
ookami_ryousuke,1,154,sakimi_tama
orca_hair_ornament,0,154,
otome_function,3,154,
ouga_saki,4,154,
oversized_zipper,0,154,
paper_mario:_the_thousand_year_door,3,154,
pegashi,1,154,
pepper_shaker,0,154,
pizza_(pizzania_company),1,154,pizza_(artist)
plastic_memories,3,154,
plate_stack,0,154,
repi,1,154,
rin_(royal),1,154,
robot_girls_z,3,154,
rudeus_greyrat,4,154,
ryuumonbuchi_touka,4,154,
sa-dui,1,154,
sabaton,0,154,
sarong_removed,0,154,
satsumi,1,154,
sawatari_riko,4,154,
senou_natsuru,4,154,
serra_(fire_emblem),4,154,
sextuplet_(osomatsu-kun),4,154,
shadow_puppet,0,154,
shin_koihime_musou,3,154,
shinsengumi_(gintama),0,154,
shiny_and_normal,0,154,
somehira_katsu,1,154,
spykeee,1,154,spykeee1945
striped_footwear,0,154,
suikakitsu_shiro,1,154,
super_robot_wars_og_saga_mugen_no_frontier_exceed,3,154,endless_frontier_exceed
suzuki_ayane,4,154,"cineria,cyneria"
swadloon,4,154,
takahashi_mugi,1,154,mugi_t
takashi_shirogane,4,154,shiro_(voltron)
tequila_(arknights),4,154,
thomas_hewitt,1,154,
tooyama_rin,4,154,
toy_block,0,154,
u.a._cheerleader_uniform,0,154,
ume-sensei,4,154,
ushio_kai_ni_(kancolle),4,154,
yatomi,1,154,
zinogre_(armor),0,154,
akai_shuuichi,4,153,
akari_(princess_connect!),4,153,kazemiya_akari
akikawa_yayoi_(umamusume),4,153,akikawa_yayoi
amahane_madoka,4,153,
amakusa_(hidorozoa),1,153,
american_football_(object),0,153,football_(object)_(american)
anna_nishikinomiya,4,153,
arcane_caitlyn,4,153,
asahina_mitsuru,4,153,
ayase-mio,1,153,
bison_(arknights),4,153,
cherry_in_the_sun,1,153,cherryinthesun
common_vampire_bat_(kemono_friends),4,153,
cornet_espoir,4,153,
dancing_stars_on_me!,0,153,
double_breast_sucking,0,153,
dragon_quest_i,3,153,"dragon_quest_1,/dq1"
fortnite,3,153,
fouriasensei,1,153,foria_sensei
fumizuki_kai_ni_(kancolle),4,153,
funyariko,1,153,
gino,1,153,
golgi_hon,1,153,
h'aanit_(octopath_traveler),4,153,
hakkasame,1,153,
hanako151,1,153,
hanasato_minori,4,153,
herio,1,153,heriwo_(haraheridou)
high-cut_armor,0,153,
hiroyama_hiroshi,1,153,kalmia
horn_flower,0,153,
hoshihuri,1,153,
hyakuya_yuuichirou,4,153,
invisible_floor,0,153,
isaki_tanaka,1,153,
it_(stephen_king),3,153,
jamadhar,0,153,katar
jellcaps,1,153,"jellcaps18,dejaguar"
kanagawa_okinami_ura,3,153,"kanagawa_oki_nami_ura,the_great_wave_off_kanagawa"
karate,0,153,
kashimoto_riko,4,153,
katakana,0,153,
kauto,1,153,
kazekawa_nagi,1,153,
kobeya_(tonari_no_kobeya),1,153,
kurofood,1,153,
kuzumiya_yuyu,1,153,
kyubey_(cosplay),0,153,
last_exile:_gin'yoku_no_fam,3,153,"last_exile:_ginyoku_no_fam,last_exile:_fam_the_silver_wing,last_exile:_fam,_the_silver_wing"
luminous_arc,3,153,
marona_(phantom_brave),4,153,
masaharu,1,153,
matsubara_yuuna,4,153,
mishiro_(ixtlolton),1,153,mishiro0229
mr._mime,4,153,"mister_mime,mr_mime"
mutsuki_face,0,153,
my700,1,153,"mymya,diddms1999"
namazu,4,153,
neko_ni_chikyuu,1,153,
orange_hair_ornament,0,153,
pig_girl,0,153,
plug_(piercing),0,153,gauge_(piercing)
puppy,0,153,
red:_pride_of_eden,3,153,pride_of_eden
red_(girllove),1,153,
rururiaru,1,153,lulu_akitsuki
saaya_(suisei_no_gargantia),4,153,
saliva_swap,0,153,
scarf_on_head,0,153,
seizon_honnou_valkyria_(idolmaster),0,153,seizon_honnou_valkyria
sengo_muramasa_(touken_ranbu),4,153,
sewing_machine,0,153,
sewer_grate,0,153,
shovelwell,1,153,
simon_belmont,4,153,
spiked_dildo,0,153,studded_dildo
starkamisan,1,153,
stealth_fellatio,0,153,hidden_fellatio
steamroller,0,153,road_roller
stepping_stones,0,153,
suesan,1,153,
suppository,0,153,
suzuki_(company),0,153,
taishou_yakyuu_musume,3,153,
team_yell,0,153,
test_tube_rack,0,153,
toono_mizuki,4,153,tohno_mizuki
tyoko_tanuki16,1,153,
vaseraga,4,153,
vash_the_stampede,4,153,
wagashi928,1,153,
wanke,1,153,
warehouse,0,153,
wendy_(wendy's),4,153,
wooden_staff,0,153,
wrists_extended,0,153,
wynn_the_wind_charmer,4,153,
x_anus,0,153,
ymir_(queen's_blade),4,153,
yokaze_japan,1,153,
yoshiwo,1,153,
yoyokkun,1,153,
yueko_(jiayue_wu),1,153,jiayue_wu
yukizen,1,153,
dress_grab,0,153,
aircraft_catapult,0,152,
akagi_(warship_girls_r),4,152,
anew_returner,4,152,
angelic_angel,0,152,
arashiya,1,152,
bad_drawcrowd_id,5,152,
blackmail,0,152,
bouen,1,152,
bra_on_head,0,152,
briar_rose_(sinoalice),4,152,sleeping_beauty_(sinoalice)
cheshire_(summery_date!)_(azur_lane),4,152,
chikichi,1,152,tixiti_mayo
choudenji_robo_combattler_v,3,152,combattler_v
cigarette_holder,0,152,
clefable,4,152,
code:_empress_(elsword),4,152,
cosmos_(flower),0,152,
delutaya,4,152,
demekyon,1,152,
diving_helmet,0,152,
dragonmaterial,1,152,
dream_hunter_rem,3,152,
enuni,1,152,
ereraero,1,152,ere2earo
finland_(hetalia),4,152,tino_vainamoinen
sparks,0,152,spark
firelight_ekko,4,152,arcane_ekko
flour,0,152,
fortune_(last_origin),4,152,
gamecube,0,152,
giant_otter_(kemono_friends)_(kuro_(kurojill)),4,152,
gimmy,4,152,
gold_bar,0,152,"gold_brick,gold_bullion,gold_ingot,gold_bars"
grey_sweater_vest,0,152,
hachiroku_(maitetsu),4,152,
hane_(azelye),1,152,azelye
hare_hare_yukai,0,152,
hasegawa_kodaka,4,152,
heco_(mama),1,152,
heigani,1,152,"makaiko,benjomochi"
herensuge_girls_academy_school_uniform,0,152,
hime_(kaibutsu_oujo),4,152,lilianne
hooreng,1,152,
hope_estheim,4,152,
ikemura_hiroichi,1,152,
illumi_zoldyck,4,152,
inui_sanagi,1,152,
inukai_isuke,4,152,
iron_tager,4,152,
jungle_gym,0,152,
kaela_kovalskia,4,152,
kaidou_j1,1,152,"kaido_(kaido_ggg),sexy_kaido,kaikodou_kana"
kapura,1,152,
kinom_(sculpturesky),1,152,
kinsenka,1,152,
kiryu_coco_(dragon),4,152,kiryuu_coco_(dragon)
krizalid,4,152,
kureaki_(exit),1,152,motyo1964
kurono,1,152,
lace-up_top,0,152,
little_princess,3,152,
lungmen_dollar,0,152,
male_harem,0,152,"harem_(male),reverse_harem"
male_priest_(dungeon_and_fighter),4,152,
michimaru_(michi),1,152,shihakuroro
microphone_wand,0,152,
mini_santa_hat,0,152,tiny_santa_hat
monster_hunter_4,3,152,
morifumi,1,152,
nogoodlife,1,152,
nude_modeling,0,152,nude_model
ocha_(ochappie),1,152,
okunin,1,152,
oniyama831,1,152,
pieck_finger,4,152,
pimp,0,152,
pink_buruma,0,152,
plaid_socks,0,152,
post_and_rail_fence,0,152,
quistis_trepe,4,152,
rafaelaaa,1,152,
roux_louka,4,152,
samejima_mamimi,4,152,
satou_samu,1,152,hebata
sawa_jaaji,1,152,
shikishima_mirei,4,152,
shouryuuken,0,152,shoryuken
shuri_yasuyuki,1,152,yasuyuki_syuri
skyrick9413,1,152,
snuffy_(vtuber),4,152,
sooru0720,1,152,
splatter_background,0,152,
striped_leotard,0,152,
sugimoto_gang,1,152,
sumo,0,152,
tachibana_omina,1,152,
tamakaga,1,152,
tanaka_yuuichi,1,152,
tayuya_(naruto),4,152,
throwing_poke_ball,0,152,
totenkopf,0,152,
touyama_nao,4,152,
tsuchiya_ako,4,152,
tympole,4,152,
unryuu_kai_(kancolle),4,152,
vaan,4,152,
winged_unicorn,0,152,alicorn
wolf_o'donnell,4,152,
woobat,4,152,
yamato_iori,4,152,
yashiro_(kancolle),4,152,yashiro_(kantai_collection)
yotsunoha,3,152,
yuzu_modoki,1,152,
adelbert_steiner,4,151,
alucard_(castlevania),4,151,
amana_(pocketkey),1,151,
andreana_(arknights),4,151,
ao_(flowerclasse),1,151,
asagiri_youko,4,151,
asicah,1,151,jakoujika
astra_militarum,4,151,imperial_guard
asuna_(stacia),4,151,
aug_(girls'_frontline),4,151,aug_(girls_frontline)
ayano_naoto,1,151,chinanago7010
ayanokouji_rem,4,151,
batta_(kanzume_quality),1,151,
batter,0,151,
benjamin_kirby_tennyson,4,151,
blonde_dog_girl_(ri-net),4,151,rinechun's_blonde_dog_girl
broken_condom,0,151,torn_condom
campo_flicker_(kemono_friends),4,151,
candle_wax,0,151,
cefca_palazzo,4,151,
charlotte_aulin,4,151,
chopping,0,151,
christophe_giacometti,4,151,
conveyor_belt,0,151,
coughing_blood,0,151,
counting,0,151,
cradle_(artist),1,151,
crosscounter,0,151,
dismemberment,0,151,
emma_millstein,4,151,
erotibot,1,151,
ex_albio,4,151,
fabric,0,151,
finger_gun_to_head,0,151,
flyable_heart,3,151,
fruit_tart,0,151,
fukase,4,151,
fushimi_gaku,4,151,
fuuka_academy_uniform,0,151,
game_boy_advance,0,151,gameboy_advance
genso,1,151,
geomancer_(fft),4,151,
getting_over_it,3,151,
glasses_day,0,151,
gwayo,1,151,
hanabana_tsubomi,1,151,hanabana_(notenotenote)
hands_on_penis,0,151,
hane_(hanetsuki),0,151,
helena_blavatsky_(swimsuit_archer)_(third_ascension)_(fate),4,151,
hibimegane,1,151,
himetsuki_luna,1,151,
igrene_(fire_emblem),4,151,
jont,1,151,
joseph_lee,1,151,
kawaruhi,1,151,
ken-1,1,151,
kirisaki_akihito,1,151,
koi_to_senkyo_to_chocolate,3,151,love_election_and_chocolate
kubo_tite_(style),0,151,kubo_taito_(style)
kudo_shinobu,4,151,kudou_shinobu
kumano_(azur_lane),4,151,
kumasteam,1,151,
kurokin,1,151,
kurou_(bcrow),1,151,
kws,1,151,
love_live!_sunshine!!_the_school_idol_movie_over_the_rainbow,3,151,
lufi_ays,1,151,gumihiko
master_chief,4,151,
matsuri_(matsuike),1,151,
mebaru,1,151,
miyako_(blue_archive),4,151,tsukiyuki_miyako
mizuki_ryuu,1,151,
monokubo,1,151,arizuka_(13033303)
moritan,1,151,
musume_(yuunama),4,151,musume
nixeu,1,151,micav1
no_scar,0,151,
noriuma,1,151,"kisw2010,rin2010,kisw2010"
nuda,1,151,
nyanko,4,151,
onigiri_(ginseitou),1,151,
opal_(pokemon),4,151,poplar_(pokemon)
orange_eyeshadow,0,151,
orange_peel,0,151,
pardofelis_(honkai_impact),4,151,
peg_leg,0,151,pegleg
pile_of_skulls,0,151,skull_pile
pink_headband,0,151,
platform,0,151,
playing_with_hair,0,151,
pokemon_the_movie:_the_power_of_us,3,151,pokemon_m21
pretty-purin720,1,151,
project_x_zone,3,151,
purple_outline,0,151,
queen_of_hearts_(alice_in_wonderland),4,151,"queen_of_hearts_(wonderland),queen_of_hearts"
raditz,4,151,
rathalos,4,151,
raythalosm,1,151,
registeel,4,151,
rinarisa,1,151,
rokurou_rangetsu,4,151,
rosenkreuzstilette,3,151,/rks
ruquia,4,151,
school_nurse,0,151,
seishou_middle_school_uniform,0,151,
sencha_(senchat),1,151,senchat
sherlock_holmes,4,151,
sheva_alomar,4,151,
shinano_(dreams_of_the_hazy_moon)_(azur_lane),4,151,shinano_(light_of_the_hazy_moon)_(azur_lane)
skull573,1,151,
string_of_light_bulbs,0,151,
suruga_dbh,1,151,
tamandua_ears,0,151,
team_yell_grunt,4,151,
teaspoon,0,151,
title_page,0,151,
tohoho_(hoshinoyami),1,151,
toudou_naoya,4,151,
toushinden,3,151,"toshinden,battle_arena_toshinden"
towa_monaka,4,151,
vierzeck,1,151,shylvania
wakiyama_tamami,4,151,
warabi_mochi_(ehimedaisuki),1,151,
warainaku,1,151,
whoopsatro,1,151,t0raa
xero,1,151,
yamada_hifumi,4,151,
yamadori_yoshitomo,1,151,
yukkuri_abuse,0,151,
yuuki_shuri,1,151,yu-kinouhasu
zuo_wei_er,1,151,
akiha_(attract),1,150,
alex_(alexandoria),1,150,
antaria,1,150,
aru_ra_une,1,150,
autumn-sacura,1,150,"autumnsacura,sasha_gladysh"
batou,4,150,
battle_effectiveness_award,0,150,
bead_anklet,0,150,
becky_blackbell,4,150,
beelzebub_(manga),3,150,
bird_nest,0,150,
blackbuck_(kemono_friends),4,150,
blue_screen_of_death,0,150,"bsod,bluescreen"
business_card,0,150,
chaigidhiell,1,150,doombringer
championship_belt,0,150,
cheken,1,150,
chocolate_on_hand,0,150,chocolate_on_fingers
chosen_undead,4,150,
clair_vaux_bernardus,4,150,claire_bernardus
crescent_choker,0,150,
cross_(weapon),0,150,
cum_in_throat,0,150,
daidou_sayo,4,150,
double_middle_finger,0,150,
dragon_claw,0,150,
eavesdropping,0,150,
est_(fire_emblem),4,150,
female_admiral_(kancolle),4,150,female_admiral_(kantai_collection)
fishbowl_helmet,0,150,
fujiwara_warawara,1,150,
gensou_suikoden_iv,3,150,suikoden_iv
geronimo_(fate),4,150,geronimo_(fate/grand_order)
grey_lips,0,150,grey_lipstick
grey_sports_bra,0,150,
grovyle,4,150,
gunsmith_cats,3,150,
hacko,1,150,
half_slime-chan,4,150,
hamachamu,1,150,
haru_(kyou),1,150,
hatachi,1,150,
healthyman,1,150,kento0131
hirase_yuu,1,150,
holding_carrot,0,150,
holding_legwear,0,150,
ijiro_suika,1,150,
iuro,1,150,
jumpsuit_around_waist,0,150,
k_jin,1,150,
kashiwa_mochi_(food),0,150,
kirasaka_sayaka,4,150,
kirikan,1,150,
kirisu_mafuyu,4,150,
komatsu_ibuki,4,150,
kriegsmarine,0,150,
kujibiki_unbalance,3,150,kujian
kuwabara_kazuma,4,150,
lyra-kotto,1,150,
maho_(yakimorokoshi),1,150,
maku-raku,1,150,
masirosu,1,150,
mauko_(girls_und_panzer),4,150,
medic_(sekaiju),4,150,
mikami_komata,1,150,
mikeco,1,150,
milkshake,0,150,
miyano_ururu,1,150,
mof,1,150,
monk_(ragnarok_online),4,150,
moroboshi_ataru,4,150,
moura_(kenyuugetu),1,150,
naba_(take_tonbo),1,150,
nightclub,0,150,
nina_williams,4,150,
ookamiuo,1,150,
open_cloak,0,150,
orange_tail,0,150,
otoshiro_seira,4,150,
perfect_cell,4,150,
pestle,0,150,
phase_connect,3,150,
qubeley,4,150,
raybar,1,150,
red_outline,0,150,
riddle_joker,3,150,
rizu_(rizunm),1,150,
rorobomb,1,150,
ryota_tentei,1,150,
saber_lion,4,150,
sai_(weapon),0,150,
sasaki_(suzumiya_haruhi),4,150,
shadow_chaser_(ragnarok_online),4,150,
shared_thought_bubble,0,150,
shika_miso,1,150,
shinto,0,150,
so-class_submarine,4,150,
soubi,1,150,
souzou_forest_(vocaloid),3,150,imaginary_forest_(vocaloid)
splatoon_(manga),3,150,
stuffed_pig,0,150,
sun-d,4,150,
suraimu_(suraimuraimu),1,150,nekoneko_jun2_123
surge_concerto,3,150,
sutoroa,1,150,
suzumori_uina,1,150,
taker_(flamestorm),1,150,
tamachi_kuwa,1,150,
tamada_heijun,1,150,
team_flare,0,150,
tewarusa,1,150,
the_caves_of_steel,3,150,
thumb_in_pocket,0,150,
totoro_bus_stop,0,150,
waver_velvet_(sensha_otoko),4,150,
william_shakespeare_(fate),4,150,
yanmarson,1,150,
yashiro_kizuku,4,150,
yoriteruru,1,150,
yufukiri,1,150,
yuzuki_(yuduame),1,150,yuzuki_(artist)
achievement_unlocked,0,149,
aetherion,1,149,
alisa_boskonovich,4,149,
ameth_(princess_connect!),4,149,ames
ancotaku,1,149,
apple_on_head,0,149,
arai_harumaki,1,149,
arena,0,149,
argyle_scarf,0,149,
arisen_(dragon's_dogma),4,149,
august_von_parseval_(the_conquered_unhulde)_(azur_lane),4,149,
bee_costume,0,149,honey_bee_girl_outfit
beldum,4,149,
belfast_(iridescent_rosa)_(azur_lane),4,149,belfast_(iridescent_rose)_(azur_lane)
blue_bandeau,0,149,
caenis_(swimsuit_rider)_(fate),4,149,
carte,1,149,
chen_hai_(azur_lane),4,149,zhenhai_(azur_lane)
choukai_(azur_lane),4,149,
chris_(mario),1,149,
ciri,4,149,
dark_angel_olivia,4,149,
des,1,149,
diamond_earrings,0,149,
edogawa_roman,1,149,
entry_plug,0,149,
eric_(tianqijiang),1,149,
fujiya_takao,1,149,nasubi_(w.c.s)
fushitasu,1,149,
gujira,1,149,
half_moon,0,149,
hamamoto_ryuusuke,1,149,
hamster_girl,0,149,
ichibi,1,149,
iihara_nao,4,149,
ikuchan_kaoru_(character),4,149,
inaeda_kei,1,149,
inflatable_shark,0,149,
itasha,0,149,
izuka_daisuke,1,149,
jing_hu,1,149,tamagoyaki_(killsheep)
kani_fish,1,149,"ak4ci,aka--chi"
karokuchitose,1,149,
kawasemi27,1,149,
klein_(sao),4,149,
knifedragon,1,149,telsonkk
konnyaku_(food),0,149,"konnyaku,konjac_(food)"
kriemhild_gretchen,4,149,
kurogane_no_linebarrel,3,149,"kurogane_no_linebarrels,linebarrels_of_iron"
landolt_tamaki,1,149,
leather_skirt,0,149,
linde_(fire_emblem),4,149,linda_(fire_emblem)
lycanroc_(dusk),4,149,
macross_plus,3,149,
madarame_harunobu,4,149,
mahou_shoujo_lyrical_nanoha_a's_portable:_the_gears_of_destiny,3,149,
maison_ikkoku,3,149,
makiaato,1,149,
malik_caesars,4,149,
margaretha_sorin,4,149,margaretha_solin
marinette_dupain-cheng,4,149,marinette_cheng
marth_(fire_emblem_awakening),4,149,marth_(fire_emblem:_kakusei)
mary_skelter,3,149,
matsukawa_(pale_scarlet),1,149,matsugawa
mayl_sakurai_(mega_man),4,149,sakurai_meiru
minami_aomori,1,149,
mizuki_gyokuran,1,149,
muchourin,0,149,
na!_(na'mr),1,149,nanashiwan
nagimiso,1,149,
nanami_sano,1,149,tiny_little_feather
natsu_hotaru,1,149,
niku-name,1,149,pixad
niles_(fire_emblem),4,149,zero_(fire_emblem_if)
nobile1031,1,149,
nogizaka_haruka,4,149,
note2000,1,149,
occult_ball,0,149,
ohara_tometa,1,149,
onodera_karen,4,149,
pink_robe,0,149,
polka_dot_umbrella,0,149,
punishment,0,149,
quinella,4,149,administrator_(sao)
ranguage,0,149,"nihawngo,ratin,flench,gelman,faux_greek,faux_finnish"
red_cucumber,1,149,
reflect_(gawr_gura),3,149,
regice,4,149,
richelieu_(warship_girls_r),4,149,
ryekie_(live_a_hero),4,149,
sakra_devanam_(elsword),4,149,
salanchu,1,149,
satomachi,1,149,
sawkm,1,149,
segment_display,0,149,
setsuna_(fire_emblem),4,149,setsuna_(fire_emblem_if)
setu_kurokawa,1,149,
shared_drink,0,149,
shedinja,4,149,
shelly_(pokemon),4,149,izumi_(pokemon)
shirihime,1,149,
shiromanta_(character),4,149,
souryuu_(azur_lane),4,149,
substitute_(pokemon),0,149,
sura_(ragnarok_online),4,149,shura_(ragnarok_online)
suzuharu_toufu,1,149,
takanae_kyourin,1,149,"takanae,takanae_keirei"
taro_(ultrataro),1,149,
tasmanian_devil_tail,0,149,
temu,1,149,
teresa_(claymore),4,149,
toru_nagase,1,149,
tsuka,1,149,
tsukasa_yuuki,1,149,
u_rin,1,149,
ulquiorra_cifer,4,149,"ulquiorra_schiffer,ulquiorra"
venomrobo,1,149,
wagashi_(dagashiya),1,149,wakako_(wagasiorhugasi)
weather_vane,0,149,
whale_shark,0,149,whaleshark
white_tunic,0,149,
wood_carving_tool,0,149,
wooden_bridge,0,149,
xilmo,1,149,
yosaku_(roach),1,149,
yue_(tada_no_saboten),1,149,
yukari_(rihenara_doll),1,149,
zipang_(zip@ng_works),1,149,
zoza,1,149,
bread_bun,0,149,
agnes_oblige,4,148,
alia_(mega_man),4,148,alia_(rockman)
amagamido,1,148,
asahiro,1,148,
asya,1,148,
bioluminescence,0,148,
bloomers_around_one_leg,0,148,
bluez,1,148,
breast_curtain_lift,0,148,
broken_moon,0,148,
card_game,0,148,
cat_o'_nine_tails,0,148,cat_o_nine_tails
dango_remi,1,148,
dantes_ward,1,148,
dick_gumshoe,4,148,itonokogiri_keisuke
eizen_(tales),4,148,
england,0,148,
erakin,1,148,robinsonk9999
fairy_knight_tristan_(second_ascension)_(fate),4,148,
federica_n._doglio,4,148,federica_n_doglio
fir_(fire_emblem),4,148,
frilled_garter,0,148,
fubuki_atsuya,4,148,
fuugetsu_oreha_ikiru,1,148,
gargoyle,0,148,
gerotan,1,148,
getsuyou_yasumi,1,148,tukiyofree
girlish_number,3,148,gi(a)rlish_number
girotin_ginza,1,148,
glowing_feather,0,148,
gomashio_(goma_feet),1,148,
hands_on_another's_neck,0,148,
hapi_(fire_emblem),4,148,
hareta,1,148,
harukana_receive,3,148,
hisin,1,148,
hk_(nt),1,148,m_hk_a
human_dog,0,148,
hyuuga_hanabi,4,148,
illyasviel_von_einzbern_(swimsuit_archer)_(second_ascension),4,148,
irisu_kyouko,4,148,
jason_kim,1,148,
jiraiya_(naruto),4,148,
jirusu,1,148,
jum-p,4,148,
kadoi_aya,1,148,aya_kadoi
kikivi,1,148,
kirisaki_seeker,1,148,
knees,0,148,knee
kodoku_no_gourmet,3,148,
kokihanada,1,148,kouki_hanada
kokoa_ninniku,1,148,norakon
kuroihato,1,148,
kuronuma_sawako,4,148,
kyokugen_dasshutsu,3,148,zero_escape
l_(matador),1,148,
lenora_(pokemon),4,148,aloe_(pokemon)
mannosuke,4,148,
maruwa_tarou,1,148,maru_watarou
mercury_symbol,0,148,mercury_sign
mizuki_riko,1,148,
mochiki,1,148,
mokyu,1,148,
monster_hunter_frontier,3,148,
morino_ichigo,4,148,
morokoshi_(tekku),1,148,tekku_(07201115)
moroyan,1,148,
mushroom_print,0,148,
neck_bobbles,0,148,
nikism,1,148,
nishigori_atsushi,1,148,
nogi_sonoko,4,148,
nori_(akusei_shinseibutsu),1,148,
okera,1,148,
ooyama_kina,1,148,
panda_hat,0,148,
panzer_waltz,3,148,metal_waltz
pasdar,1,148,
pholia,4,148,
pullcart,0,148,
pushing_face,0,148,
quilt_(game),3,148,
rainbow_bikini,0,148,
reco,4,148,
rei_(guilty_gear),4,148,
rikka_(holostars),4,148,
rin_(kemurikusa),4,148,
rumo,1,148,
saejin_oh,1,148,
saru_(style),0,148,
satsuki_mayuri,1,148,
scruffyturtles,1,148,
sdorica,3,148,sdorica_-sunset-
servant_card_(fate/grand_order),0,148,
shigenobu,1,148,
shigofumi,3,148,
shirousagi_uyu,1,148,
shourou_kanna,1,148,
siamese_cat,0,148,
skull_and_crossed_swords,0,148,
sousui_hani,1,148,hani_(yuricorno)
spasm,0,148,
spirit_blossom_kindred,4,148,
sue_(bg-bros),1,148,
sugimeno,1,148,
suzuri_(tennenseki),1,148,
tada_no_nasu,1,148,scmado24
tafuto,1,148,
takashia_(akimototakashia),1,148,
textbook,0,148,
tomosuke,1,148,
tsukikusa,1,148,
two-tone_kimono,0,148,
ushiromiya_kinzou,4,148,ushiromiya_kinzo
valkyrie_connect,3,148,
veigar,4,148,
waira,1,148,
wonderland_wars,3,148,
yasui_riosuke,1,148,goromenz
yasuo_(league_of_legends),4,148,
yogurt,0,148,yoghurt
youkan_(food),0,148,
yuu_(yuyukaikan),1,148,
yuyanshu13,1,148,
yuzu_bath,0,148,
zenigata_kouichi,4,148,
adrenaline!!!,0,147,
against_rock,0,147,
alchemist_(girls'_frontline),4,147,alchemist_(girls_frontline)
amamiya_chiharu,1,147,chiharu_(nekomimibousi96)
amii,1,147,
arc_system_works,3,147,
arcaea,3,147,
armored_aircraft_carrier_princess,4,147,armored_aircraft_carrier_hime
auer,1,147,
azuki_akizuki,1,147,
back_turned,0,147,
bad_tinami_id,5,147,
caleb_thomas,1,147,
castor_(fate),4,147,castor_(fate/grand_order)
cat_(nyanko_daisensou),4,147,
character_select,0,147,
childhood_friend-chan_(ramchi),4,147,
ciel_(elsword),4,147,
color_halftone,5,147,screening
daibouken!_yukeyuke_osawari_island,3,147,
dopamine70,1,147,"kim_hyun-kyung,hpb8642"
dunkerque_(summer_sucre)_(azur_lane),4,147,
el_cazador_de_la_bruja,3,147,el_cazador
energy_shield,0,147,holographic_shield
flask_(pandora),1,147,
foot_tickling,0,147,
frikulu,1,147,
fujie-yz,1,147,
fuyuno_taka,1,147,
gabayo,1,147,
genshin_impact_sticker_redraw_(meme),0,147,
ghost_quartz_(houseki_no_kuni),4,147,
gunxsword,3,147,"gunsword,gun_sword"
hair_extensions,0,147,
hair_vines,0,147,
hairstyle_connection,0,147,
hamada_(super_tachioyogi_kyousou),1,147,ky_(kurokky709)
hashimoto_fumie,4,147,
hazuki_kasane,1,147,
heart_ring_top,0,147,
hector_rivera,4,147,
hunya,1,147,
inu3,1,147,
ishida_mia,1,147,
itou_ayachi,1,147,itou_ikuri
izumi_ako,4,147,
jaguar_boy,0,147,
jianren,1,147,
just_be_friends_(vocaloid),3,147,just_be_friends
kachayori,1,147,
kaori_(princess_connect!),4,147,kyan_kaori
kiritani_(marginal),1,147,
kouyafu,1,147,
kurozako,1,147,
kusakami_akira,1,147,
l'avenir_academy_uniform,0,147,
leather_suit,0,147,
lightning_glare,0,147,electric_eye_contact
lococo:p,1,147,
lucid_(maplestory),4,147,
luminous,1,147,
makita_maki,1,147,
maruino,1,147,
mazda,0,147,
mikripkm,1,147,
mixplin,1,147,
mokona,4,147,
momozu_komamochi,1,147,koma_momozu
motojima_hakka,1,147,
mukkushi,1,147,
nahu,1,147,
nanashinayuzu_mochi,1,147,"uzuki4ma,negot0negot0"
nao_(dream_c_club),4,147,nao_(dream_club)
national_basketball_association,3,147,"nba,/nba"
nero_claudius_(modern_costume_of_crimson)_(fate),4,147,
nick_wilde,4,147,
nikke_(cherish),1,147,nishimura_nike
nitori_aiichirou,4,147,nitori_aaichirou
nokoru_sora,1,147,
noukatu,1,147,
octillery,4,147,
oosaki_takahito,1,147,
orimoto_rika,4,147,
oro_(zetsubou_girl),1,147,
osafune_kairi,1,147,
osana_reimu,3,147,
people's_republic_of_china_flag,0,147,"chinese_flag,prc_flag"
peri_(fire_emblem),4,147,pieri_(fire_emblem_if)
pia_carrot_e_youkoso!!_3,3,147,pia_carrot_3
planeptune,1,147,
raiden_mei_(valkyrie_bladestrike),4,147,
removing_shoes,0,147,
saipin,1,147,
seto_midori,4,147,
seulbi_lee,4,147,
shibuya_(tokyo),0,147,
shiranui_kai_ni_(kancolle),4,147,
sig_(puyopuyo),4,147,
silvertsuki,1,147,
skiing,0,147,
smelling_underwear,0,147,"underwear_sniffing,panty_sniffing"
solaire_of_astora,4,147,
spiral-only_eyes,0,147,
spotted_hair,0,147,
sukesan,1,147,
swinub,4,147,
takara_joney,1,147,
ten-chan_(eternal_s),1,147,
tendou_nabiki,4,147,tendo_nabiki
undone_bowtie,0,147,
vermillion_akiha,4,147,
volumen_hydragyrum_(fate),0,147,volumen_hydragyrum
vyn_richter_(tears_of_themis),4,147,
wake_up_girls!_stage_no_tenshi,3,147,stage_no_tenshi
white_tiger_print,0,147,
yuimari,1,147,
yukiyanagi,1,147,
yuzuki_kihiro,1,147,
aizawa_kazuha,4,146,
akagi_(paradise_amaryllis)_(azur_lane),4,146,
animal_ears_helmet,0,146,
aoi_hiro,1,146,
aramachi,1,146,
ayuman,1,146,
azu_torako,1,146,
barbara_parker,4,146,barbara_(little_witch_academia)
black_widow,4,146,
bmw,0,146,
bukurote,1,146,
cafe_(chuu_no_ouchi),1,146,rairai-no26-chu
castell,1,146,
caved,0,146,
chakapi,4,146,
character_pillow,0,146,
chariot,0,146,
chuby_mi,1,146,
cioccolata,4,146,
circussion,1,146,cube_(circussion)
cloud_focus,0,146,
compression_sleeve,0,146,
da_capo_iii,3,146,
dagon_(housamo),4,146,dagon_(tokyo_houkago_summoners)
daidouji_kira,4,146,
dororo_(character),4,146,
drying_clothes,0,146,
ear_scrunchie,0,146,
esouko,1,146,
eyewear_view,0,146,
farfetch'd,4,146,
floyd_leech,4,146,
fullbokko_heroes,3,146,
fuyuno_yuuki,1,146,ancoloyuki
gas_can,0,146,
gigokku,1,146,
ginji74,1,146,
gus_(clarkii),1,146,
haagen-dazs,0,146,
hadouken,0,146,
hanna_rudel,4,146,
hara_yui,1,146,
heaven's_door,4,146,
henken,1,146,
himemiya_touri,4,146,
himura_kiseki_(style),0,146,
hotaryuso,1,146,
humboldt_penguin,0,146,
iga_tamaki,1,146,
inasaki_shirau,1,146,"inazaki_shirau,shirau_inazaki,shubesuta"
inuga_anahoru,1,146,mochisuke_teru
japanese_cylindrical_postbox,0,146,
joshua_bright,4,146,joshua_astray
joui,0,146,
judau_ashta,4,146,
jupiter_(planet),0,146,
kabayaki_(kabayaki_eel),1,146,
kagesaki_yuna,1,146,
kakudai_(hujikolp),1,146,god@man
karasuma_yayoi,1,146,
kashiwagi_kano,1,146,shiratama_azusa
katase_shima,4,146,
kaze_makase,1,146,
kikuchi_mataha,1,146,
kokaki_mumose,1,146,sumomo_(raviklx50uc2r2d)
kroos_the_keen_glint_(arknights),4,146,
kurokawa_(silve),1,146,
lozelia,1,146,
luka_(mon-musu_quest!),4,146,
mahou_no_tenshi_creamy_mami,3,146,creamy_mami_the_magic_angel
map_(blue_catty),1,146,map_(artist)
maria_robotnik,4,146,
maze_yuri,1,146,
mega_charizard_x,4,146,
mingke,1,146,
minillustration,1,146,
misora_(princess_connect!),4,146,nagare_misora
moe_(phrase),0,146,
momose_kurumi,4,146,
muneshiro_(hitsuji_kikaku),1,146,hitsuji_(hitsuji_kikaku)
myht,1,146,
naitou_kirara,1,146,
nakajou_tatsuya,4,146,
navy_cross,0,146,
nekokun,1,146,
niimi_kaoru,4,146,
no_brand_girls,0,146,
oboro_(fire_emblem),4,146,oboro_(fire_emblem_if)
originium_slug_(arknights),4,146,
pillow_fight,0,146,
pink_sweater_vest,0,146,
ponyta,4,146,
princess_tutu_(character),4,146,
prism_magical,3,146,
reindeer_girl,0,146,
ribbon-trimmed_hairband,0,146,
ryuuga_shou,1,146,syo_ryuga
ryuuta_(cure_ryuuta),1,146,
scharfschutze,1,146,sharufushuttse
scientific_name,0,146,
senri_akane,4,146,
seraphine_(league_of_legends),4,146,
shizuku_(hunter_x_hunter),4,146,
snowflake_earrings,0,146,snowflake_earring
statue_of_liberty,0,146,
submarine_princess,4,146,submarine_hime
super_robot_wars_x-omega,3,146,
takemura_kou,1,146,takemura-kou0606
tengen_toppa_gurren_lagann:_parallel_works,3,146,
tohsaka_rin_(fate/extra),4,146,
towel_rack,0,146,
trombone_(sex_act),0,146,
umeboshitora,1,146,
umibudou,1,146,
uniform_vest,0,146,
used_artificial_vagina,0,146,
utsugi_noriyuki,4,146,
welrod_mk2,0,146,
yorha_commander,4,146,
yoshikawa_kazunori,1,146,
zipper_footwear,0,146,
ajino_(sakanahen),1,145,
american_football_helmet,0,145,
babu,1,145,
beauty_and_the_beast,3,145,
berryverrine,1,145,
botan_(clannad),4,145,
brown_sky,0,145,
buchi_maru,1,145,
candela_(pokemon),4,145,
capitan_(tsyoujo),1,145,
charlotte_hazellink,4,145,
chou_shittou_caduceus,3,145,"trauma_center,trauma_center"
clift,4,145,
comic_bavel,3,145,
dancer's_costume_(dq),0,145,
deemo_(character),4,145,
dobato,1,145,
donson,1,145,
duan_henglong,1,145,
edmond_honda,4,145,
eijima_moko,1,145,harusaki_iwai
eri_(boku_no_hero_academia),4,145,
erstin_ho,4,145,
g-taste,3,145,g_taste
glance,0,145,
gomeifuku,1,145,ketaiofheart
hand_on_another's_mouth,0,145,
hanging_food,0,145,
haou_taikei_ryuu_knight,3,145,"haou_daikei_ryuu_knight,lord_of_lords_ryu_knight"
harlequin,0,145,
hatsuseno_alpha,4,145,
hippopotamus,0,145,
ichiki_1,1,145,
jochuu-san,4,145,
joosi,1,145,
kaitou_saint_tail,3,145,
kakuchoshi,1,145,"kaku_chosi,kaku_choushi"
kamen_rider_ghost_(series),3,145,
kmnz,3,145,
knotting,0,145,
koishi_chikasa,1,145,"rakka_oto,rai-rai"
kusakabe_wakaba,4,145,
leonidas_(fate),4,145,leonidas_(fate/grand_order)
luluco,4,145,
magneton,4,145,
makuro,1,145,
mega_lopunny,4,145,
merry_program,1,145,
metis_(persona),4,145,
micro_uzi_(girls'_frontline),4,145,micro_uzi_(girls_frontline)
nofuture,1,145,
mizuya_nao,1,145,mizya
mogi_yasunobu,1,145,slept_(re_mix)
morisawa_chiaki,4,145,
mutsuki_(new_year)_(blue_archive),4,145,asagi_mutsuki_(new_year)
nel-c,1,145,
nipple_press,0,145,
nishiki_areku,1,145,aureolin31
norway_(hetalia),4,145,
o-nashi_neko,1,145,mizuiroregent
ogiso_setsuna,4,145,
onaya_masakazu,1,145,
ooshima_ryou,1,145,
ozkh,1,145,
painttool_sai,0,145,
playerunknown's_battlegrounds,3,145,pubg
portable_stove,0,145,
psylocke,4,145,elizabeth_braddock
quro_(black_river),1,145,
rajang,4,145,
reiji_(gundam_bf),4,145,
rem_sora410,1,145,
sakura_(usashiro_mani),4,145,
sayo_tanku,1,145,
scuba_tank,0,145,
seero,1,145,
shen_(league_of_legends),4,145,
shishigami_bang,4,145,
snorunt,4,145,
socks_over_thighhighs,0,145,
spacecolonie,1,145,
staraptor,4,145,
suicide_boy,3,145,
super_robot_wars_z,3,145,
suzuno_(bookshelf),1,145,
sweden_(hetalia),4,145,berwald_oxenstierna
taco,0,145,
tactics,3,145,
taka_(tsmix),1,145,
takasugi_kou,1,145,
tina_sprout,4,145,
tir_mcdohl,4,145,
tooi_aoiro,1,145,
touma_kazusa,4,145,
turnip_kabura,1,145,
uki_atsuya,1,145,
violet_(flower),0,145,
visor_lift,0,145,
watermelon_seeds,0,145,
winston_(overwatch),4,145,
wnb_mark,1,145,
yellow_male_underwear,0,145,yellow_underwear_(male)
zac_(league_of_legends),4,145,
zorome_(darling_in_the_franxx),4,145,
aizawa_hikaru,4,144,
akino_subaru,1,144,
armadillo_ears,0,144,
asagiri_asagi,4,144,"asagi_(nippon_ichi),asagi_(makai_kingdom)"
ascii_art,0,144,ascii
ashiya_douman_(second_ascension)_(fate),4,144,
asou_yuuko,4,144,
asymmetrical_arms,0,144,
asymmetrical_bodysuit,0,144,
bandaid_on_stomach,0,144,
bisected,0,144,
bra-ban!,3,144,
cain_(gunnermul),1,144,
celia_kumani_entory,4,144,
chaos;child,3,144,
cheshire_cat_(monster_girl_encyclopedia),4,144,
chloe_von_einzbern_(beast_style),4,144,
choumi_wuti_(xueye_fanmang_zhong),1,144,
chucolala,3,144,
cuora_(arknights),4,144,
doduo,4,144,
dreamer_(girls'_frontline),4,144,dreamer_(girls_frontline)
eevee_ears,0,144,
knight,0,144,
eventh7,1,144,
executor_(arknights),4,144,
exit_sign,0,144,
face_filter,0,144,
fatal_fury_cap,0,144,
fire_helmet,0,144,
floating_city,0,144,
foongus,4,144,
hanazuki_(azur_lane),4,144,
healing_animal,0,144,
higuchi_konomi,1,144,
hinata_nao,1,144,
hira_(nanika_no_heya),1,144,
hitotsuki_nanoka,1,144,hitotukinanoka
hollomaru,1,144,
horikoshi_kouhei,1,144,
hoshibuchi,1,144,
ichikawa_noa,1,144,
impossible_hair,0,144,
iwai_ryou,1,144,iwai_ryo
ixima,1,144,ikushima
izumi_reina,4,144,
j_yak47,1,144,j.roswel
jett_(valorant),4,144,
kaginoni,1,144,
kakaobataa,1,144,
kakesu,1,144,
kamiko_kana,4,144,
kantori,1,144,
kawachi_rin,1,144,"acetylene-lamp,rin_(teiuka-forever)"
kayle_(league_of_legends),4,144,
keke_(kokorokeke),1,144,
key_kun,1,144,
king_saw,0,144,
kirikuchi_riku,1,144,
kona_ming,1,144,"otooohu0102,ksrvgn"
kouta.,1,144,
kuroeda-san,4,144,
kurosawa_rin_(aikatsu!),4,144,
kushizaki_(vtuber),4,144,
lava_the_purgatory_(arknights),4,144,
makino_ruki,4,144,
maru_ccy,1,144,
matrix16,1,144,
military_rank_insignia,0,144,
mirai_akari's_new_virtual_youtuber_illustration_contest,3,144,
mitsuzuri_ayako,4,144,
moeta_kaoruko,4,144,
monizumi_ishikawa,1,144,
mori_(unknown.),1,144,mknown
motion_slit,0,144,
multiple_cats,0,144,
muneneko,1,144,
narita_top_road_(umamusume),4,144,
noill,1,144,
oarfish,0,144,
okumari,1,144,
opanchu_(hakusen),1,144,
oyama_yoihaya,1,144,
panbai,1,144,
pidge_gunderson,4,144,
poi_(goldfish_scoop),0,144,
print_towel,0,144,
qm,1,144,
sachi_(sao),4,144,
sandwich_cookie,0,144,
saruei,1,144,
satsuki_yukimi,1,144,
sazabi,4,144,
scarf_pull,0,144,
school_emblem,0,144,
shukufuku_no_campanella,3,144,"blessing_of_the_campanella,la_campanella_della_benedizione"
silver_rain,3,144,
silverlight,3,144,
smash_ball,0,144,
sneaking_suit,0,144,
st.kuma,1,144,
strider_hiryuu,4,144,strider_hiryu
sudachi_(calendar),1,144,
sunny_day_song,0,144,
susanna_hopkins,4,144,
swimwear_(module),0,144,
switch,0,144,
takeshisu,1,144,
tell_your_world_(vocaloid),3,144,
the_road_to_el_dorado,3,144,
tiptoe_kiss,0,144,
tm_(hanamakisan),1,144,
tokumaro,1,144,
two-sided_coat,0,144,
ultimecia,4,144,
under_clothes,0,144,
unpale,1,144,
ushimittsu,1,144,
waku_waku_7,3,144,
white_lips,0,144,white_lipstick
yakimi_27,1,144,
yamai_kaguya,4,144,
yen-mi,1,144,
yoshino_chidori,4,144,
you_ni_ge_shaobing,1,144,5555_96
yuki_shuuka,1,144,luxia_continent
ahsoka_tano,4,143,
akahige,1,143,
akino_takehiko,1,143,
akiyasu,1,143,
allenby_beardsley,4,143,
alolan_meowth,4,143,
atelier_lydie_&_suelle,3,143,atelier_lydie_and_suelle
azuma_seiji,1,143,
backflip,0,143,
baketsuya,1,143,m92fs
bandaged_chest,0,143,
bandaid_hair_ornament,0,143,
bokuto_koutarou,4,143,
bread_eating_race,0,143,bread_eating_contest
buttercup_redraw_challenge_(meme),0,143,buttercup_redraw_challenge
caligula_(fate),4,143,caligula_(fate/grand_order)
camel,0,143,
camel000,1,143,
cheetah_tail,0,143,
clip,0,143,
crash_bandicoot_(series),3,143,
dido_(anxious_bisque_doll)_(azur_lane),4,143,
dog_(shiba_inu)_(kemono_friends),4,143,
doria_(p_f_dolia),1,143,doria_(5073726)
drag-on_dragoon_1,3,143,drakengard_1
duo_maxwell,4,143,
fender_telecaster,0,143,telecaster
flamie_speeddraw,4,143,fremy_speeddraw
flashbang,0,143,
frenulum_piercing,0,143,
frilled_necktie,0,143,
fukase_ayaka,1,143,
furahata_gen,1,143,
gahaku,1,143,
gangut_(azur_lane),4,143,
greatodoggo,1,143,
hat_bobbles,0,143,
hinadan,0,143,
hoshino_madoka,1,143,"aya_ojo,aya_(pixiv441971)"
ikura_(food),0,143,salmon_roe
in-hyuk_lee,1,143,
indonesian_text,0,143,indonesian
inuzuka_kiba,4,143,
italia_(kancolle),4,143,italia_(kantai_collection)
itou_eito,1,143,
izumiyuhina,1,143,
kaburagi_yuki,1,143,echonao199x
kamen_rider_build,4,143,
kamihime_project,3,143,
kamishiro_ryuu,1,143,
kanzaki_hideri,4,143,
kashiwa_kiseri,1,143,
kazooie_(banjo-kazooie),4,143,
khiara_(personal_ami),4,143,
kido_saori,4,143,
king_(nanatsu_no_taizai),4,143,
kobayashi_hiyoko,1,143,
konkichi_(flowercabbage),1,143,
kururu_(little_princess),4,143,
kutata,1,143,
lamborghini,0,143,
len_(hand_linke),1,143,yuu-kun_(linke_hand)
lily_(granblue_fantasy),4,143,
lithuania_(hetalia),4,143,toris_laurinaitis
little_blue_(guin_guin),4,143,
magus_(chrono_trigger),4,143,
master_asia,4,143,
mega_lucario,4,143,
mephisto_(arknights),4,143,
mg_renders,1,143,
minakamirin,1,143,
minikon,1,143,
mizuki_(kutan),4,143,
mizunomoto,1,143,
momoda_yasuhito,1,143,
mosuko,1,143,
multiple_fusions,0,143,
murio,1,143,
myoukou_kai_ni_(kancolle),4,143,
nanashi_(ganesagi),4,143,
natsuhiko,1,143,
nina_einstein,4,143,
nodding,0,143,
not_present,0,143,
odds_&_ends_(vocaloid),3,143,
ohnuma_kurumi,4,143,oonuma_kurumi
osa_(osaosa),1,143,
oyuwari,1,143,yuwari_ume
palace_of_dragon_(idolmaster),0,143,
pile_of_books,0,143,
pink_sports_bra,0,143,
rino_(princess_connect!),4,143,inosaki_rino
rokugatsu_t,1,143,
sahuyaiya,1,143,
sanom,1,143,
sawara65,1,143,
sayoyonsayoyo,1,143,
senran_kagura_peach_beach_splash,3,143,
sex_pistols_(stand),4,143,
so_dakki,4,143,
striped_suit,0,143,
sunday31,1,143,
sunday_silence_(racehorse),4,143,
t-okada,1,143,
taut_skirt,0,143,
the_king_of_fighters_2001,3,143,king_of_fighters_2001
tifa_lockhart's_refined_dress,0,143,
togo_ai,4,143,tougou_ai
tomimi_(silent_night)_(arknights),4,143,
transforming_clothes,0,143,
tsuyuka_(sunny_spot),1,143,sunny_spot
uta_(one_piece),4,143,
viviana_(arknights),4,143,vivienne_(arknights)
wadante,1,143,
wadapen,1,143,
wagaya_no_oinari-sama,3,143,our_home's_fox_deity
watanuki_banri,4,143,
wu_ganlan_cai,1,143,
yadokugaeru,1,143,
yaosera,1,143,
yatosaki_haru,1,143,
yatsuha_kanan,1,143,
yoshinoya_(hidamari_sketch),4,143,yoshinoya
youkai_watch_(object),0,143,
yumi_yumi,1,143,
aether_foundation_uniform,0,142,
aimobake,1,142,
akasaka_yuzu,1,142,
akashi_seijuurou,4,142,
akke,1,142,
alicia_testarossa,4,142,aricia_testarossa
around_corner,0,142,
ashiya_douman_(third_ascension)_(fate),4,142,
asuna_(doruru-mon),1,142,
azu-taro,1,142,azutarou
azuma_toh,1,142,"azuma_tou,saiki_keita"
bartender,0,142,
barre,0,142,ballet_bar
black_overalls,0,142,
bol_(liliymimi),1,142,
bound_knees,0,142,
braided_beard,0,142,
bunny_ear_legwear,0,142,
butterchalk,1,142,
calamity_jane_(fate),4,142,calamity_jane_(fate/grand_order)
card_in_mouth,0,142,
cha_goma,1,142,
chel_(the_road_to_el_dorado),4,142,
chyoel,1,142,
crotchless_leotard,0,142,
cryska_barchenowa,4,142,
cube_x_cursed_x_curious,3,142,"c3:_cube_x_cursed_x_curious,c_cube,c3"
danby_merong,1,142,
deathsmiles,3,142,
dilated_pupils,0,142,
dokidoki_sister_aoi-chan,3,142,
doyachii,1,142,
drowzee,4,142,
ekans,4,142,
erogos,3,142,
evil_eye_sigma,4,142,
evolvingmonkey,1,142,
face_of_the_people_who_sank_all_their_money_into_the_fx_(meme),0,142,face_of_the_people_who_sank_all_their_money_into_the_fx
frilled_coat,0,142,
frog_hood,0,142,
fujishima_kousuke,1,142,
gonster,1,142,
goto_(sep),1,142,
greenopi,1,142,iponeerg
haku89,1,142,blue_(9153585)
hapu_(pokemon),4,142,hapu'u_(pokemon)
harukawa_moe,1,142,
hasaya,1,142,
himegami_aisa,4,142,
hinazuki_kayo,4,142,
holmemee,1,142,
hyakumangoku_masurao,1,142,raxoko
ikeno_daigo,1,142,
in_basket,0,142,
ina_(inadahime),1,142,ina_(artist)
ishii_akira,1,142,
izumi_minami,1,142,
janyhero,1,142,
jeff_andonuts,4,142,
kagura_mizuki,1,142,kagurado
kama_(swimsuit_avenger)_(first_ascension)_(fate),4,142,
kamikoshi_sorawo,4,142,
kamoto_tatsuya,1,142,
kaneko_tsukasa,1,142,heihokon
kawajiri_shinobu,4,142,
kazama_raita,1,142,
kazeharu,1,142,
keith_(voltron),4,142,
king_k._rool,4,142,
kongou_mitsuko,4,142,
like_and_retweet,0,142,
liquid_clothes,0,142,
mandibles,0,142,
maryland_(kancolle),4,142,
matsushima_michiru,4,142,
melty+,3,142,
mian_(dream_c_club),4,142,
minatosaiga,1,142,
mixed_gender_duel,0,142,
miyamae_shiho_(jack_dempa),4,142,
miyoshi_(triple_luck),1,142,
mizuki_kyou,1,142,
mochizuki_nozomu,1,142,
mugshot,0,142,"criminal_photo,prison_photo,mug_shot"
mujin_wakusei_survive,3,142,"uninhabited_planet_survive!,uninhabited_planet_survive"
nakahara_misaki,4,142,
necromancer,0,142,
nekokotei,1,142,
nijihara_ink,4,142,
nokanok,1,142,
numbered_flag,0,142,
objection,0,142,
orgasm_denial,0,142,
peter_parker,4,142,
pikachu_tail,0,142,
queasy_s,1,142,
redjack_036,1,142,
rocha_(aloha_ro_cha),1,142,rocha_(artist)
rodney_(warship_girls_r),4,142,
rokushou,1,142,
ruukoto,4,142,
sakaki_(utigi),1,142,
sakura_hime,4,142,
sara_(gundam_build_divers),4,142,
sett_(league_of_legends),4,142,
shinburu,1,142,
shiro_(octet),1,142,
shouhei,1,142,
shuutou_haruka,1,142,
snow_leopard,0,142,
sofia_valmer,4,142,
sonikey0_0,1,142,
stardew_valley,3,142,
stiel,1,142,
sunohara_ayaka,4,142,
sutera_(granblue_fantasy),4,142,
tashigi,4,142,
text_print,0,142,
theodore_riddle,4,142,
tianzhong_zhongtian,1,142,
tied_sweater,0,142,
tk_(angel_beats!),4,142,
tomomimi_shimon,1,142,
totsuka_saika,4,142,
tropical_kiss,3,142,
two-tone_bra,0,142,
two-tone_pants,0,142,
ueno_(ueno-san_wa_bukiyou),4,142,
versailles_no_bara,3,142,"the_rose_of_versailles,lady_oscar,rose_of_versailles"
yatagarasu_(game),3,142,
yonekura_kengo,1,142,
yoshii_akihisa,4,142,
youhei_(testament),1,142,
yuunagi_middle_school_uniform,0,142,
zuizou,1,142,
aikawa_chinatsu,4,141,
ajiriko,1,141,
akaneko_(redakanekocat),1,141,
akisha,1,141,
alphy,1,141,
amagi_(volfuji),1,141,
aoyagi_touya,4,141,
arkapami,1,141,
asakura_nemu,4,141,
basquash!,3,141,basquash
bikini_bottom_aside,0,141,bikini_aside
black_beat,1,141,
blush_visible_through_hair,0,141,
brazil,0,141,brazilian
btraphen,1,141,
chipmunk_ears,0,141,
chokutou,0,141,
cosmic_&_funny_(idolmaster),0,141,cosmic_&_funny(idolmaster)
cure_black_(cosplay),0,141,
daiba_canon,4,141,daiba_kanon
decapre,4,141,
dildo_harness,0,141,
dimension_w,3,141,
dragon_riding,0,141,
dreamlight2000,1,141,
edinburgh_(azur_lane),4,141,
ephnel,4,141,
erica_fontaine,4,141,
family_computer_robot,4,141,r.o.b.
fang_assassin_irma,4,141,
fault!!,3,141,
final_fantasy_fables,3,141,
foot_on_face,0,141,
fujiwara_gacho,1,141,
fuwafuwa_time,0,141,
garo_(series),3,141,
glenn_andrean,1,141,
hagimura_suzu,4,141,
hair_undone,0,141,
haluka_(aixioo),1,141,aixioo
hamo_(dog),4,141,
hata_kenjirou,1,141,
hattori_masahiko,1,141,
herb,0,141,
hisama_kumako,1,141,
honda_tamanosuke,1,141,tamanosuke_honda
ice_(ice_aptx),1,141,
ijuuin_hokuto,4,141,
indigo_(arknights),4,141,
iyou,1,141,
izumi_(blue_archive),4,141,shishidou_izumi
jehyun,1,141,
jodhpurs,0,141,
kamekichi,4,141,
kanacho,1,141,
kanipanda,1,141,
kazami_youka_(yokochu),4,141,
kuga_yuuma,4,141,
kurenai_no_buta,3,141,porco_rosso
kusakabe_maron,4,141,
lambent_light,0,141,
lilica_felchenerow,4,141,
lumarianne20,1,141,
mach_caliber,4,141,
makidera_kaede,4,141,
mana_khemia_(series),3,141,
meguro_fukuzou,1,141,
meimei_(p&d),4,141,
meinya_(made_in_abyss),4,141,
metroid_fusion,3,141,
mettaton,4,141,
mikan-uji,1,141,
minami_seira,1,141,
miri_(tobira_no_mukou),1,141,
momoyama_mirai,4,141,
my_pet_tentacle_monster,1,141,
nagare_hyougo,1,141,
nanana_(chicken_union),1,141,
nancou_(nankou),1,141,
neck_pillow,0,141,
ninja_(ragnarok_online),4,141,
nora_cat,4,141,
nora_cat_channel,3,141,
oga_raito,1,141,
okiura,1,141,
ompf,1,141,
ontaros,1,141,
ooba_wakako,1,141,
oonaka_ito,1,141,ohnaka0515
parody_request,5,141,
picter,1,141,peter_(will100sss)
pinky_pop_hepburn,4,141,
pocari66,1,141,
rainbow_skirt,0,141,
red_tabard,0,141,
removing_pasties,0,141,
rocket_ship,0,141,rocketship
romancing_saga_3,3,141,
roonhee,1,141,
roulette,0,141,
sakai_hamachi,1,141,
saki_(hxaxcxk),1,141,
sakurai_yuuto_(shiromanta),4,141,
sameya,1,141,
sanada_yukimura_(sengoku_basara),4,141,
sanka_rea,4,141,
serin199,1,141,
shadow_(artist),1,141,
shinori,1,141,
shirt_behind_neck,0,141,shirt_around_neck
skirt_in_mouth,0,141,
someya_mako,4,141,
sonia_strumm_(mega_man),4,141,hibiki_misora
space_ishtar_(second_ascension)_(fate),4,141,
splat_bomb_(splatoon),0,141,
spongebob_squarepants_(character),4,141,
star_wars:_the_clone_wars,3,141,
suikamaru,1,141,suihimaru
suisa,1,141,
surcouf_(loisirs_balneaires)_(azur_lane),4,141,
suzumi_tamao,4,141,
takasugi_heppu,1,141,
togruta,0,141,
toshinoshin,1,141,asimatosinosin
ttanuu.,1,141,
tucana,1,141,
ueda_suzuho,4,141,
uiri-na,1,141,uiricchi
urim_(paintur),1,141,
ushimi_ichigo,4,141,
utsugi_kotoko,4,141,
uzuki_kou,4,141,
xiao_dianshi,4,141,
yellow_diamond_(houseki_no_kuni),4,141,
yokoyari_mengo,1,141,weda_(artist)
yug,1,141,
yun_lee,4,141,
yunoru,1,141,
z-move,0,141,
zero-theme,1,141,
zijou,1,141,
zooming_in,0,141,
abe_inori,1,140,
akashi_yuuna,4,140,
aoki_lapis,4,140,
aquila_(azur_lane),4,140,
arslan_senki,3,140,heroic_legend_of_arslan
azmaria_hendric,4,140,
azuma_minatsu,1,140,
black_bracelet,0,140,
blue_mittens,0,140,
breast_biting,0,140,boob_chomp
canadian_flag,0,140,
checkered_panties,0,140,
chobi_(penguin_paradise),1,140,
chobipero,1,140,
money,0,140,cash
crazy_raccoon,3,140,
dangling,0,140,
diana_(league_of_legends),4,140,
disembodied_eye,0,140,floating_eye
dusclops,4,140,
eclair_(kiddy_grade),4,140,
etotama,3,140,
faba_(pokemon),4,140,sauboo_(pokemon)
fur-trimmed_leotard,0,140,
g-self,4,140,
geneva_bowers,1,140,
gin_moku,1,140,
gym_leader_badge,0,140,
ham,0,140,
handplug,1,140,fullforceforward
hands_over_own_mouth,0,140,
heavyrain_(arknights),4,140,
heel-less_heels,0,140,
hinayuki_usa,1,140,
people,0,140,background_people
horse_dildo,0,140,
iltusa,1,140,
implied_rape,0,140,
insane_black_rock_shooter,4,140,
ishibori_eregomos,1,140,
kasuga_(sengoku_basara),4,140,
kemeko_deluxe,3,140,kemeko_dx
kimino_tomonari,1,140,
kirino_ranmaru_(mixi_max_jeanne_d'arc),0,140,
kodachi,0,140,
koizumo,1,140,
kojiki-life,1,140,
kumai_natsu,4,140,natsu_(kumamiko)
kyou_zip,1,140,
kyousougiga,3,140,kyousogiga
lyle_dylandy,4,140,
mash_kyrielight_(formal_dress),4,140,
mimi_(mimi_puru),1,140,mi_hitsuji
mismatched_earrings,0,140,asymmetrical_earrings
mitsuki_felicia,4,140,
momomeno_(7th_dragon),4,140,
nakatsukasa_tsubaki,4,140,
naked_dogeza,0,140,
nero_claudius_(bride)_(fate)_(cosplay),0,140,
ningen_mame,1,140,
orga,1,140,
oumi_neneha,1,140,royal_cotton
p_answer,1,140,
peg,1,140,
trapinch,4,140,
politoed,4,140,
prinz_eugen_(symphonic_fate)_(azur_lane),4,140,
pterosaur,0,140,"pteranodon,pterodactyl"
revolver_ocelot,4,140,
rimone,4,140,
rose_(tales),4,140,
saibashi,1,140,
saki_(blue_archive),4,140,sorai_saki
sasamashin,1,140,
savi_(byakushimc),1,140,chunsiyuem
seno_(senohime),1,140,miyo_(user_zdsp7735)
senshiya,1,140,
sentret,4,140,
sera_(serappi),1,140,
shihou_matsuri,4,140,
shikishi,0,140,
shingeki_no_bahamut:_genesis,3,140,
shizune_(naruto),4,140,
shoebill,0,140,
smile_(rz),1,140,
soranagi_yuki,1,140,
star_panties,0,140,
striped_bandeau,0,140,
stroma,1,140,
sugiura,1,140,
tatsumi_kon,4,140,
team7,0,140,
theater,0,140,
tomitake_jirou,4,140,tomitake_jiro
tomoeri,1,140,
truss,0,140,
tsukimoto_kizuki,1,140,
unfinished_background,0,140,
urayama_(backmountain),1,140,
vyolfers,1,140,
wolf_(league_of_legends),4,140,
wooden_bench,0,140,
wrapped_bento,0,140,wrapped_obentou
yamaada,1,140,
yamanobe_tomo,4,140,
yasaka_mahiro,4,140,
youkai_ankake,1,140,
yunomiya_agari,4,140,
yuzuyomogi,1,140,
zyra,4,140,
fanta,0,140,
aino_heart,4,139,
alina_(arknights),4,139,
anibache,1,139,
aoyashio_rin,1,139,
asa_(swallowtail),1,139,
az_toride,1,139,
barakamon,3,139,
bashamichi,3,139,
bear_hat,0,139,
belly_dancing,0,139,
boar_boy,0,139,
branded,0,139,
briska,1,139,
broken_bottle,0,139,
bruce_wayne,4,139,
butterfly_on_nose,0,139,
capybara_(kemono_friends),4,139,
castform,4,139,
castlevania:_symphony_of_the_night,3,139,
cecily_cambell,4,139,cecily_campbell
checkered_bowtie,0,139,
chopstick_rest,0,139,
cinia_pacifica,4,139,
cloyster,4,139,
combos_&_doodles,1,139,
contender_(girls'_frontline),4,139,contender_(girls_frontline)
cuddly_octopus,3,139,
digital_camouflage,0,139,"marpat,pixelated_camouflage"
dracule_mihawk,4,139,
envy_(fma),4,139,
ermine,0,139,
fake_box_art,0,139,
feint721,1,139,"feintheart,sunny721"
fenrir_(fenriluuu),1,139,
flaaffy,4,139,
frankenstein's_monster_(swimsuit_saber)_(second_ascension)_(fate),4,139,
frankie_foster,4,139,
freyjadour_falenas,4,139,
girly_running,0,139,
gunslinger_stratos,3,139,
hair_weapon,0,139,
hanamichi_ran,4,139,
harada_miyo,4,139,
hatsuko,1,139,
heart_lollipop,0,139,
hiding,0,139,
hiro_(dismaless),1,139,haku_(100301hiro)
honma_(honmatomohiro),1,139,
horse_mask,0,139,
howling,0,139,
humpback_whale,0,139,
igni_tion,1,139,
isa,1,139,
itsuki_sayaka,1,139,
itsuki_tasuku,1,139,
jin_rou,1,139,
kagari6496,1,139,
kamen_rider_agito,4,139,
kanzaki_aoi_(kimetsu_no_yaiba),4,139,
katsugeki/touken_ranbu,3,139,
kawanabe,1,139,
ke-ta_(style),0,139,
kirieppa,1,139,
kiriririn,1,139,
kittona,1,139,
kotorai,1,139,
kyoutsuugengo,1,139,
lemon_hair_ornament,0,139,
life_vest,0,139,life_jacket
maeda_risou,1,139,risoumaeda
mahou_shoujo_ikusei_keikaku_restart,3,139,
manarou,1,139,
marie_antoinette_(third_ascension)_(fate),4,139,
marvelous_sunday_(umamusume),4,139,
matsuno_chifuyu,4,139,
miko_machi,1,139,machily
mila_babicheva,4,139,
mofuringu,1,139,
monster_musume_no_oisha-san,3,139,monster_girl_doctor
muscle_car,0,139,
myoukou_pose,0,139,
nakabeni_yua,4,139,
nemone,4,139,
nidoran_(male),4,139,
nightea,1,139,
notes,0,139,
nr_(cmnrr),1,139,nr_(96.5)
nutkingcall,1,139,"gooberman_(kdk5011),peanutman"
nyaroon,1,139,
obmas,1,139,obmas_(pfeito)
oniku_(oishii_oniku),1,139,
oza_osuwari,1,139,
patipat_asavasena,1,139,asuka111
phara_suyuf,4,139,
pill_hair_ornament,0,139,
poipole,4,139,
poland_(hetalia),4,139,feliks_lukasiewicz
remoraid,4,139,
ronindude,1,139,
rx_boss,4,139,
saiki_yuzuri,1,139,hairi_(mncrgc_h)
senzaicha_kasukadoki,1,139,
shimada_minami,4,139,
shimofuri_kaeru,1,139,
shinjitsu_(true_ride),1,139,
shirayuki_(arknights),4,139,
shiromiso,1,139,
shishimai,0,139,
soul_hackers,3,139,
south_dakota_kai_(kancolle),4,139,
spring_(object),0,139,
star_butterfly,4,139,
striped_apron,0,139,
super_mario_rpg,3,139,
surge_(pokemon),4,139,
takanashi_kotori,4,139,
takeda_kanryuusai,1,139,kanryuusai_sensei
ten_(tenchan_man),1,139,"tenchan_man,ten_(m12uki17)"
tenzeru,1,139,
tirarizun,1,139,chillarism
tsuchifumazu,1,139,
tsuchimiya_kagura,4,139,
urako,1,139,velvelumpileuspil
walfie,1,139,kirbym
wataru_(zazazazazazawa),1,139,
woollen_cap,0,139,
xiaodi,1,139,
yashahime_(momotarou_densetsu),4,139,yasha
you_gonna_get_eaten,0,139,
yuugiri_(u-slash),1,139,
acchi_kocchi,3,138,
adomi,1,138,
amanagi_seiji,1,138,
anglerfish_costume,0,138,
annie_(skullgirls),4,138,
any_(trueblue),1,138,ani_(artist)
aqua_hoodie,0,138,
aruva,1,138,
asuka_ryou,4,138,
ayanakitori,1,138,
azelf,4,138,
balrog_(street_fighter),4,138,boxer_(street_fighter)
ban_hada,4,138,
banana_slice,0,138,
bashen_chenyue,1,138,
bikini_bottom_pull,0,138,
black_jack_(character),4,138,
bougu,0,138,kendo_armor
brown_thoroughbred_(kemono_friends),4,138,
buddhism,0,138,
bulges_touching,0,138,
calimero_(honey_come_chatka!!),4,138,
cecilia_schariac,4,138,
dhiea,1,138,
distress,0,138,
ebitetsu,4,138,
egypt,0,138,
etogami_kazuya,1,138,
fartooth_(arknights),4,138,justyna_(arknights)
faust_(arknights),4,138,
fii-tan_the_figure,3,138,akibajin
fishnet_socks,0,138,
fur-trimmed_vest,0,138,
future_card_buddyfight,3,138,
garterbelt_(psg),4,138,
gingami_(giluziru),1,138,
gradient_ribbon,0,138,
hakuleg,1,138,
hana_(fire_emblem),4,138,kazahana_(fire_emblem_if)
heart_hands_failure,0,138,heart_hand_thumb_up_duo
hermmy,1,138,
himematsu_school_uniform,0,138,
hinoru_saikusa,1,138,
hiya_gohan,1,138,
holding_coat,0,138,
holding_mushroom,0,138,
hoshara,1,138,
houshou_hanon,4,138,
ichifuji_nitaka,1,138,
implied_vibrator,0,138,
io_takuya,1,138,
ishida_to_asakura,3,138,ishida_&_asakura
kaitou_jeanne,4,138,
kakizaki_megu,4,138,
kamitsuki_manmaru,1,138,
kasumi_komo,1,138,
kemono_friends_pavilion,3,138,
kerykeion,4,138,
kida_kuro_mu,1,138,
kikimi,1,138,
kim_possible,4,138,kimberly_ann_possible
king_of_unlucky,1,138,
kirin_toroika,1,138,
koikishi_purely_kiss,3,138,
komatsuzaki_rui,1,138,gonjiji
koto_(colorcube),1,138,
kuase,1,138,
kumakichi_(cost-lost),1,138,
kuronezumi,1,138,
kyo-hei_(kyouhei),1,138,kk_aa_nn_ii
kyoko_(kunio-kun),4,138,
leilan_(p&d),4,138,leiran_(p&d)
light_in_heart,0,138,
loaf_of_bread,0,138,
luchador_mask,0,138,
lucia_(pangya),4,138,
megastructure,0,138,
misty_lake,0,138,
miton_(turuyasann),1,138,miton15
miyabi_(senran_kagura),4,138,
mizuno_keisuke,1,138,
mochida_arisa,4,138,
moonjunk,1,138,
moorina,1,138,
morina_nao,1,138,
motivator,0,138,
mr._koiwai,4,138,
nama_shirasu,1,138,
nekoyama,1,138,
noir,3,138,
ocha_(popopogg),1,138,
otoutogimi,1,138,
pectoral_lift,0,138,
pinky_to_mouth,0,138,
president_maa,4,138,
pug,0,138,
purple_feathers,0,138,
rapid_punches,0,138,
retsuna,1,138,
ritsu_(roboroboro),1,138,
robin_(dc),4,138,
rock_bison,4,138,
saigyouji_yuyuko_(cosplay),0,138,
sakuramarusan,1,138,
sand_cat_print,0,138,
shichouson,1,138,etafai
shiro_maru,1,138,
shiruko_(food),0,138,oshiruko_(food)
shuffle_(songdatiankong),1,138,
son_of_droid_(mechanical_buddy_universe),4,138,
songchuan_li,1,138,
sounan_desuka?,3,138,are_you_lost?
spiked_belt,0,138,
spiral_staircase,0,138,
sticky_fingers_(stand),4,138,
studded_gloves,0,138,
sudachips,1,138,
sugamo,1,138,
sugarbeat,1,138,
takeponi,1,138,
tanaka_the_wizard,3,138,
tanemura_arina,1,138,
tiktok,3,138,
tri,1,138,
unizou,1,138,
usa_b,1,138,
venomoth,4,138,
venus_blade,3,138,
water_wheel,0,138,watermill
watermelon_beachball,0,138,watermelon_beach_ball
wet_shorts,0,138,
xiho_(xi_ho_),1,138,xiho_(suna)
yamada_koutarou,1,138,
yamai_yuzuru,4,138,
yanagi_hirohiko,1,138,
yatsuhashi_kakera,1,138,vader_(n.r.t.a.)
yonema,1,138,
ys_viii_lacrimosa_of_dana,3,138,
yuki_hime_haruka,1,138,
zuikaku_(the_wind's_true_name)_(azur_lane),4,138,
ace_of_clubs,0,137,
alina_(girls_und_panzer),4,137,
alpha_pokemon,0,137,
amano_maya,4,137,
apple_bunny,0,137,
areola_piercing,0,137,
ariko_youichi,1,137,"ariko_yohichi,yohichi_ariko"
asuka_(junerabitts),1,137,
athena_(p&d),4,137,
athena_cykes,4,137,kizuki_kokone
battleship_summer_princess,4,137,battleship_summer_hime
beppu_mitsunaka,1,137,
bishi_(bishi),1,137,
blood_spray,0,137,
breath_of_fire_i,3,137,
bunny_background,0,137,
cancell,1,137,
chai_xianghua,4,137,xianghua
charlotte_(fire_emblem),4,137,charlotte_(fire_emblem_if)
cherry_tree,0,137,
chipp_zanuff,4,137,
cirima,1,137,
clima-tact,0,137,
commander_shepard,4,137,
cottonee,4,137,
courier_(arknights),4,137,
crotch_stomping,0,137,crotch_stomp
crusch_karsten,4,137,
cup_noodle,0,137,"cup_noodles,cup_ramen"
daniel_j._d'arby,4,137,
ema_skye,4,137,"houzuki_akane,houdzuki_akane"
emaciated,0,137,"anorexic,very_thin,scrawny"
fairey_swordfish,0,137,
firewatch_(arknights),4,137,
flipnote_studio_(medium),5,137,
fujimaru_ritsuka_(female)_(tropical_summer),4,137,
fujisaka_kimihiko,1,137,
fuu_fuu,1,137,
fuyuzuki_gato,1,137,
glowing_earrings,0,137,
hakano_shinshi,1,137,
hanna_england,4,137,hanna_(little_witch_academia)
hasekura_chiaki,1,137,
hitmontop,4,137,
ichikawa_ryuunosuke,1,137,
ikkitousen_dragon_destiny,3,137,
in_shopping_cart,0,137,
inia_sestina,4,137,
jeanne_d'arc_(azur_lane),4,137,
jikkyou_powerful_pro_yakyuu,3,137,power_pros
jyuru,1,137,221galahad
kagerou_(shadowmage),1,137,
nana_kagura,1,137,nanakagura
kamisama_ni_natta_hi,3,137,the_day_i_became_a_god
kangaskhan,4,137,
kanzaki_sumire,4,137,
karakari,1,137,
kariya_(mizore),1,137,
katoroku,1,137,
kay_yu,1,137,kaynimatic
kenix,1,137,
kibellin,1,137,
kishimen,1,137,
kowiru,1,137,
kurai_nao,1,137,"kurai_hisashi,jyohatsu_(pixiv2331060)"
langley1000,1,137,
lazulight,0,137,
lexaiduer,1,137,
mahjong_table,0,137,
manjirou_(manji_illust),1,137,john_manjirou_(love-love-happy21)
matsuda_yasuke,4,137,
mature_(kof),4,137,
maya_(azur_lane),4,137,
midorikawa_ryuuji,4,137,
miko_embrace,0,137,
mime_jr.,4,137,"mime_junior,mime_jr"
minami_(apricot_tea),1,137,minami_(pixiv320163)
miz_003,1,137,
mofumofu_channel,3,137,
mona_lisa,3,137,
monk_(sekaiju),4,137,
monobe_tsukuri,1,137,
morncolour,1,137,
mutsu_(azur_lane),4,137,
nattororo,1,137,ami_keinosuke
navy,0,137,
nazuka_(mikkamisaki),1,137,
neviril,4,137,
nishimi_shin,1,137,
osamu_yagi,1,137,"yagio,yagio-socho"
oversized_flower,0,137,oversized_flowers
paneled_background,0,137,
plaid_capelet,0,137,
pram_(phantom_kingdom),4,137,
puka_puka,0,137,
raiya_atelier,1,137,nikami31041
range_finder,0,137,
reina_(black_spider),1,137,black_spider_(artist)
reppuu_(kancolle),4,137,reppuu_(kantai_collection)
rizento,1,137,
saikyou_ginga_ultimate_zero_~battle_spirits~,3,137,
sajittari,1,137,shinon_(tokage_shuryou)
sally_(luna-arts),1,137,"sally_(yuki-menoko),luna-arts"
sasahiro,1,137,oshaban
sato_imo,1,137,
shiitake_taishi,1,137,
sibata_maru,1,137,mito_(mo96g)
stag_beetle,0,137,
swapnote,3,137,"nintendo_letter_box,itsu_no_ma_ni_koukan_nikki"
tombow_mono,3,137,
trevo_(trevoshere),1,137,"batemeuma,trevo"
trish_(devil_may_cry),4,137,
tsukamoto_kensuke,1,137,
twitch_plays_pokemon,3,137,
umamusume:_cinderella_gray,3,137,
vanillite,4,137,
videocassette,0,137,"video_cassette,vhs_cassette,vhs,video_tape,videotape"
warlock_(granblue_fantasy),4,137,
warrior_(final_fantasy),4,137,
wasp,0,137,hornet
white_dog,0,137,
window_fog,0,137,
yakult,0,137,
yamagami_karuta,4,137,
yamask,4,137,
yamuraiha,4,137,
yofukashi,1,137,yoru_fukashi
yuri_seo,4,137,
yuutarou_(fukiiincho),1,137,
zhuore_zhi_hen,1,137,hanshu
zihad,1,137,
akabane_youko,4,136,
archer_(pokemon),4,136,apollo_(pokemon)
aron,4,136,
ayakase_riberi,1,136,
ayatsuki_sugure,1,136,
bao_(vtuber),4,136,
beast,0,136,
blazblue:_cross_tag_battle,3,136,
bunny_ears_prank,0,136,"bunny_ears_gesture,v_(bunny_ears)"
cherry,0,136,cherries
cocoon_(loveririn),1,136,cocoon_(pixiv479260)
creat,1,136,
creepy_eyes,0,136,
cupless_bikini,0,136,
cyborg_009,3,136,
dacchi,1,136,
dark_jeanne,4,136,
demento,3,136,haunting_ground
donquixote_rocinante,4,136,corazon_(one_piece)
dragon_slayer_ornstein,4,136,
eguchi_sera,4,136,
ein_(cowboy_bebop),4,136,
energy_tank,0,136,"e_can,e_tank,e-can,e-tank"
era_(erasion),1,136,smh1069
exion_(neon),1,136,
faicha,1,136,
fang_(arknights),4,136,
fujisaka_lyric,1,136,
game_of_thrones,3,136,
gasp,0,136,
gastrodon,4,136,
georugu13,1,136,
gravure_swimsuit_(idolmaster),0,136,
gynoid_talk,3,136,
hanasaki_mahiru,1,136,
hanetu,1,136,tatuyayosi
harunoibuki,1,136,
harunori_oogami,1,136,
hiro_hiroki,1,136,
holstein_friesian_cattle_(kemono_friends),4,136,
i-la,1,136,
ikeda_masateru,1,136,
inon,1,136,
jet_black,4,136,
john_(nakoto),1,136,
kagerou_days_(vocaloid),3,136,
kagome_misaki,4,136,
kamen_rider_black_rx_(series),3,136,
kashiwaba_tomoe,4,136,
key_in_head,0,136,
kimura_shigetaka,1,136,kimura_tatsuki
kissing_nose,0,136,nose_kiss
kubo_tite,1,136,kubo_taito
leysritt_(fate),4,136,leysritt
macaw,0,136,
mami_(apsaras),1,136,
merxkialis,1,136,merukiarisu
mia_taylor,4,136,
mishiro_(andante),1,136,
mosaic,0,136,"pixel_censor,rough_censoring,mosaic_censor"
moth_antennae,0,136,moth_ears
mugen_gakuen_school_uniform,0,136,
nagato_yuki_(cosplay),0,136,
nami_makoto,1,136,
natsuki_yuu_(amemizu),1,136,
nemu_(nora),1,136,
nene_(sengoku_musou),4,136,
notora,1,136,
nuqura,1,136,
octopus_boy,0,136,
okazaki_takeshi,1,136,
oozon_(ozon),1,136,
otonari,1,136,
ox_(baallore),1,136,
pinsir,4,136,
piroshiki123,1,136,
plaid_pillow,0,136,
pochadon,1,136,
pokemon_ranger,3,136,
porco_galliard,4,136,
pushing_down,0,136,
raccoon_hood,0,136,
raisa_pottgen,4,136,raisa_pöttgen
rednian,1,136,
ryosuketarou,1,136,
sakenomi_(cookie),4,136,
sakura_tsubame,1,136,
sakurasawa_sumi,4,136,
sandshrew,4,136,
shinonoko,1,136,
shishidou_akiha,4,136,
shy_guy,4,136,
sonjow4,1,136,
souya_ichika,4,136,
stormtrooper,0,136,
sue_(grandia),4,136,
sugar_bowl,0,136,
summoner_(final_fantasy),4,136,
temari_rin,1,136,
tsubaki_tsubaru,1,136,
tsuki_suigetsu,1,136,
tsuzuri_(tu-san_house),1,136,
united_states_army,0,136,
ursus_empire_logo,0,136,
utx_school_uniform,0,136,
wendi_(nanoha),4,136,
white_jabot,0,136,
yukimaru217,1,136,
yume_kawaii,0,136,
a_hat_in_time,3,135,
absolute_duo,3,135,
aina_ardebit,4,135,
air_jordan_1,0,135,
akanesanzou,1,135,
alice_girls_shiny_heart,3,135,
altar,0,135,
amagi_shino,1,135,
amelie_planchard,4,135,
american_flag_pants,0,135,
aria_(sister_princess),4,135,
arm_pouch,0,135,
armored_aircraft_carrier_oni,4,135,
asagao_minoru,1,135,
asatani_tomoyo,1,135,mayachise
asususususu,1,135,asuka_free0115
azami_(kagerou_project),4,135,
azuma_lim,4,135,
barbie_(franchise),3,135,
batgirl,4,135,
bebinn,4,135,
beerus,4,135,
bren_lmg,0,135,
carry_me,0,135,pick_me_up
castanets,0,135,castanet
cd_player,0,135,
chainsword,0,135,
chaldea_logo,0,135,
cherico,1,135,
corona_timir,4,135,
cresselia,4,135,
cure_scarlet,4,135,
digdug006,1,135,
eldegoss,4,135,
feipin_zhanshi,1,135,"fptts1300,hirasawagitai"
feower_(granblue_fantasy),4,135,quatre_(granblue_fantasy)
finger_cots,0,135,finger_covers
following,0,135,
frogsnake,1,135,
fujita_(condor),1,135,
gallon,4,135,
ge_xi,1,135,
ghost_earrings,0,135,
ginzuki_ringo,1,135,
godzilla:_king_of_the_monsters,3,135,
haitekudasai_takamine-san,3,135,
harau,1,135,
haru_(tsuritama),4,135,
harumaki,1,135,
hase_neet,1,135,neet_(pixiv44860)
hiiro_(alchemy_stars),4,135,
holding_chalk,0,135,
holding_duster,0,135,
im_(badmasa),1,135,
imaishi_hiroyuki,1,135,
ink_stamp,0,135,
itsumizu,1,135,
jeto_(jetopyon),1,135,"m3u3,akiyoku,budjeto"
junny,1,135,
kaninn,1,135,
kawaraya_a-ta,1,135,kawaraya
kildir,1,135,yura_(botyurara)
kipi-san,4,135,
kiriyama,1,135,
kizaki_(volvox),1,135,
kohshibasaki,1,135,
koopa_troopa,4,135,
kozume_kenma,4,135,
ksvk_(girls'_frontline),4,135,ksvk_(girls_frontline)
kuroki_tsutomu,4,135,
kyle_broflovski,4,135,
la-na,1,135,
lactating_into_cup,0,135,
lavelis,1,135,
lead_white_(tsurunoka),4,135,
li_meiling,4,135,
locked_slide,0,135,
luca_truelywaath,4,135,luca_trulyworth
mad_max,3,135,
madaraki_fran,4,135,
mamyouda,1,135,
maruti_bitamin,1,135,
matty_(zuwzi),1,135,
meat_day,0,135,
mega_milk,0,135,
meimi_k,1,135,meimi
metal_crab_(arknights),4,135,
misawa_maho,4,135,
mix_(aquarion),4,135,
moketto,1,135,
nanonin,1,135,
naop_(anything),1,135,
natsuk,1,135,
noumin,1,135,
nvl,1,135,
nyanmilla,1,135,
ofuda_on_nipples,0,135,
on_banana,0,135,girl_on_banana
oomori_(kswmr),1,135,
orochimaru_(naruto),4,135,
otter_girl,0,135,
pain-lucky777,1,135,
palmon,4,135,
panda_tail,0,135,
pauline_(mario),4,135,
pentagon_(shape),0,135,
pic_postcard,1,135,
piggy_bank,0,135,
pixel_(yuxian),1,135,
pixiv_fantasia_revenge_of_the_darkness,3,135,
pocketland,3,135,
potaaju,1,135,
qunqing,1,135,
rampart_(apex_legends),4,135,
reverse_footjob,0,135,
rin_(blue_archive),4,135,nanagami_rin
rugo,1,135,
runa_(artist),1,135,
safety_razor,0,135,
sakuragi_kei,1,135,
santana_(jojo),4,135,
saryuu_(iriomote),1,135,yes_warabi
sasaki_fuuka,4,135,fuuka_(watamote)
satsuki_(miicat),1,135,
serah_farron,4,135,
shiromochi_sakura,1,135,shiramochi
small_stellated_dodecahedron,0,135,
smite,3,135,
sturmgeschutz_iii,0,135,
switzerland_(hetalia),4,135,basch_zwingli
taiga_takeru,4,135,
the_king_of_fighters_'97,3,135,king_of_fighters_97
theta_(ponkotsu_works),1,135,
ukumo_uichi,1,135,uichi
ultraviolet_light,0,135,"blacklight,uv_light"
viper_(valorant),4,135,
waist_brooch,0,135,
white_gakuran,0,135,
wing_censor,0,135,censor_wings
xiaosamiao,1,135,
xiaosan_ye,1,135,
yamamoto_akira,4,135,
yamane_akira,1,135,xefy
yamaneko_(tkdrumsco),1,135,
yari,0,135,
yon_(letter),1,135,
yoshimon,1,135,
yuuki_sonisuke,1,135,
yveltal,4,135,
zattape,1,135,
ame-san,1,134,
anetai_toyone,4,134,
animal-themed_umbrella,0,134,animal_themed_umbrella
anna_williams,4,134,
annie_mei_project,3,134,
apron_pull,0,134,
bayonetta_3,3,134,
benimura_karu,1,134,
bibi_(love_live!),0,134,
borderlands_2,3,134,
buchikaki,1,134,
c_(neta),1,134,
cardboard_box_gundam,4,134,
comiket_96,3,134,
dewprism,3,134,threads_of_fate
digivice,0,134,
dolechan,1,134,dole_(lo628)
drake_(azur_lane),4,134,
elysium_(arknights),4,134,
enterprise_(warship_girls_r),4,134,
epic_armageddon,1,134,
erebus_(azur_lane),4,134,
eria_the_water_charmer,4,134,
ethel_(xenoblade),4,134,
exeggutor,4,134,
exhaust_pipe,0,134,
fei_fakkuma,4,134,
festa11307070,1,134,
fiz_(fizintine),4,134,
floating_castle,0,134,
from_argonavis,3,134,argonavis_from_bang_dream!
fujirin,1,134,
fuju,1,134,
fuutou_shizune,4,134,
fuyuichi,1,134,
genryuusai_maki,4,134,
golbeza,4,134,
guilty_gear_2,3,134,
haiyi,4,134,
hamahama,1,134,hhama
hidan_(naruto),4,134,
hiro_yoshinaka,1,134,yosinaka_hiro
hiyo_kiki,1,134,
honeypot,0,134,
houlen_yabusame,4,134,houren_yabusame
hu_sea,1,134,
hyonee,1,134,
ichiryuu_tsumiki,1,134,
ikeda_yasuhiro,1,134,yasuhiro_ikeda
ina_zuma,1,134,
inner_moka,4,134,
inyuppo,1,134,
irisviel_von_einzbern_(caster),4,134,
ishida_umi,1,134,"ishita_umi,u_(uminonaka000)"
itou_hachi,1,134,
jonya,1,134,
joukamachi_no_dandelion,3,134,castle_town_dandelion
justice_league,3,134,
kabayaki_namazu,1,134,
kanopan,1,134,hirotan_insitao
kayanogura,1,134,
kazuhira_miller,4,134,
kerorokjy,1,134,
kohanayuki,1,134,
korisei,1,134,
kosuke_haruhito,1,134,
kotteri,1,134,
koubou_(cowbow_kun),1,134,
kurage1,1,134,u0709
kurahana_chinatsu,1,134,
kuroda_(nanchara_flight),1,134,96rwby
kuroimori,1,134,
larvitar,4,134,
leavanny,4,134,
li_xingke,4,134,
lie_ren,4,134,
lillipup,4,134,
lwmmg_(girls'_frontline),4,134,lwmmg_(girls_frontline)
mecha,0,134,mech
maetel,4,134,
magical_halloween,3,134,
mandragora,0,134,
mao_(darker_than_black),4,134,
matsumoto_yoriko,4,134,
megami_magazine_deluxe,3,134,megami_deluxe
mg34,0,134,
minahoshi_taichi,1,134,
mishiro_shinza,1,134,
mizushima_asa,4,134,
morinaga_kobato,1,134,
namusanbou,0,134,
nigelungdayo,1,134,
nisetanaka,1,134,
nyatrix,1,134,
nyazui,1,134,
oomasa_teikoku,1,134,
oosaki_minato,4,134,
orga_itsuka,4,134,
overpass,0,134,
pajamas_challenge_(meme),0,134,t-shirt_challenge
paladin_(sekaiju),4,134,protector_(sekaiju)
pandora_(p&d),4,134,
paralyzer,0,134,
patamon,4,134,
pawn_(dragon's_dogma),4,134,
pemu,1,134,
pinstripe_skirt,0,134,
polka_dot_shorts,0,134,
polygamy,0,134,
purah,4,134,
r_daneel_olivaw,4,134,
reminiscence,3,134,
reunion_soldier_(arknights),4,134,
rezodwel,1,134,
rogue_(ragnarok_online),4,134,
sakura_ichiko,4,134,
sakuraba_aoi,4,134,
samsara_(shuukeura),1,134,
senpai-san_(douki-chan),4,134,okuzumi_maiko
shapoco,1,134,syego
shinma_x_keishou!_ragnabreak,3,134,
shiromikan,1,134,nagisa3710
sims_(azur_lane),4,134,
solomon_(fate),4,134,solomon_(fate/grand_order)
sonya_(fire_emblem),4,134,
sophie_(toast_of_the_town)_(tales),4,134,
spencer_sais,1,134,
squirting_liquid,0,134,
takamine_takane,4,134,
takanashi_touka,4,134,takanashi_tooka
takurowo,1,134,takuroo
tamura_yukari,4,134,
the_promised_time:_silks_&_three_riddles_(umamusume),0,134,
tropical_fish,0,134,
tsuchinoko,0,134,
tsukimi_(xiaohuasan),1,134,xiaohuasan
uchisaki_himari,1,134,himari-san_yanaika
ukai_saki,1,134,
unlovely_(happinesscharge_precure!),4,134,
winda_priestess_of_gusto,4,134,
wuwusan,1,134,
xian_jian_qi_xia_zhuan_(series),3,134,
yamashiro_(summer_offensive?)_(azur_lane),4,134,
yamato_damashi,1,134,
yellow_tongue,0,134,
yizhirenben,1,134,shoutai_(7490773)
yukihiro_ayaka,4,134,
yukinoshita_haruno,4,134,
yurizaki_mira,4,134,
zombie-andy,1,134,
abra,4,133,
airplane_wing,0,133,
akira_miku_ver,1,133,
akuno_hideo,4,133,
anchorage_oni,4,133,
ankh_necklace,0,133,
arakure,1,133,
aramaru,1,133,shikoomaru
asakura_noi,1,133,
aya_(lezon),1,133,yaye
aya_roushi,1,133,
balancing_on_head,0,133,
barawa,4,133,
blanche_(pokemon),4,133,
call_of_duty:_modern_warfare_2,3,133,
cargo_net,0,133,
char's_counterattack_-_beltorchika's_children,3,133,
chi-hatan_(emblem),0,133,
chitetan,1,133,
cure_custard,4,133,
darkest_dungeon,3,133,
din_(flypaper),1,133,
doughnut_innertube,0,133,
ek_masato,1,133,
eriyama_e,1,133,eriyama_(user_csua4255)
esaka,1,133,
faiz_azhar,1,133,
fare_gate,0,133,
final_fantasy_xiii-2,3,133,"/ff13-2,ff13-2"
firis_mistlud,4,133,
foreign_blue,1,133,
fujimaru_ritsuka_(female)_(chaldea_combat_uniform),4,133,
fumei_(mugendai),1,133,napalm_zero
funitarefu,1,133,
game_boy_color,0,133,gameboy_color
girl_with_a_blonde_braid_(tomoshibi_hidekazu),4,133,
turnaround,0,133,
gouf,4,133,
gozu_farm,1,133,
green_apple,0,133,
hara_shoutarou,1,133,
hibiscus_print,0,133,
hilt,0,133,
hino_hino,1,133,
hinoe_(dd_works),1,133,
hizuki_aya,1,133,hizuki_mai
hoimi_slime,4,133,
holding_stomach,0,133,
holding_wallet,0,133,
hongbaise_raw,1,133,
honoka_chiffon,1,133,honoka_(1399871)
hot_limit,0,133,
hunterkay,1,133,
hyoudou_michiru,4,133,
ichinose_tokiya,4,133,
incise_soul,3,133,
itou_ryuusei,1,133,
izumi_masamune,4,133,
izuru_(timbermetal),1,133,
jazztaki,1,133,
jekyll_and_hyde_(fate),4,133,
jellicent,4,133,
john_doe_shinobu,1,133,
juni_(street_fighter),4,133,
kahadu_(kawazu),1,133,kawazu
kama_(swimsuit_avenger)_(second_ascension)_(fate),4,133,
kamiki_sekai,4,133,
kataokasan,1,133,
kazuchi,1,133,
kincora,1,133,kinven
kirby_super_star,3,133,
kobayakawa_sena,4,133,
kosai_takayuki,1,133,torakozabu
ktsecond,1,133,kt2
kuon_yashiro,1,133,
ky.,1,133,
lethe_(fire_emblem),4,133,
lucina_(spring)_(fire_emblem),4,133,
maenchu,1,133,
manuela_casagranda,4,133,manuela_(fire_emblem)
mark_gavatino,1,133,
mato_spectoru,1,133,
matsuno_canel,1,133,
matsuura_nanase,4,133,nanase_matsuura
mega_man_11,3,133,rockman_11
midorino_eni,1,133,
minamiya_mia,1,133,mia526
minyom,1,133,
miyamae_porin,1,133,
mizuno,3,133,
momoe_maria,4,133,
mugen_ouka,1,133,
muzzle_brake,0,133,
nagara_(azur_lane),4,133,
nanakusa_amane,1,133,
nanjou_asuka,1,133,
narae,1,133,
natsukawa_sarasa,1,133,
neckwear_request,5,133,neckwear
nut_(hardware),0,133,nuts_(hardware)
nyakelap,1,133,
object_in_panties,0,133,
orange_bandana,0,133,
othel_(hatimorris),1,133,"ooseru,orser,hatimorris,othel,fong_(gychuchu)"
ouran_high_school_uniform,0,133,
panzuban,1,133,
peroncho,1,133,
pnatsu,1,133,
poliwhirl,4,133,
pretty_rhythm_aurora_dream,3,133,
priest_(dungeon_and_fighter),4,133,
rai_(sakuranbo_sugar),1,133,ra_i
raru_(nanaharararu),1,133,
ribero,1,133,
rumia_tingel,4,133,
rynzfrancis,1,133,
sara_valestein,4,133,
sasakuma_kyouta,1,133,
sasanon_(sasapoliton),1,133,
shiburingaru,1,133,
shindou_kei_(ef),4,133,
shiva_(final_fantasy),4,133,
shopyun,1,133,
spray,0,133,
starheart,1,133,
suda_ayaka,1,133,
surumeri_(baneiro),1,133,
taka-kun,1,133,
taka_(taka_wo_kukuru),1,133,
takahara_ayumi,4,133,
takamori_haruka,4,133,
takanaga_kouhei,1,133,
tanuki_yousuke,1,133,
tear_ring_saga,3,133,
tenseiani,1,133,
too_many_chicks,0,133,
toriseru_(thesuperhero),1,133,
torotei,1,133,
tousaki_umiko,1,133,
tsuki_ni_yorisou_otome_no_sahou,3,133,
umesato_middle_school_uniform,0,133,
wakamatsu_hirotaka,4,133,
watchmen,3,133,
yappa_muri,1,133,
yoshikawa_hideaki,1,133,
you_can_eat_the_girl,3,133,
yupiteru,1,133,
yuyi,1,133,
zakirsiz,1,133,
zenyatta_(overwatch),4,133,tekhartha_zenyatta
zigzagoon,4,133,
zunta,1,133,
admiral_graf_spee_(peaceful_daily_life)_(azur_lane),4,132,
ahagon_umiko,4,132,
alia's_carnival!,3,132,
arata_iri,1,132,tairi
archlich,1,132,
arnold-s,1,132,arnold_scarlet
bend,0,132,
blender,0,132,
bookstore,0,132,
talking_on_phone,0,132,on_phone
title,0,132,
card_holster,0,132,
carl_clover,4,132,
castlevania:_order_of_ecclesia,3,132,
censored_gesture,0,132,censored_finger
checkered_ribbon,0,132,
cheryl_(pokemon),4,132,momi_(pokemon)
chiachun0621,1,132,
chicke_iii,1,132,
comic_tenma,3,132,
custom_maid_3d_2,5,132,
deilan12,1,132,
dogpile,0,132,pile-up
dynamax,0,132,
edward_geraldine,4,132,"edge_(ff4),edge_(ffiv)"
elephant_ears,0,132,
enraku_tsubakura,4,132,
ezaki_papiko,1,132,
faust_(guilty_gear),4,132,
fraux,4,132,
frilled_footwear,0,132,
fuurinkan_high_school_uniform,0,132,furinkan_high_school_uniform
gramophone_miku,4,132,
gu_luco,1,132,
haccan,1,132,
himekawa_(shashaki),4,132,
houdukixx,1,132,
ibaraki_kasen_(cosplay),0,132,
improvised_umbrella,0,132,
ittoki_otoya,4,132,
izanami_(persona),4,132,
jurassic_park,3,132,
kaimuari,1,132,k_(artist)
kakifly,1,132,
kamiki_izumo,4,132,
kanameya,1,132,
kanokoga,1,132,
karen_(sister_princess),4,132,
katoryu_gotoku,1,132,
killer_t_(hataraku_saibou),4,132,
kim_kwang_hyun,1,132,
kirino_souya,1,132,
kisei2,1,132,
kiseijuu,3,132,parasyte
koza_game,1,132,
kujaku_mai,4,132,mai_valentine
kurkoboltsi,1,132,vitaminc_(corkscrewcross)
kurohara_yuu,1,132,un_tabetarou
le_malin_(mercredi_at_the_secret_base)_(azur_lane),4,132,le_malin_(wednesday's_retreat)_(azur_lane)
lrl_(last_origin),4,132,lrl
machine_(nier),4,132,
maki_ikazuya,1,132,bakemonogatari1
maruzensky_(blasting_off_summer_night)_(umamusume),4,132,
meal,0,132,
merry_(diameri),1,132,
milk_churn,0,132,milk_can
misaka_kaori,4,132,
miyu_(matsunohara),1,132,matunoha
mizukami_ryouma,1,132,
multiple_necklaces,0,132,
murasame_(senren),4,132,
nachi_kai_ni_(kancolle),4,132,
noblesse_(elsword),4,132,
ochiai_miyabi,1,132,
okajima_rokuro,4,132,
okamura_nao,4,132,
orel_cruise,0,132,
pedestal,0,132,
pink_seito,1,132,
pixiv_fantasia_2,3,132,
ponpon_(tosico),1,132,
portuguese_text,0,132,portuguese
project.c.k.,1,132,
purple_pajamas,0,132,
raidon,1,132,
ralsei,4,132,
robina,1,132,
rose_neru,1,132,
saint_tail,4,132,
satsuma_age,1,132,
sawaya_(mizukazu),1,132,
scary_sex,0,132,
sebu_illust,1,132,sebuillust
serving,0,132,
shanoa,4,132,
shindol,1,132,"shindou_l,shindoul,shindou_eru,da_hootch"
shino_hajime,4,132,
shiraori,4,132,
sidarim,1,132,
siddham,0,132,
single-shoulder_shirt,0,132,
snowflake_ornament,0,132,
star_balloon,0,132,
sticky_(stickysheep),1,132,
sunkern,4,132,
suzuki_rion,4,132,
tamade_chiyu,4,132,chu2_(bang_dream!)
tamamo_(mon-musu_quest!),4,132,
taruhi,1,132,
tashkent_(the_bound_cruiser)_(azur_lane),4,132,
tatata,1,132,roripo
thigh_bow,0,132,
timeskip,0,132,
transparent_border,0,132,
tribadism_through_clothes,0,132,tribadism_through_clothing
turbulence,1,132,
uchiuchi_keyaki,1,132,
ueauwa,1,132,unchibuli
unibrow,0,132,monobrow
venus_flytrap,0,132,
vhs_artifacts,0,132,
weno's_blonde_original_character,4,132,
xiao_chichi,1,132,
xiaomu,4,132,
yamaha_tsui,1,132,sanba_tsui
yamashiro_kai_ni_(kancolle),4,132,
yomikawa_aiho,4,132,
yorra_villeneuve,4,132,
yutarou,1,132,
zabel_zarock,4,132,
paper_cutout,0,132,paper_cut-out
abaratani_kurou,1,131,deadcrow
admiral_graf_spee_(girl's_sunday)_(azur_lane),4,131,admiral_graf_spee_(maiden's_sunday)_(azur_lane)
afterglow_(bang_dream!),0,131,
against_table,0,131,
aliceblue,1,131,
amasaki_yusuke,1,131,wa-kun
anbutter_siruko,1,131,
arrow_(jojo),0,131,stand_arrow
ashino,1,131,
atom,0,131,
avery_(pokemon),4,131,
bayleef,4,131,
berukko,1,131,pokoruru
black_cat_(series),3,131,
bojji,4,131,
bondson,1,131,
cheetah_(kemono_friends),4,131,
chihiro_(blue_archive),4,131,kagami_chihiro_(blue_archive)
chiimako,1,131,
cleft_chin,0,131,
cocked_hammer,0,131,
comic_megastore,3,131,
death_flag,0,131,
detective_pikachu_(character),4,131,
devilukez,1,131,nack_star
dizi930,1,131,chidaoyuehui
doumou,1,131,
dynamo_roller_(splatoon),0,131,
edomae_lunar,4,131,"edomae_luna,edomae_runa"
elbowing,0,131,
elsevilla,1,131,"hector_enrique_sevilla_lujan,hector_sevilla_lujan"
emelie_(cyancapsule),4,131,
eyes_of_grima,0,131,
ferrari,0,131,
fionn_mac_cumhaill_(fate/grand_order),4,131,
flamel_symbol,0,131,
fujioka,4,131,
fukujima_kiwi,1,131,tohoku_kiwi
funakura,1,131,
giryu,1,131,
gram_9,1,131,"gramstorage,guramu_kyuu-ban"
graviton_beam_emitter,0,131,
hashiri_nio,4,131,
hayase_misa,4,131,lisa_hayes
hibiki_mio,1,131,
hijouguti,1,131,
himedanshi,0,131,
hiryuu_kai_ni_(kancolle),4,131,
holding_bow_(ornament),0,131,
hoyon,1,131,
ichidai_taisa,1,131,1dtsa
ichikawa_kyoutarou,4,131,
ikuya_koimori,1,131,
ilya_kuvshinov_(style),0,131,
inoue_seita,1,131,
inubouzaki_itsuki,4,131,
irono_(irtyu),1,131,"irono_yoita,tyanpon"
itsumi_(itumiyuo),1,131,
ja'far_(magi),4,131,
justin_leyva_(steamy_tomato),1,131,
kamen_rider_gaim,4,131,
kasuga_souichi,1,131,midori_kouichi
kawanuma_uotsuri,1,131,
kawasaki_tadataka,1,131,
kiryuu_michiru,4,131,
kogasa-san's_father,4,131,
kongari_tokei,1,131,
kou_futoshi,1,131,ausna870113
krenz,1,131,cushart
kubota_masaki,1,131,
kufei,4,131,ku_fei
kujou_kazuya,4,131,
kz_nagomiya,1,131,
lace_collar,0,131,
laevatein_(fire_emblem),4,131,laevateinn_(fire_emblem_heroes)
lobo_(fate),4,131,lobo_(fate/grand_order)
luna_(reclaimed_land),1,131,
maria_(fire_emblem),4,131,
martha_(swimsuit_ruler)_(first_ascension)_(fate),4,131,
masaki_(celesta),1,131,
matou_byakuya,4,131,
matsusaka_gyuu,1,131,matsusaka_ushi
mejiro_haruhiko,4,131,
miemia,1,131,
mizuno_sao,1,131,mizuno_(suisuiw)
mocha_(naturefour),1,131,
moko_(moko/moko),1,131,
music_s.t.a.r.t!!,0,131,
n-mix,1,131,
na_kyo,1,131,
natsuki_(gedo),1,131,gedoo_(gedo)
nestkeeper,1,131,
neyuki_rei,1,131,
ngayope,1,131,
o-ring_dress,0,131,
oinari-sama_(kemono_friends),4,131,
ominous_shadow,0,131,
onimaru_gonpei,1,131,
orimiya_mai,1,131,puriori-soft
otomeza_ryuseigun,1,131,
paru_paru,0,131,
persian,4,131,
ponta_(velmar),1,131,"ponta_ar,pnt_(ddnu4555)"
potekite,1,131,
potemayo,3,131,
prehistoric_animal,0,131,
prisma_illya_(cosplay),0,131,
prophecy_(rakuichimonji),1,131,
pump_(pumpqmuq),1,131,pump_(artist)
q_(control),4,131,q_(c)
raigou,1,131,
rance_10,3,131,
rapeseed_blossoms,0,131,
rio_wezley,4,131,
sanuki_(kyoudashya),1,131,
sawai_natsuha,4,131,
saya_(blue_archive),4,131,yakushi_saya
sekishiro_mico,4,131,
sequins,0,131,
shaft,3,131,
shibakame,1,131,
shikniful,1,131,
shin_megami_tensei_iv,3,131,
shizuka_joestar,4,131,
slowbro,4,131,
sprue,0,131,
stuffed_dragon,0,131,
suou_amane,4,131,
tabuchi_(tabuchisanchi),1,131,
tacco_(tikeworld),1,131,tikeworld
taira_yuuki,1,131,
takenoko_no_sato_(food),0,131,
takigawa_yuu,1,131,
talim,4,131,
tenkuu_no_escaflowne,3,131,"the_vision_of_escaflowne,escaflowne_of_the_heavens,vision_of_escaflowne"
the_hunchback_of_notre_dame,3,131,
tom_nook_(animal_crossing),4,131,"tanukichi_(doubutsu_no_mori),tom_nook"
tomiwo,1,131,
tongue_tattoo,0,131,
towel_on_one_shoulder,0,131,
vatista,4,131,
violetshit,1,131,dansa
yourfreakyneighbourh,1,131,
youshu_ohepe,1,131,youshuu_ohepe
7_calpis_7,1,130,
a-soul,3,130,
aikawa_chiho,4,130,
aiko_(renkin_san-kyuu_magical_pokaan),4,130,
alcremie_(vanilla_cream),4,130,
amitie_(puyopuyo),4,130,
anchor_hat_ornament,0,130,
aohane,1,130,
appleq,1,130,
arablue,1,130,
archer_(disgaea),4,130,
armored_core:_for_answer,3,130,
asterozoa,1,130,
baselard,4,130,
cap'n_cuttlefish,4,130,commander_atarime
caucasian,0,130,
caustic_(apex_legends),4,130,
combee,4,130,
comiket_93,3,130,
conto,1,130,"contos,conto_(deleted),talez01"
crying_aqua_(meme),0,130,
day_and_night,0,130,
denden,1,130,
denonbu,3,130,
dolri,1,130,
ehart,1,130,
embroidered_bra,0,130,
familiar_(madoka_magica),0,130,
floating_screen,0,130,
freyja_(fire_emblem),4,130,
frilled_babydoll,0,130,
fu_hua_(shadow_knight),4,130,
glass_teapot,0,130,
hotpot,0,130,
gond,1,130,
guvava,4,130,
hachikuji,1,130,
hagetapo,1,130,
he-class_light_cruiser,4,130,
holding_skateboard,0,130,
holding_trident,0,130,
ichi-jirushi,1,130,
isla_(plastic_memories),4,130,
iwanori,1,130,
javelin_(spear),0,130,
joman,1,130,
kaede_(blue_archive),4,130,isami_kaede
turtwig,4,130,
kakaon,1,130,kuroyui
kaleina_(ricegnat),4,130,
scythe,0,130,
karin_bluez3,1,130,
katsushika_hokusai_(third_ascension)_(fate),4,130,
keshin_(inazuma_eleven),0,130,
kitazawa_(embers),1,130,
kono_yuusha_ga_ore_tueee_kuse_ni_shinchou_sugiru,3,130,cautious_hero
konohana_lucia,4,130,
koshimizu_ami,4,130,
kouenji_sayuka,4,130,
kurarin,1,130,
kuri_choko,1,130,
kurowa_(curowa),1,130,
lafiel,4,130,
maria_campbell,4,130,
maruku,1,130,
melissabelle,4,130,
menea,1,130,
mpien,1,130,
multicolored_buttons,0,130,
mushiking,3,130,
nemophila_(flower),0,130,
nikka_(cryptomeria),1,130,
nito_(nshtntr),1,130,
noire_(fire_emblem),4,130,
ochazuke,1,130,
oohoshi_awai,4,130,shiraitodai_taishou
paul_bunyan_(third_ascension)_(fate),4,130,
pie_slice,0,130,slice_of_pie
pineapple_slice,0,130,
pipidan,1,130,pp_bullet
plachta,4,130,
poko_chin,1,130,
puti_devil,1,130,
reihou19,1,130,
roang,1,130,
rourou_ill,1,130,
rumoon,1,130,"cocoamix,rumoon_cocoa"
ryuno,1,130,
sakaki_shizuka,4,130,
sakofu,1,130,
samurai_(final_fantasy),4,130,
sana!rpg,1,130,
sayousuke,1,130,
seseren,1,130,
shadow_(shadows_house),0,130,
shinjou_hinaki,4,130,
shinmon_akika,1,130,"irebun,s_mika2000"
shirosu,1,130,
shisshou_senkoku,1,130,
slav_squatting,0,130,"yankee_squatting,delinquent_squatting"
sun-3,1,130,
super_orion_(fate),4,130,orion_(super_archer)_(fate)
superhero_landing,0,130,"hero_landing,three-point_landing"
sweater_removed,0,130,
takatsu_keita,1,130,takatsu
take_(draghignazzo),1,130,
tenzou_crossunite,4,130,
terror_(azur_lane),4,130,
togetic,4,130,
tokyo_ravens,3,130,
too_many_rabbits,0,130,too_many_bunnies
tribute_(tributism),1,130,
twilight_(go!_princess_precure),4,130,
ukan_muri,1,130,crombaster
watanabe_kanako,4,130,
whismur,4,130,
yotsuboshi-imai,1,130,
zepar,4,130,
aang,4,129,
agatsuma_kaede,4,129,
akatsuki_hiro,1,129,
teruki_kuma,1,129,
amemiya_sekira,4,129,
barbatos_(genshin_impact),4,129,
bedside,0,129,
beige_scarf,0,129,
berserker_(granblue_fantasy),4,129,
beru,1,129,
billy_herrington,4,129,
bouncing_hair,0,129,
caiman_(dorohedoro),4,129,kaiman_(dorohedoro)
can_to_cheek,0,129,
capybara-san,4,129,kapibarasan
chihuahua,0,129,
chimachi,1,129,
chisato_(missing_park),1,129,
christmas_tree_costume,0,129,christmas_tree_(cosplay)
cocoa_(cafe-hotcocoa),1,129,
courtroom,0,129,
daisi_gi,1,129,
diola_(granblue_fantasy),4,129,
electrodes,0,129,electrode_(object)
emden_(azur_lane),4,129,
etou_kanami,4,129,
exercise_machine,0,129,
foot_massage,0,129,
fred04142,1,129,wind7626
furfrou,4,129,
yakuza,0,129,
genshi,1,129,
gyosone,1,129,
h2o_footprints_in_the_sand,3,129,
hack_(apex_legends),4,129,
hanada_kirame,4,129,
harino646,1,129,amefurasy
haruna_(kore_wa_zombie_desu_ka?),4,129,
hayashio_(kancolle),4,129,
heiyan_shenshi,1,129,
hentai_kamen,3,129,
hinata_yuu_(atelierhinata),1,129,
holding_finger,0,129,
hun,1,129,
inkblot,0,129,
inui_nagi,1,129,
inumoto,1,129,dokurozousui_moriko
irokari,1,129,
iseya_shiki,4,129,
jilpoong17,1,129,leymei
joey_jones,4,129,joseph_carter_jones
jubei_(blazblue),4,129,
kagami_toufu,1,129,
kagehito,1,129,
kaneda_shoutarou,4,129,
kasuga_yuuki,1,129,
katase_minami,1,129,
kobayashi_yoshitaka,1,129,kobayashi_youkoh
koguma_(super_cub),4,129,
kouba,1,129,
kukimaru,1,129,kukimmaru666
kumano_kai_ni_(kancolle),4,129,
kumaori_jun,1,129,jun_(ayafuya)
kuroda_kunika,4,129,
kurofude_anna,1,129,kurofude_anastasia
kyoku_tou,1,129,
lan_mao_akko,1,129,
leonardo_watch,4,129,
lunch_(lunchicken),1,129,
maki_(blue_archive),4,129,konuri_maki
makun_dx,1,129,
mall,0,129,
manectric,4,129,
marley_military_uniform,0,129,
meshimase_idol,3,129,"idols_galore!,meshi_mase_idol"
mikuni_mizuki,1,129,
mochimochi_(xseynao),1,129,
moe2016,0,129,
moriya_suwako_(cosplay),0,129,
muku_(apupop),1,129,
multicolored_cloak,0,129,
mumumu_(road),1,129,
natsu_narumi,1,129,
nephthys2356,1,129,
nobamo_pieruda,1,129,
oerba_yun_fang,4,129,
padded_jacket,0,129,
palette_knife,0,129,
pie_in_face,0,129,cake_in_face
pizza_delivery,0,129,
plains_zebra_(kemono_friends),4,129,
portal_2,3,129,
pushcart,0,129,
qiongsheng,1,129,
re:zero_kara_hajimeru_isekai_seikatsu:_lost_in_memories,3,129,
reala_(tales),4,129,
regigigas,4,129,
rock_howard,4,129,
rodney_(melagal),1,129,
romero_(zombie_land_saga),4,129,
sabakuomoto,1,129,
sajou_ayaka,4,129,
sakai_eri_(illustratoreri),1,129,euphie_vt
sakamuke,1,129,
satou_aji,1,129,
seiken_gakuin_no_maken_tsukai,3,129,the_demon_sword_master_of_excalibur_academy
self-mutilation,0,129,
shamisen_(syami_sen),1,129,koji_k
sharpffffff,1,129,
shibata_masahiro,1,129,erika_kyoukousha
shimizu_pem,1,129,saodake
shiozaki_yuji,1,129,
simulated_facial,0,129,suggestive_fluid_on_face
sleeves_rolled_up,0,129,"sleeves_folded_up,folded_sleeves,sleeves_rolled,rolled_sleeves,rolled-up_sleeves,rolled_up_sleeves"
snowflakes,0,129,snowflake
sorono,1,129,
taniguchi,4,129,
teitan_high_school_uniform,0,129,
tenhiro_naoto,1,129,naoto_tenhiro
terra_battle,3,129,
the_children,0,129,
the_great_ace_attorney:_adventures,3,129,
tony_kuusisto,1,129,pencils_(artist)
toriny,1,129,
torn_sweater,0,129,ripped_sweater
uhyoko,1,129,
working,0,129,
xiangtu,1,129,"li_(liras),hakoniwa_shoujo"
xiao_rui_rui,1,129,
yakumo_nanahara,1,129,
yoshimoto_(carpsukidayo),1,129,k-chitsu
yoshizoe_eiko,1,129,eik0
yukiyanagi_raki,1,129,raki_(kuroe)
yumekamaborosh,1,129,
yumi_sayaka,4,129,
yumibakama_meme,1,129,
african_rock_python_(kemono_friends),4,128,
amagi_(wending_waters_serene_lotus)_(azur_lane),4,128,
amimi,1,128,
anakin_skywalker,4,128,
anju_(mocomocousagi),1,128,
aymr_(fire_emblem),0,128,
azna,1,128,
azure_meraki,1,128,
bamboo_print,0,128,
baozishark,1,128,
baron_(nsbaron),1,128,webslinger
bastet_(houtengeki),4,128,
bead_choker,0,128,
beastars,3,128,
beenic,4,128,
bitter_crown,1,128,
black_mutou,1,128,
blazblue:_continuum_shift,3,128,
bomb,0,128,
boukun_habanero,3,128,
brazilian_flag,0,128,
bumping,0,128,
cawang,1,128,
chane_laforet,4,128,
charybdis_(azur_lane),4,128,
chris4708,1,128,
chungu,1,128,
collision,0,128,
convention,0,128,
corrugated_galvanised_iron_sheet,0,128,
crowded,0,128,
cutie_panther,0,128,
dab_(dance),0,128,
deg_(deguana),1,128,
dragon_(arms),0,128,
drumming,0,128,
eustace_(granblue_fantasy),4,128,
examination,0,128,
fa_yuiry,4,128,
fallout_3,3,128,
ferris_wheel_interior,0,128,
finger_to_head,0,128,
gachon_jirou,1,128,
galactic_empire,0,128,
gear_hair_ornament,0,128,
gekota,4,128,
gedou_(shigure_seishin),1,128,
giraffe_tail,0,128,
go-it,1,128,
gregor_(tsurunoka),4,128,
gunner_(final_fantasy),4,128,
h.n.elly_(kirsten),4,128,h.n.elly_(kirsten)_(madoka_magica)
half-timbered,0,128,
harle_(chrono_cross),4,128,tsukuyomi_(chrono_cross)
helel_ben_shalem,4,128,
hisakawa_riho,1,128,
hosshiwa,4,128,
hotel01,1,128,
ichijou_hitoshi,1,128,100_yen_locker
iga_tomoteru,1,128,
igusaharu,1,128,
ikamagu,1,128,
indra_(arknights),4,128,
inniyik,1,128,
j_adsen,1,128,
jiao_mao,1,128,
john_su,1,128,
juli_(street_fighter),4,128,
kabutoyama,1,128,
kagaya_you,4,128,
kaneblob,1,128,kanekiru
kawai_rou,1,128,
kemuri_haku,1,128,
kieed,1,128,
kinketsu,1,128,
kochikame,3,128,
koi_ni_naritai_aquarium,0,128,
kori_(trouble_spirit),4,128,
kos-mos_re:,4,128,
kotaka,1,128,
kujuu_shikuro,1,128,
kurama_norihito,4,128,
kurousagi_(mondaiji),4,128,kurousagi_(mondaiji-tachi_ga_isekai_kara_kuru_sou_desu_yo?)
kurusu_tatsuya,1,128,ponz
kuzu_(miduhana),1,128,
latale,3,128,tokimeki_fantasy_latale
layer_(mega_man),4,128,layer_(rockman)
luciana_mazzei,4,128,
machiko_ryou,4,128,
maho_(princess_connect!),4,128,himemiya_maho
malasada,0,128,
maroonabyss,1,128,
master_nemesis,4,128,
matsushita_makako,1,128,
mercedes-benz,0,128,
mimic_chest,0,128,
miria_marigold_mackenzie,4,128,
mitsumine_raimu,1,128,
morita_(moritania),1,128,
motobi_(mtb_umk),1,128,
mushroom_girl,0,128,
nakasawa_kei,1,128,
nichibotsu_(kitaziman),1,128,
nishiya_futoshi,1,128,
nitro_(mugityaoisii),1,128,
panda_print,0,128,
people's_liberation_army,0,128,
pillow_sex,0,128,
pleated_sleeves,0,128,
polka_dot_bowtie,0,128,
pool_party_(league_of_legends),0,128,
poriuretan,1,128,noinoise
precure_all_stars_new_stage:_mirai_no_tomodachi,3,128,"/precuremnt,precure_all_stars_new_stage:_friends_of_the_future"
print_coat,0,128,
rabiiandrain,1,128,
rance_(dokidoki!_precure),4,128,
raven_(honkai_impact),4,128,"natasha_cioara,raven_(honkai_impact_3rd)"
recording_studio,0,128,
rei_(princess_connect!),4,128,shijou_rei
risky_boots,4,128,
roberta_(arknights),4,128,
sakura_hanatsumi,1,128,
sebastian_castellanos,4,128,
sewenan,1,128,fegm12
shingyoku_(female),4,128,
shining_star,3,128,
shiory,1,128,
shoulder-to-shoulder,0,128,
sigurd_(fire_emblem),4,128,
simulated_paizuri,0,128,
skirt_under_kimono,0,128,
snowsant_(arknights),4,128,
sorato_(astllatte),1,128,sorato_(cs_2)
storage_room,0,128,
stuffed_seal,0,128,
suzuki_rika,1,128,
taiko_no_tatsujin,3,128,
talon_(league_of_legends),4,128,
tama_yu,1,128,tamashii_yuu
tamakorogashi,1,128,
tamamo_no_mae_(fate/extra)_(cosplay),0,128,
tataki_tuna,1,128,
tea_(cafe-chan_to_break_time),4,128,tea-chan_(porurin)
teri_terio,1,128,
thresh_(league_of_legends),4,128,
tiffa_adill,4,128,
toaster,0,128,
togame_momoko,4,128,
triage_x,3,128,
tube_socks,0,128,
umbrella_riding,0,128,
uosaasou,1,128,
valis,4,128,
wang_yuanji,4,128,
warp_star,0,128,
wavy_eyebrows,0,128,
will_(pokemon),4,128,itsuki_(pokemon)
wing_hug,0,128,
winged_fusiliers,3,128,
yamada_michiru,4,128,charu
yaya_(machine-doll),4,128,"yaya_(machine-doll_wa_kizutsukanai),yaya_(kikou_shoujo_wa_kizutsukanai)"
yocchi_(tenyunkel),1,128,tenyunkel
yone,1,128,
yukifuri_tsuyu,1,128,
yuu_(yumezakura),1,128,
yuugenmagan,4,128,
yuuki_shin,1,128,
accessory_tan,0,127,
after_insertion,0,127,
akabane_hibame,1,127,
akigumo_kai_ni_(kancolle),4,127,
amano_yukiteru,4,127,
anezaki_mamori,4,127,
araki_kanao,1,127,
asanaya,1,127,
atlas_academy_uniform,0,127,atlas_academy_school_uniform
auction,0,127,
bag_over_head,0,127,
baiguio_(zhu_xian),4,127,
big.g,1,127,
bravely_second:_end_layer,3,127,bravely_second
brera_sterne,4,127,
brigid_(fire_emblem),4,127,"evayle,briggid_(fire_emblem)"
brown_vest,0,127,
cacnea,4,127,
calpara,1,127,
carol_(skullgirls),4,127,
cereal,0,127,
chataro1412,1,127,
cid_highwind,4,127,
construction_site,0,127,
cramorant,4,127,
cure_white_(cosplay),0,127,
cyber_v,3,127,
dancouga_(series),3,127,
darumaka,4,127,
denkaisui,1,127,
densetsu_kyojin_ideon,3,127,space_runaway_ideon
dojirou,1,127,
dongho_kang,1,127,dhk_(dh_k)
double_thumbs_up,0,127,
dragon_radar,0,127,
drew_(pokemon),4,127,
eternal_arcadia,3,127,skies_of_arcadia
fii-tan,4,127,
fukutchi,1,127,
fur_gloves,0,127,
ginmu,1,127,ginmumumu
girls_bravo,3,127,
goldfish_print,0,127,
goodbye_sengen_(vocaloid),3,127,
guhanshounen,1,127,
hakuryuu_(azur_lane),4,127,
hallessena,4,127,
hand_sonic,0,127,
haru57928031,1,127,
hasegawa_shin'ya,1,127,hasegawa_shinya
healing,0,127,
hentai_oyaji,1,127,
hirai_chika,1,127,
slayers,3,127,
holding_spork,0,127,
holographic_clothing,0,127,
ichinose_haru,4,127,
implied_after_sex,0,127,
inamori_mika,4,127,
irezumi,0,127,yakuza_tattoo
izumi_makoto,1,127,
jaguarman_(fate),4,127,jaguarman_(fate/grand_order)
kaerunoko,1,127,
kagamine_len_(cosplay),0,127,
kagura_rei,4,127,
kaii_shoukougun,3,127,
kandori,1,127,
king_of_prism_by_prettyrhythm,3,127,
kirishima_riona,1,127,
kitou_sakeru,1,127,kito_sakeru
kobuta,1,127,
komachi_narota,1,127,komachi_naruta
kongou_(azur_lane),4,127,
kuroino_(kuroyashiro),1,127,
kuromukuro,3,127,
kururu_(rhapsody),4,127,
maki_daikichi,1,127,
marisu,1,127,
masaki_kei,1,127,
matsu_84,1,127,yrjxp065
matsukuzu,1,127,"makadamia_(0jewdvwvkixqbpn),meronpan_(ghzk2583)"
matsunaga777,1,127,
mkm_(mkm_storage),1,127,
mm_(yoromu),1,127,
momoki_run,4,127,
mon_mon,1,127,
mono_land,1,127,
mousse_(arknights),4,127,
nakaba_(mode),1,127,"yuno_tsuitta,nakaba_(nkbexx)"
nanashi_maru,1,127,
nekoi_hikaru,1,127,
nezha_(fate),4,127,nezha_(fate/grand_order)
nogami_takeshi,1,127,
okuyama_saori,4,127,
ootori_chihaya,4,127,ohtori_chihaya
ootsuka_mahiro,1,127,otakubeam
open_labcoat,0,127,
otsukemono,1,127,
page_tear,0,127,
paul_(pokemon),4,127,
pengy_(granblue_fantasy),4,127,pengie
po_fu,1,127,
pokemon_center,0,127,
premature_ejaculation,0,127,
printer,0,127,
profnote,1,127,
puffer_fish,0,127,blowfish
rakuyo_(bloodborne),0,127,
ran_system,1,127,
rathalos_(armor),0,127,
redol,1,127,
republic_of_china_flag,0,127,"taiwanese_flag,roc_flag"
ribbon-trimmed_apron,0,127,
riftgarret,1,127,
robotech,3,127,
roshin,1,127,
rukino_saki,4,127,
rulue_(puyopuyo),4,127,
rumwik,1,127,
ryuubi_gentoku,4,127,
s-head_commander,4,127,
sakagami_ayumi,4,127,
sakura_akari,4,127,
samba,0,127,
sc_naru,1,127,nyarukac
senbon_tsuki,1,127,
sethxzoe,1,127,
seura_isago,1,127,
shadowgrave,1,127,
sharekoube,1,127,
skorpion_vz._61,0,127,
so-taro,1,127,
solrock,4,127,
space_shuttle,0,127,
star_bracelet,0,127,
stomach_day,0,127,
street_fighter_ex_(series),3,127,"street_fighter_ex3,street_fighter_ex2,street_fighter_ex"
studiolg,1,127,
sucking,0,127,
sudowoodo,4,127,
sugi87,1,127,
suwakana,1,127,
takamiya_ren,1,127,
takemikazuchi_(muvluv),4,127,
tamaki_ui,4,127,
tamamo_no_mae_(swimsuit_lancer)_(first_ascension)_(fate),4,127,
tamayura,3,127,
tooth_gap,0,127,
toudou_erena,4,127,
touryou,1,127,
tweet,0,127,
uiroutsuji_yumihiko,1,127,
ultra_instinct,0,127,
uxie,4,127,
viola_(majo_no_ie),4,127,viola_(the_witch's_house)
world_masterpiece_theater,3,127,
wowoguni,1,127,
wreck-it_ralph,3,127,
yoruhachi,1,127,
yuniiho,1,127,
yuuka_seisen,1,127,
yuumin,1,127,
zhuxiao517,1,127,
888myrrh888,1,126,
aak_(arknights),4,126,
aisha_clanclan,4,126,
akitaka_akita,1,126,
akizuki_ritchan,1,126,
amamine,1,126,
amicis,1,126,
antelope_horns,0,126,
aosora_(mizore),1,126,
apocalypse,0,126,"apocalyptic,apocalypse_(event)"
ashino_moto,1,126,
atsumisu,1,126,
bad_vulva,0,126,
beliatan,1,126,
blood_writing,0,126,
boko_(maniacpurple),1,126,
boston_terrier,0,126,
butter_knife,0,126,
catball1994,1,126,
catgirl0926,1,126,
incense_burner,0,126,censer
chase_(pokemon),4,126,kakeru_(pokemon)
chicken_nuggets,0,126,
chiester556,4,126,siesta556
chiruto,1,126,
chocolate_doughnut,0,126,
nueco,1,126,
cobalta,1,126,
cofagrigus,4,126,
corked_bottle,0,126,
cromwellb,1,126,
cross-laced_skirt,0,126,
darnell,1,126,
din_(raiden),1,126,
east_sha2,1,126,
engulfing_lightning_(genshin_impact),0,126,
fanta_(the_banana_pistols),1,126,
fataaa,1,126,
fatina,4,126,
fish_(food),0,126,
flo_(guilty_hearts),1,126,
followers_favorite_challenge,0,126,
fujii_tomo,4,126,
fukunoki_tokuwa,1,126,syoyu_satou
galvantula,4,126,
geregere_(lantern),1,126,kabotya_to_rantan
ginopi,1,126,
girl's_avenue,3,126,
girl_(mokufuu),4,126,
grey_outline,0,126,
grimlock,4,126,
hare_(tetterutei),1,126,
haruno_shuu,1,126,
hayami_saori,4,126,
heavy_splatling_(splatoon),0,126,
herohero_(higashi_no_dou),1,126,
hiiragi_miki,4,126,
hiragana,0,126,
holding_boots,0,126,
holding_club,0,126,
hyena_tail,0,126,
ice_cream_cone_spill,0,126,
ikawa_waki,1,126,
itsuki_kuro,1,126,
jasmine_(disney),4,126,
jenga,0,126,
jigen_(cookie),4,126,
john_zhang,1,126,
kadabra,4,126,
kamen_rider_black,4,126,
kamiya_kaoru,4,126,
kannabi_no_mikoto,4,126,
karaage3,1,126,
kasanui,1,126,
keikenchi_(style),0,126,
kerosene_lamp,0,126,
kihel_heim,4,126,
killy,4,126,
king_ghidorah,4,126,
kingdom_of_kazimierz_logo,0,126,
kio_naoki,1,126,
koi_han,1,126,
latenight,1,126,
lectern,0,126,
limeblock,1,126,
looped_braids,0,126,
lubikaya,1,126,
mabel_pines,4,126,
maeshimashi,1,126,
magician's_red,4,126,
mahou_shoujo_ai,3,126,
maidforge,1,126,
momio,1,126,
masquerain,4,126,
metroid_prime,3,126,
miniwa_tsumiki,4,126,
moomoo_milk,0,126,
moor,1,126,
mutsuki_tooru,4,126,
muvluv_alternative_(anime),3,126,
nakagawa_waka,1,126,nakagawa_besu
nakayama_tooru,1,126,
namaonpa,1,126,
nicole_pmonachi,1,126,
no_parking_sign,0,126,
oniilus,1,126,
ootani_mikoto,1,126,sumomo_(peach-breath)
orange_buruma,0,126,
parkgee,1,126,
pekomama,4,126,
pencil_mustache,0,126,
pia_carrot_e_youkoso!!,3,126,pia_carrot
plushmallow,4,126,
pomesaurus,1,126,szkn2b
pos_(shiratama-ya),1,126,
princess_royale,3,126,
r_dorothy_wayneright,4,126,r._dorothy_wayneright
red_serafuku,0,126,
regirock,4,126,
ribbon-trimmed_swimsuit,0,126,
riza_wildman,4,126,
robographer,1,126,
rorosuke,1,126,
ruda_(ruda_e),1,126,
saint_october,3,126,
sashima,1,126,
sawamura_hikaru,1,126,
scarecrow_(girls'_frontline),4,126,scarecrow_(girls_frontline)
se-u-ra,1,126,
seox_(granblue_fantasy),4,126,six_(granblue_fantasy)
shiao,1,126,
sothe_(fire_emblem),4,126,
summon_night_4,3,126,
sweet_devil_(vocaloid),3,126,
sword_art_online:_hollow_fragment,3,126,
takoyaki_neko-san,1,126,
tamasaka_makoto,4,126,
tan_sweater,0,126,
tank_cupola,0,126,
tanuki_(kemono_friends),4,126,
tenmu_shinryuusai,1,126,
tian_(my_dear),1,126,
tokunaga_akimasa,1,126,
tomajiyama,1,126,
totte,1,126,fgo107t
tougou_hifumi,4,126,
two-tone_wings,0,126,
ukimukai,1,126,
umitsuki_natsuzou,4,126,
unconventional_vehicle,0,126,
usagimiko,1,126,
ushi_(newrein),1,126,newrein
usui_harusame,1,126,
vibrator_bulge,0,126,
video_call,0,126,zoom_chat
vira_(summer)_(granblue_fantasy),4,126,
weri,1,126,
yohane_shimizu,1,126,sutegoro
yuzuhara_haruka,4,126,
zacian_(crowned),4,126,
zaitsu,1,126,
zummy,1,126,
kinoko_no_yama,0,126,
abacus,0,125,
abyssal_crane_princess,4,125,abyssal_crane_hime
adolf_hitler,4,125,hitler
aitsugawa_rui,1,125,kou512a
alex_(minecraft),4,125,
alice_(tales),4,125,alice_(tales_of_symphonia_kor)
ame_no_kisaki_academy_uniform,0,125,
aqua_horns,0,125,
aqua_sarong,0,125,
argyle_skirt,0,125,
arrietty,4,125,
artoria_pendragon_(alter_swimsuit_rider)_(third_ascension)_(fate),4,125,
asagiri_shiori,4,125,
aurora_e._juutilainen,4,125,
bad_end_happy,4,125,
barking,0,125,
behind_tree,0,125,
bekkourico,1,125,
bishooji,1,125,
blissey,4,125,
boros_(ouro_kronii),4,125,
canti,4,125,
charlemagne_(fate),4,125,
checkered_vest,0,125,
chocolate_misu,4,125,
coco_adel,4,125,
conifer,0,125,
crote,1,125,
delica,1,125,
eiscue,4,125,
elizabeth_bathory_(halloween_caster)_(fate),4,125,
epona,4,125,
eto_(tokyo_ghoul),4,125,
farah_oersted,4,125,
fionna_the_human_girl,4,125,
fireball_(series),3,125,
panda,0,125,giant_panda
french_commentary,5,125,
fujii_eishun,1,125,
fumino_tamaki,4,125,
gag_manga_biyori,3,125,gyagu_manga_biyori
gaothun,1,125,
genmukan,3,125,
getsumen_suibaku_ver._a(c),1,125,
ghirahim,4,125,
glameow,4,125,
gugure!_kokkuri-san,3,125,
habu_rin,1,125,havel78
hair_ornament_request,5,125,
hamoto,1,125,
hatafuta,1,125,
held_up,0,125,
hell,0,125,
henkuma,1,125,
higashigunkan,1,125,
hiiro_h,1,125,
holding_lollipop,0,125,
igglybuff,4,125,
indonesian_commentary,5,125,
iyakun,1,125,
jason_voorhees_(cosplay),0,125,
jurassic_world,3,125,
kabocha_head,1,125,
kagehara_hanzou,1,125,kagehara_hanzow
kamehito,1,125,
kana_(fire_emblem)_(female),4,125,
karuta_(card_game),0,125,
kawaty,1,125,
kazuaki,1,125,
kenkon_no_washi,3,125,
kimi_tsuru,1,125,
kinoko,1,125,
kinu_kai_ni_(kancolle),4,125,
kochoko,1,125,
kohakugin,1,125,
kokekokko_coma,1,125,kokekokko_koma
liu_lan,1,125,
lordol,1,125,
maguta,1,125,
maitake_(kinokonabe_hinanjo),1,125,
marin_(the_legend_of_zelda),4,125,
marionette_(excle),1,125,
maruchan.,1,125,
mastgg,1,125,
mato_(mozu_hayanie),1,125,mato_(10234)
matsuzaki_miyuki,1,125,
minori_(senran_kagura),4,125,
miyamoto_musashi_(swimsuit_berserker)_(third_ascension)_(fate),4,125,
model_tank,0,125,
nagi_(shunsuke-manage),1,125,
nanotaro,1,125,
nazal,1,125,
neko_musume_michikusa_nikki,3,125,
nennen,1,125,
news,0,125,
nice_nature_(umamusume)_(cosplay),0,125,
ookashippo,1,125,44shippo
paper_balloon,0,125,
partially_opaque_glasses,0,125,half_opaque_glasses
pastel_chime,3,125,
pixiv_azriel,3,125,
pori_(kmt_pori),1,125,
porygon2,4,125,
prism_ark,3,125,
punk_girl_(pokemon),4,125,
putimaxi,1,125,puchi_(code-k)
rally_vincent,4,125,
restraints,0,125,
retaining_wall,0,125,
riley_(pokemon),4,125,gen_(pokemon)
roark_(pokemon),4,125,hyouta_(pokemon)
roresu,1,125,
ry_thae,1,125,
saegusa_akina,4,125,
sagimori_arata,4,125,
saino,1,125,
sakura_szm,1,125,
sasori_(naruto),4,125,
sb_lama,1,125,ssangbong-llama
scathegrapes,1,125,
serizawa_fumino,4,125,
shez_(fire_emblem)_(male),4,125,
shijou_mitsue,4,125,
shiraki_shiori,1,125,
shiratama_mikan,4,125,
shouno_kotarou,1,125,shinjigen
sitting_on_roof,0,125,
snorkel_in_mouth,0,125,
sogabe_shuuji,1,125,
sukiyo,1,125,
super_robot_wars_judgement,3,125,
tachibana_shiro_(idolmaster),4,125,tachibana_shirou
taiki_(luster),1,125,
takigawa_geenito,1,125,takigawageenito
tanaji,1,125,
taniguchi_jun'ichirou,1,125,
tenchuu,3,125,
tenk,1,125,
tenma_saki,4,125,
tennousu_athena,4,125,"athena_tennos,athena_tennousu,tennousu_athene,tennousu_atene,tenoushuu_athena"
tentsuu_(tentwo),1,125,
tsukuru_(seki_sabato),1,125,kintsuku
tsurugi_hikaru,1,125,
uonuma_yuu,1,125,uonu_mayuu
vietnam_(hetalia),4,125,
washing_hands,0,125,
with_you,3,125,
yakumo_mitama,4,125,
yamamoto_shuuhei,1,125,"mag1223,magu_(syu_uhei)"
yamamura_umi,1,125,
yazawa_oke,1,125,
yoicha,1,125,
yoo_mina,4,125,
zamudelin,1,125,moyamoyakun021
zoids_chaotic_century,3,125,
aito,1,124,
akanasu,1,124,
alice360,1,124,
amane_sou,1,124,
anizi,1,124,anizi_(anizi9621)
anubis_(houtengeki),4,124,
aoki_ume_(style),0,124,
ass_hair,0,124,hairy_ass
avrora_(azur_lane),4,124,
ayesha_altugle,4,124,
azuma_tokaku,4,124,
azusagawa_tsukino,4,124,
banssee,1,124,
buta_(uhoiiotoko),1,124,
caibao_return,1,124,"cbreturn,caibao,natsutsumi_return"
caracal_ears,0,124,
catheter,0,124,pee_tube
character_hat,0,124,
cheunes,1,124,
chikaya,1,124,
chiyami,1,124,
cloud_retainer_(genshin_impact),4,124,
coat_lift,0,124,
crimecrime,1,124,
dot_pupils,0,124,
dulldull,1,124,
edgar_roni_figaro,4,124,
edoya_pochi,1,124,
edwin_(cyberdark_impacts),1,124,edowin
eihi,1,124,
eugen_(granblue_fantasy),4,124,
fender_jazz_bass,0,124,"j-bass,jazz_bass"
finger_tattoo,0,124,
flower_shop,0,124,
fujimaru_ritsuka_(male)_(tropical_summer),4,124,
fujiwara_minaho,1,124,fujiwaraminaho
fummy,1,124,bunemon
furukawa_lemon,1,124,
futoshi_(darling_in_the_franxx),4,124,
gimp_suit,0,124,
greythroat_(arknights),4,124,
hakama_pull,0,124,
hamtaro_(series),3,124,
hanabatake_chaika,4,124,
hands_on_another's_arms,0,124,
has_cropped_revision,5,124,
hasunokaeru,1,124,
hina_(genshin_impact),4,124,
hinamori_momo,4,124,
hinomoto_oniko,4,124,
hirose_madoka,1,124,tail_piece
holding_cage,0,124,
holding_screwdriver,0,124,
hyoudou_issei,4,124,
ibis_douglas,4,124,
idunn_(fire_emblem),4,124,idoun
igloo,0,124,
illuso,4,124,
iowa_(pacific),4,124,
jerry_can,0,124,jerrycan
joakim_sandberg,1,124,
julius_pringles,4,124,
kaiman_garupan,1,124,
kamizaki_hibana,1,124,kanari_no_binetsu
kasaneko,1,124,
katzeh,1,124,felisovum
ken_ill,1,124,
kitakouji_hisui,4,124,
knee_strap,0,124,
kobayashi_tetsuya,1,124,
kobuchizawa_shirase,4,124,
korea_(hetalia),4,124,
kumaartsu,1,124,
laura_kinney,4,124,
leander_(azur_lane),4,124,
luigi_(cosplay),0,124,
luminous_(madoka_magica),0,124,
maanu,1,124,manu_(pixiv41646715)
maru-sun,1,124,"maru_rx,maru_(dtron)"
masquerade_mask,0,124,
matsuba_(idiotlantern),1,124,
maxim_tomato,0,124,
mega_man_x:_command_mission,3,124,rockman_x_command_mission
melowh,1,124,
meridian_project,3,124,
meslamtaea_(weapon),0,124,
mid-stride,0,124,
miles_morales,4,124,
minase_shuu,1,124,
misono_gakuen_school_uniform,0,124,
moriya_naoki,1,124,"activa,smac"
muro,1,124,
napo,1,124,
natsushi,1,124,
nibbling,0,124,
nishigoori_yuuko,4,124,
nishimura_(nianiamu),1,124,
ore_no_nounai_sentakushi_ga_gakuen_love-comedy_wo_zenryoku_de_jama_shiteiru,3,124,"noukome,noucome"
otogi_kyouka,1,124,
paco,1,124,
peter_strasser_(azur_lane),4,124,
pixiv_fantasia_1,3,124,
pokestar_studios,0,124,
poliwrath,4,124,
r_o_ha,1,124,
razor_blade,0,124,
rebreather,0,124,
red-p,1,124,
reinhardt_(fire_emblem),4,124,
remy_(elsword),4,124,
rias-coast,1,124,
ribbon_removed,0,124,
rurima_(cookie),4,124,
ryuuki_(hydrangea),1,124,kasaaaaka
sakura_ran,1,124,
saotome_genma,4,124,
sarashiki_tatenashi,4,124,
sarutobi_ayame,4,124,
sasa_kazamori,4,124,
shadow_hearts_ii,3,124,
shingyoku_(male),4,124,
shockwave_(transformers),4,124,
sidecar,0,124,
sinbad_(magi),4,124,
sora_no_kanata_no_dystopia_x_shitei,3,124,
strawberry_earrings,0,124,
suenaga_mirai,4,124,
suntory,3,124,
susie_(kirby),4,124,
sword_art_online_progressive,3,124,
takemoto_izumi_(style),0,124,
takeu,1,124,
tama_kai_ni_(kancolle),4,124,
tank_(container),0,124,
tarayama,1,124,
the_adventures_of_sherlock_holmes,3,124,
thirty_8ght,1,124,
toru_k,1,124,
tostos,1,124,redb
toudou_shion,4,124,
tsukuyo_(blue_archive),4,124,oono_tsukuyo
velia,1,124,
violence_kumahina,1,124,31_violence
waluigi,4,124,
warming_hands,0,124,
weasel_(close-to-the-edge),1,124,
wolf_pelt,0,124,
xiaoyin_li,1,124,
yatsuki_yura,1,124,kiyu_(kiyupapiko)
year_of_the_rabbit,0,124,
yiduan_zhu,1,124,
yuba_no_shirushi,3,124,
zenshin,1,124,
akasaka_mamoru,4,123,
antelope_ears,0,123,
antlers_through_headwear,0,123,
archvermin,1,123,
ashlock_(arknights),4,123,ashley_(arknights)
ass_on_glass,0,123,
atago_hiroe,4,123,
ayakashi_triangle,3,123,
baji_keisuke,4,123,
balmung_(fate/apocrypha),0,123,
bannouyakunta,1,123,"bannnouyakunta,mannouyakunta"
barbarian_tk,1,123,
boar_hood,0,123,
boxing_shorts,0,123,
bug_(artist),1,123,
calla_lily,0,123,
calm_mashiro,1,123,
carro_armato_p40,0,123,
carving,0,123,
cathead,0,123,
charlotte_corday_(third_ascension)_(fate),4,123,
chiaki_kurihara,4,123,kurihara_chiaki
claudette_(queen's_blade),4,123,clawdette
sweet_potato,0,123,"yam,yams"
crusader_(tank),0,123,
da_mao_banlangen,1,123,ex_azusa
danhu,1,123,
dark_haired_kappa,4,123,
dazzle_paint,0,123,
demon_cleric,4,123,
destroyer_water_oni,4,123,
digital_hazard,0,123,
earlgrey,1,123,
eelektross,4,123,
ekuesu,1,123,
embroidered_panties,0,123,
eric_cartman,4,123,
farrah_(granblue_fantasy),4,123,
flan_(seeyouflan),1,123,
frog_headband,0,123,
fuji_yoshida,1,123,
fujihara_(haguhagu),4,123,
fur-trimmed_pants,0,123,
stove,0,123,
fuu_(samurai_champloo),4,123,
gagaimo,1,123,
ganbaru_pose,0,123,
giant_hand,0,123,
glycine_bleumer,4,123,
grabbing_another's_hand,0,123,
hakuurei_amano,1,123,
hands_on_stomach,0,123,
higashikata_daiya,4,123,
hiiro_yuki,1,123,
hikimaru,1,123,
hinata_(blue_archive),4,123,wakaba_hinata_(blue_archive)
hinata_(pure_pure),4,123,
holographic_touchscreen,0,123,
hu_kotora,1,123,fuu_kotora
ibaraki_douji_(swimsuit_lancer)_(first_ascension)_(fate),4,123,
ibispaint_(medium),5,123,
ishigami_yuu,4,123,
ishiusu,1,123,black_triangle_(artist)
isou_nagi,1,123,
itsukia,1,123,
jajala,1,123,
jindai_komaki,4,123,
jouvru,1,123,
kafra_uniform,0,123,
kaji_ryouji,4,123,kaji_ryoji
kaneda_shoutarou's_bike,0,123,
kanzaki_akari,4,123,
kiryuu_kaoru,4,123,
koga_norio,4,123,norio_koga
konoe_yuba,1,123,yuba_(konoha)
kosuke_(bb),1,123,ky_kosuke
koto_(kyousougiga),4,123,koto_(kyousogiga)
kuranami_shiki,4,123,
logix_ficsario,4,123,
lotus_pedestal,0,123,
machismo_fuji,1,123,kunuyaro_jumper
majiang,1,123,
marco_(one_piece),4,123,
maruyo,1,123,
mecha-fiora,4,123,m-fiorung
miel_(lessontome),1,123,
minamisawa_atsushi,4,123,
minato_mio,4,123,
minidraco,1,123,
minowa_gin,4,123,
miwa_kasumi,4,123,
miyafuji_miina,4,123,
mo_(mocopo),1,123,
moby_(elsword),4,123,
mof's_silver_haired_twintailed_girl,4,123,
monolith_(suibou_souko),1,123,
moped,0,123,
muraryo,1,123,
netarou,1,123,
nonosaki,1,123,
ntw-20,0,123,
okamisty,4,123,
ongeki,3,123,
ootori_subaru,1,123,dial16yoi
osobachan,1,123,"osabachan,osoba_(bpns)"
parasite,0,123,
ping_hai_(summer_vacation)_(azur_lane),4,123,ping_hai_(merry_summer)_(azur_lane)
pingo,1,123,
pokemon_heroes:_latios_&_latias,3,123,pokemon_m05
pontasu,1,123,
projector,0,123,
queue,0,123,"lining_up,waiting_line"
rhasta,1,123,
rin_(yu-gi-oh!),4,123,
ross_tran,1,123,
sakamoto_tatsuma,4,123,
sarazanmai,3,123,
shiba_koen_middle_school_uniform,0,123,
shihou_haru,1,123,
shinano_yura,1,123,
shinozaki_sayoko,4,123,
shroomish,4,123,
shuuichi_(gothics),1,123,
slug_girl,0,123,
souya_agb_(kancolle),4,123,
squid_game,3,123,squid_game_2
stratos_4,3,123,stratos4
striped_coat,0,123,
subaru_(houkago_no_pleiades),4,123,
sunny_gurlukovich,4,123,
taedu,1,123,
tahita1874,1,123,
taikoubou,4,123,
takamoto_akisa,1,123,
taunting,0,123,
the_baddest_evelynn,4,123,
the_grim_adventures_of_billy_&_mandy,3,123,the_grim_adventures_of_billy_and_mandy
the_hobbit,3,123,
tom_and_jerry,3,123,
touma_kisa,1,123,touma_raito
uka_(color_noise),1,123,
umagenzin,1,123,
unbalance,1,123,
upside-down_kiss,0,123,
usuzawa_sae,4,123,
venice,0,123,venezia
yatsune_rika,1,123,mifune_yatsune
yoiti,1,123,
yonedatomo_mizu,1,123,
yukihama,1,123,
yuzuzukushi,1,123,
zeroko-san_(nuclear_f),1,123,
action_figure,0,122,
alice_(pandora_hearts),4,122,
annelotte,4,122,
aro_(charged_time_out),1,122,
ashikaga_chachamaru,4,122,
ashley_winchester,4,122,
assisted_masturbation,0,122,
avengers:_infinity_war,3,122,
bai_linqin,1,122,
bakeneko,0,122,
beige_legwear,0,122,
blue_vert,1,122,
bow_swimsuit,0,122,
brown_camisole,0,122,
calvin_klein,0,122,
can't_show_this,0,122,
chabaneko,1,122,
cherino_(blue_archive),4,122,renkawa_cherino
chilchuck,4,122,
chou_shippai-saku,1,122,
chrono_cross,3,122,
chuchu_(show_by_rock!!),4,122,
fusuma,0,122,
cure_summer,4,122,
darahan,1,122,
diner,0,122,
dojikko,0,122,
duck_hunt,3,122,
echidna_(p&d),4,122,
ecoman,1,122,
elizabeth_(gintama),4,122,
enterprise_(wind_catcher)_(azur_lane),4,122,
fuji_tsugu,1,122,
future_style_(module),0,122,
fuwa_daisuke,1,122,a-10_(artist)
genny_(fire_emblem),4,122,jenny_(fire_emblem)
ghost_trick,3,122,
grandia_ii,3,122,
great_grey_wolf_sif,4,122,great_gray_wolf_sif
greetload,1,122,
gurifu,1,122,
haruki_reimari,1,122,
hasu_(velicia),1,122,
haya_taro_pochi,1,122,
heart_out_of_chest,0,122,
heijialan,1,122,
himamo,1,122,
himaneko.,1,122,
hiyoshi_hana,1,122,
honda_super_cub,0,122,
hyakuya_mikaela,4,122,hyakuya_michaela
ihachisu,1,122,
in_bubble,0,122,inside_bubble
integra_hellsing,4,122,
isaac_clarke,4,122,
isshuukan_friends,3,122,one_week_friends
kajaneko,1,122,
kaname_tomohisa,4,122,
kanosawa,1,122,
karakusa_(pattern),0,122,
kasugano_tobari,1,122,
kawasumi_(japonica),1,122,japonica
kimura_seiko,4,122,
kisaragi_chiyuki,1,122,
koba,1,122,
kochipu,1,122,
koga_(pokemon),4,122,kyou_(pokemon)
kugi_ta_hori_taira,1,122,
kuwahara_taiki,1,122,yukidaifuku
l'arachel_(fire_emblem),4,122,
le_malin_(sleepy_sunday)_(azur_lane),4,122,le_malin_(the_knight's_true_nature)_(azur_lane)
looking_at_screen,0,122,
lumiere,4,122,
makai_shin_trillion,3,122,
maria_renard,4,122,
maru_usagi,1,122,
matsunaga_garana,1,122,
mechanical_spine,0,122,mechanical_backbone
mega_man_9,3,122,rockman_9
miitoban,1,122,luceva
milinda_brantini,4,122,
minato_yoshihiro,1,122,mito_yoshihiro
minior,4,122,
miniru,1,122,
mint_adenade,4,122,mint_adnade
miyazawa_tsutomu,1,122,
moru,1,122,moru00f
murani,1,122,
murenase!_shiiton_gakuen,3,122,seton_academy:_join_the_pack!
nagase_minato,4,122,
nakukoroni,1,122,
namba_emi,4,122,
nanao_futaba,1,122,
nanase_miri,1,122,
naoki_eguchi,1,122,
natsu_natsuna,1,122,
nicorima,1,122,"25l,monueari"
nishina_toriko,4,122,
no_animal_ears,0,122,
nose_pinch,0,122,
old_snake,4,122,
onceskylark,1,122,
onsen_symbol,0,122,hot_springs_symbol
oomuro_nadeshiko,4,122,
oosanshouuo-san,4,122,
otoyomegatari,3,122,"a_bride's_story,otoyome-gatari"
panda_(jujutsu_kaisen),4,122,
pearl7,1,122,
pekoni_(peconi),1,122,
planted_knife,0,122,
pointed_footwear,0,122,
primm,4,122,
prinz_eugen_(profusion_of_flowers)_(azur_lane),4,122,prinz_eugen_(dance_of_a_hundred_flowers)_(azur_lane)
project_diva_extend,3,122,
red_jumpsuit,0,122,
rikumoto_yoshiyuki,1,122,
rinnegan,0,122,
rocket_punch,0,122,
ryuu_(tsukinoyuki),1,122,
sakuradou,1,122,
saltwater_crocodile_(kemono_friends),4,122,
sarutobi_asuma,4,122,
satin_dress,0,122,
semi_truck,0,122,
sentou_mecha_xabungle,3,122,
shouryouuma,0,122,spirit_horse
siduri_(fate),4,122,siduri_(fate/grand_order)
signalviolet,1,122,
silver_the_hedgehog,4,122,
sin11111,1,122,
sirachi,1,122,
sironora,1,122,sirono-ra0929
sishenfan,1,122,
skeletal_hand,0,122,
slimy,0,122,
souryuu_(double_dragon),1,122,
spareribs,1,122,supearibu
star_of_lakshmi,0,122,
stem,1,122,
stitching,0,122,
sugita_tomokazu,4,122,
super_tama_musume,4,122,
suzuka_(rekkyo),1,122,
takamachi_nanoha_(exceed_mode),4,122,
tama_(aquarion),4,122,
tamagotchi,3,122,
tanaka_rie,4,122,rie_tanaka
taut_sweater,0,122,
tights_day,0,122,
tokiwata_soul,1,122,
tora_jun,1,122,
two-tone_neckwear,0,122,
usagino_suzu,1,122,
viridi,4,122,nachure
walther_ppk,0,122,
watanabe_minori,4,122,
weights,0,122,
white_lily,0,122,
white_towel,0,122,
wwe,3,122,
yanutorie,1,122,
youko_(girls_und_panzer),4,122,
absolum_art,1,121,alejandro_tio
adjusting_bow,0,121,
adyisu,1,121,
akai_ronii,1,121,lo_(rogu_ryouiki)
akudama_drive,3,121,
anderain,1,121,cang_fade
ankle_gun,0,121,
aquila_yuna,4,121,
ari_hinoko,1,121,kamemaru
arunira,4,121,
atoatto,1,121,
aya_shobon,1,121,
ayase_ena,4,121,
bakura_ryou,4,121,
black_blood,0,121,
lineage,3,121,
blowing_in_ear,0,121,
bokurano,3,121,
catwoman,4,121,
celtic_cross,0,121,
cerberus_(kemono_friends),4,121,
churro,0,121,
cinderella_(sinoalice),4,121,
code:_battle_seraph_(elsword),4,121,
hut,0,121,
cynthia_(fire_emblem),4,121,
dogfight,0,121,dogfighting
domino_high_school_uniform,0,121,
dragon_costume,0,121,
drossel_von_flugel,4,121,drossel_von_flügel
emurin,1,121,
envy,0,121,
etna_(kuzuyu),4,121,
execution,0,121,
fearless_night,3,121,
fenyon,1,121,
fish_request,5,121,
fujiwara_hazuki,4,121,
furukawa_wanosuke,1,121,
futase_hikaru,1,121,hikalunatique
gaius_(tales),4,121,gaias
garou_(one-punch_man),4,121,garou_(onepunch_man)
genba_neko,4,121,
german_commentary,5,121,
gertrud_(madoka_magica),4,121,
gradient_nails,0,121,gradient_fingernails
gurajio,1,121,
haine,1,121,
hamada_pengin,1,121,
hayasaka_akira,4,121,
high-waist_sideboob,0,121,
hikigaya_komachi,4,121,
hirasawa_shizuku,4,121,
huyusilver,1,121,
johnny_(guilty_gear),4,121,johnny_sfondi
juliet_nao_zhang,4,121,
kachima,1,121,
kannagi_rei,1,121,
kashiwadokoro,1,121,
kate_(alice_catharsis),1,121,kedama_keito
katsudon_(food),0,121,
kentairui,1,121,kenntairui
kiana_kaslana_(knight_moonbeam),4,121,
kikunosukemaru,1,121,mueojisan
kisaragi_kokoro_(hazuki),1,121,enmiria
kohinata_aoi_(dokidoki_sister_aoi-chan),4,121,
koji_(wildlhz),1,121,
komeiji_koishi_(cosplay),0,121,
konohana_saku,1,121,kibana_tsuitachi
kray_foresight,4,121,
kuchiki_byakuya,4,121,
kusunoki_shio,4,121,
laoan,1,121,
little_girl_saniwa_(touken_ranbu),4,121,
low-cut,0,121,
moon,0,121,
luthica_preventer,4,121,
mahan,1,121,
makino_kanna,4,121,
maneki-neko_(fujifuji),1,121,
medama_oyaji,4,121,
meerkat_tail,0,121,
miazuma_sarin,1,121,
mitsu_yomogi,1,121,
mitsumine_(ookami_no_oyashiro),1,121,domoookamidesu
miyatsuki_itsuka,1,121,
mochizuki_momiji,4,121,
moekyon,1,121,
morrighan,4,121,
mouth_piercing,0,121,
mspaint_(medium),5,121,
muk,4,121,
mustard_seeds,4,121,
nanase_riku,4,121,
nekobayashi,1,121,
nekoita,1,121,
nin_nakajima,1,121,
noamem,1,121,ichi001
olive,0,121,
omnic,0,121,
otonashi_kyouko,4,121,
otosaka_ayumi,4,121,
owain_(fire_emblem),4,121,eudes_(fire_emblem)
paradox_live,3,121,
pink_mercy,4,121,
pinocchio_(sinoalice),4,121,
post,0,121,
premier_ball,0,121,
qiyana_(league_of_legends),4,121,
quincy_(warship_girls_r),4,121,
redlight,1,121,
rengar,4,121,
rupinesu,1,121,
sakai_yuuji,4,121,
sakakibara_satomi,4,121,
sawitou_mizuki,1,121,
sawsbuck,4,121,
sea_scorpion_(umisasori),1,121,
serizawa_chikaru,4,121,
shikai,0,121,shikai_(bleach)
shinsou_hitoshi,4,121,
shitacemayo,1,121,
sho_(sumika),1,121,
sho_bu_1116,1,121,
shortcake,0,121,
soramame_(corndog),1,121,
spacelongcat,1,121,
stylistic,0,121,
supernew,1,121,
take_toshiaki,1,121,taketoshi_aki
takenaka,1,121,
teikoku_jokyoku,1,121,
tenbin_gashira,1,121,ajiameba
teroru,1,121,teroro
thkani,1,121,
triple-q,1,121,
tsurumi_tokushirou,4,121,
tutsucha_illust,1,121,
usamochi.,1,121,
washing_another,0,121,
wax_play,0,121,
y_(khakiyawn),1,121,coh
yamaguchi_(shinigami-no-barad),1,121,
youkai_hyakki-tan!,3,121,
yuusa,1,121,
zukki_(suzukio),1,121,
adjustable_wrench,0,120,
aislinn_wishart,4,120,
ajna_(indivisible),4,120,
akazawa_izumi,4,120,
alabama_(azur_lane),4,120,
altera_moontail,4,120,altera_cephon
angel31424,1,120,
apollo_(hu_maple),1,120,
asakura_hayate,1,120,
asterisk_(idolmaster),0,120,
atha_(leejuiping),1,120,
bard_(final_fantasy),4,120,
beitemian,1,120,
beruko14,1,120,"hoodecibel,beruko_(rladustns50)"
bird_hat,0,120,
biting_hair,0,120,
bitten_apple,0,120,
blazblue_phase_0,3,120,
bonkiru,1,120,
caee_penguin,1,120,penguin_caee
casshern_sins,3,120,
catra,4,120,
cecilia_(fire_emblem),4,120,
champion_(ragnarok_online),4,120,
plaid_apron,0,120,
cherche_(fire_emblem),4,120,serge_(fire_emblem)
cherno_alpha,4,120,
chloe_valens,4,120,
chouun,4,120,
cicin_mage_(genshin_impact),4,120,
claire_stanfield,4,120,vino
cody_travers,4,120,
corrector_yui,3,120,
crystal_exarch,4,120,
cum_bath,0,120,
dance_in_the_vampire_bund,3,120,
danfer3,1,120,
dango_hair_ornament,0,120,
dekosukentr,1,120,
denki,1,120,
dickbomber,1,120,leewh1515
dotted_quarter_note,0,120,dotted_crotchet
drunkoak,1,120,
duca,1,120,
duckling,0,120,
false_arm,0,120,
firing_at_viewer,0,120,
florence_nightingale_(santa)_(fate),4,120,florence_nightingale_santa_(fate/grand_order)
fujisawa_takashi,1,120,
ga_rune_pose,0,120,
gigi_d.g.,1,120,"peachifruit,hiimdaisy,peachifruit,hiimdaisy"
ginyu_force_pose,0,120,
golf_ball,0,120,
gorgonzola_(paradisegom),1,120,"parumezan,izanagi_no_okami_(artist)"
grey_tail,0,120,
griseo,4,120,
hand_on_own_throat,0,120,
handlebar,0,120,
harada_makoto,4,120,
haruyukiko,1,120,
hazuki_kyou,1,120,
heracross,4,120,
highly_responsive_to_prayers,3,120,
hiiragi_shinoa,4,120,
hinasumire,1,120,
hiyamizu_yukie,1,120,
holding_hair_ornament,0,120,
interlocked_mars_and_venus_symbols,0,120,"male_symbol_penetrating_female_symbol,mars_symbol_penetrating_venus_symbol"
izra,1,120,
jingai_makyou,3,120,jingaimakyou
kabocha_usagi,1,120,
kageira,1,120,
kakinoki_mikan_(kari),1,120,
kallen_kaslana_(sixth_serenade),4,120,
kannazuki_genshi,1,120,
kase_tomoka,4,120,
kawasaki_kazuhiko,1,120,
kiba_manami,4,120,
kouichi_eiji,1,120,
kurasawa_kyoushou,1,120,
kusakabe_satsuki,4,120,
kyukkyu-kun,4,120,
lachesis_(fire_emblem),4,120,
leg_wings,0,120,
lokman_lam,1,120,
luffyko,4,120,
luna_(my_little_pony),4,120,
mahou_tsukai_no_yome,3,120,the_ancient_magus'_bride
makise_minami,1,120,makise_medaka
maruneko,1,120,
masato_(mirai_koubou),1,120,
matatagi_hayato,4,120,
may,0,120,
medli,4,120,
metroid:_zero_mission,3,120,
mikurun,1,120,
minpei_ichigo,1,120,
miyake_hinata,4,120,
mocha_(snowflake),1,120,
molotov_cocktail,0,120,
monica_kruszewski,4,120,
mosu_(korikan),1,120,
mrdotd,1,120,
msp_sammy,1,120,
mush820823,1,120,
mushroom_hat,0,120,
naruse_maria,4,120,
nidoqueen,4,120,
night_angel_(last_origin),4,120,b-11_night_angel
ninnin_(shishitou),1,120,
noppo,1,120,
nori_gorou,1,120,
ochakai_shin'ya,1,120,ochakai_shinya
oosawa_maria,4,120,
orikuchi_hirata,1,120,origuchi_mizu
ornate,0,120,
peach11_01,1,120,
pickle,0,120,
plant_on_head,0,120,
popon_ta,1,120,
popukar_(arknights),4,120,
potion_(moudamepo),1,120,
primamiya,1,120,
print_sash,0,120,print_obi
prostate,0,120,
pumpkin_scissors,3,120,
ralf_jones,4,120,
ravenclaw,0,120,
recorder_case,0,120,
reno_(biggest_little_cheerleader)_(azur_lane),4,120,
reroi,1,120,leroi
reunion_logo_(arknights),0,120,
revice_driver,0,120,
riki_(xenoblade),4,120,
saga_inu,1,120,
sailor_moon_narikiri_bra_set,0,120,
sand_writing,0,120,
satyr_(granblue_fantasy),4,120,
scar_on_breasts,0,120,
seaking,4,120,
shiki_haruomi,4,120,
shionji_yuuko,4,120,
shirase_maki,4,120,
shirma,4,120,
shizuka_(queen's_blade),4,120,
signal_flag,0,120,naval_flag
skeletal_wings,0,120,bone_wings
solgaleo,4,120,
somersault,0,120,
srw_battle_screen,0,120,
stretched_limb,0,120,
sumeragi_shion,4,120,
suomi_(korvatunturi_pixie)_(girls'_frontline),4,120,
sura_sura,1,120,
takahashi_reiko,4,120,
takahashi_ren,1,120,
takeuma,1,120,
ten'inkou_korin,4,120,
ten_no_hoshi,1,120,
tokyo_sky_tree,0,120,
tsurugi_(the_horizon),1,120,tsurugi_muda
umetsu_yasuomi,1,120,
uno_(game),0,120,
urethral_beads,0,120,
uruo,1,120,
vistake,4,120,
wachi_yuri,4,120,
whistlerx,1,120,
wi-z_garage,1,120,
wild_flower,3,120,
yamase,1,120,
yoru_(yowuyoru),1,120,ei1han
yui_hiroshi,1,120,gundam00uc
yukino_bijin_(umamusume),4,120,
yuukichi,1,120,
zerocastle,1,120,
adell_(disgaea),4,119,
adjusting_hood,0,119,
ai_tenshi_densetsu_wedding_peach,3,119,weddingpeach
akai_kitsune,1,119,"akakitsu,akaikitsune"
akechi_shizuku,1,119,
alternate_size,0,119,
amy_sorel,4,119,
anastasia_(swimsuit_archer)_(third_ascension)_(fate),4,119,
anita_king,4,119,
archeops,4,119,
arudebido,1,119,
asellus_(saga_frontier),4,119,
aura_bella_fiora,4,119,
azuazu_0405,1,119,
bird_costume,0,119,
braviary,4,119,
burgh_(pokemon),4,119,"arty_(pokemon),arti_(pokemon)"
callan_(callancoe),1,119,
cancer_(zjcconan),1,119,
carim_gracia,4,119,
catherine_(fire_emblem),4,119,
centurion_(tank),0,119,
chaosringen,1,119,nguyen_uy_vu
chingling,4,119,
chitose_(usacan),1,119,
claire_harvey,4,119,
clothes_gag,0,119,clothes_gagged
cornelia_(umineko),4,119,
cosmikaizer,1,119,
dark_jewel_(gem_oblivion),1,119,gem_oblivion
delcatty,4,119,
denmark_(hetalia),4,119,
denpaken_pochi,1,119,
diathorn,1,119,
doormat,0,119,
doromame,1,119,uiui_(hage04195)
eagle_spirit_(touhou),4,119,
enomoto_hina,1,119,piyo_cotori
etsunami_kumita,1,119,
female_commander_(azur_lane),4,119,
fire_emblem_(tiger_&_bunny),4,119,
flowerxl,1,119,
formicid,1,119,
fujisaka_kuuki,1,119,
futaba_hazuki,1,119,
fuyuno_kamome,1,119,ouchi_kaeru
gladiator,0,119,gladiatrix
goldowl,1,119,
goron,0,119,
grappling_hook,0,119,
grizz,1,119,
gunkanmaki,0,119,
habara_(danshi_koukousei),4,119,habara_(joshikousei_wa_ijou)
habara_meguru,1,119,
hanazawa_kana,4,119,
harumi_(harumix),1,119,
heart_arms_duo,0,119,
hevn,1,119,
hinata_hibari,1,119,hibari_(horse809cat)
immaterial_and_missing_power,3,119,iamp
individuals_(idolmaster),0,119,individuals
izumi_kouhei,4,119,
izumi_rei,1,119,
jeffrey_cruz,1,119,
kashiwagi_chisame,1,119,
katou_teppei,1,119,
konoe_subaru,4,119,
kosobin,1,119,
krono_tokage,1,119,kurono_tokage
kurono_kito,1,119,
kyouyama_anna,4,119,
lap,0,119,
layer_cake,0,119,layered_cake
leather_strap,0,119,
leo/need_(project_sekai),0,119,
leo_de_la_iglesia,4,119,
leorio_paladiknight,4,119,leorio
lollipop_chainsaw,3,119,
makigai,1,119,fipnlzq5cq3ezfr
makirin,1,119,
mao_(expuella),1,119,
marowak,4,119,
mc_lita,4,119,
melodica,0,119,
menstruation,0,119,
meowstic_(male),4,119,
mint_(arknights),4,119,
mito_mashiro,4,119,
mitsuba_greyvalley,4,119,
mixed_martial_arts,0,119,mma
mmmilk,1,119,
murakami_meishi,1,119,"meiji_(yakusou),yakusou_(loiiiii)"
nakamura_sandayo,1,119,
nancy_lee,4,119,
neko_daruma,1,119,
nichiru,1,119,
nijou_aki,4,119,
nintendo_64,0,119,
nira_(vira),1,119,
nise_maou_kanizeru,4,119,
novady,1,119,nobady
nyuubara_reona,4,119,
okazuwa_shake,1,119,inugami_mokekiyo
orange_peel_(artist),1,119,
orsola_aquinas,4,119,ursula_aquinas
otako_(galko),4,119,ota-ko_(gyaru-ko)
paopa_ship,1,119,
paper_doll,0,119,
patricia_thompson,4,119,
persica_(girls'_frontline),4,119,persica_(girls_frontline)
pincurchin,4,119,
pink_curtains,0,119,
pink_serafuku,0,119,
pixie_(megami_tensei),4,119,
princess_peach_(cosplay),0,119,
rebecca_bluegarden,4,119,
recharging,0,119,
red_panda_girl,0,119,
red_tassel,0,119,
rinhee,1,119,
ryuunosuke_(luckyneco),1,119,tatsuno_ryou
sailor_mercury_(cosplay),0,119,
sakigake!!_cromartie_koukou,3,119,"cromartie_high_school,cromartie"
sakurai_shin'ichi,4,119,sakurai_shinichi
sega_mega_drive,0,119,sega_genesis
segway,0,119,
sesame_seeds,0,119,
shining_musume,3,119,
shinonoko_(tubamecider),1,119,
shirai_hinako,4,119,
single_vambrace,0,119,
skirt_rolled_up,0,119,rolled_up_skirt
south_korean_flag,0,119,
star_guardian_jinx,4,119,
stuffed_chicken,0,119,
subaru_(subachoco),1,119,
t.m.revolution,3,119,
tahra,1,119,kyoung_hwan_kim
takanashi_akihito,1,119,hitsuji
tanaka_hirotaka,1,119,
tanaka_kunihiko,1,119,
terufuu,1,119,
tiankong_pie_ai,1,119,
toki_(hokuto_no_ken),4,119,
tsugumi_(guilty_crown),4,119,
tsukikanade,1,119,
tsuti,1,119,
tugo,1,119,
tunamayochan,1,119,
tusk_act1,4,119,
ty_lee,4,119,
utatane_piko,4,119,
utomo,1,119,
viper_v16,3,119,
wee_(weeyy),1,119,
yaki_mayu,1,119,
yamataka,1,119,
yanase_miyuki,4,119,
yashiro_momoka,4,119,
yaya_hiyayaka,1,119,
yo_mo,1,119,penta5
yukishiro_(hitsuji),1,119,
yumesaki,1,119,
yuna_(sao),4,119,
yuri_leclerc,4,119,
yusao,1,119,
aken,1,118,
amaretto_(girls_und_panzer),4,118,
amasa_mitsunaru,1,118,
angel_gabriel.,1,118,
animegao,0,118,
ao-shiba,1,118,
arykei,1,118,
asashimo_kai_ni_(kancolle),4,118,
ashiya_hiro,1,118,
bijin_onna_joushi_takizawa-san,3,118,
black_leopard_(kemono_friends),4,118,
boy_and_girl_sandwich,0,118,
buruma_under_skirt,0,118,
calculator,0,118,
camera_around_neck,0,118,"camera_hanging_from_neck,camera_on_neck"
carimarica,1,118,zeromomo
carrot_(robosquat),1,118,kyarotto_(zenkixd)
character_single,0,118,
cigarette_kiss,0,118,
comic_x-eros,3,118,
cream_the_rabbit,4,118,
dabi_(dabibubi),1,118,
dark_konoha,4,118,
denchu_(kazudentyu),1,118,
devilman_crybaby,3,118,
digimon_story:_cyber_sleuth,3,118,
dododo_dadada,1,118,
dragon_quest_yuusha_abel_densetsu,3,118,
eden_(honkai_impact),4,118,
eliza_(tekken),4,118,
enoshima_junko_(cosplay),0,118,
essex_(warship_girls_r),4,118,
fankupl,1,118,
fantongjun,1,118,
featherine_augustus_aurora,4,118,
fetus,0,118,
gauna,0,118,
gebijiade_89,1,118,"89_(ning),yoyo2doggness"
gemini_sunrise,4,118,
getter-1,4,118,
gimp_mask,0,118,
goofy,4,118,
gundam_mk_ii,4,118,
habanero_pepper,0,118,habanero
haizai,1,118,takagiri
hanahanamaki,1,118,hanahanaken
hanako_(jibaku_shounen_hanako-kun),4,118,
hanayama_(inunekokawaii),1,118,
hanebado!,3,118,
harenchi,1,118,
hoshi_ori_yume_mirai,3,118,
inaba_himeko,4,118,
indian,0,118,
inigo_(fire_emblem),4,118,azur_(fire_emblem)
iris_mysteria!,3,118,
irohasu_(sasagarasu),1,118,
irouha,1,118,
jake_the_dog,4,118,
jam-orbital,1,118,
japan_racing_association,3,118,
jojobirdz,1,118,
kagari_ayaka,4,118,
kagura_suzu_(.live),4,118,
kaishaku,1,118,
kaita_(mokamilkcup),1,118,
kawakami_shuuichi,1,118,
kisa_(k_isa),1,118,
kodama,4,118,
komadori_renge,4,118,
kondou_isao,4,118,kondo_isao
kouzuki_yuniko,4,118,
kronshtadt_(azur_lane),4,118,
kure_kirika,4,118,
lady_bat,4,118,
laharl-chan,4,118,
lahmu_(fate),4,118,lahmu
lao_meng,1,118,
laphicet_(tales),4,118,
lebring,1,118,
liclac,1,118,
lilith_(fire_emblem),4,118,lilith_(fire_emblem_if)
locon,1,118,
luca_(yu-gi-oh!),4,118,luna_(yu-gi-oh!)
lucie_(millie_parfait),4,118,
lucifer_(shingeki_no_bahamut),4,118,
lunacats,1,118,
macross_zero,3,118,
maeda_koutarou,1,118,
magna_carta,3,118,
malariya,4,118,
mango_(mgo),1,118,
mashinatsu,1,118,
matsuno_chiya,4,118,
meago,1,118,
mechanic_(ragnarok_online),4,118,
meimone,1,118,
migu_(migmig),1,118,
mihatarou,1,118,
minapo,1,118,
misumaru_yurika,4,118,
mochi_(circle_rin),1,118,
moe2020,0,118,
monsters_inc.,3,118,
nanam_(nanam_sk),1,118,
nanami_ayane,1,118,
nappa,4,118,
narumi_yuu_(bunbukudou),1,118,
nash_(na-si),1,118,
niku_(hamuchang),1,118,kako_(bunny-garl)
nishizumi_tsuneo,4,118,
noname_(nowhere),1,118,
nozama_tomoko,4,118,
obei_teitoku,1,118,
object_request,5,118,
ohigetan,1,118,
orange_bullet,1,118,
orange_outline,0,118,
pandarou,1,118,
pantheon_(league_of_legends),4,118,
pastime774,1,118,
pectoral_envy_(meme),0,118,
penguin_maru_(penginmaru),1,118,
plus_step,1,118,yooo
podenco_(arknights),4,118,
project_upd8,3,118,
quinzhee,0,118,
r-type,3,118,
rato,1,118,
rebutsu,1,118,
rem_galeu,4,118,
royalwatts,1,118,
running_on_liquid,0,118,
rutile_(houseki_no_kuni),4,118,
saitou_kengo,1,118,kengo
sakurasawa_yukino,1,118,
sasucchi95,1,118,
satellizer_el_bridget,4,118,bridget_l._satellizer
sawatari_mitsuki,4,118,
scoreboard,0,118,
screenshot,5,118,
shimanoji,1,118,shima_noji_(dash_plus)
shirogane_souju,4,118,
sonsoso,1,118,
sorano_eika,1,118,
soriz,4,118,
spearow,4,118,
sports_sunglasses,0,118,
st_bernard,0,118,
stapled,0,118,
studio,0,118,
sunburn,0,118,
sungwon,1,118,
suzumori,1,118,
suzushiro_haruka,4,118,
takajo_kyoji,4,118,takajou_kyouji
taku_michi,1,118,"taku_dao,takulo"
tamaki_ako,4,118,
terasu_mc,1,118,
toramaru_shou_(tiger),4,118,
trigger_heart_exelica,3,118,
tsukioka_kirio,1,118,
two-handed_sword,0,118,
u-joe,1,118,
ultra_seven_(series),3,118,
uniqlo,3,118,
usuki_(graygreed),1,118,hakumare
visket53,1,118,soapwort
white_horse,0,118,
yamazaki_tsukune,1,118,mi_ri_000
yang_lee,4,118,
yawata_maru_(kancolle),4,118,
yoruhoshi_owl,1,118,owl_(polaris_ilu)
yoshino_momiji,1,118,yosino
yuri_briar,4,118,
zenkoku_seifuku_bishoujo_grand_prix,3,118,
zetsumu,1,118,
ace_rocket,1,117,"ees_(pixiv57894),ace_(hyper_otintin_time)"
aikatsu_on_parade!,3,117,
akihabara_(tokyo),0,117,
amei_sumeru,1,117,
american_flag_panties,0,117,
amulet_heart,4,117,
anchorage_princess,4,117,anchorage_hime
anna_(ikeuchi_tanuma),4,117,
aozora_middle_school_uniform,0,117,
aranea_highwind,4,117,
ardenlolo,1,117,
arkatopia,1,117,
banboro_(technobot),1,117,
bernese_mountain_dog,0,117,
black_mittens,0,117,
bloody_wolf_(elden_ring),4,117,
bowgun,0,117,
bowling_ball,0,117,
broken_egg,0,117,
brown_male_underwear,0,117,brown_underwear_(male)
cabbit,0,117,
chest_tuft,0,117,
children's_book,0,117,
chiyo_goya,1,117,
cooperative_footjob,0,117,multiple_footjob
cum_swap,0,117,"cumswap,snowballing"
cure_coral,4,117,
dancer_(ragnarok_online),4,117,
diving_regulator,0,117,
dominica_s._gentile,4,117,dominica_s_gentile
dough,0,117,
egg_implantation,0,117,
elisabeth_von_wettin,4,117,
equipment_layout,0,117,weapon_loadout
eustass_captain_kid,4,117,
felicia_(vampire)_(cosplay),0,117,
female_protagonist_(pokemon_go)_(cosplay),0,117,
fish_costume,0,117,
fori,1,117,
gamers!,3,117,
ganbaruzoi,0,117,
gatling_santouhei,1,117,
gema,4,117,
ginko_(nico),1,117,
gloss,1,117,
goku_black,4,117,
greenkohgen,1,117,
guardian-panda,1,117,guardian_panda
hat_kid,4,117,
hekicha,1,117,
helios_(sailor_moon),4,117,
heoningu,1,117,
hidezi,1,117,
himegi_you,1,117,
hitmonchan,4,117,
holding_rock,0,117,
honey_and_clover,3,117,
horn_piercing,0,117,
hosoda_naoto,1,117,
hugo_andore,4,117,
ichikawa_saasha,1,117,ichikawa_saasya
isekai_ojisan,3,117,uncle_from_another_world
jack_the_ripper_(fate/apocrypha)_(cosplay),0,117,
jack_van_burace,4,117,
jaga_note,1,117,
jasony,1,117,fishking
jet_ski,0,117,jetski
jinjin,1,117,
jorin,1,117,
joshi_kousei,3,117,"girls_high,joshikousei"
julius_will_kresnik,4,117,
kaerre,4,117,
kaga_(everlasting_killing_stone)_(azur_lane),4,117,
kagami_kira,4,117,
kamazuki_suzuno,4,117,
kanibasami,1,117,
karasawa_toshiyuki,4,117,
kirifrog,1,117,
kitaooji_satsuki,4,117,kitaoji_satsuki
kmitty,1,117,
kousa_(black_tea),1,117,
kurashima_chiyuri,4,117,
kurosaki_ruri,4,117,lulu_obsidian
kyouna,1,117,"xigongxiaozi,noinoi5551"
kyufe,1,117,
lailah_(tales),4,117,
latex_panties,0,117,
leiur_darahim,4,117,
leo_(mafuyu),4,117,
loped,1,117,
lost_technology,3,117,
lycoris_princess,4,117,lycoris_hime
lydia601304,1,117,
machinosuke,1,117,
madobe_nanami,4,117,
maita_rui,4,117,
makita_(twosidegekilove),1,117,twosidegekilove
mao_yu,1,117,neko_sakana
map_(object),0,117,
marisa_(fire_emblem),4,117,marica_(fire_emblem)
martina_crespi,4,117,
matt_(pokemon),4,117,
meloetta_(aria),4,117,
michael_jackson,4,117,
micho,1,117,
mizunashi_hayate,1,117,
mofu-mofu_after_school,3,117,
morisawa_yuu,4,117,
mospeada,3,117,
muscular_child,0,117,"muscular_female_child,muscular_male_child,muscular_loli,muscular_shota"
music_box,0,117,
muunai,1,117,
myu-po,1,117,"miyuuhodoh,miyuu_hodoh"
nabe0721,1,117,
natsume_maya,4,117,
ninamori_eri,4,117,
nip_to_chip,1,117,
s-now,1,117,
nowareno_(higashi_shino),4,117,
numako,1,117,
nut_megu,1,117,
official_cosplay,0,117,
oka_(umanihiki),1,117,
okoge_senbei,1,117,
onoe,1,117,
pacific_racing_team,3,117,
pain_(naruto),4,117,
panties_under_swimsuit,0,117,
pearl_clan_outfit,0,117,
pepperoni,0,117,
pet_shop,4,117,
pressing,0,117,
rackam_(granblue_fantasy),4,117,rakam_(granblue_fantasy)
rassie_s,1,117,
rebecca_streisand,4,117,
rebellion_(sword),0,117,
reido_(reido_c),1,117,
rita_rossweisse_(fallen_rosemary),4,117,
rowen_j._ilbert,4,117,
ryochapu,1,117,
saiko_dagashi,1,117,
saionji_reimi,4,117,
sasurai_susuki,1,117,ryuuri_susuki
satosi,1,117,
sendou_erika,4,117,
shadman,1,117,shadbase
shark_boy,0,117,
shenaidi,1,117,
shiori_(kamioka_shun'ya),4,117,
shirakawa_nanaka,4,117,
sky_cappuccino,1,117,
soccer_field,0,117,
soil,0,117,
stuffed_fox,0,117,
suction_cup_dildo,0,117,
sui_(tsuruhibiki),1,117,
swordfish,0,117,
ta_girls_school_uniform,0,117,
takizawa_kyouko,4,117,
task_owner,1,117,"task_ohna,tasukuoona,tasuku_oona"
tayelle_ebonclaw,4,117,
toma_tokage,1,117,chico152
tondamanuke,1,117,
touge_hiro,1,117,
ttosom,1,117,
uncle_rabbit_ii,1,117,
unyon,1,117,
uramakaron,1,117,
vandread,3,117,
waddle_doo,4,117,
xue_lu,1,117,
ylgr_(fire_emblem),4,117,ylgr_(fire_emblem_heroes)
youjo_(creek_(moon-sky)),4,117,
yutapon,1,117,
akikazu_mizuno,1,116,
akira_(viper),4,116,
amakano_~second_season~,3,116,
andou_ruruka,4,116,
angela_(project_moon),4,116,
aoinu,1,116,
arm_out_of_sleeve,0,116,"single_unworn_sleeve,arm_in_one_sleeve"
axl_low,4,116,
belt_pouch,0,116,
black_knight_(granblue_fantasy),4,116,apollonia_vaar
bleed_through,5,116,
boys_anti_tank_rifle,0,116,
carmelina_(granblue_fantasy),4,116,
ceobe_(unfettered)_(arknights),4,116,
chahei,1,116,
cheong_ha,1,116,
chingisu,1,116,hatakeyama_yoshitaka
choujuushin_gravion,3,116,
chris_re5,1,116,
crystalherb,1,116,
cure_cosmo,4,116,
custom_(cus-tom),1,116,cus-tom
darkpulsegg,1,116,
dewott,4,116,
diablo_3,3,116,
dokshuri,1,116,
drop_trap,0,116,box_trap
eusine_(pokemon),4,116,minaki_(pokemon)
evomanaphy,1,116,
father's_day,0,116,
feiton,1,116,
meat,0,116,
florence_nightingale_(chaldea_lifesavers)_(fate),4,116,
frappuccino,0,116,
furai,1,116,
fusion_swords,0,116,
futaba_hotaru,4,116,
fuyuki_(neigedhiver),1,116,
gambling,0,116,
gegera,1,116,
gertrude_(umineko),4,116,
gimnang,1,116,
ginkgo_guild_uniform,0,116,
gokujou_seitokai,3,116,"best_student_council,gokujoseitokai"
golem_(pokemon),4,116,
goriyaku,1,116,
guttary,1,116,
hachinatsu,1,116,
haneoka_meimi,4,116,
haruyonoto,1,116,
hasegawa_keita,1,116,
heart_pouch,0,116,
hino_ryutaro,1,116,
holding_golf_club,0,116,
hoopa,4,116,
hose_nozzle,0,116,
humiyou,1,116,
hyodo_rena,4,116,hyoudou_rena
hyogonosuke,1,116,
ichimaru_gin,4,116,
ichinose_honami_(youjitsu),4,116,
iron_princess_ymir,4,116,
irotsuya,1,116,
itou_(mogura),1,116,itou_(ito_44_3)
juuban_high_school_uniform,0,116,
kaizoku_sentai_gokaiger,3,116,
kamikaze_explorer!,3,116,kamikaze_explorer
kaminary,1,116,
kanda_aya,1,116,fujisawa_aya
kazakura,1,116,
kingchenxi,1,116,
kirishima_kano,4,116,
kitsune-tsuki_(getter),1,116,getter
kobayashi_ritz,1,116,kobayashi_ritsu
kodama_(mmt_uf),1,116,
kounoike_tsuyoshi,1,116,
koutarosu,1,116,
kriemhild_(fate),4,116,
kuraishi_tanpopo,4,116,
leizi_(arknights),4,116,
leo_(senran_kagura),4,116,
lium,1,116,
mae_(fire_emblem),4,116,
mango,0,116,
marco_albiero,1,116,
marisayaka,1,116,
memekko,1,116,mm2k
memeno,1,116,
metindone,1,116,
milihime_taisen,3,116,
mimizuku_(sky:_children_of_the_light),4,116,
mona_(warioware),4,116,
moonbell,1,116,
moruga,1,116,
mouse_boy,0,116,
muchigaku,3,116,
mulberry_(arknights),4,116,
myuton,1,116,
natasha_romanoff,4,116,
natsume_(menthol),1,116,"ntmrs,natsume_(n-k),72mk"
nectar_(fujiya),1,116,
neptune_symbol,0,116,neptune_sign
nidoran_(female),4,116,
nightmare_cat,1,116,
nimirom,1,116,nimirom_(6403aghm)
nino_(arakawa),4,116,
noein,3,116,
nori_(norimakigumo),1,116,
omegamon,4,116,omnimon
ookanehira_(touken_ranbu),4,116,
orange_male_underwear,0,116,orange_underwear_(male)
oreshika,1,116,
orimura_chifuyu,4,116,
oshino_meme,4,116,
otome_youkai_zakuro,3,116,
palace,0,116,
pedicure,0,116,
persona_q_(series),3,116,
pink_innertube,0,116,
piston_ring,1,116,nishizawa_mizuki
pizza_man,1,116,
pokkora,1,116,
popuru,1,116,
praetor_suit,0,116,
precis_neumann,4,116,
ragequit,0,116,rage_quit
rainbow_print,0,116,
raven_branwen,4,116,
recruiters_(disney),0,116,
renekton,4,116,
rudolph_von_stroheim,4,116,
run_elsie_jewelria,4,116,
sabi_(pokemon),4,116,wasabi_(pokemon)
sakamata,1,116,
sakebuotoko,1,116,
salt_(seasoning),1,116,
sasamaru_chimaki,1,116,marblewars
sei_zenra_jogakuen,3,116,
selena_(fire_emblem_fates),4,116,luna_(fire_emblem_if)
senzaki_ema,4,116,
shiika_sadamasa,1,116,si_ka
shokuyou_koori,1,116,shokoori
silvia_van_hossen,4,116,
single_over-kneehigh,0,116,
slap_mark_on_face,0,116,face_slap_mark
spoken_mars_symbol,0,116,
starting_brighty_(idolmaster),0,116,starting_brighty
strawberry_milk,0,116,
succubus_(ragnarok_online),4,116,succubus_(ro)
sugisaki_yuu,1,116,
suzune_(senran_kagura),4,116,
suzuragi_karin,1,116,
sylphine,1,116,
takapiko,1,116,
takase_mizuki,4,116,
takeuchi_takashi_(style),0,116,
tamaki_mari,4,116,
tamanami_(kancolle),4,116,
target_practice,0,116,
taut_shorts,0,116,
teardrop-framed_glasses,0,116,glasses_with_tear
tirpitz_(warship_girls_r),4,116,
trailer,0,116,
ueda_katsuhito,1,116,
umbrella_(skullgirls),4,116,
unaligned_ears,0,116,
uq_holder!,3,116,
urn,0,116,
urokozuki,1,116,
variable_geo,3,116,
wakamesan,1,116,
white_tiger_(kemono_friends),4,116,
yamato_(battleship),0,116,
yaten_kou,4,116,
yeero,1,116,
yellow_collar,0,116,
yuusha_ou_gaogaigar_final,3,116,"the_king_of_braves_gaogaigar_final,gaogaigar_final"
zygocactus,1,116,zygo_(zygo_cactus)
\(^o^)/,0,116,owata
aihara_shouta,1,115,
ajiro_shinpei,4,115,
akesaka_iku,1,115,ikusan
akiyama_yoshiko,4,115,
alios_arvin,1,115,
amau_(kosmos),1,115,
anchors_(mono_eye_os),1,115,
aneros,0,115,
angel_chromosome_xx,3,115,
arnold_tsang,1,115,
arqa,1,115,
asahi_(uwa),1,115,
ayanami_(niconico)_(azur_lane),4,115,
bad_apple!!,0,115,bad_apple
balflear,4,115,
baniran_dorosu,1,115,
bar_soap,0,115,
bikkuriman_(style),0,115,
black_rock_shooter_(game),3,115,
blindfold_slip,0,115,
captain_liliana,4,115,
charles_babbage_(fate),4,115,charles_babbage_(fate/grand_order)
cherrim_(sunshine),4,115,
chloris_garden,3,115,
cogita_(pokemon),4,115,cogito_(pokemon)
colt_single_action_army,0,115,colt_saa
cow_girl_(goblin_slayer!),4,115,
curtain_call_challenge_(meme),0,115,curtain_call_challenge
dandelion_(girls'_frontline),4,115,dandelion_(girls_frontline)
dark_dream,4,115,
dog_child_(doitsuken),4,115,
dojo,0,115,
drinking_fountain,0,115,drinking_water_fountain
eiken,3,115,
emu_(toran),1,115,
eymbee,1,115,
ezo_brown_bear_(kemono_friends),4,115,
fate_testarossa_(cosplay),0,115,
feng_(skullgirls),4,115,
fujinohara_akihira,1,115,akihira_fujinohara
geso_smith,1,115,
gum_(vivid_garden),1,115,
hamada_kiyo,4,115,hamada_(girls_und_panzer)
hanazuka_ryouji,1,115,hanaduka
hand_around_waist,0,115,
happening18,1,115,rail_a
hario_4,1,115,
hasebe_akira,1,115,
high_score_girl,3,115,
hizuki_miya,1,115,
holding_bomb,0,115,
hosaka_dx,1,115,
impossible_spell_card,3,115,
iwawa,1,115,
j._league,3,115,
jabberwock_(monster_girl_encyclopedia),4,115,
jaffar_(fire_emblem),4,115,
jecht,4,115,
ji_guang-hong,4,115,
jonasan_(bad-t),1,115,
kagaminomachi_no_kaguya,3,115,"kagami_no_machi_no_kaguya,kagaminochou_no_kaguya"
kage_yuu,1,115,
kako_kai_ni_(kancolle),4,115,
kamekoya_sato,1,115,
kayama_benio,1,115,
kitano_tomotoshi,1,115,
klegsart,1,115,
kof:_maximum_impact,3,115,king_of_fighters_maximum_impact
kyokou_suiri,3,115,in/spectre
kyoumachi_seika,4,115,
lana_(hyrule_warriors),4,115,lana_(zelda_musou)
llowoll,1,115,
maintenance_musume_(kancolle),4,115,maintenance_musume_(kantai_collection)
makaimura,3,115,"ghouls_n_ghosts,ghouls_'n_ghosts,ghosts_n_goblins,ghosts_'n_goblins"
makarou,1,115,
mari_(dream_c_club),4,115,
marumi,1,115,
medb_(swimsuit_saber)_(fate),4,115,
merrytail,1,115,
mirage_(rairudiseu),1,115,mirage48291584
mitama_(fire_emblem),4,115,mitama_(fire_emblem_if)
momoiro,1,115,
morino_shoutarou,1,115,
murasaki_saki,1,115,
mushisotisis,1,115,
mustache_print,0,115,
my_life_as_a_teenage_robot,3,115,
nanaran,1,115,
nishigoori_axel,4,115,
nishigoori_loop,4,115,
nishigoori_lutz,4,115,
niwaka_potato,1,115,
noctowl,4,115,
ogino_jun,1,115,
ohihil,1,115,
ozaneko,1,115,
pekoneko,1,115,
pig_ggul,1,115,
portrait_of_exotic_girls,3,115,
puffy_dress,0,115,
punkish_gothic_(idolmaster),0,115,punkish_gothic
red-eyes_macadamiachoco,1,115,
reio_reio,1,115,reio_(reio_reio)
ryuu_ga_gotoku_1,3,115,yakuza_1
sade_abyss,1,115,
sage_(ragnarok_online),4,115,
sailor_mars_(cosplay),0,115,
saolin_(wudangx),1,115,"baharu_(baharux),bihu_(smallpot88),saolin1234,wudangx"
satin_underwear,0,115,
satou_satoru,1,115,
seorang,1,115,pn_pixi
sheep_boy,0,115,
sherryqq,1,115,
shiranui_(azur_lane),4,115,
sima_(startwitch),1,115,"sima_(exavalon00),exavalon00"
sleep_talking,0,115,
sneasler,4,115,
spade-m,1,115,
spear_of_cassius,0,115,
spiral_power,0,115,
strawberry_cake,0,115,
sudou_noboru,1,115,sudo_shinren
tales_weaver,3,115,
tanaka_ken'ichi,1,115,tanaka_kenichi
tapu_lele,4,115,
team_plasma_grunt,4,115,plasma_grunt
toraneko_2,1,115,gyokuourou4414
toward_the_terra,3,115,
toy_sword,0,115,
train_90,1,115,
ukita_uuko,1,115,
utatanecocoa,1,115,
vesperia,1,115,
walkway,0,115,
winchester_model_1897,0,115,
yamaboshi_private_high_school_uniform,0,115,
yaoto,1,115,
yelan_xing_xuan,1,115,yelanxingxuan
yomi_(p&d),4,115,
yukichin,1,115,
zerodiamonds_(voice_actor),1,115,zerodiamonds
a-rise,0,114,
a_maru,1,114,"ikong,unity_(ekvmsp02)"
aegis_(takunomi),4,114,
against_mirror,0,114,
akademeia_uniform,0,114,
akagi_kai_ni_(kancolle),4,114,
akasia,1,114,
amajiki_tamaki,4,114,suneater_(boku_no_hero_academia)
amaya_haruko,4,114,
angelfish,0,114,
animal_on_back,0,114,
anosillus_ii,4,114,
applying_sunscreen,0,114,
aqua_cardigan,0,114,
arata_(xin),1,114,y3010607
aroa_(aroamoyasi),1,114,moyasi3409854
atsuko_(blue_archive),4,114,hakari_atsuko
auko,1,114,
banjo_(banjo-kazooie),4,114,
batatata77,1,114,
beyblade:_burst,3,114,
blood-c,3,114,
body_bridge,0,114,"bridge_pose,back_bridge"
bomi,1,114,
brown_sclera,0,114,
canteen,0,114,
card_between_breasts,0,114,
cave_interior,0,114,
chinese_white_dolphin_(kemono_friends),4,114,
chiyonekoko,1,114,
clover_(lapis_lazure),1,114,
roller_coaster,0,114,
gouguru,1,114,
cress_(pokemon),4,114,corn_(pokemon)
crow_(gravity_daze),4,114,raven_(gravity_rush)
dance_dance_revolution,3,114,
daraz,1,114,daraz18aka
dilation_tape,0,114,
dog_on_head,0,114,
doge,4,114,
dots,0,114,poin
duckman,4,114,
ein_(long_cake),1,114,
incoming_kiss,0,114,
equation,0,114,
etyaduke,1,114,"otyaduke,ochadzuke"
fabri,1,114,
finneon,4,114,
fura,1,114,
ganesha_(fate),4,114,
giga_omega,1,114,tanakaoften
gneisenau_(nightmarish_succubus)_(azur_lane),4,114,
go-kart,0,114,go_kart
gourai,4,114,
granblue_fantasy_(style),0,114,
guest_art,5,114,
gumilkx,1,114,bear_nyanm
habanero-tan,4,114,
hachimitsu_hinako,1,114,
haku_(grimjin),1,114,grimjin
hands_on_another's_knees,0,114,
haseneko,1,114,
haseru_(ginku_mh),1,114,ginku_mh
heart_tail_duo,0,114,
hentai_elf_to_majime_orc,3,114,
hilamaru,1,114,
hinanosuke,1,114,
houkisei,1,114,houkiboshi_(mmjw7432)
iceberg,0,114,
ichijou_ayaka,4,114,
instrument_on_back,0,114,
inward_v,0,114,
itou_shin'ichi,1,114,
izumi_noa,4,114,
jinbe_(one_piece),4,114,jimbei
juliet_starling,4,114,
kakiha_makoto,1,114,kakileaf
kaos_art,1,114,kaos_artgx
kate_(shadows_house),4,114,
kevin.g.tuck,1,114,kerokero00frog
kinoshita_neko,1,114,
kirisita,1,114,
kock_k,1,114,
kohaku_muro,1,114,
kohige,1,114,
kuhouin_murasaki,4,114,
kurohanya_(niliu_chahui),4,114,
kuziaaizuk,1,114,
larxene,4,114,
lavender_dress,0,114,
lesser_panda_(kemono_friends),4,114,
lim_jaejin,1,114,373lim
little_cocon_(umamusume),4,114,
london_inu,1,114,circle_hitori
luzi,1,114,
madara_sai,1,114,
mago_(gengennikoniko),1,114,
maki_soutoki,1,114,
mario_kaneda,1,114,
matsunaka_hiro,1,114,aoshiki
mei-fang,4,114,
meicha,1,114,
meteora_osterreich,4,114,
mina_tepes,4,114,
misha_(pita_ten),4,114,
mitu_yang,1,114,
miyashita_miki,1,114,
monsuu_(hoffman),1,114,
more_more_jump!_(project_sekai),0,114,
nishihara_tetsuya,4,114,
nishimori_yusa,4,114,
npa_(sirokurokuma),1,114,tissue_(pixiv)
nue,0,114,
odysseus_(fate),4,114,odysseus_(fate/grand_order)
ofuda_on_head,0,114,
ogera_okera,1,114,
oono_imo,1,114,g-20800
paperfinger,1,114,
passenger_pigeon_(kemono_friends),4,114,
paundo2,1,114,
pepperbox_revolver,0,114,
pikipek,4,114,
pikurusu,1,114,
polorinken,1,114,
radiostarkiller,1,114,
re:stage!,3,114,
red_carnation,0,114,
red_flag,0,114,
ria,1,114,
rivier_(kuzuyu),4,114,
rong_yi_tan,1,114,
ronye_arabel,4,114,
saginomiya_isumi,4,114,
sanger_zonvolt,4,114,zengar_zombolt
saya_(sayaya),1,114,saya_(pixiv209895)
sd_bigpie,1,114,
secretary-san_(zannen_onna-kanbu_black_general-san),4,114,
shared_coat,0,114,
shichimiya_satone,4,114,
shiina_aoi,1,114,
shimoda_masaya,1,114,
shinanoya_(satanicad),1,114,
shiny_heart_(alice_girls),4,114,
shiratama_dango,1,114,"dangoya_(pixiv31955913),siratama"
shokatsuryou,4,114,
sign_language,0,114,
skipping,0,114,
snowboarding,0,114,
spider-man_(miles_morales),4,114,
standing_on_three_legs,0,114,
sugi_214,1,114,
suzumetarou,1,114,
swimmer_(pokemon),4,114,
swiss_cheese,0,114,
sylphiette_(mushoku_tensei),4,114,
taiko_sticks,0,114,
takanashi_hiyori,1,114,
takaoka_yukari,4,114,
tamaki_(princess_connect!),4,114,miyasaka_tamaki
tenjin_kotone,4,114,
tenjin_kotone_(channel),3,114,
terujirou_(masateruteru),1,114,masateruteru
thea_(nekojira),4,114,
thief_(ragnarok_online),4,114,
tobisawa_misaki,4,114,
tonegawa_yukio,4,114,
toranosuke,1,114,toyonoka
touhou_bougetsushou,3,114,
touhou_sangetsusei,3,114,
transform_(pokemon),0,114,
tsuki_wa_higashi_ni_hi_wa_nishi_ni,3,114,"/hanihani,tsuki_ha_higashi_ni_hi_ha_nishi_ni"
tsukimoto_aoi,1,114,hizikiex
uchida_shou,1,114,
uehara_miyako,4,114,
uzuki_tsukuyo,1,114,
valkyrie_drive_-siren-,3,114,
viktoriya_ivanovna_serebryakov,4,114,
violin_case,0,114,
warashi,1,114,
winona_(pokemon),4,114,nagi_(pokemon)
xude,1,114,
yamadori_ofuu,1,114,
yellowseeds,1,114,
ying_yi,1,114,kvpk5428
yomawari_(series),3,114,
yonoki,1,114,worldless
yoshiron,1,114,zen_(pixiv574100)
yukiiti,1,114,
yukinon_(tsuki_koubou),1,114,
yuri_shoutu,1,114,
yuzuyu_(hyui),1,114,
zener_card,0,114,
ace_combat_zero,3,113,
aer_(tengqiu),1,113,
airsoft,0,113,
akatsuki_blitzkampf,3,113,
alolan_ninetales,4,113,
amakusa_tobari,1,113,
animal_pillow,0,113,
aora,1,113,
asbestos_(arknights),4,113,
athena_(granblue_fantasy),4,113,
auruo_bossard,4,113,
ayahi_4,1,113,
b.c.n.y.,1,113,bcny
bachi,0,113,
baltimore_(muse)_(azur_lane),4,113,
bayashiko,1,113,
bois_de_justice,0,113,
boku_no_kanojo_sensei,3,113,
bolter,0,113,
broken_umbrella,0,113,
brush_stroke,0,113,
cafe_sourire,3,113,
cat_slippers,0,113,
cecile_croomy,4,113,
chahashiraozen,1,113,
chamchami,1,113,
chitose_yuma,4,113,
cicada_block_(meme),0,113,cicada_block
colossus,0,113,
cure_ange,4,113,
danemaru,1,113,hama_yurie
dateko,4,113,
dateya_torahachi,1,113,mokujinn
dead-robot,1,113,shinsuke_arai
delusion_(genshin_impact),0,113,
diamond_cutout,0,113,argyle_cutout
diantha_(granblue_fantasy),4,113,
dog_(duck_hunt),4,113,
domination,0,113,
dream_catcher,0,113,
dvalin_(genshin_impact),4,113,
elf_all-stars_datsuijan,3,113,
elisabeth_blanctorche,4,113,elizabeth_blanchtorche
enma-chan,4,113,
enoki_p,1,113,
facominn,1,113,
feather_collar,0,113,
fiona_belli,4,113,
fish_tattoo,0,113,
flare,0,113,
food_writing,0,113,
fukunaga_yukito,1,113,yukito_(chronicle)
full_metal_jacket,3,113,
futaba_aoi_(naomi),4,113,
garyou,1,113,
gen_(genetrix),1,113,venusgenetrix
gloom_(pokemon),4,113,
gold_belt,0,113,
greave_(asterism),1,113,
grimoire,0,113,
hagino_chiaki,4,113,
happy_(fairy_tail),4,113,
hawkeye_(marvel),4,113,
here_(hr_rz_ggg),1,113,
hino_(2nd_life),1,113,sun_hoshi
hirabaru_kenji,1,113,
homing_(areya),1,113,
honda_tohru,4,113,honda_tooru
hongryeon_(last_origin),4,113,c-77_hongryeon
howa_type_64,0,113,
ibukichi,1,113,
inushima,1,113,
irizaki_mei,4,113,
jin_(sirius-j),1,113,
kaga_kai_ni_(kancolle),4,113,
kagaya_kuki,4,113,
kamishiro_rize,4,113,
kasumi_seiki,1,113,
kazuoki,1,113,
kexue,1,113,doitsu_no_kagaku
khezu,4,113,
kibutsuji_muzan,4,113,
koujima_shikasa,1,113,
kurodeko,1,113,
kuwahara_sayako,4,113,
lone_nape_hair,0,113,
mahou_shoujo_lyrical_nanoha_reflection,3,113,mahou_shoujo_lyrical_nanoha_the_movie_3rd:_reflection
manaka_(pdx),1,113,manaka_toyomu
mario_tennis,3,113,
marsen,1,113,
martinreaction,1,113,
marumai,1,113,
maryquant,1,113,
masaki_itsuki,1,113,
maskwolf,1,113,
matsuo_yuusuke,1,113,
medusa_(rider)_(third_ascension)_(fate),4,113,
meihemu,1,113,
meron,1,113,"yonarita,mero_(marshmelon_puni),marshmelon_puni,u_rei_3"
minami_kenjirou,4,113,
mintoaisu,1,113,
mirufuaa,1,113,f_(milfaaaaa)
miyamaru,1,113,
momo_(breath_of_fire),4,113,
momo_(kancolle),4,113,
momo_no_suidou-sui,1,113,"hakutounomizu,momo_no_suidou_mizu"
moorish_idol,0,113,
moreshan,1,113,
moyachii,1,113,
murabito,1,113,
mutou_mame,1,113,mutou_(94753939)
namisaki_yuka,1,113,
naruse_shiroha,4,113,
natsuki_shuri,1,113,
northampton_(kancolle),4,113,
northern_water_princess,4,113,northern_water_hime
novice_(ragnarok_online),4,113,
oak_leaf,0,113,
odd_taxi,3,113,
ogata_rizu,4,113,
osakabe-hime_(swimsuit_archer)_(second_ascension)_(fate),4,113,
pedestrian_bridge,0,113,
phantasmagoria_of_dim.dream,3,113,
piloting,0,113,
piro,4,113,
piyomon,4,113,biyomon
polilla,1,113,planetapolilla
polpol,1,113,
rana,4,113,
regdic,1,113,mis_res
riju,4,113,
ring_hair_ornament,0,113,
rino_cnc,1,113,
roubai_academy_school_uniform_(old),0,113,
ryuujou_kai_ni_(kancolle),4,113,
ryuuno6,1,113,
saionji_mary,4,113,
sakaki_yumiko,4,113,
sakurasaka,1,113,
satsuki_misuzu,1,113,neko_ga_hamachi_loki
sero_hanta,4,113,cellophane_(boku_no_hero_academia)
shibainu,1,113,
shining_blade,3,113,
shinryou_rei,1,113,shinryo_rei
sierra_mikain,4,113,
sitting_on_hand,0,113,
small_penis_humiliation,0,113,
studded,0,113,
stuffed_mouse,0,113,
subaru_(brand),0,113,
sunset_nostalgie_(idolmaster),0,113,sunset_nostalgie
suzuki_moeko,1,113,
suzuno_naru,1,113,
syringe_gun,0,113,
takao_(d-frag!),4,113,
take_tonbo,1,113,
taru_neko,1,113,mkpower
taser,0,113,
theresa_apocalypse_(luna_kindred),4,113,luna_(honkai_impact)
toasty_scones,1,113,
togusa_masamu,1,113,inono
too_many_scoops,0,113,
too_much_food,0,113,
toraneko,1,113,neko_(hansinn)
toujou_aya,4,113,toujo_aya
unadare,1,113,
utatane_hiroyuki,1,113,
vajra_(object),0,113,
vaporwave,0,113,
wasabi_shoujo,1,113,
xiaobanbei_milk,1,113,
yamako_(state_of_children),1,113,yamako_(artist)
yukimura_chizuru,4,113,
yuri_lowell_(reliable_senior),4,113,
yuria_(kittyluv),1,113,
yuzuyunagi,1,113,
akiyama_hayato,4,112,
alolan_marowak,4,112,
amamiya_manami,4,112,
ambriel_(arknights),4,112,
annelotte_(princess_knight),4,112,
awai_shiro,1,112,aru_gunsou
ashiyu_(ashu-ashu),1,112,
asuka_momoko,4,112,
barbara_gordon,4,112,
biting_hand,0,112,
blaze_(artist),1,112,
bobokuboboku,1,112,
brown_overalls,0,112,
brushing_teeth,0,112,
caisena,1,112,
canvas_2,3,112,canvas2
canyon,0,112,
casshern,4,112,
censored_violence,0,112,
cheese_(cheese_koubou),1,112,sandaru_(gorukusu)
chichi_band,1,112,
cizzi,1,112,
cloak_removed,0,112,
clockwork_rabbit,3,112,
cyphers,3,112,
coffee-milk-moumou,1,112,
colonel_olcott_(fate),4,112,colonel_olcott_(fate/grand_order)
comiket_97,3,112,
crownslayer_(arknights),4,112,
cucco,4,112,
cul,4,112,
dark_sun_gwyndolin,4,112,
dave_cheung,1,112,scribblekid
dennryuurai,1,112,
detective_pikachu_(movie),3,112,
dodrio,4,112,
donkey_ears,0,112,
dragon_arm,0,112,
elma_(xenoblade_x),4,112,
elucidator,0,112,
elza_straherz,4,112,
empty,0,112,
eyewear_around_neck,0,112,
fanshu,1,112,
favonius_sword_(genshin_impact),0,112,
fl_studio,3,112,
foul_detective_satori,3,112,"cheating_detective_satori,hansoku_tantei_satori"
frederica_sawyer,4,112,sawyer_the_cleaner
frey_(rune_factory),4,112,
fuooooo,1,112,
gad_guard,3,112,
ghostly_field_club,3,112,
graysheartart,1,112,
hachiko_of_castling,4,112,
harpie_lady,4,112,
harukaruha,1,112,
head_on_knees,0,112,
high_school_dxd_cross,3,112,
hijirikawa_masato,4,112,
honshou_aru,4,112,
horiizumi_inko,1,112,
horikwawataru,1,112,aya_(547972106)
huge_clitoris,0,112,
hyulla,1,112,nightmadness
idora_(idola),1,112,
japanese_black_bear_(kemono_friends),4,112,
jenson_tw,1,112,
joka_(night_gate),1,112,
kairos+,1,112,
kakuna,4,112,
kami_tora,1,112,
kani_nayuta,4,112,
karo-chan,1,112,
kashi_kosugi,1,112,kenpan
katsumi-kun,1,112,
kava,1,112,kava181
kitamura_(bamboo),1,112,bamboo_(artist)
kiyuu,1,112,youheiogm
kokoyashi,1,112,
kotobuki_utage,1,112,
kouguchi_moto,1,112,
krazehkai,1,112,
kurono_mitsuki,1,112,kurotuki_nn
kurumi_noah,4,112,
kusakabe_mei,4,112,
kyousaku,1,112,
lace-up_thighhighs,0,112,
laguna_loire,4,112,
layered_legwear,0,112,
lazy_eye,0,112,
le_triomphant_(azur_lane),4,112,
leng_wa_guo,1,112,
liar_lawyer,1,112,
licking_navel,0,112,navel_licking
loincloth_lift,0,112,
loli_bushi,1,112,loliwushi
lucy_steel,4,112,
majorina,4,112,
maki_natsuo,4,112,
makoto_(minami-ke),4,112,
mantyke,4,112,
medical_scrubs,0,112,"surgical_scrubs,surgical_gown"
meji_aniki,1,112,
mikicat,1,112,miqi_(nnaf3344)
minazuki_kyouko,4,112,
mito_(calcomer),1,112,mito_(pixiv68132)
model_ship,0,112,
momoiro_taisen_pairon,3,112,
monpuchi,1,112,
moth1,1,112,
mysterious_heroine_x_alter_(third_ascension)_(fate),4,112,
nadja_applefield,4,112,
nagidango,1,112,
nagomian,1,112,
nail_clippers,0,112,
namakawa,1,112,
nameless_bard_(genshin_impact),4,112,
namikawa_kuroha,1,112,
namuko,1,112,
neckerchief_removed,0,112,scarf_removed
nekoha_shizuku,4,112,
nobuchi,1,112,
not_on_shana,1,112,
oboe,0,112,
okujou_no_yurirei-san,3,112,kindred_spirits_on_the_roof
onishima_homare,4,112,
ootani_nonno,1,112,
skitty,4,112,
passionlip_(third_ascension)_(fate),4,112,
peach_panther_(kemono_friends),4,112,
pendulum_clock,0,112,
petra_johanna_lagerkvist,4,112,
petra_leyte,4,112,
picoli1313,1,112,
pink_pajamas,0,112,
pk_(girls'_frontline),4,112,pk_(girls_frontline)
plaid_coat,0,112,
pocky_in_mouth,0,112,
pokopi,1,112,
porom,4,112,
princess_(sekaiju),4,112,
raiden_mei_(lightning_empress),4,112,
raiden_mei_(striker_fulminata),4,112,
ran_straherz,4,112,
rectal_prolapse,0,112,
reiko_holinger,4,112,
remotaro,1,112,
ron_weasley,4,112,
saitou_kaede_(yama_no_susume),4,112,
sakayaki_(burning_soul),1,112,sakayaki_yuuya
saturn_symbol,0,112,saturn_sign
sawarakajin,1,112,
script,0,112,
secretbusiness,1,112,0.8
sekitaku,1,112,
sensory_deprivation,0,112,
servine,4,112,
seteth_(fire_emblem),4,112,
shiratama_kitsune,4,112,
sochie_heim,4,112,
souno_kazuki,1,112,kusano_kaduki
sunday_aki,1,112,akicosmossakasa
swim_swim,4,112,
sybilla,4,112,
sylvanas_windrunner,4,112,
tail_fondling,0,112,
takatsukasa_yue,1,112,
takepon,1,112,
tanyatonya,1,112,
tetopetesone,1,112,
tetrapod,0,112,
theresa_apocalypse_(celestial_hymn),4,112,
thorfinn,4,112,
tonmoh,1,112,
tsukimi_(ryouiki_ridatsu),1,112,
twinbox_school,3,112,
uki_violeta,4,112,
under_umbrella,0,112,
vice_(alchemy_stars),4,112,
vient,1,112,
wakie,1,112,
wargreymon,4,112,
yamada_masaki,1,112,
youhe_hino,1,112,
yubel,4,112,
yurishiro_ginko,4,112,
a_deer_of_nine_colors,3,111,
abomasnow,4,111,
act_(xadachit),1,111,
add_(fate),4,111,add_(lord_el-melloi_ii)
aizen_(syoshiyuki),1,111,
akuta_hinako,4,111,
amano_kusatsu,1,111,
andou_ringo,4,111,
aoi_kyosuke,4,111,aoi_kyousuke
aoi_thomas,1,111,
apple_tree,0,111,
arai_hiroki,1,111,
asahina_mikuru_(adult),4,111,asahina_mikuru_(big)
bai_qi-qsr,1,111,
bankai,0,111,
bd_ayknn,1,111,
beast_boy_(dc),4,111,
black_armband,0,111,
black_cat_(marvel),4,111,
blue_santa_costume,0,111,
carly_nagisa,4,111,
celestia_(my_little_pony),4,111,
cerberus_(last_origin),4,111,
chabudai_(table),0,111,
choi_mochimazzui,4,111,choi_mochi'mazzui
choko_egg,1,111,
cl_(summer_sama),1,111,
clara_dolls_(madoka_magica),4,111,"children_in_the_false_city,children_of_the_fake_city"
climbing_ladder,0,111,
coffee_grinder,0,111,
cone,0,111,
creamy_mami,4,111,
cu_chulainn_(second_ascension)_(fate),4,111,
cupless_babydoll,0,111,
daifuku,0,111,
daisy_(dq),4,111,
danna_(tsukimisou),1,111,
dick_grayson,4,111,
dipper_pines,4,111,
dragon_yukano,4,111,
enumiyaa,1,111,enumiyan
expo2025,3,111,
prosthesis,0,111,prosthetic_limb
fox_print,0,111,
frosmoth,4,111,
funada_kiito,4,111,
giant_penguin_(kemono_friends),4,111,
gradient_bikini,0,111,
grey_pupils,0,111,
grimmsnarl,4,111,
guillotine,0,111,
hands_on_own_legs,0,111,
hare_(blue_archive),4,111,omagari_hare
hazard_stripes,0,111,
herb_bundle,0,111,
hiita_the_fire_charmer,4,111,
hirooka_masaki,1,111,
holding_anchor,0,111,
honey_whip_(module),0,111,
hooded_pajamas,0,111,
hybridmink,1,111,
idia_shroud,4,111,
izayoi_no_hanayome,3,111,
japanese_white-eye,0,111,
jenny_wakeman,4,111,"xj-9,jennifer_wakeman"
kaga_(kancolle)_(cosplay),0,111,
kageharu,1,111,
kajimakoto,1,111,
kamen_rider_black_rx,4,111,
kaolla_su,4,111,
kashiyuka,4,111,
kazuha_nanako,1,111,nanako_(artist)
ken-ji,1,111,freekenji422
kettenkrad,0,111,sdkfz_2
kinniku_buster,0,111,
kinoshita_shizuka,4,111,girl_with_hair_over_one_eye_(k-on!)
klaus_von_reinhertz,4,111,
kokkoro_(real)_(princess_connect!),4,111,
komiya_kuniharu,1,111,komo_(sleepy)
konno_mitsune,4,111,
kumakou,1,111,
kurappii,1,111,
kuri_(animejpholic),1,111,
lee_hoon,4,111,
liita_(dusk_snow),1,111,yamiluna39
lkeris,1,111,
magaeshi,1,111,
maitora,1,111,
manicure,0,111,
mars_(planet),0,111,
masuda_(yousaytwosin),1,111,usaytwosin
medusa_(rider)_(fate)_(cosplay),0,111,
menotama,1,111,
menthako,1,111,menla
mika_melatika,4,111,
mikagura_gakuen_kumikyoku,3,111,
mimori_suzuko,4,111,
minakami_rinka,1,111,
mint_(dewprism),4,111,
mitsukazu_(nijigen_complex),1,111,
miyashiro_sousuke,1,111,
mizuki_yuuma,1,111,
mizukikushou,1,111,
mole_on_leg,0,111,
n_kamui,1,111,
nanakusa,1,111,
neon_genesis_evangelion_gakuen_datenroku,3,111,neon_genesis_evangelion:_campus_apocalypse
niwabuki,1,111,
nocchi_(perfume),4,111,
non-repeating_animation,5,111,non-repeating_gif
nosepass,4,111,
nyantiu,1,111,
nyaou,1,111,
ogawa_maiko,1,111,asaki
orange_sekaii,1,111,
overwatch_(logo),0,111,
pekora_(jashin-chan_dropkick),4,111,
phat_smash,1,111,phatsmash
phenne,1,111,
planted_arrow,0,111,
playground_equipment_(kemono_friends_pavilion),0,111,
pooh,4,111,
power_symbol-shaped_pupils,0,111,
pupi_(rain_prophet),1,111,rain_prophet
ramochi_(auti),1,111,
re_leaf,3,111,
recolored,5,111,
rina_(kemurikusa),4,111,
riyo_servant_(bunnygirl)_(fate),4,111,
rosmino,1,111,
sabotaged_condom,0,111,piercing_condom
saine,1,111,
sakomizu_haruka,4,111,
sakurai_aoi,4,111,
saotome_kazuko,4,111,
sasagawa_(haikaiki),1,111,
satou_(kuso-neet),1,111,
scorpion5050,1,111,woqiluojiang
semikichi,1,111,haniwa_dogu
shiba_yuuki,1,111,
shigure_(fire_emblem),4,111,shigure_(fire_emblem_if)
shiimai,1,111,
shirota69,1,111,
siesta_(tantei_wa_mou_shindeiru),4,111,
sina_(pokemon),4,111,
someyaya,1,111,
sousou,4,111,
spread_anus_under_clothes,0,111,
stalagmite,0,111,
suou_kuyou,4,111,
tadokoro_teppei,1,111,
tail_flower,0,111,
taillow,4,111,
takanashi_hikari,4,111,
takatsuki_kahiro,1,111,
tama_satou,1,111,
tanaka_masayoshi,1,111,
tasting_plate,0,111,
tenko_kuugen,4,111,
terai_(teraimorimori),1,111,
tibino,1,111,
toku_sonchou,1,111,tokucho3130599
tooru_(jux),1,111,
trail,0,111,
triangle_(instrument),0,111,
tsukimori_hiro,1,111,
uchiha_madara,4,111,
utakata,3,111,
venipede,4,111,
wakaba_hinata,4,111,
waltz_(tram),1,111,wrt_(arpaca)
yamada_ichizoku,1,111,fukurokouji
yamada_yui,4,111,
yang_fan,1,111,
yashemao_qishi,1,111,
yottan,1,111,
you06,1,111,
yuksi,1,111,
yuriyuri_(ccc),1,111,
yuuya_(blue_scarab),1,111,hiru_made_ne-tarou
zack_(haiuinndo),1,111,
zed_(league_of_legends),4,111,
zeroillya,1,111,
zurikishi,1,111,
a.t._zero,1,110,haruato
a_(aaaaaaaaaaw),1,110,
absol_(dkqthf),1,110,maou_abusorun
ace_combat_7,3,110,
achakura,4,110,
aka6,1,110,
akagi_rio,1,110,
akane_yuki,1,110,
akatsuki_ikki,1,110,
akatsuki_no_yona,3,110,yona_of_the_dawn
alternate_design,0,110,
aluce,1,110,
amakura_(am_as),1,110,
angel_blade,3,110,
anny_(yoai),1,110,
anti_(ssss.gridman),4,110,
aoba_kozue,4,110,
aoi_yusuke,4,110,aoi_yuusuke
aoihitsuji,1,110,
aono_(aonocrotowa),1,110,
aotsu_karin,1,110,
arachnid,0,110,
artnip,1,110,
atago_kinue,4,110,
ayukko_(forest_village),1,110,
azure_striker_gunvolt_2,3,110,
belt_chain,0,110,
billy_kane,4,110,
black_bridal_gauntlets,0,110,
blitzle,4,110,shimama
blue_corset,0,110,
blue_moon,0,110,
bruno_(pokemon),4,110,shiba_(pokemon)
captain_syrup,4,110,
chao_lingshen,4,110,lingshen_chao
chili_(pokemon),4,110,pod_(pokemon)
chungmechanic,1,110,
cross_akiha,1,110,
crystal_shoujo,1,110,
devil_(housamo),4,110,
digimon_savers,3,110,digimon_data_squad
domestic_na_kanojo,3,110,domestic_girlfriend
donkey,0,110,
ebisu_(dorohedoro),4,110,
eiji_(monochromexd),1,110,
ekm,1,110,
ellipsis_(mitei),1,110,ellipsis_(artist)
evolution_championship_series,3,110,
eye_(okame_nin),4,110,
fct,1,110,
fediel_(granblue_fantasy),4,110,
fingerprint,0,110,
flight_goggles,0,110,
fujimoto_akio,1,110,
fur_bracelet,0,110,
gabumon,4,110,
galarian_rapidash,4,110,
glowworm_(warship_girls_r),4,110,
godzilla_(legendary),4,110,
hanayagi_kaoruko,4,110,
hawlucha,4,110,
hebameki,1,110,
henriette_mystere,4,110,
heybot!,3,110,
hinomoto_reiko,4,110,
holding_shell,0,110,
hood_basket,0,110,in_hood
hop3,1,110,
hoshina_meito,1,110,
iceland_(hetalia),4,110,
idol_time_pripara,3,110,
inika,1,110,
itano_circus,0,110,"roboteching,missile_defense,macross_missile_massacre"
itou_noemi,4,110,
jewelry_bonney,4,110,jewelry_bonnie
johnathan_mar,4,110,jonah_(jormungand)
kaauchi,1,110,pureone000
kainkout,1,110,
kamo_(yokaze),1,110,
kanna_kanaki,1,110,kanna_(pixiv459051)
karuizawa_kei,4,110,
kashi,1,110,
kekekeke,1,110,
kikuchi_michitaka,1,110,asamiya_kia
king_(nadia),4,110,
kinu_(azur_lane),4,110,
kinukawa_chinatsu,4,110,
kotaro-nosuke,1,110,
kotarou_(rakugaki_shirushi),1,110,
kurabayashi_aya,1,110,
kurosawa_kiyotaka,1,110,takashi_kiyoshi
labret_piercing,0,110,
lalala222,1,110,
lene_(fire_emblem),4,110,leen_(fire_emblem)
licking_cum,0,110,"cum_licking,cum_lick"
lino_chang,1,110,0910popo
liumang_tu_shua_p_zhan,1,110,
lo_xueming,1,110,
mafumafu,4,110,
magus_tale,3,110,
martini,0,110,
matador,0,110,
megane_chuu,1,110,
messikid,1,110,
mikasayaki,1,110,
minamoto_no_raikou_(swimsuit_lancer)_(first_ascension)_(fate),4,110,
miriel_(fire_emblem),4,110,
miru,1,110,
peach_maki,4,110,
mona_(genshin_impact)_(cosplay),0,110,
mont_blanc_(heartcatch_ayaya),1,110,
montage,0,110,
nametake,1,110,
nanase_kurumi_(menhera-chan),4,110,
natsuki_coco,1,110,
nekomiya_nono,4,110,
ning_hai_(warship_girls_r),4,110,
ninomae_ina'nis_(artist),1,110,
nise_(basilsis),1,110,"basilsis2,nise_(222)"
otoca_d'or,3,110,otoca_doll
p.i.t.d,1,110,
paprika_private_academy_school_uniform,0,110,
playboy_bunny_swimsuit,0,110,
pokemon_cafe_mix,3,110,
pov_dating,0,110,
pulp_piroshi,1,110,
purple_haze_(stand),4,110,
rahato,1,110,
rean_(r_ean),1,110,
rena_(renasight),1,110,reeena
resident_evil_revelations,3,110,
retweet_(meme),0,110,
rey_(star_wars),4,110,rey_skywalker
rikose,1,110,aoneko
rokushaku_neko,1,110,nekomim1
ruan_chen_yue,1,110,
saeki_sayaka,4,110,
sakuragi_rian,1,110,
sakyumama_(kedama_milk),4,110,
sasuke_(sasuke_no_sato),1,110,sasuke_(artist)
satou_sasara,4,110,
see-through_bra,0,110,sheer_bra
sega_saturn,0,110,
sengoku_kamuri,4,110,
shoji_sakura,1,110,
somejima,1,110,
sonic_boom_(game),3,110,
spiked_shoes,0,110,
starless,3,110,
stiyl_magnus,4,110,
string_tie,0,110,
striped_towel,0,110,
studio_sunadokei,1,110,
subdermal_port,0,110,port_in_body
sumii,1,110,
super_robot_wars_z2,3,110,
suv,1,110,
suzu_(torikissa!),4,110,
tadokoro_megumi,4,110,
tanaka_ginji,1,110,
taroumaru_(genshin_impact),4,110,
theresa_apocalypse_(sakura_rondo),4,110,
they're_not_panties,0,110,
tianel_ent,1,110,
toon_zelda,4,110,
tsukiji,1,110,
unkempt,0,110,
ushas,1,110,
venonat,4,110,
wakazato_haruna,4,110,
wanpaku_pixels,1,110,
warhammer_fantasy,3,110,
weight_gain,0,110,
western_parotia_(kemono_friends),4,110,
wo-class_aircraft_carrier_(cosplay),0,110,wo-class_(kantai_collection)_(cosplay)
yae_kasumi,4,110,yae_sakura_(darkbolt_jonin)
yae_sakura_(darkbolt_jonin),4,110,
yamada_ranga,1,110,
yamaguchi_ugou,1,110,
yanagi_kiyora,4,110,
yu_(bosshi),4,110,
yuuki_terumi,4,110,terumi_(blazblue)
zodiac_(sekaiju),4,110,
aaeru,1,109,
aimori_meguru,1,109,daidai_jamu
akihazama,1,109,
amiya_(guard)_(arknights),4,109,
anal_hook,0,109,
anvil,0,109,
aoandon,4,109,
apostle,1,109,
arisawa_tatsuki,4,109,
asakura_kazumi,4,109,
atelier_lulua,3,109,
badminton,0,109,
beaten,0,109,
blazblue:_calamity_trigger,3,109,
bud_(korovsme),1,109,
burning_love_(phrase),0,109,
camisole_pull,0,109,
chaika_bogdan,4,109,
childhood_friend_(ominaeshi),4,109,
cinque_izumi,4,109,shinku_izumi
clarine_(fire_emblem),4,109,
coldcat.,1,109,
colophon,0,109,
combat_medic_ziegler,4,109,
crusaders_quest,3,109,
cum_on_gloves,0,109,
cure_sparkle,4,109,
dofresh,1,109,
dr._mario_(game),3,109,
dragon_ball_minus,3,109,
dynamite_pussy_cat,1,109,
elizabeth_thompson,4,109,
esu_(tasoesu),1,109,tei_(auntaso)
ethan_(arknights),4,109,
farmer,0,109,
vase,0,109,
forehead_flick,0,109,dekopin
fu_yukari,1,109,
fuji_aoi,4,109,
funnyfunny,1,109,
giant_pangolin_(kemono_friends),4,109,
glue,0,109,
grass_skirt,0,109,
gufu_(guffuumu),1,109,gufu6
halftone_texture,0,109,
harumi_kajika,4,109,
hayabusa_(spacecraft),0,109,
higokumaru,4,109,
himegoto,3,109,
hinazuka_ryou,1,109,
hinomaru_(kotoba),4,109,
hiyori_(princess_connect!),4,109,harusaki_hiyori
hoshina_satoya,1,109,
hototogisu_(hot_to_gis),1,109,ken123456
hua_jianghu_zhi_bei_mo_ting,3,109,
i.t.o_daynamics,1,109,
in_cage,0,109,
incoming_call,0,109,"vibrating_phone,ringing_phone"
inui_nakiru,1,109,
iris_(konosuba),4,109,
iris_(takunomi),4,109,
ishiyuki,1,109,ishiyuki00
izumi_(nagashi),1,109,izumi516
j_young,1,109,ohshit
jiro_(ninetysix),1,109,
jurakin,1,109,
kaieda_hiroshi,1,109,skullbites
kamitsuki_shion,1,109,
kawasaki,0,109,
keikesu,1,109,
kikai_sentai_zenkaiger,3,109,
kobayashi_chizuru,1,109,
kosaka_chihiro,4,109,
kouhei_(sxmas),1,109,
kurano_kun_chi_no_futago_jijou,3,109,
kureha_yuna,4,109,
kuroneko_liger,1,109,
kusano_houki,1,109,"kusayarou,ichika_(ichi_ka0)"
kutsuno,1,109,
kyudoli,1,109,
lab_zero_games,3,109,
lace-trimmed_apron,0,109,
lacrosse,0,109,
little_match_girl,4,109,
luke_skywalker,4,109,
mago,1,109,
maid_leotard,0,109,
mamiina,4,109,
marie_antoinette_(swimsuit_caster)_(third_ascension)_(fate),4,109,
maron_(kagamikunn),1,109,
marshadow,4,109,
medb_(alluring_chief_warden_look)_(fate),4,109,alluring_chief_warden_look
melailai,1,109,
mirea,1,109,
mitsuki_mitsuno,1,109,
mmrailgun,1,109,
monaka_ooji,1,109,
myowa,1,109,
n'doul,4,109,n'dour
nagare_ryoma,4,109,
nakachiruno,1,109,
namamake,1,109,
nanamura,1,109,
naoyama_masaru,1,109,
nashidrop,1,109,san_p.dro
nekoneko,1,109,mayumayunekoneko
nina_(breath_of_fire_i),4,109,nina_i
no_neckwear,0,109,
nonaka_yuki,4,109,
normin_(tales),0,109,
norue,1,109,"norue67,norue6"
noshiro_kai_ni_(kancolle),4,109,
nougami_neuro,4,109,
okapi_(kemono_friends),4,109,
onao,1,109,
onboro_(clunker),1,109,
onigiri_(ocelot),1,109,oni_kiyou
ophelia_(madoka_magica),4,109,
orihime,4,109,
pansear,4,109,baoppu
parent_and_child,0,109,
paseri_(cookie),4,109,
pepper_fever,1,109,
ping_myu_ring_(tandohark),4,109,
pink_bandana,0,109,
play_button,0,109,
pocket_square,0,109,handkerchief_in_breast_pocket
porary,1,109,
psd_available,5,109,
puff_(go!_princess_precure),4,109,
puffy_lips,0,109,
pumps,0,109,
puyopuyo_7,3,109,
reno_(reno_bunnino)_(azur_lane),4,109,
reptile,0,109,
repulse_(azur_lane),4,109,
ritsuki,1,109,
roman_torchwick,4,109,
rope_around_neck,0,109,
runaru,1,109,
saint-louis_(holy_knight's_resplendence)_(azur_lane),4,109,saint-louis_(brilliant_paladin)_(azur_lane)
sekimo,1,109,
shimetta_seiya,1,109,
shin_kouchuu_ouja_mushiking,3,109,
shingetsu_takehito,1,109,takehito_shingetu
shiroyukimajima,1,109,
shocking_party,0,109,
shoohee,1,109,"21498,shohe"
shouhou_(azur_lane),4,109,
siegfried_(granblue_fantasy),4,109,
single_elbow_pad,0,109,
stroller,0,109,
suishin_tenra,1,109,
super_mario_world,3,109,
suzume_(princess_connect!),4,109,amano_suzume
tailblue,4,109,tail_blue
tanupo,1,109,
tatara_kogasa_(umbrella),4,109,
te_toga,1,109,
teeta_j,1,109,
thief,0,109,
tita_russell,4,109,
toe_sucking,0,109,
toketou,1,109,
toma_(shinozaki),1,109,
tomifumi,1,109,
toriningen,4,109,
tower_of_god,3,109,
tsukuyomi_ai,4,109,
ueda_torini,1,109,
unagi_sango,1,109,
utsugi_(skydream),1,109,
valve,0,109,
vault_suit,0,109,
vulcan_(arknights),4,109,
water_tank,0,109,
wei_miao,1,109,
wiping_nose,0,109,
wounds404,1,109,underl
wumumu,1,109,
yamano_(yamanoh),1,109,
yamayoshi_tanosuke,1,109,
yamiko,1,109,
yat_sen_(azur_lane),4,109,
yatani_row,1,109,"daru_daru_d,rowtan"
yellow_quokka,1,109,
yoshioka_mitsuko,1,109,
zamazenta,4,109,
zelsius,4,109,
zhi_zhi/zu_zu,1,109,
abyss_mage_(genshin_impact),4,108,abyss_mage
age_conscious,0,108,
akazukin_chacha,3,108,
amano_hagoromo,1,108,
ambulance,0,108,
aoi_ch.,3,108,
aoi_hana,3,108,
aono_meri,1,108,
arawi_keiichi_(style),0,108,
arsenal,1,108,
asagi_(kabocha_oukoku),1,108,
asahina_momoko,4,108,
asakura_masatoki,1,108,"asakura_g+,asakura_garo"
ayatoki-1,1,108,
ayatori_(aytr),1,108,
azu,1,108,
blue_whale_(kemono_friends),4,108,
bullet_bill,4,108,
bunny_earmuffs,0,108,
burnt_food,0,108,
capybara_girl,0,108,
cellval,4,108,
chevalier_d'eon_(maid_knight)_(fate),4,108,
chibi_maruko-chan,3,108,
chii_aruel,4,108,
chocolate_on_foot,0,108,
chyoling,1,108,
clover_earrings,0,108,
cockatoo,0,108,
command_and_conquer,3,108,
cum_in_bowl,0,108,
cuon_(kuon),1,108,
dark_haruka,4,108,
desaku,1,108,
dildo_gag,0,108,penis_gag
dominator_(gun),0,108,
doskoinpo,1,108,
edmond_(nu_carnival),4,108,
edward_newgate,4,108,whitebeard_(one_piece)
fancybetty,1,108,
feli_(puyopuyo),4,108,
figure_skating_dress,0,108,
fire_axe,0,108,
flay_allster,4,108,
flint_(arknights),4,108,
flying_car,0,108,
furim,1,108,
ganmaganmo,1,108,
garamgum,1,108,
hammann_(rebellious_summer)_(azur_lane),4,108,
hao_(haozz),1,108,haozz
hasune,1,108,
headband_removed,0,108,headgear_removed
higashiyama_kazuko,1,108,
hina_misora,4,108,
hinabita,3,108,
hippogriff,0,108,hippogryph
hiraizumi_(mugenkidousha),1,108,
hiranko,1,108,
hotori_(sion),1,108,
immersed,0,108,
inhye,1,108,
ip_police_tsuduki_chan,3,108,
jarvan_iv_(league_of_legends),4,108,jarvan_lightshield_iv
jong_tu,1,108,
junkyard,0,108,"wrecking_yard,scrapyard,landfill"
juubaori_mashumaro,1,108,
k_kanehira,1,108,
kaiko,4,108,
kaine_(nier)_(cosplay),0,108,
kakimoto_nao,1,108,
kamitani_george,1,108,"kamitani_jouji,george_kamitani"
kamuo,1,108,
kanekan,1,108,"tungsten_(kanekan15),kake_kan"
kashiwagi_azusa,4,108,
katharine_ohare,4,108,
kazumasa,1,108,
kerorira,1,108,
kirarin369,1,108,
kitahara_mio,4,108,
kokorono_arika,1,108,
kratos_aurion,4,108,
krieg_(skullgirls),4,108,
kumoi_takashi,1,108,
lacrosse_stick,0,108,
lafter_frankland,4,108,
lily_bloomerchen,4,108,
lime_(saber_j),4,108,
magician_(china),1,108,
makihara_arina,4,108,
march_hare_(alice_in_wonderland),4,108,march_hare
marufuji_ryou,4,108,
marui,1,108,
mathiamo13,1,108,
meimu_(infinity),1,108,
meteorite_(arknights),4,108,
mileina_vashti,4,108,
miri_(cherryjelly),1,108,bitikara
misaki_yuu,1,108,
miyawaki_sana,4,108,
moyan,1,108,
munseonghwa,1,108,
muramasa_mikado,1,108,
murrue_ramius,4,108,
muska,4,108,
nail_biting,0,108,nail_bite
nanakura_nanane,1,108,
natsumi_(ragtime),1,108,
natsunagi_takaki,1,108,
nazo_(mystery),1,108,
orianna_(league_of_legends),4,108,orianna_reveck
oscar_francois_de_jarjayes,4,108,
osmanthus_blade,0,108,
otsukare,1,108,
ougi_(ihayasaka),1,108,
oz_ma33,1,108,oz_(user_zakk5472)
paladin,0,108,
pamphlet,0,108,
panties_around_one_finger,0,108,
papico_(ice_cream),3,108,
queen_aldra,4,108,
rankasei,1,108,
reichsadler,0,108,"nazi_eagle,parteiadler"
riki6,1,108,
roasting,0,108,
rosia_(show_by_rock!!),4,108,
ryu_shou,1,108,
sabamori,1,108,sabamori55
saimon_tamaki,4,108,
sakura_(doors),1,108,
sayama_yoshiki,1,108,
scavenger_(arknights),4,108,
schierke_(berserk),4,108,
senoo_aiko,4,108,
sentape,1,108,
setona_(daice),1,108,
settyaro,1,108,
shangri-la_(azur_lane),4,108,
shiitake_(love_live!_sunshine!!),4,108,
sizma,1,108,oasys
sket_dance,3,108,
soulcalibur_iii,3,108,soul_calibur_iii
spartacus_(fate),4,108,
spinarak,4,108,
spinda,4,108,
substance20,1,108,
sun_wukong_(cosplay),0,108,
super_famicom_gamepad,0,108,
super_sailor_saturn,4,108,
takayama_kisai,1,108,
tamezou,1,108,
tangrowth,4,108,
team_spica's_trainer,4,108,
tiese_schtrinen,4,108,
tinker_bell_(disney),4,108,"tinkerbell,tinkerbell_(disney)"
toichi,1,108,
tsukimi_50,1,108,
wallace_pires,1,108,
weisuoxin,1,108,
wii_u,0,108,
yaoyao_(genshin_impact),4,108,
yasaka_shuu,1,108,
yatsu_murasaki,4,108,
yonah,4,108,
yoshikita_popuri,1,108,
yoshizawa_hikoto,1,108,
yutohiroya,1,108,
zambiie,1,108,
zbura,1,108,
zuko,4,108,
abiko_yuuji,1,107,
aiba_asagi,4,107,
aida_yuu,1,107,aida_yu
aikawa_ruru,1,107,
aizawa_chizuru,4,107,
akazaki_yasuma,1,107,
akino_(princess_connect!),4,107,toudou_akino
almeida_(granblue_fantasy),4,107,
amano_tora,4,107,
andrewcockroach,1,107,andrea_cofrancesco
angelise_reiter,4,107,
ankle_flower,0,107,
annie_mei,4,107,
aogiri_koukou_game_club,3,107,
aoi_yun,1,107,
artery_gear,3,107,armor_girls
azelweien,1,107,
bail,1,107,
bastion_(overwatch),4,107,sst_laboratories_siege_automaton_e54
beyond_the_vibes_(idolmaster),0,107,beyond_the_vibes
blue21,1,107,
bootjob,0,107,
breast_sucking_through_clothes,0,107,
bride_(fire_emblem),0,107,
bugles,0,107,
c_(rahit),1,107,
camouflage_tank_top,0,107,
carp,0,107,
chef_no_kimagure_salad,1,107,
chiriko_(atlanta),4,107,
chiroron,1,107,
chocolate_on_pussy,0,107,
chtholly_nota_seniorious,4,107,
claudia_hortensia,4,107,claudia_ortensia
cocoon,0,107,
combusken,4,107,
comet_(teamon),1,107,
commander_shepard_(female),4,107,femshep
comparison,0,107,
daigoman,1,107,
kuro_yanagi,1,107,
data_(mega_man),4,107,data_(rockman_dash)
ddt_(darktrident),1,107,
deino_(pokemon),4,107,
detroit:_become_human,3,107,
deyuyama,1,107,deyu_(aytms)
digital_camera,0,107,
dirty_ero,1,107,becurvello
dore_(gilles_dore),1,107,myo_ne
dororon_enma-kun,3,107,ghastly_prince_enma_burning_up
dunbine,4,107,
dungeon_toaster,1,107,
durin_(arknights),4,107,
duto,1,107,choi_hyochan
earthworm,0,107,
echigo_mitsutaka,1,107,
eien_no_aselia,3,107,eien_no_aseria
elijah_baley,4,107,
face_in_hands,0,107,
fantastic_beasts_and_where_to_find_them,3,107,
fe_(tetsu),1,107,
finger_horns,0,107,
fubuki_(blue_archive),4,107,nemugaki_fubuki
fujibejifu,1,107,
fujimaru_(green_sparrow),1,107,
fukasaku_aoi,4,107,
fukumitsu_(kirarirorustar),1,107,"fukumitsu_0025,kirariroru_star"
fusou_kai_ni_(kancolle),4,107,
gangsta_hold,0,107,sideways_gun
gawr_gura_(cosplay),0,107,
gedoooo,1,107,
godot_(ace_attorney),4,107,godot
golden_retriever,0,107,
goshuushou-sama_ninomiya-kun,3,107,good_luck!_ninomiya-kun
grimmelsdathird,1,107,
guardians_of_the_galaxy,3,107,
gum_(jsr),4,107,
hammerhead_shark,0,107,
hands_under_legs,0,107,
hani_haya,1,107,hanbenp
heriyama,1,107,
highleg_buruma,0,107,
himejima_gyoumei,4,107,
himeno_mikoto,4,107,
honda_takeshi,1,107,
hoshi_mikan,1,107,mitsunagami
hoshimiya_mukuro,4,107,
hoshino_lily,1,107,mushiba
hover_vehicle,0,107,
hozumi_rino,1,107,lemon_honey1013
hrothgar,0,107,
ichinose_(sorario),1,107,
impossible_vest,0,107,
independence_(azur_lane),4,107,
inui_shinju,4,107,
ishizu_ishtar,4,107,
izumi_kanata,4,107,
jean_(gunnhildr's_legacy)_(genshin_impact),4,107,
jedah_dohma,4,107,
jin_nai,1,107,
jixing_renou,1,107,
jorori,1,107,
julietta_juris,4,107,
kagura_mutsuki,4,107,
kamishiro_mai_(capti-no),1,107,shiromeshi_1995
kannagi_cocoa,4,107,cocoa_(toba)
kasu_kazu,1,107,kasukazu
keith_claes,4,107,
kitchen_hood,0,107,exhaust_hood
kumamon,4,107,
kunitori,1,107,
kunizuka_yayoi,4,107,
kurebayashi_juri,4,107,
kuro_the_divine_heir,4,107,
kusari_hime:_euthanasia,3,107,
landing_gear,0,107,
lavender_panties,0,107,
lee_sin,4,107,
lemrina_vers_envers,4,107,
leotard_lift,0,107,
nat_the_lich,1,107,
lovely_x_cation,3,107,
lyza_(made_in_abyss),4,107,
macne_series,3,107,macloid
magnezone,4,107,
mao_(disgaea),4,107,
marcy_(chrono_cross),4,107,
maro_nie,1,107,
matsushita,4,107,
mechrailgun,1,107,
mejiro_mcqueen_(end_of_sky)_(umamusume),4,107,
metallican,1,107,
mid-autumn_festival,0,107,zhongqiu_jie
milim_nova,1,107,
milin_(orange_maru),1,107,imp_(sksalfl132)
military_coat,0,107,
mirufui,1,107,
miya_ur,1,107,
miyakawa106,1,107,
miyama_yuuna,4,107,
mochizuki_mina,1,107,
mountain_pukuichi,1,107,
mouth_insertion,0,107,
multicolored_bowtie,0,107,
murasaki_nyaa,1,107,
muromaki,1,107,"muromaki_(doberman),mrmk_z"
nagata_gata,1,107,
naoko_(naonocoto),1,107,noako
nisego,1,107,
noveske_n4,1,107,
oolay-tiger_(voice_actor),1,107,oolay-tiger
orange_(bibiko),1,107,
organ_(instrument),0,107,
ovelia_atkascha,4,107,
ozu_yugurou,1,107,
party_horn,0,107,party_blower
patrat,4,107,
peter_pan_(disney),4,107,
picket_fence,0,107,
pillow_(nutsfool),1,107,
porsche,0,107,
precia_testarossa,4,107,
price_list,0,107,
quarterlift,1,107,
queen_(band),3,107,
rapa_(heisei_strawberry),1,107,
rauto,1,107,
red_tube_top,0,107,
rookidee,4,107,
rororogi_mogera,1,107,rororogi_mogura
sabrith_ebonclaw,4,107,
sakuramochi1003,1,107,
sakuramori_sumomo,1,107,
saltyicecream,1,107,
sandslash,4,107,
satake_shougo,4,107,
sawada_manami,4,107,
seisen_cerberus,3,107,
senya_fuurin,1,107,
sharing,0,107,
shiba_yuuji,1,107,
shiguang_dailiren,3,107,link_click
shirogane_sara,4,107,
shoe-ji,1,107,
sitting_on_arm,0,107,
snake_boy,0,107,
spyke_(splatoon),4,107,daunii_(splatoon)
stare_down,0,107,
strea_(sao),4,107,
suke_(share_koube),1,107,
suzuki_jirou,1,107,suzuki_jiro
suzumiya_haruhi_(young),4,107,
suzuna_(princess_connect!),4,107,minami_suzuna
swimsuit_over_clothes,0,107,
tamandua_tail,0,107,
tenryuu_(kancolle)_(cosplay),0,107,
toda_kazuki,1,107,
ume_(datsuryokugen),1,107,datsuryokugen
valerie_(pokemon),4,107,mache_(pokemon)
wolf's_gravestone_(genshin_impact),0,107,
xiaolang,4,107,syaoran
yai_(hachihito),1,107,
yamagami_lucy,4,107,"yamagami_lucy_kimiko_akie_airi_shiori_rinne_yoshiho_chihoko_ayano_fumika_chitose_sanae_mikiko_ichika_yukino_reina_eri_ai_tamiko_chikage_emilia_julia_shizue_erina_chisa_yumeka_natsuki_ranran_rieko_setsuri_chikako_azumi_marina_hideko_chiaki_misaki_naomi_campbell_miku_yuka_masako_sachiko_nana_mutsumi_haruka_yuna_shimako_yukie_rin_sakura_kanna_wakana_hazuki_hanami_ruri_mihane_momoka_himari_nozomi_futaba_mayuyu_ayano_(ry,yamagami_lucy_kimiko_akie_airi_shiori_rinne_yoshiho_ayano_tomika_chitose_sanae_mikiko_ichika"
yamano_sachi,1,107,
yamato_(kancolle)_(cosplay),0,107,
youmu-kun,1,107,
yozakura_tama,4,107,
yukitsuki_kokoro,1,107,
yukiyoshi_mamizu,1,107,
yurigasaki_lulu,4,107,
yuugen_no_tei,1,107,
zero-go,1,107,
zero_(zero_kara_hajimeru_mahou_no_sho),4,107,
zhaoyebai,1,107,
agovitch,1,106,
aisaka_sayo,4,106,
aki_eda,1,106,
algerie_(white_sand_paradise)_(azur_lane),4,106,algerie_(white_sand_angel)_(azur_lane)
all-out_attack,0,106,all_out_attack
amesawa_mokke,1,106,
an-telin,1,106,
andou_tomoya,1,106,
andy_bogard,4,106,
anoa,1,106,
arctic_fox_(kemono_friends),4,106,
ashu,1,106,
ayuanlv,1,106,
been,1,106,
blue_angel,4,106,
broken_cup,0,106,
buntan,1,106,
cactus,0,106,
caiman_pool,1,106,caiman-pool
cat_stretch,0,106,
cheek_biting,0,106,
chikugen_shiina,1,106,
chuzenji,1,106,
clear_card,0,106,
comiket_88,3,106,
cradily,4,106,
cuivre,1,106,
deep_aqua_mirror,0,106,
demon_pillar_(fate),4,106,demon_pillar_(fate/grand_order)
destiny_(game),3,106,
dive_to_zone,3,106,
double_insertion,0,106,
eichisu,1,106,
eien_no_sai_tori,1,106,
ekaterina_kurae,4,106,
electivire,4,106,
electrostimulation,0,106,
elise_(league_of_legends),4,106,
emoto_reishi,1,106,
epi_zero,1,106,
eun_(elsword),4,106,
evangelyne,4,106,
evolutionary_stone,0,106,
falinks,4,106,
fan_over_face,0,106,
floette,4,106,
flower_tact,0,106,
fujimaru_ritsuka_(female)_(mage's_association_uniform),4,106,
fujimaru_ritsuka_(male)_(mage's_association_uniform),4,106,
fujisaki_shiori,4,106,
fuuga_(perv_rsity),1,106,
gears_of_war,3,106,
gundam_arsenal_base,3,106,
hand_on_goggles,0,106,
hands_on_own_shoulders,0,106,
hanshin_tigers,3,106,
hataraki_ari,1,106,
higa423,1,106,metyayurusu
hikosan,1,106,
hime_granzchesta,4,106,president_hime
himuhino,1,106,cursedpairing
hobby_(azur_lane),4,106,
holding_bullet,0,106,
hoshi_rasuku,1,106,
hurdle,0,106,
hyde_(under_night_in-birth),4,106,
ignite_module,0,106,
ippus,1,106,na_young_lee
isabelle_(shadowverse),4,106,
issho_ni_training,3,106,
japanese_otter_(kemono_friends),4,106,
josie_rizal,4,106,
kage_houshi,1,106,
kamen_rider_saber_(series),3,106,
shenmue,3,106,
katsura_masakazu,1,106,
kazami_kazuki,4,106,
keihh,1,106,
ken_marinaris,4,106,
kiyoura_setsuna,4,106,
klonoa,4,106,
koomoi,1,106,shinsoyori
kuroshiro00,1,106,
kururi,1,106,kururirura
kurusugawa_serika,4,106,
kyoichi_(live_a_hero),4,106,
ladybug_(character),4,106,
laundry_dragonmaid,4,106,
luck_&_logic,3,106,
maitou,1,106,
marie_antoinette_(swimsuit_caster)_(second_ascension)_(fate),4,106,
marriage_certificate,0,106,
matsuo_yukihiro,1,106,
may_chang,4,106,
measuring_cup,0,106,
mem,1,106,memory
miho_(last_origin),4,106,t-14_miho
misako_(kunio-kun),4,106,
mizuyoukan_(mikususannda),1,106,
monoto,1,106,
moro_no_ichizoku,4,106,
moutama,1,106,
murakami_natsumi,4,106,
nakajima_ryou,1,106,
nakajima_youko,4,106,
nana_(manaita_koumuten),1,106,
netamaru,1,106,
nishino_eri,1,106,eliot_c_f
northern_goshawk_(kemono_friends),4,106,
nuneno,1,106,
ogami,1,106,
okawaii_koto,0,106,how_cute_(kaguya-sama)
olga_discordia,4,106,origa_discordia
oono_mayu,4,106,
oriana_thomason,4,106,oriana_thompson
panty_gag,0,106,"pantygag,panty_gagged"
pirates_of_the_caribbean,3,106,
princess_hilda,4,106,
project_krone_(idolmaster),0,106,project_krone
puton,1,106,
qinshi-ji,1,106,
queen_of_sunlight_gwynevere,4,106,gwynevere_(dark_souls)
reptile_boy,0,106,lizard_boy
revali,4,106,
ribbon_girl_(arms),4,106,
riyun_(halodark),1,106,halodark
robo8,1,106,
rouge_(makeup),0,106,blush_(makeup)
sadida,4,106,
sahara386,1,106,
sailor_star_fighter,4,106,
saitou_chiwa,4,106,saito_chiwa
sangou_shizuku,4,106,
saotome_genma_(panda),4,106,
saotome_mary,4,106,saotome_meari
saturndxy,1,106,
schwarz_(skyline)_(arknights),4,106,
seascape,0,106,
shaa,1,106,
shimakoma,1,106,
shinei_nouzen,4,106,
shirane_taito,1,106,
shiron_(shiro_n),1,106,
siqi_(miharuu),1,106,aoki_(miharuu)
sonchi,1,106,
sora_(silent_square),1,106,
sterkenburg_cranach,4,106,
straizo,4,106,straits
sui_(petit_comet),1,106,
svc_chaos,3,106,
takada_akemi,1,106,
take_(illustrator),1,106,
the_beatles,3,106,beatles
thomas_the_tank_engine,4,106,
tooya_daisuke,1,106,
trance_tina_branford,4,106,
tsukimonogatari,3,106,
tutou_jiang,1,106,
ultimate_madoka_(cosplay),0,106,goddess_madoka_(cosplay)
umeboshi_(lazy_lazy),1,106,
un-known_(ninesix),1,106,"unknown_(pixiv315238),unknown_(artist)"
vietnam_war,0,106,
vitaminechan,1,106,
vittorio_veneto_(the_flower_of_la_spezia)_(azur_lane),4,106,
volyz,1,106,
wash_cloth,0,106,
wendy_o._koopa,4,106,
winged_bag,0,106,winged_backpack
wolksheep,1,106,wox
xiaji,1,106,
yakibuta_(shimapow),1,106,vorpal-duck
yakumo_ran_(cosplay),0,106,
yamaguchi_kisaragi,4,106,
yamaguchi_satoshi,1,106,
yamashita_jiro,4,106,yamashita_jirou
yokkora,1,106,
zebrablack,1,106,
zhiyou_ruozhe,1,106,
zone_(artist),1,106,"z0ne,zone-archive"
neon_palette,0,106,
aimitsu_(ibityuttyu),1,105,ibityuttyu
akisoba,1,105,"akisoba_(circus),isizuaki"
apple_ringo,1,105,
arrow_print,0,105,
artoria_pendragon_(swimsuit_ruler)_(fate)_(cosplay),0,105,
asakura_kukuri,1,105,
azmodan,1,105,
bangalore_(apex_legends),4,105,
behoimi,4,105,
black_bean,1,105,
blazer_removed,0,105,
blue_delmo,4,105,
blue_rose_sword,0,105,
united_kingdom,0,105,british
bronya_zaychik_(wolf's_dawn),4,105,
bug_bite,0,105,mosquito_bite
burger_hair_ornament,0,105,
busujima_(kusahana),1,105,
caenis_(swimsuit_rider)_(first_ascension)_(fate),4,105,
carleen_(alchemy_stars),4,105,
cassiopeia_(league_of_legends),4,105,cassiopeia_du_couteau
chest_mouth,0,105,
chinyan,1,105,
collaboration_request,5,105,
cra,4,105,
crested_porcupine_(kemono_friends),4,105,
cure_la_mer,4,105,
darmanitan,4,105,hihidaruma
de_da_xianyu,1,105,
devola,4,105,
dimension_witch_(elsword),4,105,
dm_(dai_miao),1,105,damiaoermiao
doppel_(monster_musume),4,105,
drayden_(pokemon),4,105,shaga_(pokemon)
duck_(duck_hunt),4,105,
formula_one,3,105,formula_1
frillish_(male),4,105,
frozen_lake,0,105,
fujiki_maka,4,105,
fukushima_masayasu,1,105,
fur-trimmed_choker,0,105,
gager_(girls'_frontline),4,105,gager_(girls_frontline)
gatchapowa,1,105,
mallet,0,105,
gengorou,1,105,
gomamon,4,105,
greedent,4,105,
grimmjow_jaegerjaquez,4,105,"grimmjow_jeagerjaques,grimmjow_jaegerjaques,grimmjow,grimmjow_jaggerjack"
gunbuster,4,105,
hakomaru_(pandora_box),1,105,
hasaha,4,105,
hat_leaf,0,105,
hatsune_negame,1,105,yuta1147
hinooka_shuuji,1,105,hinooka_shuji
hishigata,1,105,
hoppe_illust,1,105,
ichino_tomizuki,1,105,kaboplus_ko
id_:invaded,3,105,
in_sack,0,105,sackgirl
inari_(ambercrown),1,105,
ishida_uryuu,4,105,
ishimari,1,105,stein_ball
isuzu_(log_horizon),4,105,
izumo,3,105,
kaiki_deishuu,4,105,
kankito,1,105,
karakuzu_red,1,105,
karasuma_chitose_(girlish_number),4,105,karasuma_chitose_(gi(a)rlish_number)
kawa_mura,1,105,
kay_(utd),1,105,
kazuhiro_(tiramisu),1,105,sufingo
kiana_kaslana_(divine_prayer),4,105,
kida_yuu,1,105,kida_yu
kitsune_udon,0,105,
kobayashi_nyoromichi,1,105,
komugi_(lee),4,105,
kon_futaba,4,105,
konohana_hikari,4,105,
konpotsu,1,105,
kotohara_hinari,4,105,
koumo,1,105,
kouyama_mitsuki,4,105,
kriem,4,105,
kumehara_chiyota,1,105,
kurahashi_riko,4,105,
kusahagane,1,105,
kyouichi,1,105,
leilin,1,105,
leonardo_da_vinci_(swimsuit_ruler)_(fate),4,105,
lili_mdoki,1,105,
lowlight_kirilenko,1,105,hai_mao
mad_max:_fury_road,3,105,
maggi,1,105,
mako-chan_(minami-ke),4,105,
maribelle_(fire_emblem),4,105,mariabel_(fire_emblem)
mia_flatpaddy,4,105,mia_(syroh)
might_guy,4,105,maito_gai
milk_(cookie),4,105,
mini_cooper,0,105,austin_mini
misaka_(missa),1,105,
mixing_console,0,105,"mixer_(console),mixing_table"
moa_(show_by_rock!!),4,105,
mono_(recall),1,105,
mori_airi,1,105,
morisoban,1,105,
moriyama_shijimi,1,105,chiku-wa
museum,0,105,
nasus,4,105,
natsuki_mikuru,4,105,
nona,1,105,
not_for_sale,0,105,
nuernberg_(azur_lane),4,105,nurnberg_(azur_lane)
officer_caitlyn,4,105,
okano_kei,4,105,
omastar,4,105,
on_plate,0,105,girl_on_a_plate
oribe_shiori,4,105,
ouroboros_(granblue_fantasy),4,105,
ozu_kanon,4,105,
paper_mario_64,3,105,
pixiv_fate/grand_order_contest_1,3,105,
plastic_bottle,0,105,
polt,4,105,
popola,4,105,
porkjinta,1,105,
pride_(fma),4,105,
prophet_chu,1,105,
red_lipstick_tube,0,105,
regition,1,105,
rowing,0,105,
sakakura_(sariri),1,105,"sakage_souko,sakage"
saren_(real)_(princess_connect!),4,105,
seffyna,4,105,
self-propelled_artillery,0,105,
senjou_no_valkyria_4,3,105,
seraphim_(kore_wa_zombie_desu_ka?),4,105,
seto_(asils),1,105,
shimotsuki_keisuke,1,105,
shin_kawasaki,1,105,
shitou,1,105,
skirt_under_dress,0,105,
snowflake_choker,0,105,
sousou_no_frieren,3,105,frieren:_beyond_journey's_end
space_invaders,3,105,
sugiura_midori,4,105,
sumomomo_momomo,3,105,sumomomomomomo
takamatsu,4,105,
takami_akio,1,105,
taki_eri,4,105,girl_who_sits_in_front_of_ritsu_(k-on!)
takuan,0,105,
tamayume,1,105,seisei_tamago
tansan_daisuki,1,105,
tetsu_tissue,1,105,
the_hermit,1,105,
theodor_bachstein,4,105,
tian_guan_ci_fu,3,105,
timer,0,105,
tiramisu,0,105,
tora_tentei,4,105,
torajimaneko,1,105,
tropical_liquor,3,105,
twoframe,1,105,
twogie,1,105,
ukrainian_flag,0,105,
umeno_ryuuji,1,105,
wheelbarrow,0,105,
unidentified_nk,1,105,
ursica,1,105,everfornever
urubida,4,105,
uzukinoko,1,105,
valkenhayn_r._hellsing,4,105,
vetina,1,105,
winged_backpack,0,105,
world's_end_dancehall_(vocaloid),3,105,
xia_you_qing,4,105,
yada_ei,1,105,
yaise,1,105,
yamanbagiri_chougi,4,105,
yarizui_sen,4,105,
yokohachi,1,105,
yonoisan,1,105,
yoshizane_akihiro,1,105,
yotsuboshi_academy_uniform,0,105,
yudaoshan,1,105,
yukihiro,1,105,
yukimi_unagi,1,105,
yukimura_tsubame,1,105,
yurun,1,105,
abaraya,1,104,
action_taimanin,3,104,
adjusting_collar,0,104,
aikawa_arisa,1,104,
aimaina,4,104,
akitsuchi_shien,1,104,
albert_wesker,4,104,
amano_megumi,4,104,
amano_megumi_wa_suki_darake!,3,104,
anal_ball_wear,0,104,
ao_iro,1,104,
aoki_shin,1,104,
argyle_sweater_vest,0,104,
arlonn,1,104,
artoria_pendragon_(alter_swimsuit_rider)_(fate)_(cosplay),0,104,
arts_shirt,0,104,
asai_miki,4,104,
asakura_you,4,104,
astrologian_(final_fantasy),4,104,
atelier_shallie,3,104,
atom_(tetsuwan_atom),4,104,astro_(astro_boy)
auui,1,104,
azura_cecillia,4,104,
bakuhatsu_bros.,1,104,
banba_mahiru,4,104,
bianca_(pokemon_heroes),4,104,"bianca_(pokemon_m05),kanon_(pokemon)"
black-headed_ibis_(kemono_friends),4,104,
black_battler,4,104,
black_lilith_(last_origin),4,104,black_lilith
blooper_(mario),4,104,
brush_(medium),5,104,
bullet_necklace,0,104,
chachie,1,104,
chamu_(chammkue),1,104,
charlotte_izoard,4,104,
cheek-to-breast,0,104,
chijo,0,104,
chunrijun_(springer),1,104,
clair_lasbard,4,104,
codename:_kids_next_door,3,104,
color-coded,0,104,
coupe50,1,104,
curry_gohan,1,104,
d.o.c._health_drone,4,104,
dabuki,1,104,
deathlock-san,4,104,
dirty_deeds_done_dirt_cheap,4,104,
donnpati,1,104,
doorbell,0,104,
dubwool,4,104,
echoes_(stand),4,104,
enomoto_hidehira,1,104,
eo_masaka,1,104,
explosion_gag,0,104,
fallopian_tubes,0,104,fallopian_tube
fennel_(pokemon),4,104,makomo_(pokemon)
fishing_lure,0,104,
food_on_hair,0,104,
fule,1,104,
gaelio_bauduin,4,104,
gaia_memory,0,104,
glados,4,104,
gouda_toshirou,4,104,gohda_toshiro
hanpen,1,104,
honda_futayo,4,104,
i_want_you,3,104,
infraton,1,104,
internet,0,104,
io_(code_vein),4,104,
irusu,1,104,
jane_t._godfrey,4,104,
jennifer_walters,4,104,
july_(darker_than_black),4,104,
juugoya_neko,1,104,
kagari_(rewrite),4,104,
kaguura_(kagu),1,104,
karaage,0,104,
khalitzburg,1,104,
ko-on_(ningen_zoo),1,104,
lace-trimmed_bow,0,104,
ldl,1,104,
legskin,0,104,
lightning_bolt_earrings,0,104,
london,0,104,
mage_(7th_dragon),4,104,
mahou_shoujo_ikusei_keikaku_limited,3,104,
makihara_shiho,4,104,
maria_(syake-uni),1,104,
matou_sakura_(fate/extra),4,104,
maximilian_jenius,4,104,
me!me!me!_dance_(meme),0,104,"hip_sway_dance,zero_two_dance"
meredy_(tales),4,104,
mikagami_ei,1,104,ke_tra
mikami,1,104,
mikipa,1,104,mikippa
milk_puppy,1,104,
misaki_(princess_connect!),4,104,tamaizumi_misaki
missouri_(warship_girls_r),4,104,
miya_(hooooo),1,104,
monteriakitto,1,104,monteri
morimiya_masayuki,1,104,
muninshiki,1,104,
munou_na_nana,3,104,talentless_nana
mutou_hana,4,104,
myuto_(advent_retribution),1,104,
nanami_mami,4,104,
natsuko_(bluecandy),1,104,
natsushiro,1,104,
newey,1,104,
niko_p,1,104,
nishigaki_nana,4,104,
octotrooper,4,104,
ogre_(granblue_fantasy),4,104,
ohara_michiru,4,104,oohara_michiru
ortfine_fredericka_von_eylstadt,4,104,fine_(shuumatsu_no_izetta)
oyster,0,104,
petal_print,0,104,
pinzu,1,104,
pixel_heart,0,104,
pokka,1,104,
polishing,0,104,
poorly_translated,5,104,
porupurucha,1,104,
print_male_swimwear,0,104,
pronghorn_(kemono_friends),4,104,
radar_dish,0,104,
remington_870,0,104,m870
ribbed_gloves,0,104,
riuichi,1,104,
rocking_horse,0,104,
ruin_re_birth,1,104,
ryuuguu_komachi_(idolmaster),0,104,ryuuguu_komachi
saiki_kusuo,4,104,
saint_seiya:_the_lost_canvas,3,104,
sanmoto_gorouzaemon,1,104,
sawashiro_miyuki,4,104,
shiina_mafuyu,4,104,
shima_(pepekekeko),4,104,
shirosame,1,104,
sjw_kazuya,1,104,
sky_striker_ace_-_raye,4,104,
skyrail,1,104,
sonri,1,104,
sp//dr,4,104,
telescope,0,104,
steelblue_mirage,3,104,
stuffed_cow,0,104,
vertigris,1,104,
succubus_(disgaea),4,104,
suzune_rai,1,104,
swellow,4,104,
tabris,4,104,
tailtiu_(fire_emblem),4,104,tiltyu_(fire_emblem)
taira_no_kagekiyo_(fate),4,104,ushiwakamaru_(avenger)_(fate)
takadoya,1,104,
takahashi_umori,1,104,
takebi,1,104,
tallinn_(azur_lane),4,104,
tamiya_incorporated,3,104,
tied_jacket,0,104,
tiffany_lords,4,104,
tipo_(tipoplaza),1,104,teapo_(pixiv81696)
to-class_light_cruiser,4,104,
toxtricity_(low_key),4,104,
tsumi_guilty,1,104,
uesaka_sumire,4,104,
ujikintoki_ginka,4,104,
umeki_otoha,4,104,
unbirthing,0,104,unbirth
uranus_symbol,0,104,uranus_sign
verta_(verlaine),1,104,
volkswagen_beetle,0,104,volkswagen_type_1
waffen-ss,0,104,"ss_uniform,waffen_ss"
waterswing,1,104,tok
wk_(low-f),1,104,wakuwakusan
wynaut,4,104,
yashichii,1,104,
yoshioka_saki,4,104,
yuasa_hiromi,4,104,
yue_(lov_n_n),1,104,"lov_n_n,yue_(pixiv2547)"
yukari_(princess_connect!),4,104,ayase_yukari
yuki_kawachi,1,104,
zero_two_(kirby),4,104,
admiral_arisugawa,4,103,
alice_(queen's_gate),4,103,
ameya_nihachi,1,103,
andrew_(duel_angel),1,103,duel_angel
anpanman_(character),4,103,
aoguu,1,103,ahou_miya
aoi_(princess_connect!),4,103,futaba_aoi_(princess_connect!)
aouma,1,103,
aozoraichi,1,103,
aritsuno,1,103,
asanaka_yomogi,4,103,
asou_misaki,4,103,aso_misaki
asterisk_(asterism),1,103,asterisk_(artist)
asuka_hina,4,103,
bagelbomb,1,103,
ballet_slippers,0,103,"pointe_shoes,ballet_shoes"
bladder,0,103,
blue_cat_(precure),4,103,
bnc_(bunshi),1,103,
fantasy,0,103,
breast_slap,0,103,
build_driver,0,103,
cencoroll,3,103,
chen_hai_(vestibule_of_wonders)_(azur_lane),4,103,zhenhai_(vestibule_of_wonders)_(azur_lane)
chikuma_(azur_lane),4,103,
underbutt,0,103,gluteal_fold_peek
chinese_armor,0,103,
chiyoko_(tykchiyo),1,103,cho628
cliffjumper,4,103,
closed_labcoat,0,103,
contact_lens,0,103,
dark_magician_girl_(cosplay),0,103,
dark_matter,4,103,
dartrix,4,103,
deutschland_(service_time?!)_(azur_lane),4,103,
ditienan_ddn,1,103,"bilibili_162080,jitetsu_otoko_ddn"
duosion,4,103,
ear_focus,0,103,"ears_focus,ear"
eevee_tail,0,103,
elena_trafalgar,4,103,
emma_sheen,4,103,
enemy_vessel_(warship_girls_r),4,103,
ernesto_de_la_cruz,4,103,
fallout_new_vegas,3,103,
female_titan,4,103,
frillish_(female),4,103,
fukurahagi_uomaru,1,103,kasuura_(cacula)
gorebyss,4,103,
gulim,1,103,
guttia,1,103,
hairclip_removed,0,103,
hanabi_(ocha),1,103,hanabi_(osawa0718)
haruka_shiya,1,103,ura-ch@os
hato_kenjirou,4,103,
hayashi_sakura,1,103,
head_arms,0,103,
highleg_shorts,0,103,
hiichisato,1,103,
hitchhiking,0,103,
homura_hinase,1,103,
hosoo,1,103,
hyuuga_(aoki_hagane_no_arpeggio),4,103,hyuga_(aoki_hagane_no_arpeggio)
inhabituels,3,103,
invisible_wall,0,103,
reading,0,103,
irodori_(irotoridori),1,103,irotoridori
iwahana,1,103,
kaoru_(alicemakoto),1,103,
katanakko_daisuki,1,103,
katou_itsuwa,1,103,"noy,itsuwa_(lethal-kemomimi)"
kawakami_tomoko,4,103,
kimura_neito,1,103,
kimura_ryu,4,103,kimura_ryuu
kimuwaipu,1,103,
kirisame_ga_furu_mori,3,103,
kiyose_akame,1,103,akame_(eckesachs)
komi_(komiking),1,103,loading_(vkjim0610)
koujiro_frau,4,103,furugoori_kona
krabby_(artist),1,103,
kuramochi_kyouryuu,1,103,
kuroneko_douji,1,103,
larten_crepsley,4,103,
lavi,4,103,
lee_ji-eun,4,103,
lloyd_bannings,4,103,
lodbyy,1,103,
luna_(mi-chanman),1,103,
luna_(sailor_moon)_(human),4,103,
lunch_boxer,1,103,
manticore_(monster_girl_encyclopedia),4,103,
marie_antoinette_(alter)_(fate),4,103,
marluxia,4,103,
melleau,4,103,
metal_baseball_bat,0,103,
microspace,1,103,
mifune_ryuuko,4,103,
mighty_yukiko,4,103,
mila_(doa),4,103,
minato_aya,4,103,
minowa_sukyaru,1,103,
minuspal,1,103,"minus8,chtkghk"
miso_panda,1,103,
mizuki_maya,1,103,
momo_(gundam_build_divers),4,103,
monster_hunter_mezeporta_kaitaku-ki,3,103,
moruta_(sunu-pio),1,103,
mumu,1,103,
muramura_hito,1,103,
murasakio,1,103,murasakigo
nabenko,1,103,
nana_(kemono_friends),4,103,
nanami_(suikoden),4,103,
nanto_yaya,4,103,
nga_(ray_ray),1,103,nga_(artist)
nicporim,1,103,
ningyo_hime_(sinoalice),4,103,little_mermaid_(sinoalice)
nitaka_(fujikichi),1,103,
no_image,0,103,
noeejang,1,103,
nomayo,1,103,
nose_pads,0,103,
omnitrix,0,103,
paintedmike,1,103,
pegasus_seiya,4,103,
penis_and_testicles_touching,0,103,testicles_and_penis_touching
pig_(kemono_friends),4,103,
pohwaran,4,103,
quasimodox,1,103,
rabirin_(precure),4,103,
rayno,1,103,evangeline_(lewdweather)
torn,0,103,
renown_(warship_girls_r),4,103,
risshu,1,103,
saibai_shounen,3,103,mandrake_boys
saix,4,103,
sakuma_tsukasa,1,103,
sakura_sakura,3,103,sakura_sakura_(game)
sakurano_kurimu,4,103,
sendou_yukari,4,103,sendo_yukari
senzoc,1,103,
setsuko_ohara,4,103,
shaga_ayame,4,103,
shimura_tae,4,103,
shirazumi_lio,4,103,
slayer_of_demons,4,103,
slayers_try,3,103,
sonia_(p&d),4,103,
strawberry_bra,0,103,
sumisumii,1,103,
sunimu,1,103,sharkbro
super_mecha_champions,3,103,
suzuka_hime,4,103,
tabby_cat,0,103,
taiyaki_(astre),1,103,
takagi_hideaki,1,103,
takamachi_nanoha_(cosplay),0,103,
takashima,1,103,
tamaso,1,103,
tapris_chisaki_sugarbell,4,103,chisaki_tapris_sugarbell
the_last_of_us,3,103,
three_monkeys,0,103,"see_no_evil,three_wise_monkeys"
tomono_rui,1,103,
tooku_nomura_(artist),1,103,
totoro,4,103,
toxel,4,103,
tsukigami_chronica,1,103,
unabara_mitsuki,4,103,
uran_(uran-factory),1,103,
urban_legend,0,103,
warwick,4,103,
wasabi_(wasalongt),1,103,wasabi_(nmrw4477)
wilma_bishop,4,103,
wing_gundam_zero_custom,4,103,
wishiwashi_(school),4,103,
wiz_anniversary,3,103,
xiang_yu_(fate),4,103,xiang_yu_(fate/grand_order)
yamato_tachibana,1,103,
yang_wen-li,4,103,
yasaikakiage,1,103,ichikawa_juuichi
yoshida_ayumi,4,103,
zarutsu,1,103,
zeniyan,1,103,
apple_core,0,103,
aihara_nana,4,102,
aioi_u,1,102,
amira_(shingeki_no_bahamut),4,102,
arato_hisako,4,102,
ash_ketchum_(cosplay),0,102,
ashraely,1,102,
au_(d_elite),1,102,
balnom,1,102,
barred_window,0,102,
bartholomew_roberts_(fate),4,102,bartholomew_roberts_(fate/grand_order)
beach_house,0,102,
beats_by_dr._dre,0,102,
berry's,3,102,
bismarck_(beacon_of_the_iron_blood)_(azur_lane),4,102,bismarck_(beacon_of_the_ironblood)_(azur_lane)
black_star,4,102,
blackberry_(fruit),0,102,
bronzong,4,102,
cabba,4,102,
crumbles,1,102,
cang_se_ye_hua,1,102,
chao_(sonic),0,102,
choco_chip_(ekitai_idou),1,102,ekitaiidou
cia_(hyrule_warriors),4,102,cia_(zelda_musou)
clothes_on_bed,0,102,
cosmic_bear,1,102,k3_(toobad)
dai-erie,1,102,
dani-ikapi,1,102,
danshaku,1,102,
dark_illuminate_(idolmaster),0,102,
dead_spike,4,102,
dirge_of_cerberus_final_fantasy_vii,3,102,
doro_(sabarudoro),1,102,
doruji,4,102,
elizabeth_bathory_(brave)_(fate)_(cosplay),0,102,
erospanda,1,102,
fairy_knight_lancelot_(first_ascension)_(fate),4,102,
freddy_fazbear,4,102,
front_braid,0,102,
furby,4,102,
girls'_frontline_commander_(xiujia_yihuizi),4,102,
gold_teeth,0,102,
grandmother_and_grandson,0,102,
hanamuke,1,102,
hanyae,1,102,h_cho3
hero_shot_(splatoon),0,102,
hex_grid,0,102,
hisuian_decidueye,4,102,
hoshiibara_mato,1,102,
hover_board,0,102,
hullabaloo,1,102,
ichinose_kaede,4,102,
igarashi_youhei,1,102,
ivy_(sparrowl),4,102,
jacket_grab,0,102,
jenny_(pokemon),4,102,"officer_jenny,junsaa_(pokemon),junsa_(pokemon),officer_jenny"
jupiter_(idolmaster),0,102,
kaho_(sister_princess),4,102,
kamisama_dolls,3,102,
kamo_(gafas),1,102,
kamori_sayaka,4,102,kamori_seika
kill_bill,3,102,
kilva_lollop,1,102,
kiri_(sub-res),4,102,
kotowari_(newtype_kenkyuujo),1,102,
kshatriya,4,102,
kuchisake-onna,4,102,
kurimochi_chizuru,1,102,
kurosawa_tetsu,1,102,
lan_hikari_(mega_man),4,102,hikari_netto
laura_s._arseid,4,102,
liquid_snake,4,102,
lord's_blade_ciaran,4,102,
love_guitar_rod,0,102,
luna_(konosuba),4,102,
m_mance,1,102,
marching,0,102,
marco_bodt,4,102,
marnie_(omoide_no_marnie),4,102,
maximal,0,102,
medb_(swimsuit_saber)_(second_ascension)_(fate),4,102,
medium_tank,0,102,
megami_paradise,3,102,megami_tengoku
mellozzo,1,102,
menstrual_pad,0,102,
midorima_shintarou,4,102,
mitsu_(tendou_itsuki),1,102,tendou_itsuki
mitsugi,1,102,
miyama-san,1,102,
moero!_justice_gakuen,3,102,moero_justice_gakuen
mog,4,102,
moo_yoshio,1,102,
moon_rabbit_extra_(touhou),4,102,moon_rabbit_(touhou)
mother_1,3,102,"earthbound_beginnings,earthbound_zero"
mountain_dew,3,102,
muromi-san,4,102,
nagashii_kouhei,1,102,"ishigana,ishigana_(3104benzie)"
nagata_nagato,1,102,
namori_(style),0,102,
ng_knight_lamune_&_40,3,102,
nishihara_yasoko,4,102,nishihara_(girls_und_panzer)
noa_(granblue_fantasy),4,102,
nosa_kouko,4,102,
nuka_(nukamochi),1,102,
nyoriko,1,102,
nyxerebos,1,102,
oisin,1,102,
okakasushi,1,102,
omuraisu_echizen,1,102,
otaku_ni_koi_wa_muzukashii,3,102,wotakoi
otono_fei,1,102,
oyabun_(higashi),1,102,
paracelsus,4,102,
peragura,1,102,
phantom_of_inferno,3,102,
photocopier,0,102,"copy_machine,copier"
politics,0,102,
pvc_parfait,1,102,
razy_(skuroko),1,102,
reindeer_(kemono_friends),4,102,
rheez,1,102,
ritao_kamo,1,102,
ronopu,1,102,
sarah_bryant,4,102,
sari,0,102,
sasaki_raito,4,102,
savanna_striped_giant_slug_(kemono_friends),4,102,
segawa_izumi,4,102,
seiren,3,102,
sellel,1,102,
shindou_sugata,4,102,
shino_sto,1,102,
shiomi_(lowrise),1,102,e51rw0l
shira_yu_ki,1,102,
shirow_(crazy),1,102,
shokkin,1,102,
shuragyoku_mami,1,102,surada_mami
sindri,1,102,
slavic_clothes,0,102,slavic_clothing
sovetskaya_rossiya_(the_lackadaisical_lookout)_(azur_lane),4,102,
staple,0,102,
storm_attacker,0,102,
subarashiki_hibi,3,102,
tatsuki_(irodori)_(style),0,102,
terazaki_kaoru,4,102,
tiko_(trouble_spirit),4,102,
tomoe_gozen_(traveling_outfit)_(fate),4,102,
tomoe_marguerite,4,102,
touken_ranbu:_hanamaru,3,102,
train_(clothing),0,102,
turiganesou800,1,102,
uesugi_kenshin_(rance),4,102,uesugi_kenshin_(sengoku_rance)
umino_iruka,4,102,
v_(devil_may_cry),4,102,
vanquished_queens,3,102,
wave_(world_wide_wave),1,102,
weshika,1,102,
wheel_o_feet,0,102,
wikipedia,3,102,
yamaiwa_shuuhai,1,102,
yonebayashi_saiko,4,102,
youtube_creator_award,0,102,play_button_(object)
yuma_(coffee-milk-moumou),4,102,
zinbei,1,102,
ajimita,1,101,
aka_kitsune,1,101,
amagai_yukino,1,101,amami_yukino
amano_yo-ki,1,101,amano_yoki
amayadori-tei,1,101,
arapi,1,101,
asukagawa_chise,4,101,
babydoll_t-shirt,0,101,
bakugan,3,101,
ball_bra,0,101,
basilisk_(manga),3,101,
clock_tower,0,101,
blinkblink_art,1,101,
bluekalmia,1,101,
book_of_the_azure_sky,4,101,"buch_der_blauer_himmel,souten_no_sho"
coffee,0,101,
camilla_(spring)_(fire_emblem),4,101,
charles_zi_britannia,4,101,"emperor_of_britannia,charles_di_britannia"
cioccolatodorima,1,101,"cioccolato-kun,rosel-d"
ginnkei,1,101,
crossed_out,0,101,
daewoo_k2,0,101,
demon_(monster_girl_encyclopedia),4,101,
devil_mercy,4,101,
donkey_girl,0,101,
dudley,4,101,
ebi_tendon,1,101,
edogawakid,1,101,
eiscue_(ice),4,101,
el_joey,1,101,
elf_all-stars_datsuijan_2,3,101,
etou_misaki_(idolmaster),4,101,
fortress,0,101,
furutani_kaede,4,101,
gift_between_breasts,0,101,
greece_(hetalia),4,101,heracles_karpusi
guild_girl_(goblin_slayer!),4,101,
gundam_age-1,4,101,
gunparade_march,3,101,
hachachi,1,101,
hagiko,1,101,
harapeko,1,101,
harumi_shinju,4,101,
henry_(fire_emblem),4,101,
hibikino_high_school_uniform,0,101,
hirano_masanori,1,101,heiya_masanori
ichino,1,101,
igor_(persona),4,101,
ininiro_shimuro,1,101,
inumi,4,101,
iris_yuma,4,101,
is-2,0,101,
ishihara_saika,1,101,
itou_tatsuya,1,101,fleda
jean_roque_lartigue,4,101,jean_coq_de_raltigue
jinno_hikari,4,101,
junekun,1,101,
kagano_ai,4,101,
kakuzu_(naruto),4,101,
kamisa,1,101,
karpin,1,101,
katou_yuuki,1,101,
kayu,1,101,
kemoyuri,1,101,
kotsu,1,101,
kushidama_minaka,1,101,kasahiyo
legomaru,1,101,
leo_kliesen,4,101,eleonore_kliesen
lord_of_vermilion_iii,3,101,
lubrication,0,101,
lyrical_lyric,3,101,
macchiato_(jae-min_cho),1,101,
manji_taba,1,101,
maru_takeo,1,101,sanaemaru
massan,1,101,
minamoto_no_raikou_(swimsuit_lancer)_(third_ascension)_(fate),4,101,
minatoasu,1,101,
minawa,1,101,
ml,1,101,
morelull,4,101,
namuna_(7th_dragon),4,101,
nanna_(fire_emblem),4,101,
nantaimori,0,101,serving_food_on_male
new_super_marisa_land,3,101,
nippori_honsha,1,101,
nogiguchi_kohiro,1,101,mokomokokedama
observer_alpha_(azur_lane),4,101,
ojiri_shin'ya,1,101,
ooyama_imo,1,101,"cksgd,daiyamaimo"
paryi_project,3,101,
pharamacom,1,101,
pharos,4,101,
pig_nose,0,101,
princess_laura,4,101,
priscilla_(fire_emblem),4,101,
punto,1,101,
rakujin,1,101,
ramina_(baallore),4,101,
rebar,0,101,
reinhardtzar,4,101,
riela_marcellis,4,101,riela_marceris
ripe-tan,4,101,
ronisuke,1,101,
ryuuji_teitoku,1,101,pimemomo
saya_(scabbard),0,101,
seiten_ragnarok,3,101,
shaving_cream,0,101,
shiba_yuusuke,1,101,
shindou_hikaru,4,101,
shiromako,1,101,
sirius_(azur_lane)_(cosplay),0,101,
soyoking,1,101,
space_ishtar_(first_ascension)_(fate),4,101,
spring2013,1,101,
sprite_art,0,101,
strike_gundam,4,101,
sugawara_koushi,4,101,
sugisaki_miku,4,101,
sword_between_breasts,0,101,
takanashi_sora,4,101,
taketatsu_ayana,4,101,
tapu_koko,4,101,
the_elder_scrolls_iv:_oblivion,3,101,oblivion
toy_story,3,101,
turretless_tank,0,101,
unused_character,4,101,
vectorek,1,101,
xiao_qiang_(overseas),1,101,
yabu_q,1,101,
yamaguchi_tamon,4,101,
yami_bakura,4,101,
yukizumi_remon,1,101,
yuli_(yulipo),1,101,
yuudachi_(shogun_of_snowballs)_(azur_lane),4,101,
roulette_animation,5,101,
cupid,0,100,
gas_station,0,100,petrol_station
leg_cutout,0,100,
umeboshi,0,99,
tanghulu,0,99,
baumkuchen,0,98,
wasteland,0,97,
palm-fist_greeting,0,96,
^q^,0,96,^p^
crew_cut,0,96,
yakisobapan,0,96,
christmas_cake,0,96,
apollo_chocolate,0,96,
marley_(pokemon),4,94,mai_(pokemon)
waterpark,0,94,
easytoon,5,94,EasyToon
hotel,0,93,
kilt,0,93,
inarizushi,0,93,
bubble_filter,0,93,
+_-,0,92,
trench,0,92,trenches
biscuit_(bread),0,89,
character_chart,0,89,
flat_top_chef_hat,0,88,
grapefruit,0,88,
workshop,0,88,
no_horn,0,88,
>3<,0,88,
hot_sauce,0,88,
feast,0,88,
old-fashioned_doughnut,0,88,
gerbera,0,88,
lotus_position,0,87,
penguin_hat,0,87,
eggshell_hat,0,87,
eclair_(food),0,86,
panorama,0,84,
bandaid_on_ear,0,83,
clubroom,0,83,
kamina_pose,0,83,
panties_on_breasts,0,83,
dim_sum,0,83,
fake_scrollbar,0,83,
osmanthus,0,82,
izakaya,0,81,
okosama_lunch,0,81,
pork,0,81,
wedding_cake,0,81,
marigold,0,81,
forced_perspective,0,80,
riding_machine,0,80,
cantaloupe,0,80,muskmelon
bloody_wings,0,79,blood_on_wings
skating_rink,0,79,
heart_arms,0,79,
conveyor_belt_sushi,0,79,
dining_room,0,78,
shack,0,78,
pensive,0,78,
plum,0,78,
tamagokake_gohan,0,78,
cloud_hair,0,77,
surgery,0,77,
condensed_milk,0,77,
sushi_geta,0,77,
ink_wash_painting,0,76,
space_elevator,0,76,orbital_elevator
anmitsu_(dessert),0,76,
chiaroscuro,0,75,
gnome,0,75,
safari_jacket,0,75,
shipyard,0,75,
mizura,0,74,
air_guitar,0,73,
mermaid_dress,0,73,
shouten_pegasus_mix_mori,0,73,
calpis,3,73,
squash,0,73,
ferret_ears,0,72,ferretmimi
sukiyaki,0,72,
tennis_dress,0,71,
chocolate_milk,0,71,
lunch,0,71,
multicolored_rose,0,71,
cock_in_thighhigh,0,70,
planetarium,0,70,
headstand,0,70,
convenient_breasts,0,70,
lychee,0,70,
turkey,0,70,
baby's-breath,0,70,
object_on_pectorals,0,69,
crinoline,0,69,skirt_cage
ichigo_daifuku,0,69,ichigodaifuku
plain,0,69,
aqua_sleeves,0,68,
magnolia,0,68,
bowling_alley,0,67,
nipple_flick,0,67,
pet_cone,0,67,"dog_cone,elizabethan_collar"
red_bean_paste,0,67,"anko_(food),bean_paste"
triptych,3,66,
pigeon_pose,0,66,
spaghetti_and_meatballs,0,66,
avocado,0,66,
mutual_breast_sucking,0,66,
soumen,0,65,
tapestry,0,64,
troll,0,64,
gingerbread_house,0,64,
palm-fist_tap,0,63,
epiphyllum,0,63,
lilac,0,62,
kubrick_stare,0,61,
sugar_(food),0,61,
cum_on_chest,0,60,
dracula,4,60,
lucie,1,60,
comb_over,0,60,
stereogram,0,60,
coupy_pencil_(medium),5,60,
denim_dress,0,59,
apple_peel,0,59,
art_deco,0,59,
nerunerunerune,0,58,
anthurium,0,58,
vehicalization,0,57,
fig,0,57,
single_scoop,0,57,
tequila,0,56,
zongzi,0,56,chimaki
chocolate_fountain,0,56,
dahlia,0,56,
strawberry_tart,0,55,
almond,0,55,
smoked_cheese,0,54,
coach,0,53,
noogie,0,53,
onion_rings,0,53,onion_ring
tileable,0,53,"tileable_background,tessellation"
chest_stand,0,52,
gumball,0,52,gumballs
kitkat,0,52,
straight-arm_salute,0,51,"nazi_salute,roman_salute"
orangette,0,51,
shitajiki,0,51,
hyacinth,0,51,
shaka_sign,0,50,"hand_phone,call_me_hand"
parsley,0,50,
mosaic_art,0,50,
trumpet_creeper,0,50,
gracidea,0,50,
aqueduct,0,49,
glalie,4,49,
kraken,0,49,
oasis,0,49,
hand_in_bra,0,49,
yule_log,0,49,
image_fill,0,49,
hollyhock,0,49,
slimification,0,48,
georgia_max_coffee,0,48,
grape_stomping,0,48,
zoo,0,48,
gouache_(medium),5,48,gouache
chonmage,0,47,
strawberry_syrup,0,47,
charcoal_(medium),5,47,
military_base,0,46,
rope_bridge,0,46,
peach_blossom,0,46,
sumi-e,0,45,
dam,0,44,
nipple_push,0,44,
ff_gradient,0,44,
jirou_(ramen),0,43,
chamomile,0,43,
breast_reduction,0,42,shrinking_breasts
kefir,0,42,
milk_mustache,0,42,
mimosa_(flower),0,42,
sweet_flower,0,42,
cloche_hat,0,41,
breast_punch,0,41,
dragon_fruit,0,41,"pitaya,dragonfruit"
fondue,0,41,
green_pepper,0,41,
outside_of_play_area,0,41,
canvas_(medium),0,41,
ice_flower,0,41,
airbrush_(medium),5,40,
observatory,0,40,
calligraphy_pen_(medium),0,40,
necking,0,39,
gingerbread_cookie,0,39,
fuchsia,1,38,
ben-day_dots,0,37,
weighing_breasts,0,37,
turkey_leg,0,37,
print_(medium),5,37,
stilt_house,0,36,
banana_popsicle,0,36,
cooking_oil,0,36,
m&m's,3,36,
art_gallery,0,35,
hand_glasses,0,35,
cauliflower,0,35,
breast_pull,0,34,
weapon_shop,0,33,
toppo,0,33,
custard,0,33,
rororo,1,32,memero_7272
wallwalking,0,32,
triple_bun,0,32,
fish_and_chips,0,32,
tiger_lily,0,32,
peanut_butter,0,31,
ice_cream_sandwich,0,31,
bunker,0,30,
finger_counting,0,30,finger_number
french_toast,0,30,
thistle,0,30,
control_tower,0,29,
costume_combination,0,29,
papaya,0,29,
cornflower,0,29,
impasto,0,28,
cigarette_candy,0,28,
gladiolus,0,28,
cockatrice,0,27,
jetty,0,27,
huge_afro,0,27,
rice_porridge,0,27,
pepsi_ice_cucumber,0,27,
armory,0,26,
starfruit,0,26,carambola
mille-feuille,0,26,
gel_banana,0,25,
momiji_manjuu,0,25,
cooling_tower,0,24,
marmalade,0,24,
scrambled_egg,0,24,
tenebrism,0,23,
accent_lighting,0,0,
acrylic_painting_techniques,0,0,
action_painting,0,0,
adolescent,0,0,
afternoon,0,0,
airfield,0,0,
al-qatt_al-asiri,0,0,
alphonse_mucha,0,0,
amphitheater,0,0,
anamorphosis,0,0,
anime,0,0,
anthotype,0,0,
anubis,0,0,
aqua_legwear,0,0,
aqua_neckwear,0,0,
arrow,0,0,
assemblage,0,0,
astrophotography,0,0,
asymmetrical_balance,0,0,
autostereoscopy,0,0,
available_light,0,0,
background_light,0,0,
bandage_on,0,0,
beautiful_detailed_sky,0,0,
beautiful_detailed_water,0,0,
beautiful_lighting,0,0,
beauty_filter,0,0,
best_quality,0,0,
bishoujo_figure,0,0,
bleach_bypass,0,0,
blind_contour_drawing,0,0,
boulle_work,0,0,
bracketing,0,0,
brass_rubbing,0,0,
brenizer,0,0,
brown_neckwear,0,0,
bunny_girl,0,0,
buon_fresco,0,0,
cake_dress,0,0,
callier_effect,0,0,
chemigram,0,0,
chemogram,0,0,
pectorals,0,0,"male_chest,pecs"
cinematic_lighting,0,0,
overcast,0,0,
coal_sketch,0,0,
color_blast,0,0,
color_correction,0,0,
color_wash,0,0,
anaglyph,0,0,
composograph,0,0,
contour_drawing,0,0,
contour_rivalry,0,0,
criss-cross_halter_dress,0,0,
cropped_torso_upper_body,0,0,
cum_on_breast,0,0,"cum_on_tits,semen_on_breasts,cum_between_breasts"
custom_bokeh,0,0,
cyanotype,0,0,
cylindrical_perspective,0,0,
dalle_de_verre,0,0,
databending,0,0,
deep_focus,0,0,
defocus_control,0,0,
detailed_and_intricate,0,0,
diagonal_method,0,0,
digiscoping,0,0,
digital_blending,0,0,
dirty_blonde,0,0,light_brown_hair
dok-ja_kim,0,0,
don't_say_\lazy\,0,0,
double_\\m/,0,0,
drawn_by_aguirre_ramon,0,0,
yoshida_akihiko,1,0,
drawn_by_akihiro_yamada,0,0,
drawn_by_akira_kitamura,0,0,
toriyama_akira,1,0,
drawn_by_al_hirschfeld,0,0,
drawn_by_alex_brock,0,0,
drawn_by_alexander_forssberg,0,0,"alexanderforssberg,AlexanderForssberg"
drawn_by_alexander_roslin,0,0,
drawn_by_alexandros_pyromallis,0,0,"alexandrospyromallis,AlexandrosPyromallis"
drawn_by_alfred_khamidullin,0,0,"alfredkhamidullin,AlfredKhamidullin"
drawn_by_aly_fell,0,0,"alyfell,AlyFell"
drawn_by_anato_finnstark,0,0,"anatofinnstark,AnatoFinnstark"
drawn_by_anders_zorn,0,0,
drawn_by_andres_serrano,0,0,
drawn_by_andrey_kuzinskiy,0,0,"andreykuzinskiy,AndreyKuzinskiy"
drawn_by_anna_podedworna,0,0,"annapodedworna,AnnaPodedworna"
drawn_by_anne_stokes,0,0,"annestokes,AnneStokes"
drawn_by_anton_semenov,0,0,"antonsemenov,AntonSemenov"
drawn_by_antonio_josé_manzanedo,0,0,"antonioj.manzanedo,AntonioJ.Manzanedo"
drawn_by_atsuji_yamamoto,0,0,
drawn_by_aurelia_durand,0,0,"aureliadurand,AureliaDurand"
drawn_by_ayami_kojima,0,0,
drawn_by_banksy,0,0,
drawn_by_bartlomiej_gawel,0,0,"bartlomiejgawel,BartlomiejGawel"
drawn_by_bastien_lecouffe_deharme,0,0,"bastienlecouffedeharme,BastienLecouffeDeharme"
drawn_by_bayard_wu,0,0,"bayardwu,BayardWu"
drawn_by_beatrix_potter,0,0,
drawn_by_benjamin_giletti,0,0,"benjamingiletti,BenjaminGiletti"
drawn_by_bijou_karman,0,0,"bijoukarman,BijouKarman"
drawn_by_bill_gold,0,0,
drawn_by_billy_christian,0,0,"billychristian,BillyChristian"
drawn_by_bob_peak,0,0,
drawn_by_boris_grinsson,0,0,"borisgrinsson,BorisGrinsson"
drawn_by_boris_vallejo,0,0,
drawn_by_brian_valeza,0,0,"brianvaleza,BrianValeza"
drawn_by_bryan_sola,0,0,"bryansola,BryanSola"
drawn_by_burt_kleeger,0,0,"burtkleeger,BurtKleeger"
drawn_by_butcher_billy,0,0,"butcherbilly,ButcherBilly"
drawn_by_caio_monteiro,0,0,"caiomonteiro,CaioMonteiro"
drawn_by_campbell_white,0,0,"campbellwhite,CampbellWhite"
drawn_by_caravaggio,0,0,
drawn_by_carl_larsson,0,0,
drawn_by_chantal_laura_handley,0,0,"chantallaurahandley,ChantalLauraHandley"
drawn_by_chiho_aoshima,0,0,
drawn_by_claude_monet,0,0,
drawn_by_daisuke_ishiwatari,0,0,
drawn_by_daisuke_moriyama,0,0,
drawn_by_dennis_carlsson,0,0,"denniscarlsson,DennisCarlsson"
drawn_by_diego_gisbert_llorens,0,0,"diegogisbertllorens,DiegoGisbertLlorens"
drawn_by_diego_velázquez,0,0,
drawn_by_dr._seuss,0,0,
drawn_by_drew_struzan,0,0,
drawn_by_edgar_degas,0,0,
drawn_by_edouard_manet,0,0,
drawn_by_edvard_munch,0,0,
drawn_by_edward_hopper,0,0,
drawn_by_eiichiro_oda,0,0,
drawn_by_eisuke_ogura,0,0,
drawn_by_el_greco,0,0,
drawn_by_emiko_iwasaki,0,0,
drawn_by_enzo_sciotti,0,0,
drawn_by_eugène_delacroix,0,0,
drawn_by_eugène_jansson,0,0,
drawn_by_francisco_goya,0,0,
drawn_by_frank_frazetta,0,0,
drawn_by_frank_mccarthy,0,0,
drawn_by_frida_kahlo,0,0,
drawn_by_fumino_hayashi,0,0,
drawn_by_georgia_o’keeffe,0,0,
drawn_by_giger,0,0,
drawn_by_godmachine,0,0,"godmachine,Godmachine"
drawn_by_greg_rutkowski,0,0,"gregrutkowski,GregRutkowski"
drawn_by_gustav_klimt,0,0,
drawn_by_hajime_isayama,0,0,
drawn_by_haruhiko_mikimoto,0,0,
miyazaki_nodoka,4,0,
drawn_by_henri_matisse,0,0,
drawn_by_hideo_kojima,0,0,
drawn_by_hilma_af_klint,0,0,
drawn_by_hirohiko_araki,0,0,
drawn_by_hiromu_arakawa,0,0,
drawn_by_hiroshi_minagawa,0,0,
drawn_by_hiroshi_ono,0,0,
drawn_by_hiroya_oku,0,0,
drawn_by_hiroyuki_kimura,0,0,
drawn_by_hitoshi_okuda,0,0,
drawn_by_howard_terpning,0,0,
drawn_by_igor_morski,0,0,"igormorski,IgorMorski"
drawn_by_ikumi_nakamura,0,0,
drawn_by_ilse_gort,0,0,"ilsegort,IlseGort"
drawn_by_isamu_kamikokuryo,0,0,
drawn_by_isis_sangaré,0,0,"isissangaré,IsisSangaré"
drawn_by_itaru_hinoue,0,0,
drawn_by_j._m._w._turner,0,0,
drawn_by_jack_davis,0,0,
drawn_by_jackson_pollock,0,0,
drawn_by_jan_van_eyck,0,0,
drawn_by_jean-michel_basquiat,0,0,
drawn_by_jehan_choo,0,0,"jehanchoo,JehanChoo"
drawn_by_jerry_pinkney,0,0,
drawn_by_jesse_weathington,0,0,"jesseweathington,JesseWeathington"
drawn_by_jillian_tamaki,0,0,
drawn_by_jina_ishiwatari,0,0,"jinaishiwatari,JinaIshiwatari"
drawn_by_johan_grenier,0,0,"johangrenier,JohanGrenier"
drawn_by_johannes_vermeer,0,0,
drawn_by_john_alvin,0,0,
drawn_by_john_bauer,0,0,
drawn_by_john_solie,0,0,"johnsolie,JohnSolie"
drawn_by_joseph_mallord_william_turner,0,0,
drawn_by_jun_takeuchi,0,0,
drawn_by_kagami_yoshimizu,0,0,
drawn_by_kaiu_shirai,0,0,
drawn_by_kaoru_hasegawa,0,0,"kaoruhasegawa,KaoruHasegawa"
drawn_by_katsuhiro_otomo,0,0,
drawn_by_katsumi_yokota,0,0,
drawn_by_kazuma_kaneko,0,0,
drawn_by_keiichiro_toyama,0,0,
drawn_by_keiji_inafune,0,0,
drawn_by_keith_thompson,0,0,
drawn_by_kentaro_miura,0,0,
drawn_by_kinu_nishimura,0,0,
drawn_by_kiyohiko_azuma,0,0,
drawn_by_kris_kuksi,0,0,
drawn_by_kristen_radtke,0,0,
drawn_by_kunihiko_tanaka,0,0,
drawn_by_laura_callaghan,0,0,"lauracallaghan,LauraCallaghan"
drawn_by_laurie_lipton,0,0,
drawn_by_lemi_ghariokwu,0,0,"lemighariokwu,LemiGhariokwu"
drawn_by_leonardo_da_vinci,0,0,
drawn_by_lynn_okamoto,0,0,
drawn_by_makoto_kano,0,0,
drawn_by_malika_favre,0,0,
drawn_by_marc_simonetti,0,0,"marcsimonetti,MarcSimonetti"
drawn_by_marcel_duchamp,0,0,
drawn_by_marcin_tomalak,0,0,"marcintomalak,MarcinTomalak"
drawn_by_mariko_mori,0,0,
drawn_by_marina_abramovic,0,0,
drawn_by_marjane_satrapi,0,0,
drawn_by_marly_gallardo,0,0,"marlygallardo,MarlyGallardo"
drawn_by_masahiro_ito,0,0,
drawn_by_masami_kurumada,0,0,
drawn_by_masamune_shirow,0,0,
drawn_by_michael_dahl,0,0,
drawn_by_michael_hussar,0,0,"michaelhussar,MichaelHussar"
drawn_by_michael_whelan,0,0,
drawn_by_michelangelo_buonarotti,0,0,
drawn_by_michio_okamura,0,0,"michiookamura,MichioOkamura"
drawn_by_miho_obana,0,0,
drawn_by_miranda_meeks,0,0,"mirandameeks,MirandaMeeks"
drawn_by_mitchell_hooks,0,0,
drawn_by_mort_künstler,0,0,"mortkünstler,MortKünstler"
drawn_by_mutsumi_inomata,0,0,
drawn_by_nanase_ohkawa,0,0,
drawn_by_naoko_takeuchi,0,0,
drawn_by_naoto_ohshima,0,0,
drawn_by_naoya_tomita,0,0,
drawn_by_nick_percival,0,0,
drawn_by_nio_nakatani,0,0,
drawn_by_nobuhiro_watsuki,0,0,
yuuki_nobuteru,1,0,
drawn_by_nobuyuki_kuroki,0,0,
drawn_by_noizi_ito,0,0,
drawn_by_norman_rockwell,0,0,
drawn_by_osamu_tezuka,0,0,
drawn_by_pablo_picasso,0,0,
drawn_by_paul_cézanne,0,0,
drawn_by_paul_gauguin,0,0,
drawn_by_pauline_baynes,0,0,
drawn_by_peter_paul_rubens,0,0,
drawn_by_pierre-auguste_renoir,0,0,
drawn_by_piet_mondrian,0,0,
drawn_by_pieter_bruegel_the_elder,0,0,
piotrdura,1,0,
drawn_by_q_hayashida,0,0,
drawn_by_quentin_blake,0,0,"quentinblake,QuentinBlake"
drawn_by_ralph_steadman,0,0,"ralphsteadman,RalphSteadman"
drawn_by_randy_vargas,0,0,"randyvargas,RandyVargas"
drawn_by_raphael_sanzio_da_urbino,0,0,
drawn_by_reine_hibiki,0,0,
drawn_by_rembrandt,0,0,
drawn_by_renato_casaro,0,0,
drawn_by_reynold_brown,0,0,
drawn_by_richard_amsel,0,0,
drawn_by_richard_bergh,0,0,
drawn_by_richard_corben,0,0,
drawn_by_richard_wilkinson,0,0,
drawn_by_rieko_kodama,0,0,
drawn_by_robert_mcginnis,0,0,"richardwilkinson,RichardWilkinson"
drawn_by_rumiko_takahashi,0,0,
drawn_by_ryusuke_hamamoto,0,0,
drawn_by_salvador_dali,0,0,
drawn_by_sam_guay,0,0,"samguay,SamGuay"
drawn_by_sandro_botticelli,0,0,
drawn_by_saul_bass,0,0,
drawn_by_sawaki_takeyasu,0,0,
drawn_by_scott_m_fischer,0,0,"scottmfischer,ScottMFischer"
drawn_by_shigeru_miyamoto,0,0,
drawn_by_shingo_araki,0,0,
drawn_by_shintaro_kago,0,0,
drawn_by_simon_stålenhag,0,0,
drawn_by_susumu_matsushita,0,0,
drawn_by_tachibana_higuchi,0,0,
drawn_by_taehoon_oh,0,0,"taehoonoh,TaehoonOh"
drawn_by_takashi_okazaki,0,0,
drawn_by_takeshi_obata,0,0,
drawn_by_tatiana_hordiienko,0,0,"tatianahordiienko,TatianaHordiienko"
drawn_by_tetsuya_nomura,0,0,
drawn_by_the_hildebrandt_brothers,0,0,"thehildebrandtbrothers,TheHildebrandtBrothers"
drawn_by_tillie_walden,0,0,"tilliewalden,TillieWalden"
drawn_by_tite_kubo,0,0,
drawn_by_titian,0,0,
drawn_by_tom_chantrell,0,0,"tomchantrell,TomChantrell"
drawn_by_tom_jung,0,0,"tomjung,TomJung"
drawn_by_tony_sart,0,0,"tonysart,TonySart"
drawn_by_tony_taka,0,0,
drawn_by_tooru_fujisawa,0,0,
tomoyuki_kotani,1,0,styleos
drawn_by_toshiyuki_kubooka,0,0,
drawn_by_tove_jannson,0,0,
drawn_by_tracey_emin,0,0,
drawn_by_tsuyoshi_nagano,0,0,
drawn_by_tyson_tan,0,0,
drawn_by_utagawa_kuniyoshi,0,0,
drawn_by_utamaro_kitagawa,0,0,
drawn_by_vashti_harrison,0,0,"vashtiharrison,VashtiHarrison"
drawn_by_vincent_van_gogh,0,0,
drawn_by_waldemar_kazak,0,0,"waldemarkazak,WaldemarKazak"
drawn_by_wanyan_aguda,0,0,
drawn_by_wassily_kandinsky,0,0,
drawn_by_wes_benscoter,0,0,"wesbenscoter,WesBenscoter"
drawn_by_wylie_beckert,0,0,"wyliebeckert,WylieBeckert"
drawn_by_xi_zhang,0,0,"xizhang,XiZhang"
drawn_by_yasuaki_kishimoto,0,0,"yasuakikishimoto,YasuakiKishimoto"
drawn_by_yasuhiro_nightow,0,0,
drawn_by_yasuhisa_yamamura,0,0,
drawn_by_yasushi_yamaguchi,0,0,
drawn_by_yasuyuki_honne,0,0,
drawn_by_yoji_shinkawa,0,0,
drawn_by_yoko_ono,0,0,
drawn_by_yokoyama_taikan,0,0,
drawn_by_yoshiaki_koizumi,0,0,
drawn_by_yoshitaka_amano,0,0,
drawn_by_yoshitomo_nara,0,0,
drawn_by_yoshitoshi_abe,0,0,
drawn_by_yuji_himukai,0,0,"yujihimukai,YujiHimukai"
drawn_by_yusuke_kozaki,0,0,
drawn_by_yusuke_murata,0,0,
drawn_by_zdzisław_beksiński,0,0,
drip_painting,0,0,
drydock,0,0,
duotone,0,0,
dynamic_pose,0,0,
en_plein_air,0,0,
enamelled_glass,0,0,
encaustic_painting,0,0,
endured_face,0,0,
enma,0,0,
exposure_compensation,0,0,
exposure_stacking,0,0,
extremely_detailed_cg_unity_8k_wallpaper,0,0,
eyebrows_visible_through_hair,0,0,
false_color,0,0,
fate_grand_order,0,0,"fgo,FGO"
faux_bois,0,0,
faux_painting,0,0,
womi,1,0,wm_mf
railing,0,0,
fill_flash,0,0,
fill_light,0,0,
fingerpaint,0,0,
flat_lay_photography,0,0,
nagare,1,0,
flower_sea,0,0,
focus_stacking,0,0,
foggy,0,0,
football_helmet,0,0,
fore-edge_painting,0,0,
fractal_burning,0,0,
freelensing,0,0,
freeze_motion,0,0,
mural,0,0,
fresco-secco,0,0,
fresco_painting,0,0,
frilled_pantyhose,0,0,
fruit_insertion,0,0,
full_blush,0,0,
garters,0,0,
ghost_imaging,0,0,
ghoul,0,0,
gigapixel_image,0,0,
gilding,0,0,
girdling,0,0,
glowing_light,0,0,
glue-size,0,0,
goddess,0,0,
golden_hour_lighting,0,0,
golden_ratio,0,0,
golden_triangle,0,0,
gradation,0,0,
graining,0,0,
grey_neckwear,0,0,
grisaille,0,0,
guard_tower,0,0,
gym_leader,0,0,
haboku,0,0,
hack//games,0,0,
hack//link,0,0,
hair_one_side_up,0,0,
hair_two_side_up,0,0,
halterneck_dress,0,0,
hand_colored_photo,0,0,
hand_on_another's,0,0,
hands_on_another's_breast,0,0,
hard_lighting,0,0,
hdr,0,0,HDR
head_shot,0,0,
headphones_on_breasts,0,0,
headroom,0,0,
hemispherical_photography,0,0,
hierarchical_proportion,0,0,
high_dynamic_range,0,0,
high_grain_film,0,0,
high_key_lighting,0,0,
holography,0,0,
huge_filesize,0,0,
huge_filesize_,0,0,
humpbacked,0,0,
hypergraphy,0,0,
ifrit,0,0,
illusionism,0,0,
illusionistic_ceiling_painting,0,0,
illustration,0,0,
tiny_evil,3,0,
in_autumn,0,0,
in_spring,0,0,
summer,0,0,
in_the_rain,0,0,
winter,0,0,
industrial_painting,0,0,
infinity_cove,0,0,
information_art,0,0,
infrared_photography,0,0,
intentional_camera_movement,0,0,
kaleidoscope_photography,0,0,
kalliroscope,0,0,
kashmir_walnut_wood_carving,0,0,
keum-boo,0,0,
kinematoscope,0,0,
kinetic_photography,0,0,
kirby_krackle,0,0,
kirlian,0,0,
klecksography,0,0,
kohlrosing,0,0,
lacquer_painting,0,0,
leaf_painting,0,0,
lens_flares,0,0,
light_leaks,0,0,
light_painting,0,0,
light_trails,0,0,
lightning,0,0,
lineography,0,0,
lining_of_paintings,0,0,
loch_ness_monster,4,0,nessie_(cryptid)
lomography,0,0,Lomography
long-exposure,0,0,
longma,0,0,
low_key_lighting,0,0,
low_key_photography,0,0,
low_quality,0,0,
lowres,5,0,
luminogram,0,0,
lustre_prints,0,0,
macaroni_art,0,0,
maki-e,0,0,
marbleizing,0,0,
marmotinto,0,0,
marouflage,0,0,
masterpiece,0,0,
matte_painting,0,0,
mezzotint,0,0,
micrograph,0,0,
midday,0,0,
minaret,0,0,
miniature_faking,0,0,
mise_en_abyme,0,0,"miseenabyme,Miseenabyme"
missing_arms,0,0,
moderate_pubic_hair,0,0,
modern_european_ink_painting,0,0,
moody_lighting,0,0,
mosque,0,0,
multidimensional_art,0,0,
multiple_exposure,0,0,
naughty,0,0,naughty_smile
night_photography,0,0,
nocturne,0,0,
normal_quality,0,0,
nsfw,0,0,
nuclear_powerplant,0,0,
obverse_and_reverse,0,0,
octane_render,0,0,
oil_on_copper,0,0,
oil_sketch,0,0,
old_master_print,0,0,
opalotype,0,0,Opalotype
orange_neckwear,0,0,
organza_lace,0,0,
orotone,0,0,
painted_in_the_style_of_abstract_art,0,0,
painted_in_the_style_of_abstract_expressionism,0,0,
painted_in_the_style_of_abstract_illusionism,0,0,
painted_in_the_style_of_action_painting,0,0,
painted_in_the_style_of_aestheticism,0,0,
painted_in_the_style_of_afrofuturism,0,0,
painted_in_the_style_of_altermodern,0,0,
painted_in_the_style_of_american_barbizon_school,0,0,
painted_in_the_style_of_american_impressionism,0,0,
painted_in_the_style_of_american_realism,0,0,
painted_in_the_style_of_american_scene_painting,0,0,
painted_in_the_style_of_analytical_art,0,0,
painted_in_the_style_of_ancient_art,0,0,
painted_in_the_style_of_anti_art,0,0,
painted_in_the_style_of_antipodeans,0,0,
painted_in_the_style_of_arabesque,0,0,
painted_in_the_style_of_art_brut,0,0,
painted_in_the_style_of_art_deco,0,0,
painted_in_the_style_of_art_informel,0,0,
painted_in_the_style_of_art_nouveau,0,0,
painted_in_the_style_of_art_photography,0,0,
painted_in_the_style_of_arte_povera,0,0,
painted_in_the_style_of_arts_and_crafts_movement,0,0,
painted_in_the_style_of_ashcan_school,0,0,
painted_in_the_style_of_assemblage,0,0,
painted_in_the_style_of_australian_tonalism,0,0,
painted_in_the_style_of_auto_destructive_art,0,0,
painted_in_the_style_of_avant_garde,0,0,
painted_in_the_style_of_barbizon_school,0,0,
painted_in_the_style_of_baroque,0,0,
painted_in_the_style_of_bauhaus,0,0,
painted_in_the_style_of_bengal_school_of_art,0,0,
painted_in_the_style_of_berlin_secession,0,0,
painted_in_the_style_of_brutalism,0,0,
painted_in_the_style_of_classical_realism,0,0,
painted_in_the_style_of_classicism,0,0,
painted_in_the_style_of_cloisonnism,0,0,
painted_in_the_style_of_color_field,0,0,
painted_in_the_style_of_computer_art,0,0,
painted_in_the_style_of_concrete_art,0,0,
painted_in_the_style_of_crystal_cubism,0,0,
painted_in_the_style_of_cubism,0,0,
painted_in_the_style_of_cubo_futurism,0,0,
painted_in_the_style_of_cynical_realism,0,0,
painted_in_the_style_of_dadaism,0,0,
painted_in_the_style_of_dansaekhwa,0,0,
painted_in_the_style_of_dau_al_set,0,0,
painted_in_the_style_of_de_stijl,0,0,
painted_in_the_style_of_deconstructivism,0,0,
painted_in_the_style_of_ecological_art,0,0,
painted_in_the_style_of_environmental_art,0,0,
painted_in_the_style_of_excessivism,0,0,
painted_in_the_style_of_expressionism,0,0,
painted_in_the_style_of_fantastic_realism,0,0,
painted_in_the_style_of_feminist_art,0,0,
painted_in_the_style_of_figuration_libre,0,0,
painted_in_the_style_of_figurative_art,0,0,
painted_in_the_style_of_fine_art,0,0,
painted_in_the_style_of_fluxus,0,0,
painted_in_the_style_of_folk_art,0,0,
painted_in_the_style_of_funk_art,0,0,
painted_in_the_style_of_futurism,0,0,
painted_in_the_style_of_geometric_abstract_art,0,0,
painted_in_the_style_of_geometric_art,0,0,
painted_in_the_style_of_glitch_art,0,0,
painted_in_the_style_of_gothic_art,0,0,
painted_in_the_style_of_gutai_group,0,0,
painted_in_the_style_of_harlem_renaissance,0,0,
painted_in_the_style_of_heidelberg_school,0,0,
painted_in_the_style_of_hudson_river_school,0,0,
painted_in_the_style_of_hurufiyya,0,0,
painted_in_the_style_of_hypermodernism,0,0,
painted_in_the_style_of_hyperrealism,0,0,
impressionism,0,0,
painted_in_the_style_of_interactive_art,0,0,
painted_in_the_style_of_international_gothic,0,0,
painted_in_the_style_of_international_typographic_style,0,0,
painted_in_the_style_of_japonism,0,0,
painted_in_the_style_of_kinetic_art,0,0,
painted_in_the_style_of_kinetic_pointillism,0,0,
painted_in_the_style_of_kitsch_movement,0,0,
painted_in_the_style_of_les_nabis,0,0,
painted_in_the_style_of_letterism,0,0,
painted_in_the_style_of_lyco_art,0,0,"lycoart,Lycoart"
painted_in_the_style_of_lyrical_abstraction,0,0,
painted_in_the_style_of_magical_realism,0,0,
painted_in_the_style_of_mail_art,0,0,
painted_in_the_style_of_mannerism,0,0,
painted_in_the_style_of_massurrealism,0,0,
painted_in_the_style_of_maximalism,0,0,
painted_in_the_style_of_metaphysical_painting,0,0,
painted_in_the_style_of_modern_art,0,0,
painted_in_the_style_of_modern_european_ink_painting,0,0,
painted_in_the_style_of_modernism,0,0,
painted_in_the_style_of_modular_constructivism,0,0,
painted_in_the_style_of_naive_art,0,0,
painted_in_the_style_of_nature_art,0,0,
painted_in_the_style_of_neo_dadaism,0,0,
painted_in_the_style_of_neo_expressionism,0,0,
painted_in_the_style_of_neo_fauvism,0,0,
painted_in_the_style_of_neo_figurative,0,0,
painted_in_the_style_of_neo_impressionism,0,0,
painted_in_the_style_of_neo_primitivism,0,0,
painted_in_the_style_of_neo_romanticism,0,0,
painted_in_the_style_of_neoclassicism,0,0,
painted_in_the_style_of_neogeo_art,0,0,
painted_in_the_style_of_neoism,0,0,
painted_in_the_style_of_net_art,0,0,
painted_in_the_style_of_new_objectivity,0,0,
painted_in_the_style_of_northwest_school,0,0,
painted_in_the_style_of_objective_abstraction,0,0,
painted_in_the_style_of_op_art,0,0,
painted_in_the_style_of_orphism,0,0,
painted_in_the_style_of_panfuturism,0,0,
painted_in_the_style_of_paris_school,0,0,
painted_in_the_style_of_performance_art,0,0,
painted_in_the_style_of_photorealism,0,0,
painted_in_the_style_of_pixel_art,0,0,
painted_in_the_style_of_plein_air,0,0,
painted_in_the_style_of_pointillism,0,0,
painted_in_the_style_of_pop_art,0,0,
painted_in_the_style_of_portraiture,0,0,
painted_in_the_style_of_post_impressionism,0,0,
painted_in_the_style_of_postminimalism,0,0,
painted_in_the_style_of_postmodern_art,0,0,
painted_in_the_style_of_pre_raphaelitism,0,0,
painted_in_the_style_of_precisionism,0,0,
painted_in_the_style_of_primitivism,0,0,
painted_in_the_style_of_psychedelic_art,0,0,
painted_in_the_style_of_purism,0,0,
painted_in_the_style_of_qajar_art,0,0,
painted_in_the_style_of_quito_school,0,0,
painted_in_the_style_of_rasquache,0,0,
painted_in_the_style_of_realism,0,0,
painted_in_the_style_of_regionalism,0,0,
painted_in_the_style_of_remodernism,0,0,
painted_in_the_style_of_renaissance,0,0,
painted_in_the_style_of_retrofuturism,0,0,
painted_in_the_style_of_rococo,0,0,
painted_in_the_style_of_romanesque,0,0,
painted_in_the_style_of_romanticism,0,0,
painted_in_the_style_of_samikshavad,0,0,
painted_in_the_style_of_serial_art,0,0,
painted_in_the_style_of_shin_hanga,0,0,
painted_in_the_style_of_shock_art,0,0,
painted_in_the_style_of_socialist_realism,0,0,
painted_in_the_style_of_sosaku_hanga,0,0,
painted_in_the_style_of_sots_art,0,0,
painted_in_the_style_of_street_art,0,0,
painted_in_the_style_of_stuckism,0,0,
painted_in_the_style_of_sumatraism,0,0,
painted_in_the_style_of_superflat,0,0,
painted_in_the_style_of_suprematism,0,0,
painted_in_the_style_of_surrealist_art,0,0,
symbolism,0,0,symbolic
painted_in_the_style_of_synchromism,0,0,
painted_in_the_style_of_synthetism,0,0,
painted_in_the_style_of_tonalism,0,0,
painted_in_the_style_of_toyism,0,0,
painted_in_the_style_of_typography,0,0,
ukiyo-e,0,0,"ukiyo_e,ukiyoe"
painted_in_the_style_of_underground_comix,0,0,
painted_in_the_style_of_vanitas,0,0,
painted_in_the_style_of_verdadism,0,0,
painted_in_the_style_of_video_art,0,0,
painted_in_the_style_of_viennese_actionism,0,0,
painted_in_the_style_of_vorticism,0,0,
painted_photography_backdrops,0,0,
palm,0,0,
pastel_ink,4,0,
pastiglia,0,0,
penetration,0,0,
perspective_control,0,0,
perspective_distortion,0,0,
pettiskirt,0,0,
pharmacy,0,0,
photo,0,0,
photo-referencing,0,0,
photo_manipulation,0,0,
photochrom,0,0,
photographic_print_toning,0,0,
pinhole,0,0,
pink_neckwear,0,0,
pinstriping,0,0,
polaroid_art,0,0,
polychrome,0,0,
poster_artist,0,0,
posterization,0,0,
powerplant,0,0,
print_toning,0,0,
protoquadro,0,0,
pseudorealism,0,0,
purple_neckwear,0,0,
quadro_riportato,0,0,
quilting,0,0,
rainy,0,0,rainy_days
rapid_visualization,0,0,
ray_tracing,0,0,
redscale,0,0,
refinery,0,0,
reflection_light,0,0,
representation,0,0,
rule_of_thirds,0,0,
shalon,4,0,
sandpainting,0,0,
satan,0,0,
saturated_colors,0,0,
screentone,0,0,
selective_color,0,0,
selfiemirror,0,0,
sex_shop,0,0,
shaded,0,0,
shallow_focus,0,0,
shaved_pussy,0,0,
sheath_dress,0,0,
shoot_through_effects,0,0,
showering,0,0,
side_swept_bangs,0,0,
smiley_face,0,0,
soft_lighting,0,0,
speed_painting,0,0,
spirit_photography,0,0,
split_lighting,0,0,
sprocket_hole_photography,0,0,
staff_room,0,0,
stain_glass,0,0,
starry_sky,0,0,
steel_wool_photography,0,0,
strong_rim_light,0,0,
studio_lighting,0,0,
style_of_8_bit_game,0,0,
style_of_a_1980s_anime,0,0,
style_of_a_1980s_sitcom,0,0,
style_of_a_20s_movie,0,0,
style_of_a_60s_movie,0,0,
style_of_a_80s_movie,0,0,
style_of_a_90s_movie,0,0,
style_of_a_catgirl,0,0,
style_of_a_disney_movie,0,0,
style_of_a_doom,0,0,
style_of_a_goth,0,0,
style_of_a_hairy_man,0,0,
style_of_a_masculine_man,0,0,
style_of_a_metalhead,0,0,
style_of_a_pop_singer,0,0,
style_of_a_poster,0,0,poster
style_of_a_propaganda_poster,0,0,
style_of_a_punk_rocker,0,0,
style_of_amagami,0,0,
style_of_arknights,0,0,
style_of_bang_dream!,0,0,
style_of_blade_runner,0,0,
style_of_borderlands,0,0,
style_of_bubble_bobble,0,0,
cygames,3,0,
style_of_david_lynch,0,0,
style_of_decus_ex,0,0,
style_of_disgaea,0,0,
style_of_disney,0,0,
style_of_doki_doki_panic,0,0,
style_of_dragon_age,0,0,
style_of_el_cazador_de_la_bruja,0,0,
the_elder_scrolls,3,0,
style_of_event_horizon,0,0,
style_of_fallout,0,0,
style_of_fantasy,0,0,
style_of_fist_of_the_north_star,0,0,
style_of_garbage_pail_kids,0,0,
style_of_gochuumon_wa_usagi_desu_ka,0,0,
style_of_hellraiser,0,0,
style_of_junji_ito,0,0,
style_of_kermit,0,0,
style_of_lgbtq,0,0,"lgbtq,LGBTQ"
the_lord_of_the_rings,3,0,"lord_of_the_rings,lordoftherings"
style_of_love_live!,0,0,lovelive
style_of_lowpoly,0,0,
style_of_lupin,0,0,
style_of_marceline_from_adventure_time,0,0,
style_of_marvel,0,0,
style_of_masamune_shirow,0,0,
style_of_one_punch_man,0,0,
style_of_pixar,0,0,
style_of_poison_ivy,0,0,
style_of_princess_bubblegum_from_adventure_time,0,0,
style_of_robocop,0,0,
style_of_satoshi_kon,0,0,
style_of_satoshi_urushihara,0,0,
style_of_scifi,0,0,
style_of_silent_hill,0,0,
style_of_skyrim,0,0,
style_of_super_mario,0,0,
style_of_the_legend_of_zelda,0,0,
style_of_the_matrix,0,0,
the_simpsons,3,0,"itchy_&_scratchy,simpsons"
style_of_tomb_raider,0,0,
style_of_undertale,0,0,
style_of_unreal_torunament,0,0,
style_of_vaporwave,0,0,
visual_novel,0,0,dating_sim
tamakericzx,0,0,
tempera,0,0,
theorem_stencil,0,0,
three_sided_view,0,0,
tiltshift,0,0,
tinted_photograph,0,0,
tortilla_art,0,0,
trapeze_dress,0,0,
tyndall_effect,0,0,
ultraviolet_photography,0,0,
uma_pyoi_densetsu,0,0,
username,0,0,
vingette,0,0,
vintage_photography,0,0,
vitreography,0,0,
volumetric_lighting,0,0,
wallpaper,0,0,
warlock,0,0,
watercolor_paper,0,0,
white_neckwear,0,0,
worst_quality,0,0,
wyrm,0,0,
yellow_crop_top,0,0,
yellow_neckwear,0,0,
zoom_blur,0,0,
zoom_burst,0,0,
painted_in_the_style_of_ascii_art,0,0,
no_fire,0,0,
air_quotes,0,0,finger_quotes
heart_hands_trio,0,0,
slit_throat_(gesture),0,0,"cutthroat_gesture,throat-slitting_gesture"
ohikaenasutte,0,0,
shocker_(gesture),0,0,
orchid_fingers,0,0,
full_scorpion,0,0,
scorpion_pose,0,0,
flat_envy,0,0,
nipple_hair,0,0,
nursing_bra,0,0,
chest_binder,0,0,
tied_breast,0,0,
sepia_dress,0,0,
flag_dress,0,0,
half-dress,0,0,
guilt,0,0,
tired,0,0,
(-3-),0,0,
>_@,0,0,>@
=^=,0,0,
=v=,0,0,
mako_eyes,0,0,
amphibian_eyes,0,0,
quin_tails,0,0,
hair_bikini,0,0,
friendship_charm,0,0,
striped_neckwear,0,0,
bread_crust,0,0,
arare,0,0,
empanada,0,0,
lasagne,0,0,lasagna
black_spaghetti,0,0,"spaghetti_al_nero,squid_ink_spaghetti"
italian_(niigata),0,0,
nanakusa-no-sekku,0,0,
risotto,0,0,
furikake,0,0,
black_pepper,0,0,pepper
eggnog,0,0,
non-alcoholic_beer,0,0,
guinness_(beer),0,0,
caesar_(drink),0,0,
margarita,0,0,
cafe_au_lait,0,0,
dandelion_coffee,0,0,
amazake,0,0,
7up,3,0,
root_beer,0,0,
barley_tea,0,0,
darjeeling_tea,0,0,
earl_grey_tea,0,0,
herbal_tea,0,0,
rose_hip_tea,0,0,
spear_mint_tea,0,0,
akebia_fruit,0,0,
blackberry,0,0,
cacao_fruit,0,0,
gooseberry,0,0,kiwi
currant,0,0,
lime,0,0,
mangosteen,0,0,
nashi_pear,0,0,
rambutan,0,0,
shumai,0,0,
megamac,0,0,
katsu,0,0,
katsudon,0,0,
konnyaku,0,0,
stinky_tofu,0,0,
twice_cooked_pork,0,0,
unadon_(food),0,0,
century_egg_(food),0,0,
caviar,0,0,
ikura,0,0,
katsuo_no_tataki,0,0,
kani-san_wiener,0,0,
mitsumame,0,0,
hot_cross_bun,0,0,
noppo_bread,0,0,
black_forest_cake,0,0,
charlotte_cake,0,0,
rare_cheesecake,0,0,
brownie,0,0,
chocolate_framboise,0,0,
fondant_au_chocolat,0,0,
madeleine,0,0,
opera_cake,0,0,
pound_cake,0,0,
red_velvet_cake,0,0,
stollen,0,0,
strawberry_swiss_roll,0,0,
chitose_ame,0,0,
creme_egg,0,0,
marble_chocolate,0,0,
pinata,0,0,
chocolate_marquise,0,0,
takenoko_no_sato,0,0,
country_ma'am,0,0,COUNTRYMA'AM
bavarois,0,0,
sakura_french,0,0,
banana_split,0,0,
coolish,0,0,Coolish
quadruple_scoop,0,0,
imagawayaki,0,0,
pudding_a_la_mode,0,0,
slushie,0,0,
tart,0,0,
blueberry_tart,0,0,
namagashi,0,0,
suama_(food),0,0,
uirou,0,0,
warabimochi,0,0,
bok_choy,0,0,
kimchi,0,0,
red_pepper,0,0,
yellow_pepper,0,0,
jalapeno_pepper,0,0,jalapeno_(chili)
hijiki,0,0,
warabi,0,0,
intimate_covering,0,0,
non-intimate_covering,0,0,
treasure_mark_censor,0,0,
colored_with_greyscale_background,0,0,
move_chart,0,0,
seating_chart,0,0,
photomosaic,0,0,
social_media_composition,0,0,
chromatic_aberration_abuse,0,0,
archived_file,0,0,
eromanga,0,0,
gyotaku_(medium),0,0,
papercraft,0,0,
triptych_(art),0,0,
widescreen,0,0,
atmospheric_perspective,0,0,
amigurumi_(medium),5,0,"crocheted_figure_(medium),knit_figure_(medium)"
book_cover_(medium),0,0,
clay_(medium),5,0,
disc_(medium),0,0,
flame_painter,0,0,
fudepen_(medium),5,0,brushpen_(medium)
g-pen_(medium),0,0,
google_sketchup_(medium),0,0,GoogleSketchup
illustrator_(medium),0,0,Illustrator
porcelain_(medium),0,0,
tempera_(medium),0,0,
theatre_(medium),0,0,
washi_tape_(medium),0,0,
alstroemeria_(flower),0,0,
amaryllis_(flower),0,0,
anemone,0,0,
angel's_trumpet,0,0,
azalea,0,0,
begonia,0,0,
black-eyed_susan,0,0,
bleeding_heart,0,0,
blueberry_blossoms,0,0,
bougainvillea,0,0,
clivia,0,0,
columbine,0,0,
cockscomb_(flower),0,0,
cosmos,0,0,
crocus,0,0,
cymbidium,0,0,
dimorphotheca,0,0,
dianthus,0,0,
dipsacaceae,0,0,
dusty_miller,0,0,
edelweiss,0,0,
eustoma,0,0,
flax,0,0,
forget-me-not,0,0,
forsythia,0,0,
four_o'clock_(flower),0,0,
foxglove,0,0,
freesia,0,0,
hawthorn_(plant),0,0,
hellebore,0,0,
heliconia,0,0,
genista_(flower),0,0,
gentiana_(flower),0,0,
geranium,0,0,
gloriosa_(flower),0,0,
grass_lily,0,0,
great_burnet,0,0,
jasmine,0,0,
iris,0,0,
kalanchoe,0,0,
kerria_japonica,0,0,
lantana_(flower),0,0,
larkspur,0,0,
lavender,0,0,
lily,0,0,
lisianthus_(flower),0,0,
marsh_marigold,0,0,
moonflower,0,0,
gourd_blossom,0,0,
nemophila,0,0,
nigella,0,0,
oncidium,0,0,
gold_osmanthus,0,0,
passion_flower,0,0,
paulownia,0,0,
pentas_(flower),0,0,
peony,0,0,
perennial,0,0,
periwinkle,0,0,
petunia_(flower),0,0,
pieris_japonica,0,0,
pomegranate_flower,0,0,
portulaca,0,0,
potato_flower,0,0,
potentilla,0,0,
rafflesia,0,0,
ranunculus,0,0,
buttercup,0,0,
red_ginger,0,0,
reimu,0,0,
rhododendron,0,0,
rudbeckia,0,0,
snapdragon,0,0,
snowdrop,0,0,
spathiphyllum,0,0,
wax_flower,0,0,
wolfsbane,0,0,
violet,0,0,
zinnia,0,0,
black_lotus,0,0,
silk_flower,0,0,
coughing_flowers,0,0,"vomiting_flowers,hanahaki_disease"
